ISO-10303-21;
HEADER;
FILE_DESCRIPTION(('Open CASCADE Model'),'2;1');
FILE_NAME('Open CASCADE Shape Model','2026-09-19T01:57:13',('Author'),(
    'Open CASCADE'),'Open CASCADE STEP processor 7.9','Open CASCADE 7.9'
  ,'Unknown');
FILE_SCHEMA(('AUTOMOTIVE_DESIGN { 1 0 10303 214 1 1 1 1 }'));
ENDSEC;
DATA;
#1 = APPLICATION_PROTOCOL_DEFINITION('international standard',
  'automotive_design',2000,#2);
#2 = APPLICATION_CONTEXT(
  'core data for automotive mechanical design processes');
#3 = SHAPE_DEFINITION_REPRESENTATION(#4,#10);
#4 = PRODUCT_DEFINITION_SHAPE('','',#5);
#5 = PRODUCT_DEFINITION('design','',#6,#9);
#6 = PRODUCT_DEFINITION_FORMATION('','',#7);
#7 = PRODUCT('RP2040-LCD-1.28','RP2040-LCD-1.28','',(#8));
#8 = PRODUCT_CONTEXT('',#2,'mechanical');
#9 = PRODUCT_DEFINITION_CONTEXT('part definition',#2,'design');
#10 = SHAPE_REPRESENTATION('',(#11,#15,#19,#23,#27,#31,#35,#39,#43,#47,
    #51,#55,#59,#63,#67),#71);
#11 = AXIS2_PLACEMENT_3D('',#12,#13,#14);
#12 = CARTESIAN_POINT('',(0.,0.,0.));
#13 = DIRECTION('',(0.,0.,1.));
#14 = DIRECTION('',(1.,0.,-0.));
#15 = AXIS2_PLACEMENT_3D('',#16,#17,#18);
#16 = CARTESIAN_POINT('',(0.,0.,0.));
#17 = DIRECTION('',(0.,0.,1.));
#18 = DIRECTION('',(1.,0.,-0.));
#19 = AXIS2_PLACEMENT_3D('',#20,#21,#22);
#20 = CARTESIAN_POINT('',(0.,0.,0.));
#21 = DIRECTION('',(0.,0.,1.));
#22 = DIRECTION('',(1.,0.,-0.));
#23 = AXIS2_PLACEMENT_3D('',#24,#25,#26);
#24 = CARTESIAN_POINT('',(0.,0.,0.));
#25 = DIRECTION('',(0.,0.,1.));
#26 = DIRECTION('',(1.,0.,-0.));
#27 = AXIS2_PLACEMENT_3D('',#28,#29,#30);
#28 = CARTESIAN_POINT('',(0.,0.,0.));
#29 = DIRECTION('',(0.,0.,1.));
#30 = DIRECTION('',(1.,0.,-0.));
#31 = AXIS2_PLACEMENT_3D('',#32,#33,#34);
#32 = CARTESIAN_POINT('',(0.,0.,0.));
#33 = DIRECTION('',(0.,0.,1.));
#34 = DIRECTION('',(1.,0.,-0.));
#35 = AXIS2_PLACEMENT_3D('',#36,#37,#38);
#36 = CARTESIAN_POINT('',(0.,0.,0.));
#37 = DIRECTION('',(0.,0.,1.));
#38 = DIRECTION('',(1.,0.,-0.));
#39 = AXIS2_PLACEMENT_3D('',#40,#41,#42);
#40 = CARTESIAN_POINT('',(0.,0.,0.));
#41 = DIRECTION('',(0.,0.,1.));
#42 = DIRECTION('',(1.,0.,-0.));
#43 = AXIS2_PLACEMENT_3D('',#44,#45,#46);
#44 = CARTESIAN_POINT('',(0.,0.,0.));
#45 = DIRECTION('',(0.,0.,1.));
#46 = DIRECTION('',(1.,0.,-0.));
#47 = AXIS2_PLACEMENT_3D('',#48,#49,#50);
#48 = CARTESIAN_POINT('',(0.,0.,0.));
#49 = DIRECTION('',(0.,0.,1.));
#50 = DIRECTION('',(1.,0.,-0.));
#51 = AXIS2_PLACEMENT_3D('',#52,#53,#54);
#52 = CARTESIAN_POINT('',(0.,0.,0.));
#53 = DIRECTION('',(0.,0.,1.));
#54 = DIRECTION('',(1.,0.,-0.));
#55 = AXIS2_PLACEMENT_3D('',#56,#57,#58);
#56 = CARTESIAN_POINT('',(0.,0.,0.));
#57 = DIRECTION('',(0.,0.,1.));
#58 = DIRECTION('',(1.,0.,-0.));
#59 = AXIS2_PLACEMENT_3D('',#60,#61,#62);
#60 = CARTESIAN_POINT('',(0.,0.,0.));
#61 = DIRECTION('',(0.,0.,1.));
#62 = DIRECTION('',(1.,0.,-0.));
#63 = AXIS2_PLACEMENT_3D('',#64,#65,#66);
#64 = CARTESIAN_POINT('',(0.,0.,0.));
#65 = DIRECTION('',(0.,0.,1.));
#66 = DIRECTION('',(1.,0.,-0.));
#67 = AXIS2_PLACEMENT_3D('',#68,#69,#70);
#68 = CARTESIAN_POINT('',(0.,0.,0.));
#69 = DIRECTION('',(0.,0.,1.));
#70 = DIRECTION('',(1.,0.,-0.));
#71 = ( GEOMETRIC_REPRESENTATION_CONTEXT(3) 
GLOBAL_UNCERTAINTY_ASSIGNED_CONTEXT((#75)) GLOBAL_UNIT_ASSIGNED_CONTEXT(
(#72,#73,#74)) REPRESENTATION_CONTEXT('Context #1',
  '3D Context with UNIT and UNCERTAINTY') );
#72 = ( LENGTH_UNIT() NAMED_UNIT(*) SI_UNIT(.MILLI.,.METRE.) );
#73 = ( NAMED_UNIT(*) PLANE_ANGLE_UNIT() SI_UNIT($,.RADIAN.) );
#74 = ( NAMED_UNIT(*) SI_UNIT($,.STERADIAN.) SOLID_ANGLE_UNIT() );
#75 = UNCERTAINTY_MEASURE_WITH_UNIT(LENGTH_MEASURE(1.E-07),#72,
  'distance_accuracy_value','confusion accuracy');
#76 = PRODUCT_RELATED_PRODUCT_CATEGORY('part',$,(#7));
#77 = SHAPE_DEFINITION_REPRESENTATION(#78,#84);
#78 = PRODUCT_DEFINITION_SHAPE('','',#79);
#79 = PRODUCT_DEFINITION('design','',#80,#83);
#80 = PRODUCT_DEFINITION_FORMATION('','',#81);
#81 = PRODUCT('pcb','pcb','',(#82));
#82 = PRODUCT_CONTEXT('',#2,'mechanical');
#83 = PRODUCT_DEFINITION_CONTEXT('part definition',#2,'design');
#84 = ADVANCED_BREP_SHAPE_REPRESENTATION('',(#11,#85),#577);
#85 = MANIFOLD_SOLID_BREP('',#86);
#86 = CLOSED_SHELL('',(#87,#213,#289,#365,#441,#512,#541,#568));
#87 = ADVANCED_FACE('',(#88),#103,.T.);
#88 = FACE_BOUND('',#89,.F.);
#89 = EDGE_LOOP('',(#90,#126,#154,#187));
#90 = ORIENTED_EDGE('',*,*,#91,.F.);
#91 = EDGE_CURVE('',#92,#94,#96,.T.);
#92 = VERTEX_POINT('',#93);
#93 = CARTESIAN_POINT('',(-9.185292591965,15.77,-1.6));
#94 = VERTEX_POINT('',#95);
#95 = CARTESIAN_POINT('',(9.185292591965,15.77,-1.6));
#96 = SURFACE_CURVE('',#97,(#102,#114),.PCURVE_S1.);
#97 = CIRCLE('',#98,18.25);
#98 = AXIS2_PLACEMENT_3D('',#99,#100,#101);
#99 = CARTESIAN_POINT('',(0.,0.,-1.6));
#100 = DIRECTION('',(0.,0.,1.));
#101 = DIRECTION('',(-0.503303703669,0.864109589041,0.));
#102 = PCURVE('',#103,#108);
#103 = CYLINDRICAL_SURFACE('',#104,18.25);
#104 = AXIS2_PLACEMENT_3D('',#105,#106,#107);
#105 = CARTESIAN_POINT('',(0.,0.,-1.6));
#106 = DIRECTION('',(-0.,-0.,-1.));
#107 = DIRECTION('',(1.,0.,0.));
#108 = DEFINITIONAL_REPRESENTATION('',(#109),#113);
#109 = LINE('',#110,#111);
#110 = CARTESIAN_POINT('',(-2.098214110352,0.));
#111 = VECTOR('',#112,1.);
#112 = DIRECTION('',(-1.,0.));
#113 = ( GEOMETRIC_REPRESENTATION_CONTEXT(2) 
PARAMETRIC_REPRESENTATION_CONTEXT() REPRESENTATION_CONTEXT('2D SPACE',''
  ) );
#114 = PCURVE('',#115,#120);
#115 = PLANE('',#116);
#116 = AXIS2_PLACEMENT_3D('',#117,#118,#119);
#117 = CARTESIAN_POINT('',(-2.397703246097E-15,1.053283965091E-15,-1.6)
  );
#118 = DIRECTION('',(0.,0.,1.));
#119 = DIRECTION('',(1.,0.,-0.));
#120 = DEFINITIONAL_REPRESENTATION('',(#121),#125);
#121 = CIRCLE('',#122,18.25);
#122 = AXIS2_PLACEMENT_2D('',#123,#124);
#123 = CARTESIAN_POINT('',(2.397703246097E-15,-1.053283965091E-15));
#124 = DIRECTION('',(-0.503303703669,0.864109589041));
#125 = ( GEOMETRIC_REPRESENTATION_CONTEXT(2) 
PARAMETRIC_REPRESENTATION_CONTEXT() REPRESENTATION_CONTEXT('2D SPACE',''
  ) );
#126 = ORIENTED_EDGE('',*,*,#127,.F.);
#127 = EDGE_CURVE('',#128,#92,#130,.T.);
#128 = VERTEX_POINT('',#129);
#129 = CARTESIAN_POINT('',(-9.185292591965,15.77,0.));
#130 = SURFACE_CURVE('',#131,(#135,#142),.PCURVE_S1.);
#131 = LINE('',#132,#133);
#132 = CARTESIAN_POINT('',(-9.185292591965,15.77,-1.6));
#133 = VECTOR('',#134,1.);
#134 = DIRECTION('',(-0.,-0.,-1.));
#135 = PCURVE('',#103,#136);
#136 = DEFINITIONAL_REPRESENTATION('',(#137),#141);
#137 = LINE('',#138,#139);
#138 = CARTESIAN_POINT('',(-2.098214110352,0.));
#139 = VECTOR('',#140,1.);
#140 = DIRECTION('',(-0.,1.));
#141 = ( GEOMETRIC_REPRESENTATION_CONTEXT(2) 
PARAMETRIC_REPRESENTATION_CONTEXT() REPRESENTATION_CONTEXT('2D SPACE',''
  ) );
#142 = PCURVE('',#143,#148);
#143 = PLANE('',#144);
#144 = AXIS2_PLACEMENT_3D('',#145,#146,#147);
#145 = CARTESIAN_POINT('',(-9.19,15.77,-1.6));
#146 = DIRECTION('',(0.,1.,0.));
#147 = DIRECTION('',(1.,0.,0.));
#148 = DEFINITIONAL_REPRESENTATION('',(#149),#153);
#149 = LINE('',#150,#151);
#150 = CARTESIAN_POINT('',(4.707408035385E-03,0.));
#151 = VECTOR('',#152,1.);
#152 = DIRECTION('',(0.,1.));
#153 = ( GEOMETRIC_REPRESENTATION_CONTEXT(2) 
PARAMETRIC_REPRESENTATION_CONTEXT() REPRESENTATION_CONTEXT('2D SPACE',''
  ) );
#154 = ORIENTED_EDGE('',*,*,#155,.F.);
#155 = EDGE_CURVE('',#156,#128,#158,.T.);
#156 = VERTEX_POINT('',#157);
#157 = CARTESIAN_POINT('',(9.185292591965,15.77,0.));
#158 = SURFACE_CURVE('',#159,(#164,#171),.PCURVE_S1.);
#159 = CIRCLE('',#160,18.25);
#160 = AXIS2_PLACEMENT_3D('',#161,#162,#163);
#161 = CARTESIAN_POINT('',(0.,0.,0.));
#162 = DIRECTION('',(0.,0.,-1.));
#163 = DIRECTION('',(0.503303703669,0.864109589041,0.));
#164 = PCURVE('',#103,#165);
#165 = DEFINITIONAL_REPRESENTATION('',(#166),#170);
#166 = LINE('',#167,#168);
#167 = CARTESIAN_POINT('',(-7.326563850417,-1.6));
#168 = VECTOR('',#169,1.);
#169 = DIRECTION('',(1.,-0.));
#170 = ( GEOMETRIC_REPRESENTATION_CONTEXT(2) 
PARAMETRIC_REPRESENTATION_CONTEXT() REPRESENTATION_CONTEXT('2D SPACE',''
  ) );
#171 = PCURVE('',#172,#177);
#172 = PLANE('',#173);
#173 = AXIS2_PLACEMENT_3D('',#174,#175,#176);
#174 = CARTESIAN_POINT('',(-2.397703246097E-15,1.053283965091E-15,0.));
#175 = DIRECTION('',(0.,0.,1.));
#176 = DIRECTION('',(1.,0.,-0.));
#177 = DEFINITIONAL_REPRESENTATION('',(#178),#186);
#178 = ( BOUNDED_CURVE() B_SPLINE_CURVE(2,(#179,#180,#181,#182,#183,#184
,#185),.UNSPECIFIED.,.T.,.F.) B_SPLINE_CURVE_WITH_KNOTS((1,2,2,2,2,1),(
    -2.094395102393,0.,2.094395102393,4.188790204786,6.28318530718,
8.377580409573),.UNSPECIFIED.) CURVE() GEOMETRIC_REPRESENTATION_ITEM() 
RATIONAL_B_SPLINE_CURVE((1.,0.5,1.,0.5,1.,0.5,1.)) REPRESENTATION_ITEM(
  '') );
#179 = CARTESIAN_POINT('',(9.185292591965,15.77));
#180 = CARTESIAN_POINT('',(36.499733827326,-0.139393451669));
#181 = CARTESIAN_POINT('',(9.064574321698,-15.83969672583));
#182 = CARTESIAN_POINT('',(-18.37058518393,-31.54));
#183 = CARTESIAN_POINT('',(-18.24986691366,6.969672583461E-02));
#184 = CARTESIAN_POINT('',(-18.12914864339,31.679393451669));
#185 = CARTESIAN_POINT('',(9.185292591965,15.77));
#186 = ( GEOMETRIC_REPRESENTATION_CONTEXT(2) 
PARAMETRIC_REPRESENTATION_CONTEXT() REPRESENTATION_CONTEXT('2D SPACE',''
  ) );
#187 = ORIENTED_EDGE('',*,*,#188,.T.);
#188 = EDGE_CURVE('',#156,#94,#189,.T.);
#189 = SURFACE_CURVE('',#190,(#194,#201),.PCURVE_S1.);
#190 = LINE('',#191,#192);
#191 = CARTESIAN_POINT('',(9.185292591965,15.77,-1.6));
#192 = VECTOR('',#193,1.);
#193 = DIRECTION('',(-0.,-0.,-1.));
#194 = PCURVE('',#103,#195);
#195 = DEFINITIONAL_REPRESENTATION('',(#196),#200);
#196 = LINE('',#197,#198);
#197 = CARTESIAN_POINT('',(-7.326563850417,0.));
#198 = VECTOR('',#199,1.);
#199 = DIRECTION('',(-0.,1.));
#200 = ( GEOMETRIC_REPRESENTATION_CONTEXT(2) 
PARAMETRIC_REPRESENTATION_CONTEXT() REPRESENTATION_CONTEXT('2D SPACE',''
  ) );
#201 = PCURVE('',#202,#207);
#202 = PLANE('',#203);
#203 = AXIS2_PLACEMENT_3D('',#204,#205,#206);
#204 = CARTESIAN_POINT('',(-9.19,15.77,-1.6));
#205 = DIRECTION('',(0.,1.,0.));
#206 = DIRECTION('',(1.,0.,0.));
#207 = DEFINITIONAL_REPRESENTATION('',(#208),#212);
#208 = LINE('',#209,#210);
#209 = CARTESIAN_POINT('',(18.375292591965,0.));
#210 = VECTOR('',#211,1.);
#211 = DIRECTION('',(0.,1.));
#212 = ( GEOMETRIC_REPRESENTATION_CONTEXT(2) 
PARAMETRIC_REPRESENTATION_CONTEXT() REPRESENTATION_CONTEXT('2D SPACE',''
  ) );
#213 = ADVANCED_FACE('',(#214),#202,.F.);
#214 = FACE_BOUND('',#215,.F.);
#215 = EDGE_LOOP('',(#216,#239,#240,#263));
#216 = ORIENTED_EDGE('',*,*,#217,.F.);
#217 = EDGE_CURVE('',#94,#218,#220,.T.);
#218 = VERTEX_POINT('',#219);
#219 = CARTESIAN_POINT('',(9.19,15.77,-1.6));
#220 = SURFACE_CURVE('',#221,(#225,#232),.PCURVE_S1.);
#221 = LINE('',#222,#223);
#222 = CARTESIAN_POINT('',(-9.19,15.77,-1.6));
#223 = VECTOR('',#224,1.);
#224 = DIRECTION('',(1.,0.,0.));
#225 = PCURVE('',#202,#226);
#226 = DEFINITIONAL_REPRESENTATION('',(#227),#231);
#227 = LINE('',#228,#229);
#228 = CARTESIAN_POINT('',(0.,0.));
#229 = VECTOR('',#230,1.);
#230 = DIRECTION('',(1.,0.));
#231 = ( GEOMETRIC_REPRESENTATION_CONTEXT(2) 
PARAMETRIC_REPRESENTATION_CONTEXT() REPRESENTATION_CONTEXT('2D SPACE',''
  ) );
#232 = PCURVE('',#115,#233);
#233 = DEFINITIONAL_REPRESENTATION('',(#234),#238);
#234 = LINE('',#235,#236);
#235 = CARTESIAN_POINT('',(-9.19,15.77));
#236 = VECTOR('',#237,1.);
#237 = DIRECTION('',(1.,0.));
#238 = ( GEOMETRIC_REPRESENTATION_CONTEXT(2) 
PARAMETRIC_REPRESENTATION_CONTEXT() REPRESENTATION_CONTEXT('2D SPACE',''
  ) );
#239 = ORIENTED_EDGE('',*,*,#188,.F.);
#240 = ORIENTED_EDGE('',*,*,#241,.T.);
#241 = EDGE_CURVE('',#156,#242,#244,.T.);
#242 = VERTEX_POINT('',#243);
#243 = CARTESIAN_POINT('',(9.19,15.77,0.));
#244 = SURFACE_CURVE('',#245,(#249,#256),.PCURVE_S1.);
#245 = LINE('',#246,#247);
#246 = CARTESIAN_POINT('',(-9.19,15.77,0.));
#247 = VECTOR('',#248,1.);
#248 = DIRECTION('',(1.,0.,0.));
#249 = PCURVE('',#202,#250);
#250 = DEFINITIONAL_REPRESENTATION('',(#251),#255);
#251 = LINE('',#252,#253);
#252 = CARTESIAN_POINT('',(0.,-1.6));
#253 = VECTOR('',#254,1.);
#254 = DIRECTION('',(1.,0.));
#255 = ( GEOMETRIC_REPRESENTATION_CONTEXT(2) 
PARAMETRIC_REPRESENTATION_CONTEXT() REPRESENTATION_CONTEXT('2D SPACE',''
  ) );
#256 = PCURVE('',#172,#257);
#257 = DEFINITIONAL_REPRESENTATION('',(#258),#262);
#258 = LINE('',#259,#260);
#259 = CARTESIAN_POINT('',(-9.19,15.77));
#260 = VECTOR('',#261,1.);
#261 = DIRECTION('',(1.,0.));
#262 = ( GEOMETRIC_REPRESENTATION_CONTEXT(2) 
PARAMETRIC_REPRESENTATION_CONTEXT() REPRESENTATION_CONTEXT('2D SPACE',''
  ) );
#263 = ORIENTED_EDGE('',*,*,#264,.F.);
#264 = EDGE_CURVE('',#218,#242,#265,.T.);
#265 = SURFACE_CURVE('',#266,(#270,#277),.PCURVE_S1.);
#266 = LINE('',#267,#268);
#267 = CARTESIAN_POINT('',(9.19,15.77,-1.6));
#268 = VECTOR('',#269,1.);
#269 = DIRECTION('',(0.,0.,1.));
#270 = PCURVE('',#202,#271);
#271 = DEFINITIONAL_REPRESENTATION('',(#272),#276);
#272 = LINE('',#273,#274);
#273 = CARTESIAN_POINT('',(18.38,0.));
#274 = VECTOR('',#275,1.);
#275 = DIRECTION('',(0.,-1.));
#276 = ( GEOMETRIC_REPRESENTATION_CONTEXT(2) 
PARAMETRIC_REPRESENTATION_CONTEXT() REPRESENTATION_CONTEXT('2D SPACE',''
  ) );
#277 = PCURVE('',#278,#283);
#278 = PLANE('',#279);
#279 = AXIS2_PLACEMENT_3D('',#280,#281,#282);
#280 = CARTESIAN_POINT('',(9.19,15.77,-1.6));
#281 = DIRECTION('',(-0.891151161165,-0.453706521834,0.));
#282 = DIRECTION('',(-0.453706521834,0.891151161165,0.));
#283 = DEFINITIONAL_REPRESENTATION('',(#284),#288);
#284 = LINE('',#285,#286);
#285 = CARTESIAN_POINT('',(0.,0.));
#286 = VECTOR('',#287,1.);
#287 = DIRECTION('',(0.,-1.));
#288 = ( GEOMETRIC_REPRESENTATION_CONTEXT(2) 
PARAMETRIC_REPRESENTATION_CONTEXT() REPRESENTATION_CONTEXT('2D SPACE',''
  ) );
#289 = ADVANCED_FACE('',(#290),#278,.F.);
#290 = FACE_BOUND('',#291,.F.);
#291 = EDGE_LOOP('',(#292,#293,#316,#344));
#292 = ORIENTED_EDGE('',*,*,#264,.T.);
#293 = ORIENTED_EDGE('',*,*,#294,.T.);
#294 = EDGE_CURVE('',#242,#295,#297,.T.);
#295 = VERTEX_POINT('',#296);
#296 = CARTESIAN_POINT('',(6.4,21.25,0.));
#297 = SURFACE_CURVE('',#298,(#302,#309),.PCURVE_S1.);
#298 = LINE('',#299,#300);
#299 = CARTESIAN_POINT('',(9.19,15.77,0.));
#300 = VECTOR('',#301,1.);
#301 = DIRECTION('',(-0.453706521834,0.891151161165,0.));
#302 = PCURVE('',#278,#303);
#303 = DEFINITIONAL_REPRESENTATION('',(#304),#308);
#304 = LINE('',#305,#306);
#305 = CARTESIAN_POINT('',(0.,-1.6));
#306 = VECTOR('',#307,1.);
#307 = DIRECTION('',(1.,0.));
#308 = ( GEOMETRIC_REPRESENTATION_CONTEXT(2) 
PARAMETRIC_REPRESENTATION_CONTEXT() REPRESENTATION_CONTEXT('2D SPACE',''
  ) );
#309 = PCURVE('',#172,#310);
#310 = DEFINITIONAL_REPRESENTATION('',(#311),#315);
#311 = LINE('',#312,#313);
#312 = CARTESIAN_POINT('',(9.19,15.77));
#313 = VECTOR('',#314,1.);
#314 = DIRECTION('',(-0.453706521834,0.891151161165));
#315 = ( GEOMETRIC_REPRESENTATION_CONTEXT(2) 
PARAMETRIC_REPRESENTATION_CONTEXT() REPRESENTATION_CONTEXT('2D SPACE',''
  ) );
#316 = ORIENTED_EDGE('',*,*,#317,.F.);
#317 = EDGE_CURVE('',#318,#295,#320,.T.);
#318 = VERTEX_POINT('',#319);
#319 = CARTESIAN_POINT('',(6.4,21.25,-1.6));
#320 = SURFACE_CURVE('',#321,(#325,#332),.PCURVE_S1.);
#321 = LINE('',#322,#323);
#322 = CARTESIAN_POINT('',(6.4,21.25,-1.6));
#323 = VECTOR('',#324,1.);
#324 = DIRECTION('',(0.,0.,1.));
#325 = PCURVE('',#278,#326);
#326 = DEFINITIONAL_REPRESENTATION('',(#327),#331);
#327 = LINE('',#328,#329);
#328 = CARTESIAN_POINT('',(6.1493495591,0.));
#329 = VECTOR('',#330,1.);
#330 = DIRECTION('',(0.,-1.));
#331 = ( GEOMETRIC_REPRESENTATION_CONTEXT(2) 
PARAMETRIC_REPRESENTATION_CONTEXT() REPRESENTATION_CONTEXT('2D SPACE',''
  ) );
#332 = PCURVE('',#333,#338);
#333 = PLANE('',#334);
#334 = AXIS2_PLACEMENT_3D('',#335,#336,#337);
#335 = CARTESIAN_POINT('',(6.4,21.25,-1.6));
#336 = DIRECTION('',(0.,-1.,0.));
#337 = DIRECTION('',(-1.,0.,0.));
#338 = DEFINITIONAL_REPRESENTATION('',(#339),#343);
#339 = LINE('',#340,#341);
#340 = CARTESIAN_POINT('',(0.,-0.));
#341 = VECTOR('',#342,1.);
#342 = DIRECTION('',(0.,-1.));
#343 = ( GEOMETRIC_REPRESENTATION_CONTEXT(2) 
PARAMETRIC_REPRESENTATION_CONTEXT() REPRESENTATION_CONTEXT('2D SPACE',''
  ) );
#344 = ORIENTED_EDGE('',*,*,#345,.F.);
#345 = EDGE_CURVE('',#218,#318,#346,.T.);
#346 = SURFACE_CURVE('',#347,(#351,#358),.PCURVE_S1.);
#347 = LINE('',#348,#349);
#348 = CARTESIAN_POINT('',(9.19,15.77,-1.6));
#349 = VECTOR('',#350,1.);
#350 = DIRECTION('',(-0.453706521834,0.891151161165,0.));
#351 = PCURVE('',#278,#352);
#352 = DEFINITIONAL_REPRESENTATION('',(#353),#357);
#353 = LINE('',#354,#355);
#354 = CARTESIAN_POINT('',(0.,0.));
#355 = VECTOR('',#356,1.);
#356 = DIRECTION('',(1.,0.));
#357 = ( GEOMETRIC_REPRESENTATION_CONTEXT(2) 
PARAMETRIC_REPRESENTATION_CONTEXT() REPRESENTATION_CONTEXT('2D SPACE',''
  ) );
#358 = PCURVE('',#115,#359);
#359 = DEFINITIONAL_REPRESENTATION('',(#360),#364);
#360 = LINE('',#361,#362);
#361 = CARTESIAN_POINT('',(9.19,15.77));
#362 = VECTOR('',#363,1.);
#363 = DIRECTION('',(-0.453706521834,0.891151161165));
#364 = ( GEOMETRIC_REPRESENTATION_CONTEXT(2) 
PARAMETRIC_REPRESENTATION_CONTEXT() REPRESENTATION_CONTEXT('2D SPACE',''
  ) );
#365 = ADVANCED_FACE('',(#366),#333,.F.);
#366 = FACE_BOUND('',#367,.F.);
#367 = EDGE_LOOP('',(#368,#369,#392,#420));
#368 = ORIENTED_EDGE('',*,*,#317,.T.);
#369 = ORIENTED_EDGE('',*,*,#370,.T.);
#370 = EDGE_CURVE('',#295,#371,#373,.T.);
#371 = VERTEX_POINT('',#372);
#372 = CARTESIAN_POINT('',(-6.4,21.25,0.));
#373 = SURFACE_CURVE('',#374,(#378,#385),.PCURVE_S1.);
#374 = LINE('',#375,#376);
#375 = CARTESIAN_POINT('',(6.4,21.25,0.));
#376 = VECTOR('',#377,1.);
#377 = DIRECTION('',(-1.,0.,0.));
#378 = PCURVE('',#333,#379);
#379 = DEFINITIONAL_REPRESENTATION('',(#380),#384);
#380 = LINE('',#381,#382);
#381 = CARTESIAN_POINT('',(0.,-1.6));
#382 = VECTOR('',#383,1.);
#383 = DIRECTION('',(1.,0.));
#384 = ( GEOMETRIC_REPRESENTATION_CONTEXT(2) 
PARAMETRIC_REPRESENTATION_CONTEXT() REPRESENTATION_CONTEXT('2D SPACE',''
  ) );
#385 = PCURVE('',#172,#386);
#386 = DEFINITIONAL_REPRESENTATION('',(#387),#391);
#387 = LINE('',#388,#389);
#388 = CARTESIAN_POINT('',(6.4,21.25));
#389 = VECTOR('',#390,1.);
#390 = DIRECTION('',(-1.,0.));
#391 = ( GEOMETRIC_REPRESENTATION_CONTEXT(2) 
PARAMETRIC_REPRESENTATION_CONTEXT() REPRESENTATION_CONTEXT('2D SPACE',''
  ) );
#392 = ORIENTED_EDGE('',*,*,#393,.F.);
#393 = EDGE_CURVE('',#394,#371,#396,.T.);
#394 = VERTEX_POINT('',#395);
#395 = CARTESIAN_POINT('',(-6.4,21.25,-1.6));
#396 = SURFACE_CURVE('',#397,(#401,#408),.PCURVE_S1.);
#397 = LINE('',#398,#399);
#398 = CARTESIAN_POINT('',(-6.4,21.25,-1.6));
#399 = VECTOR('',#400,1.);
#400 = DIRECTION('',(0.,0.,1.));
#401 = PCURVE('',#333,#402);
#402 = DEFINITIONAL_REPRESENTATION('',(#403),#407);
#403 = LINE('',#404,#405);
#404 = CARTESIAN_POINT('',(12.8,0.));
#405 = VECTOR('',#406,1.);
#406 = DIRECTION('',(0.,-1.));
#407 = ( GEOMETRIC_REPRESENTATION_CONTEXT(2) 
PARAMETRIC_REPRESENTATION_CONTEXT() REPRESENTATION_CONTEXT('2D SPACE',''
  ) );
#408 = PCURVE('',#409,#414);
#409 = PLANE('',#410);
#410 = AXIS2_PLACEMENT_3D('',#411,#412,#413);
#411 = CARTESIAN_POINT('',(-6.4,21.25,-1.6));
#412 = DIRECTION('',(0.891151161165,-0.453706521834,0.));
#413 = DIRECTION('',(-0.453706521834,-0.891151161165,0.));
#414 = DEFINITIONAL_REPRESENTATION('',(#415),#419);
#415 = LINE('',#416,#417);
#416 = CARTESIAN_POINT('',(0.,0.));
#417 = VECTOR('',#418,1.);
#418 = DIRECTION('',(0.,-1.));
#419 = ( GEOMETRIC_REPRESENTATION_CONTEXT(2) 
PARAMETRIC_REPRESENTATION_CONTEXT() REPRESENTATION_CONTEXT('2D SPACE',''
  ) );
#420 = ORIENTED_EDGE('',*,*,#421,.F.);
#421 = EDGE_CURVE('',#318,#394,#422,.T.);
#422 = SURFACE_CURVE('',#423,(#427,#434),.PCURVE_S1.);
#423 = LINE('',#424,#425);
#424 = CARTESIAN_POINT('',(6.4,21.25,-1.6));
#425 = VECTOR('',#426,1.);
#426 = DIRECTION('',(-1.,0.,0.));
#427 = PCURVE('',#333,#428);
#428 = DEFINITIONAL_REPRESENTATION('',(#429),#433);
#429 = LINE('',#430,#431);
#430 = CARTESIAN_POINT('',(0.,-0.));
#431 = VECTOR('',#432,1.);
#432 = DIRECTION('',(1.,0.));
#433 = ( GEOMETRIC_REPRESENTATION_CONTEXT(2) 
PARAMETRIC_REPRESENTATION_CONTEXT() REPRESENTATION_CONTEXT('2D SPACE',''
  ) );
#434 = PCURVE('',#115,#435);
#435 = DEFINITIONAL_REPRESENTATION('',(#436),#440);
#436 = LINE('',#437,#438);
#437 = CARTESIAN_POINT('',(6.4,21.25));
#438 = VECTOR('',#439,1.);
#439 = DIRECTION('',(-1.,0.));
#440 = ( GEOMETRIC_REPRESENTATION_CONTEXT(2) 
PARAMETRIC_REPRESENTATION_CONTEXT() REPRESENTATION_CONTEXT('2D SPACE',''
  ) );
#441 = ADVANCED_FACE('',(#442),#409,.F.);
#442 = FACE_BOUND('',#443,.F.);
#443 = EDGE_LOOP('',(#444,#445,#468,#491));
#444 = ORIENTED_EDGE('',*,*,#393,.T.);
#445 = ORIENTED_EDGE('',*,*,#446,.T.);
#446 = EDGE_CURVE('',#371,#447,#449,.T.);
#447 = VERTEX_POINT('',#448);
#448 = CARTESIAN_POINT('',(-9.19,15.77,0.));
#449 = SURFACE_CURVE('',#450,(#454,#461),.PCURVE_S1.);
#450 = LINE('',#451,#452);
#451 = CARTESIAN_POINT('',(-6.4,21.25,0.));
#452 = VECTOR('',#453,1.);
#453 = DIRECTION('',(-0.453706521834,-0.891151161165,0.));
#454 = PCURVE('',#409,#455);
#455 = DEFINITIONAL_REPRESENTATION('',(#456),#460);
#456 = LINE('',#457,#458);
#457 = CARTESIAN_POINT('',(0.,-1.6));
#458 = VECTOR('',#459,1.);
#459 = DIRECTION('',(1.,0.));
#460 = ( GEOMETRIC_REPRESENTATION_CONTEXT(2) 
PARAMETRIC_REPRESENTATION_CONTEXT() REPRESENTATION_CONTEXT('2D SPACE',''
  ) );
#461 = PCURVE('',#172,#462);
#462 = DEFINITIONAL_REPRESENTATION('',(#463),#467);
#463 = LINE('',#464,#465);
#464 = CARTESIAN_POINT('',(-6.4,21.25));
#465 = VECTOR('',#466,1.);
#466 = DIRECTION('',(-0.453706521834,-0.891151161165));
#467 = ( GEOMETRIC_REPRESENTATION_CONTEXT(2) 
PARAMETRIC_REPRESENTATION_CONTEXT() REPRESENTATION_CONTEXT('2D SPACE',''
  ) );
#468 = ORIENTED_EDGE('',*,*,#469,.F.);
#469 = EDGE_CURVE('',#470,#447,#472,.T.);
#470 = VERTEX_POINT('',#471);
#471 = CARTESIAN_POINT('',(-9.19,15.77,-1.6));
#472 = SURFACE_CURVE('',#473,(#477,#484),.PCURVE_S1.);
#473 = LINE('',#474,#475);
#474 = CARTESIAN_POINT('',(-9.19,15.77,-1.6));
#475 = VECTOR('',#476,1.);
#476 = DIRECTION('',(0.,0.,1.));
#477 = PCURVE('',#409,#478);
#478 = DEFINITIONAL_REPRESENTATION('',(#479),#483);
#479 = LINE('',#480,#481);
#480 = CARTESIAN_POINT('',(6.1493495591,0.));
#481 = VECTOR('',#482,1.);
#482 = DIRECTION('',(0.,-1.));
#483 = ( GEOMETRIC_REPRESENTATION_CONTEXT(2) 
PARAMETRIC_REPRESENTATION_CONTEXT() REPRESENTATION_CONTEXT('2D SPACE',''
  ) );
#484 = PCURVE('',#143,#485);
#485 = DEFINITIONAL_REPRESENTATION('',(#486),#490);
#486 = LINE('',#487,#488);
#487 = CARTESIAN_POINT('',(0.,0.));
#488 = VECTOR('',#489,1.);
#489 = DIRECTION('',(0.,-1.));
#490 = ( GEOMETRIC_REPRESENTATION_CONTEXT(2) 
PARAMETRIC_REPRESENTATION_CONTEXT() REPRESENTATION_CONTEXT('2D SPACE',''
  ) );
#491 = ORIENTED_EDGE('',*,*,#492,.F.);
#492 = EDGE_CURVE('',#394,#470,#493,.T.);
#493 = SURFACE_CURVE('',#494,(#498,#505),.PCURVE_S1.);
#494 = LINE('',#495,#496);
#495 = CARTESIAN_POINT('',(-6.4,21.25,-1.6));
#496 = VECTOR('',#497,1.);
#497 = DIRECTION('',(-0.453706521834,-0.891151161165,0.));
#498 = PCURVE('',#409,#499);
#499 = DEFINITIONAL_REPRESENTATION('',(#500),#504);
#500 = LINE('',#501,#502);
#501 = CARTESIAN_POINT('',(0.,0.));
#502 = VECTOR('',#503,1.);
#503 = DIRECTION('',(1.,0.));
#504 = ( GEOMETRIC_REPRESENTATION_CONTEXT(2) 
PARAMETRIC_REPRESENTATION_CONTEXT() REPRESENTATION_CONTEXT('2D SPACE',''
  ) );
#505 = PCURVE('',#115,#506);
#506 = DEFINITIONAL_REPRESENTATION('',(#507),#511);
#507 = LINE('',#508,#509);
#508 = CARTESIAN_POINT('',(-6.4,21.25));
#509 = VECTOR('',#510,1.);
#510 = DIRECTION('',(-0.453706521834,-0.891151161165));
#511 = ( GEOMETRIC_REPRESENTATION_CONTEXT(2) 
PARAMETRIC_REPRESENTATION_CONTEXT() REPRESENTATION_CONTEXT('2D SPACE',''
  ) );
#512 = ADVANCED_FACE('',(#513),#172,.T.);
#513 = FACE_BOUND('',#514,.T.);
#514 = EDGE_LOOP('',(#515,#516,#517,#518,#519,#520));
#515 = ORIENTED_EDGE('',*,*,#155,.F.);
#516 = ORIENTED_EDGE('',*,*,#241,.T.);
#517 = ORIENTED_EDGE('',*,*,#294,.T.);
#518 = ORIENTED_EDGE('',*,*,#370,.T.);
#519 = ORIENTED_EDGE('',*,*,#446,.T.);
#520 = ORIENTED_EDGE('',*,*,#521,.T.);
#521 = EDGE_CURVE('',#447,#128,#522,.T.);
#522 = SURFACE_CURVE('',#523,(#527,#534),.PCURVE_S1.);
#523 = LINE('',#524,#525);
#524 = CARTESIAN_POINT('',(-9.19,15.77,0.));
#525 = VECTOR('',#526,1.);
#526 = DIRECTION('',(1.,0.,0.));
#527 = PCURVE('',#172,#528);
#528 = DEFINITIONAL_REPRESENTATION('',(#529),#533);
#529 = LINE('',#530,#531);
#530 = CARTESIAN_POINT('',(-9.19,15.77));
#531 = VECTOR('',#532,1.);
#532 = DIRECTION('',(1.,0.));
#533 = ( GEOMETRIC_REPRESENTATION_CONTEXT(2) 
PARAMETRIC_REPRESENTATION_CONTEXT() REPRESENTATION_CONTEXT('2D SPACE',''
  ) );
#534 = PCURVE('',#143,#535);
#535 = DEFINITIONAL_REPRESENTATION('',(#536),#540);
#536 = LINE('',#537,#538);
#537 = CARTESIAN_POINT('',(0.,-1.6));
#538 = VECTOR('',#539,1.);
#539 = DIRECTION('',(1.,0.));
#540 = ( GEOMETRIC_REPRESENTATION_CONTEXT(2) 
PARAMETRIC_REPRESENTATION_CONTEXT() REPRESENTATION_CONTEXT('2D SPACE',''
  ) );
#541 = ADVANCED_FACE('',(#542),#143,.F.);
#542 = FACE_BOUND('',#543,.F.);
#543 = EDGE_LOOP('',(#544,#565,#566,#567));
#544 = ORIENTED_EDGE('',*,*,#545,.F.);
#545 = EDGE_CURVE('',#470,#92,#546,.T.);
#546 = SURFACE_CURVE('',#547,(#551,#558),.PCURVE_S1.);
#547 = LINE('',#548,#549);
#548 = CARTESIAN_POINT('',(-9.19,15.77,-1.6));
#549 = VECTOR('',#550,1.);
#550 = DIRECTION('',(1.,0.,0.));
#551 = PCURVE('',#143,#552);
#552 = DEFINITIONAL_REPRESENTATION('',(#553),#557);
#553 = LINE('',#554,#555);
#554 = CARTESIAN_POINT('',(0.,0.));
#555 = VECTOR('',#556,1.);
#556 = DIRECTION('',(1.,0.));
#557 = ( GEOMETRIC_REPRESENTATION_CONTEXT(2) 
PARAMETRIC_REPRESENTATION_CONTEXT() REPRESENTATION_CONTEXT('2D SPACE',''
  ) );
#558 = PCURVE('',#115,#559);
#559 = DEFINITIONAL_REPRESENTATION('',(#560),#564);
#560 = LINE('',#561,#562);
#561 = CARTESIAN_POINT('',(-9.19,15.77));
#562 = VECTOR('',#563,1.);
#563 = DIRECTION('',(1.,0.));
#564 = ( GEOMETRIC_REPRESENTATION_CONTEXT(2) 
PARAMETRIC_REPRESENTATION_CONTEXT() REPRESENTATION_CONTEXT('2D SPACE',''
  ) );
#565 = ORIENTED_EDGE('',*,*,#469,.T.);
#566 = ORIENTED_EDGE('',*,*,#521,.T.);
#567 = ORIENTED_EDGE('',*,*,#127,.T.);
#568 = ADVANCED_FACE('',(#569),#115,.F.);
#569 = FACE_BOUND('',#570,.F.);
#570 = EDGE_LOOP('',(#571,#572,#573,#574,#575,#576));
#571 = ORIENTED_EDGE('',*,*,#91,.T.);
#572 = ORIENTED_EDGE('',*,*,#217,.T.);
#573 = ORIENTED_EDGE('',*,*,#345,.T.);
#574 = ORIENTED_EDGE('',*,*,#421,.T.);
#575 = ORIENTED_EDGE('',*,*,#492,.T.);
#576 = ORIENTED_EDGE('',*,*,#545,.T.);
#577 = ( GEOMETRIC_REPRESENTATION_CONTEXT(3) 
GLOBAL_UNCERTAINTY_ASSIGNED_CONTEXT((#581)) GLOBAL_UNIT_ASSIGNED_CONTEXT
((#578,#579,#580)) REPRESENTATION_CONTEXT('Context #1',
  '3D Context with UNIT and UNCERTAINTY') );
#578 = ( LENGTH_UNIT() NAMED_UNIT(*) SI_UNIT(.MILLI.,.METRE.) );
#579 = ( NAMED_UNIT(*) PLANE_ANGLE_UNIT() SI_UNIT($,.RADIAN.) );
#580 = ( NAMED_UNIT(*) SI_UNIT($,.STERADIAN.) SOLID_ANGLE_UNIT() );
#581 = UNCERTAINTY_MEASURE_WITH_UNIT(LENGTH_MEASURE(1.E-07),#578,
  'distance_accuracy_value','confusion accuracy');
#582 = CONTEXT_DEPENDENT_SHAPE_REPRESENTATION(#583,#585);
#583 = ( REPRESENTATION_RELATIONSHIP('','',#84,#10) 
REPRESENTATION_RELATIONSHIP_WITH_TRANSFORMATION(#584) 
SHAPE_REPRESENTATION_RELATIONSHIP() );
#584 = ITEM_DEFINED_TRANSFORMATION('','',#11,#15);
#585 = PRODUCT_DEFINITION_SHAPE('Placement','Placement of an item',#586
  );
#586 = NEXT_ASSEMBLY_USAGE_OCCURRENCE('1','pcb','',#5,#79,$);
#587 = PRODUCT_RELATED_PRODUCT_CATEGORY('part',$,(#81));
#588 = SHAPE_DEFINITION_REPRESENTATION(#589,#595);
#589 = PRODUCT_DEFINITION_SHAPE('','',#590);
#590 = PRODUCT_DEFINITION('design','',#591,#594);
#591 = PRODUCT_DEFINITION_FORMATION('','',#592);
#592 = PRODUCT('lcd_panel','lcd_panel','',(#593));
#593 = PRODUCT_CONTEXT('',#2,'mechanical');
#594 = PRODUCT_DEFINITION_CONTEXT('part definition',#2,'design');
#595 = ADVANCED_BREP_SHAPE_REPRESENTATION('',(#11,#596),#694);
#596 = MANIFOLD_SOLID_BREP('',#597);
#597 = CLOSED_SHELL('',(#598,#686,#690));
#598 = ADVANCED_FACE('',(#599),#613,.T.);
#599 = FACE_BOUND('',#600,.F.);
#600 = EDGE_LOOP('',(#601,#631,#658,#659));
#601 = ORIENTED_EDGE('',*,*,#602,.T.);
#602 = EDGE_CURVE('',#603,#605,#607,.T.);
#603 = VERTEX_POINT('',#604);
#604 = CARTESIAN_POINT('',(17.8,0.,-4.));
#605 = VERTEX_POINT('',#606);
#606 = CARTESIAN_POINT('',(17.8,0.,-2.4));
#607 = SEAM_CURVE('',#608,(#612,#624),.PCURVE_S1.);
#608 = LINE('',#609,#610);
#609 = CARTESIAN_POINT('',(17.8,0.,-4.));
#610 = VECTOR('',#611,1.);
#611 = DIRECTION('',(0.,0.,1.));
#612 = PCURVE('',#613,#618);
#613 = CYLINDRICAL_SURFACE('',#614,17.8);
#614 = AXIS2_PLACEMENT_3D('',#615,#616,#617);
#615 = CARTESIAN_POINT('',(0.,0.,-4.));
#616 = DIRECTION('',(-0.,-0.,-1.));
#617 = DIRECTION('',(1.,0.,0.));
#618 = DEFINITIONAL_REPRESENTATION('',(#619),#623);
#619 = LINE('',#620,#621);
#620 = CARTESIAN_POINT('',(-0.,0.));
#621 = VECTOR('',#622,1.);
#622 = DIRECTION('',(-0.,-1.));
#623 = ( GEOMETRIC_REPRESENTATION_CONTEXT(2) 
PARAMETRIC_REPRESENTATION_CONTEXT() REPRESENTATION_CONTEXT('2D SPACE',''
  ) );
#624 = PCURVE('',#613,#625);
#625 = DEFINITIONAL_REPRESENTATION('',(#626),#630);
#626 = LINE('',#627,#628);
#627 = CARTESIAN_POINT('',(-6.28318530718,0.));
#628 = VECTOR('',#629,1.);
#629 = DIRECTION('',(-0.,-1.));
#630 = ( GEOMETRIC_REPRESENTATION_CONTEXT(2) 
PARAMETRIC_REPRESENTATION_CONTEXT() REPRESENTATION_CONTEXT('2D SPACE',''
  ) );
#631 = ORIENTED_EDGE('',*,*,#632,.T.);
#632 = EDGE_CURVE('',#605,#605,#633,.T.);
#633 = SURFACE_CURVE('',#634,(#639,#646),.PCURVE_S1.);
#634 = CIRCLE('',#635,17.8);
#635 = AXIS2_PLACEMENT_3D('',#636,#637,#638);
#636 = CARTESIAN_POINT('',(0.,0.,-2.4));
#637 = DIRECTION('',(0.,0.,1.));
#638 = DIRECTION('',(1.,0.,0.));
#639 = PCURVE('',#613,#640);
#640 = DEFINITIONAL_REPRESENTATION('',(#641),#645);
#641 = LINE('',#642,#643);
#642 = CARTESIAN_POINT('',(-0.,-1.6));
#643 = VECTOR('',#644,1.);
#644 = DIRECTION('',(-1.,0.));
#645 = ( GEOMETRIC_REPRESENTATION_CONTEXT(2) 
PARAMETRIC_REPRESENTATION_CONTEXT() REPRESENTATION_CONTEXT('2D SPACE',''
  ) );
#646 = PCURVE('',#647,#652);
#647 = PLANE('',#648);
#648 = AXIS2_PLACEMENT_3D('',#649,#650,#651);
#649 = CARTESIAN_POINT('',(-1.229159669698E-15,-1.120439326449E-16,-2.4)
  );
#650 = DIRECTION('',(0.,0.,1.));
#651 = DIRECTION('',(1.,0.,-0.));
#652 = DEFINITIONAL_REPRESENTATION('',(#653),#657);
#653 = CIRCLE('',#654,17.8);
#654 = AXIS2_PLACEMENT_2D('',#655,#656);
#655 = CARTESIAN_POINT('',(1.229159669698E-15,1.120439326449E-16));
#656 = DIRECTION('',(1.,0.));
#657 = ( GEOMETRIC_REPRESENTATION_CONTEXT(2) 
PARAMETRIC_REPRESENTATION_CONTEXT() REPRESENTATION_CONTEXT('2D SPACE',''
  ) );
#658 = ORIENTED_EDGE('',*,*,#602,.F.);
#659 = ORIENTED_EDGE('',*,*,#660,.F.);
#660 = EDGE_CURVE('',#603,#603,#661,.T.);
#661 = SURFACE_CURVE('',#662,(#667,#674),.PCURVE_S1.);
#662 = CIRCLE('',#663,17.8);
#663 = AXIS2_PLACEMENT_3D('',#664,#665,#666);
#664 = CARTESIAN_POINT('',(0.,0.,-4.));
#665 = DIRECTION('',(0.,0.,1.));
#666 = DIRECTION('',(1.,0.,0.));
#667 = PCURVE('',#613,#668);
#668 = DEFINITIONAL_REPRESENTATION('',(#669),#673);
#669 = LINE('',#670,#671);
#670 = CARTESIAN_POINT('',(-0.,0.));
#671 = VECTOR('',#672,1.);
#672 = DIRECTION('',(-1.,0.));
#673 = ( GEOMETRIC_REPRESENTATION_CONTEXT(2) 
PARAMETRIC_REPRESENTATION_CONTEXT() REPRESENTATION_CONTEXT('2D SPACE',''
  ) );
#674 = PCURVE('',#675,#680);
#675 = PLANE('',#676);
#676 = AXIS2_PLACEMENT_3D('',#677,#678,#679);
#677 = CARTESIAN_POINT('',(-1.229159669698E-15,-1.120439326449E-16,-4.)
  );
#678 = DIRECTION('',(0.,0.,1.));
#679 = DIRECTION('',(1.,0.,-0.));
#680 = DEFINITIONAL_REPRESENTATION('',(#681),#685);
#681 = CIRCLE('',#682,17.8);
#682 = AXIS2_PLACEMENT_2D('',#683,#684);
#683 = CARTESIAN_POINT('',(1.229159669698E-15,1.120439326449E-16));
#684 = DIRECTION('',(1.,0.));
#685 = ( GEOMETRIC_REPRESENTATION_CONTEXT(2) 
PARAMETRIC_REPRESENTATION_CONTEXT() REPRESENTATION_CONTEXT('2D SPACE',''
  ) );
#686 = ADVANCED_FACE('',(#687),#675,.F.);
#687 = FACE_BOUND('',#688,.F.);
#688 = EDGE_LOOP('',(#689));
#689 = ORIENTED_EDGE('',*,*,#660,.T.);
#690 = ADVANCED_FACE('',(#691),#647,.T.);
#691 = FACE_BOUND('',#692,.T.);
#692 = EDGE_LOOP('',(#693));
#693 = ORIENTED_EDGE('',*,*,#632,.T.);
#694 = ( GEOMETRIC_REPRESENTATION_CONTEXT(3) 
GLOBAL_UNCERTAINTY_ASSIGNED_CONTEXT((#698)) GLOBAL_UNIT_ASSIGNED_CONTEXT
((#695,#696,#697)) REPRESENTATION_CONTEXT('Context #1',
  '3D Context with UNIT and UNCERTAINTY') );
#695 = ( LENGTH_UNIT() NAMED_UNIT(*) SI_UNIT(.MILLI.,.METRE.) );
#696 = ( NAMED_UNIT(*) PLANE_ANGLE_UNIT() SI_UNIT($,.RADIAN.) );
#697 = ( NAMED_UNIT(*) SI_UNIT($,.STERADIAN.) SOLID_ANGLE_UNIT() );
#698 = UNCERTAINTY_MEASURE_WITH_UNIT(LENGTH_MEASURE(1.E-07),#695,
  'distance_accuracy_value','confusion accuracy');
#699 = CONTEXT_DEPENDENT_SHAPE_REPRESENTATION(#700,#702);
#700 = ( REPRESENTATION_RELATIONSHIP('','',#595,#10) 
REPRESENTATION_RELATIONSHIP_WITH_TRANSFORMATION(#701) 
SHAPE_REPRESENTATION_RELATIONSHIP() );
#701 = ITEM_DEFINED_TRANSFORMATION('','',#11,#19);
#702 = PRODUCT_DEFINITION_SHAPE('Placement','Placement of an item',#703
  );
#703 = NEXT_ASSEMBLY_USAGE_OCCURRENCE('2','lcd_panel','',#5,#590,$);
#704 = PRODUCT_RELATED_PRODUCT_CATEGORY('part',$,(#592));
#705 = SHAPE_DEFINITION_REPRESENTATION(#706,#712);
#706 = PRODUCT_DEFINITION_SHAPE('','',#707);
#707 = PRODUCT_DEFINITION('design','',#708,#711);
#708 = PRODUCT_DEFINITION_FORMATION('','',#709);
#709 = PRODUCT('lcd_viewarea','lcd_viewarea','',(#710));
#710 = PRODUCT_CONTEXT('',#2,'mechanical');
#711 = PRODUCT_DEFINITION_CONTEXT('part definition',#2,'design');
#712 = ADVANCED_BREP_SHAPE_REPRESENTATION('',(#11,#713),#811);
#713 = MANIFOLD_SOLID_BREP('',#714);
#714 = CLOSED_SHELL('',(#715,#803,#807));
#715 = ADVANCED_FACE('',(#716),#730,.T.);
#716 = FACE_BOUND('',#717,.F.);
#717 = EDGE_LOOP('',(#718,#748,#775,#776));
#718 = ORIENTED_EDGE('',*,*,#719,.T.);
#719 = EDGE_CURVE('',#720,#722,#724,.T.);
#720 = VERTEX_POINT('',#721);
#721 = CARTESIAN_POINT('',(16.2,0.,-4.05));
#722 = VERTEX_POINT('',#723);
#723 = CARTESIAN_POINT('',(16.2,0.,-4.));
#724 = SEAM_CURVE('',#725,(#729,#741),.PCURVE_S1.);
#725 = LINE('',#726,#727);
#726 = CARTESIAN_POINT('',(16.2,0.,-4.05));
#727 = VECTOR('',#728,1.);
#728 = DIRECTION('',(0.,0.,1.));
#729 = PCURVE('',#730,#735);
#730 = CYLINDRICAL_SURFACE('',#731,16.2);
#731 = AXIS2_PLACEMENT_3D('',#732,#733,#734);
#732 = CARTESIAN_POINT('',(0.,0.,-4.05));
#733 = DIRECTION('',(-0.,-0.,-1.));
#734 = DIRECTION('',(1.,0.,0.));
#735 = DEFINITIONAL_REPRESENTATION('',(#736),#740);
#736 = LINE('',#737,#738);
#737 = CARTESIAN_POINT('',(-0.,0.));
#738 = VECTOR('',#739,1.);
#739 = DIRECTION('',(-0.,-1.));
#740 = ( GEOMETRIC_REPRESENTATION_CONTEXT(2) 
PARAMETRIC_REPRESENTATION_CONTEXT() REPRESENTATION_CONTEXT('2D SPACE',''
  ) );
#741 = PCURVE('',#730,#742);
#742 = DEFINITIONAL_REPRESENTATION('',(#743),#747);
#743 = LINE('',#744,#745);
#744 = CARTESIAN_POINT('',(-6.28318530718,0.));
#745 = VECTOR('',#746,1.);
#746 = DIRECTION('',(-0.,-1.));
#747 = ( GEOMETRIC_REPRESENTATION_CONTEXT(2) 
PARAMETRIC_REPRESENTATION_CONTEXT() REPRESENTATION_CONTEXT('2D SPACE',''
  ) );
#748 = ORIENTED_EDGE('',*,*,#749,.T.);
#749 = EDGE_CURVE('',#722,#722,#750,.T.);
#750 = SURFACE_CURVE('',#751,(#756,#763),.PCURVE_S1.);
#751 = CIRCLE('',#752,16.2);
#752 = AXIS2_PLACEMENT_3D('',#753,#754,#755);
#753 = CARTESIAN_POINT('',(0.,0.,-4.));
#754 = DIRECTION('',(0.,0.,1.));
#755 = DIRECTION('',(1.,0.,0.));
#756 = PCURVE('',#730,#757);
#757 = DEFINITIONAL_REPRESENTATION('',(#758),#762);
#758 = LINE('',#759,#760);
#759 = CARTESIAN_POINT('',(-0.,-5.E-02));
#760 = VECTOR('',#761,1.);
#761 = DIRECTION('',(-1.,0.));
#762 = ( GEOMETRIC_REPRESENTATION_CONTEXT(2) 
PARAMETRIC_REPRESENTATION_CONTEXT() REPRESENTATION_CONTEXT('2D SPACE',''
  ) );
#763 = PCURVE('',#764,#769);
#764 = PLANE('',#765);
#765 = AXIS2_PLACEMENT_3D('',#766,#767,#768);
#766 = CARTESIAN_POINT('',(-6.752790777972E-16,1.364527961852E-15,-4.));
#767 = DIRECTION('',(0.,0.,1.));
#768 = DIRECTION('',(1.,0.,-0.));
#769 = DEFINITIONAL_REPRESENTATION('',(#770),#774);
#770 = CIRCLE('',#771,16.2);
#771 = AXIS2_PLACEMENT_2D('',#772,#773);
#772 = CARTESIAN_POINT('',(6.752790777972E-16,-1.364527961852E-15));
#773 = DIRECTION('',(1.,0.));
#774 = ( GEOMETRIC_REPRESENTATION_CONTEXT(2) 
PARAMETRIC_REPRESENTATION_CONTEXT() REPRESENTATION_CONTEXT('2D SPACE',''
  ) );
#775 = ORIENTED_EDGE('',*,*,#719,.F.);
#776 = ORIENTED_EDGE('',*,*,#777,.F.);
#777 = EDGE_CURVE('',#720,#720,#778,.T.);
#778 = SURFACE_CURVE('',#779,(#784,#791),.PCURVE_S1.);
#779 = CIRCLE('',#780,16.2);
#780 = AXIS2_PLACEMENT_3D('',#781,#782,#783);
#781 = CARTESIAN_POINT('',(0.,0.,-4.05));
#782 = DIRECTION('',(0.,0.,1.));
#783 = DIRECTION('',(1.,0.,0.));
#784 = PCURVE('',#730,#785);
#785 = DEFINITIONAL_REPRESENTATION('',(#786),#790);
#786 = LINE('',#787,#788);
#787 = CARTESIAN_POINT('',(-0.,0.));
#788 = VECTOR('',#789,1.);
#789 = DIRECTION('',(-1.,0.));
#790 = ( GEOMETRIC_REPRESENTATION_CONTEXT(2) 
PARAMETRIC_REPRESENTATION_CONTEXT() REPRESENTATION_CONTEXT('2D SPACE',''
  ) );
#791 = PCURVE('',#792,#797);
#792 = PLANE('',#793);
#793 = AXIS2_PLACEMENT_3D('',#794,#795,#796);
#794 = CARTESIAN_POINT('',(-6.752790777972E-16,1.364527961852E-15,-4.05)
  );
#795 = DIRECTION('',(0.,0.,1.));
#796 = DIRECTION('',(1.,0.,-0.));
#797 = DEFINITIONAL_REPRESENTATION('',(#798),#802);
#798 = CIRCLE('',#799,16.2);
#799 = AXIS2_PLACEMENT_2D('',#800,#801);
#800 = CARTESIAN_POINT('',(6.752790777972E-16,-1.364527961852E-15));
#801 = DIRECTION('',(1.,0.));
#802 = ( GEOMETRIC_REPRESENTATION_CONTEXT(2) 
PARAMETRIC_REPRESENTATION_CONTEXT() REPRESENTATION_CONTEXT('2D SPACE',''
  ) );
#803 = ADVANCED_FACE('',(#804),#792,.F.);
#804 = FACE_BOUND('',#805,.F.);
#805 = EDGE_LOOP('',(#806));
#806 = ORIENTED_EDGE('',*,*,#777,.T.);
#807 = ADVANCED_FACE('',(#808),#764,.T.);
#808 = FACE_BOUND('',#809,.T.);
#809 = EDGE_LOOP('',(#810));
#810 = ORIENTED_EDGE('',*,*,#749,.T.);
#811 = ( GEOMETRIC_REPRESENTATION_CONTEXT(3) 
GLOBAL_UNCERTAINTY_ASSIGNED_CONTEXT((#815)) GLOBAL_UNIT_ASSIGNED_CONTEXT
((#812,#813,#814)) REPRESENTATION_CONTEXT('Context #1',
  '3D Context with UNIT and UNCERTAINTY') );
#812 = ( LENGTH_UNIT() NAMED_UNIT(*) SI_UNIT(.MILLI.,.METRE.) );
#813 = ( NAMED_UNIT(*) PLANE_ANGLE_UNIT() SI_UNIT($,.RADIAN.) );
#814 = ( NAMED_UNIT(*) SI_UNIT($,.STERADIAN.) SOLID_ANGLE_UNIT() );
#815 = UNCERTAINTY_MEASURE_WITH_UNIT(LENGTH_MEASURE(1.E-07),#812,
  'distance_accuracy_value','confusion accuracy');
#816 = CONTEXT_DEPENDENT_SHAPE_REPRESENTATION(#817,#819);
#817 = ( REPRESENTATION_RELATIONSHIP('','',#712,#10) 
REPRESENTATION_RELATIONSHIP_WITH_TRANSFORMATION(#818) 
SHAPE_REPRESENTATION_RELATIONSHIP() );
#818 = ITEM_DEFINED_TRANSFORMATION('','',#11,#23);
#819 = PRODUCT_DEFINITION_SHAPE('Placement','Placement of an item',#820
  );
#820 = NEXT_ASSEMBLY_USAGE_OCCURRENCE('3','lcd_viewarea','',#5,#707,$);
#821 = PRODUCT_RELATED_PRODUCT_CATEGORY('part',$,(#709));
#822 = SHAPE_DEFINITION_REPRESENTATION(#823,#829);
#823 = PRODUCT_DEFINITION_SHAPE('','',#824);
#824 = PRODUCT_DEFINITION('design','',#825,#828);
#825 = PRODUCT_DEFINITION_FORMATION('','',#826);
#826 = PRODUCT('hdr_h1','hdr_h1','',(#827));
#827 = PRODUCT_CONTEXT('',#2,'mechanical');
#828 = PRODUCT_DEFINITION_CONTEXT('part definition',#2,'design');
#829 = ADVANCED_BREP_SHAPE_REPRESENTATION('',(#11,#830),#8064);
#830 = MANIFOLD_SOLID_BREP('',#831);
#831 = CLOSED_SHELL('',(#832,#1059,#3255,#3304,#3533,#3582,#3631,#3658,
    #3685,#3765,#3841,#3890,#3939,#3966,#4042,#4091,#4140,#4167,#4243,
    #4292,#4341,#4368,#4444,#4493,#4542,#4569,#4645,#4694,#4743,#4770,
    #4846,#4895,#4944,#4971,#5047,#5096,#5145,#5172,#5248,#5297,#5346,
    #5373,#5449,#5498,#5547,#5574,#5650,#5699,#5748,#5775,#5851,#5900,
    #5949,#5976,#6052,#6101,#6150,#6177,#6253,#6302,#6351,#6378,#6454,
    #6503,#6552,#6579,#6655,#6704,#6753,#6780,#6856,#6905,#6954,#6981,
    #7057,#7106,#7155,#7182,#7258,#7307,#7356,#7383,#7459,#7508,#7557,
    #7584,#7660,#7709,#7758,#7785,#7792,#7841,#7890,#7917,#7924,#7931,
    #7938,#7945,#7952,#7959,#7966,#7973,#7980,#7987,#7994,#8001,#8008,
    #8015,#8022,#8029,#8036,#8043,#8050,#8057));
#832 = ADVANCED_FACE('',(#833),#847,.F.);
#833 = FACE_BOUND('',#834,.F.);
#834 = EDGE_LOOP('',(#835,#870,#898,#926,#954,#982,#1010,#1033));
#835 = ORIENTED_EDGE('',*,*,#836,.F.);
#836 = EDGE_CURVE('',#837,#839,#841,.T.);
#837 = VERTEX_POINT('',#838);
#838 = CARTESIAN_POINT('',(-15.,-6.6,4.5));
#839 = VERTEX_POINT('',#840);
#840 = CARTESIAN_POINT('',(-15.,6.5,4.5));
#841 = SURFACE_CURVE('',#842,(#846,#858),.PCURVE_S1.);
#842 = LINE('',#843,#844);
#843 = CARTESIAN_POINT('',(-15.,-6.6,4.5));
#844 = VECTOR('',#845,1.);
#845 = DIRECTION('',(0.,1.,0.));
#846 = PCURVE('',#847,#852);
#847 = PLANE('',#848);
#848 = AXIS2_PLACEMENT_3D('',#849,#850,#851);
#849 = CARTESIAN_POINT('',(-15.,-6.6,0.));
#850 = DIRECTION('',(1.,0.,0.));
#851 = DIRECTION('',(0.,0.,1.));
#852 = DEFINITIONAL_REPRESENTATION('',(#853),#857);
#853 = LINE('',#854,#855);
#854 = CARTESIAN_POINT('',(4.5,0.));
#855 = VECTOR('',#856,1.);
#856 = DIRECTION('',(0.,-1.));
#857 = ( GEOMETRIC_REPRESENTATION_CONTEXT(2) 
PARAMETRIC_REPRESENTATION_CONTEXT() REPRESENTATION_CONTEXT('2D SPACE',''
  ) );
#858 = PCURVE('',#859,#864);
#859 = PLANE('',#860);
#860 = AXIS2_PLACEMENT_3D('',#861,#862,#863);
#861 = CARTESIAN_POINT('',(-15.,-6.6,4.5));
#862 = DIRECTION('',(0.,0.,1.));
#863 = DIRECTION('',(1.,0.,0.));
#864 = DEFINITIONAL_REPRESENTATION('',(#865),#869);
#865 = LINE('',#866,#867);
#866 = CARTESIAN_POINT('',(0.,0.));
#867 = VECTOR('',#868,1.);
#868 = DIRECTION('',(0.,1.));
#869 = ( GEOMETRIC_REPRESENTATION_CONTEXT(2) 
PARAMETRIC_REPRESENTATION_CONTEXT() REPRESENTATION_CONTEXT('2D SPACE',''
  ) );
#870 = ORIENTED_EDGE('',*,*,#871,.F.);
#871 = EDGE_CURVE('',#872,#837,#874,.T.);
#872 = VERTEX_POINT('',#873);
#873 = CARTESIAN_POINT('',(-15.,-6.6,0.));
#874 = SURFACE_CURVE('',#875,(#879,#886),.PCURVE_S1.);
#875 = LINE('',#876,#877);
#876 = CARTESIAN_POINT('',(-15.,-6.6,0.));
#877 = VECTOR('',#878,1.);
#878 = DIRECTION('',(0.,0.,1.));
#879 = PCURVE('',#847,#880);
#880 = DEFINITIONAL_REPRESENTATION('',(#881),#885);
#881 = LINE('',#882,#883);
#882 = CARTESIAN_POINT('',(0.,0.));
#883 = VECTOR('',#884,1.);
#884 = DIRECTION('',(1.,0.));
#885 = ( GEOMETRIC_REPRESENTATION_CONTEXT(2) 
PARAMETRIC_REPRESENTATION_CONTEXT() REPRESENTATION_CONTEXT('2D SPACE',''
  ) );
#886 = PCURVE('',#887,#892);
#887 = PLANE('',#888);
#888 = AXIS2_PLACEMENT_3D('',#889,#890,#891);
#889 = CARTESIAN_POINT('',(-15.,-6.6,0.));
#890 = DIRECTION('',(0.,1.,0.));
#891 = DIRECTION('',(0.,0.,1.));
#892 = DEFINITIONAL_REPRESENTATION('',(#893),#897);
#893 = LINE('',#894,#895);
#894 = CARTESIAN_POINT('',(0.,0.));
#895 = VECTOR('',#896,1.);
#896 = DIRECTION('',(1.,0.));
#897 = ( GEOMETRIC_REPRESENTATION_CONTEXT(2) 
PARAMETRIC_REPRESENTATION_CONTEXT() REPRESENTATION_CONTEXT('2D SPACE',''
  ) );
#898 = ORIENTED_EDGE('',*,*,#899,.T.);
#899 = EDGE_CURVE('',#872,#900,#902,.T.);
#900 = VERTEX_POINT('',#901);
#901 = CARTESIAN_POINT('',(-15.,-6.4,0.));
#902 = SURFACE_CURVE('',#903,(#907,#914),.PCURVE_S1.);
#903 = LINE('',#904,#905);
#904 = CARTESIAN_POINT('',(-15.,-6.6,0.));
#905 = VECTOR('',#906,1.);
#906 = DIRECTION('',(0.,1.,0.));
#907 = PCURVE('',#847,#908);
#908 = DEFINITIONAL_REPRESENTATION('',(#909),#913);
#909 = LINE('',#910,#911);
#910 = CARTESIAN_POINT('',(0.,0.));
#911 = VECTOR('',#912,1.);
#912 = DIRECTION('',(0.,-1.));
#913 = ( GEOMETRIC_REPRESENTATION_CONTEXT(2) 
PARAMETRIC_REPRESENTATION_CONTEXT() REPRESENTATION_CONTEXT('2D SPACE',''
  ) );
#914 = PCURVE('',#915,#920);
#915 = PLANE('',#916);
#916 = AXIS2_PLACEMENT_3D('',#917,#918,#919);
#917 = CARTESIAN_POINT('',(-15.,-6.6,0.));
#918 = DIRECTION('',(0.,0.,1.));
#919 = DIRECTION('',(1.,0.,0.));
#920 = DEFINITIONAL_REPRESENTATION('',(#921),#925);
#921 = LINE('',#922,#923);
#922 = CARTESIAN_POINT('',(0.,0.));
#923 = VECTOR('',#924,1.);
#924 = DIRECTION('',(0.,1.));
#925 = ( GEOMETRIC_REPRESENTATION_CONTEXT(2) 
PARAMETRIC_REPRESENTATION_CONTEXT() REPRESENTATION_CONTEXT('2D SPACE',''
  ) );
#926 = ORIENTED_EDGE('',*,*,#927,.T.);
#927 = EDGE_CURVE('',#900,#928,#930,.T.);
#928 = VERTEX_POINT('',#929);
#929 = CARTESIAN_POINT('',(-15.,-6.4,0.25));
#930 = SURFACE_CURVE('',#931,(#935,#942),.PCURVE_S1.);
#931 = LINE('',#932,#933);
#932 = CARTESIAN_POINT('',(-15.,-6.4,0.));
#933 = VECTOR('',#934,1.);
#934 = DIRECTION('',(0.,0.,1.));
#935 = PCURVE('',#847,#936);
#936 = DEFINITIONAL_REPRESENTATION('',(#937),#941);
#937 = LINE('',#938,#939);
#938 = CARTESIAN_POINT('',(0.,-0.2));
#939 = VECTOR('',#940,1.);
#940 = DIRECTION('',(1.,0.));
#941 = ( GEOMETRIC_REPRESENTATION_CONTEXT(2) 
PARAMETRIC_REPRESENTATION_CONTEXT() REPRESENTATION_CONTEXT('2D SPACE',''
  ) );
#942 = PCURVE('',#943,#948);
#943 = PLANE('',#944);
#944 = AXIS2_PLACEMENT_3D('',#945,#946,#947);
#945 = CARTESIAN_POINT('',(-16.1,-6.4,0.));
#946 = DIRECTION('',(0.,1.,0.));
#947 = DIRECTION('',(0.,0.,1.));
#948 = DEFINITIONAL_REPRESENTATION('',(#949),#953);
#949 = LINE('',#950,#951);
#950 = CARTESIAN_POINT('',(0.,1.1));
#951 = VECTOR('',#952,1.);
#952 = DIRECTION('',(1.,0.));
#953 = ( GEOMETRIC_REPRESENTATION_CONTEXT(2) 
PARAMETRIC_REPRESENTATION_CONTEXT() REPRESENTATION_CONTEXT('2D SPACE',''
  ) );
#954 = ORIENTED_EDGE('',*,*,#955,.T.);
#955 = EDGE_CURVE('',#928,#956,#958,.T.);
#956 = VERTEX_POINT('',#957);
#957 = CARTESIAN_POINT('',(-15.,6.3,0.25));
#958 = SURFACE_CURVE('',#959,(#963,#970),.PCURVE_S1.);
#959 = LINE('',#960,#961);
#960 = CARTESIAN_POINT('',(-15.,-6.4,0.25));
#961 = VECTOR('',#962,1.);
#962 = DIRECTION('',(0.,1.,0.));
#963 = PCURVE('',#847,#964);
#964 = DEFINITIONAL_REPRESENTATION('',(#965),#969);
#965 = LINE('',#966,#967);
#966 = CARTESIAN_POINT('',(0.25,-0.2));
#967 = VECTOR('',#968,1.);
#968 = DIRECTION('',(0.,-1.));
#969 = ( GEOMETRIC_REPRESENTATION_CONTEXT(2) 
PARAMETRIC_REPRESENTATION_CONTEXT() REPRESENTATION_CONTEXT('2D SPACE',''
  ) );
#970 = PCURVE('',#971,#976);
#971 = PLANE('',#972);
#972 = AXIS2_PLACEMENT_3D('',#973,#974,#975);
#973 = CARTESIAN_POINT('',(-16.1,-6.4,0.25));
#974 = DIRECTION('',(0.,0.,1.));
#975 = DIRECTION('',(1.,0.,0.));
#976 = DEFINITIONAL_REPRESENTATION('',(#977),#981);
#977 = LINE('',#978,#979);
#978 = CARTESIAN_POINT('',(1.1,0.));
#979 = VECTOR('',#980,1.);
#980 = DIRECTION('',(0.,1.));
#981 = ( GEOMETRIC_REPRESENTATION_CONTEXT(2) 
PARAMETRIC_REPRESENTATION_CONTEXT() REPRESENTATION_CONTEXT('2D SPACE',''
  ) );
#982 = ORIENTED_EDGE('',*,*,#983,.F.);
#983 = EDGE_CURVE('',#984,#956,#986,.T.);
#984 = VERTEX_POINT('',#985);
#985 = CARTESIAN_POINT('',(-15.,6.3,0.));
#986 = SURFACE_CURVE('',#987,(#991,#998),.PCURVE_S1.);
#987 = LINE('',#988,#989);
#988 = CARTESIAN_POINT('',(-15.,6.3,0.));
#989 = VECTOR('',#990,1.);
#990 = DIRECTION('',(0.,0.,1.));
#991 = PCURVE('',#847,#992);
#992 = DEFINITIONAL_REPRESENTATION('',(#993),#997);
#993 = LINE('',#994,#995);
#994 = CARTESIAN_POINT('',(0.,-12.9));
#995 = VECTOR('',#996,1.);
#996 = DIRECTION('',(1.,0.));
#997 = ( GEOMETRIC_REPRESENTATION_CONTEXT(2) 
PARAMETRIC_REPRESENTATION_CONTEXT() REPRESENTATION_CONTEXT('2D SPACE',''
  ) );
#998 = PCURVE('',#999,#1004);
#999 = PLANE('',#1000);
#1000 = AXIS2_PLACEMENT_3D('',#1001,#1002,#1003);
#1001 = CARTESIAN_POINT('',(-16.1,6.3,0.));
#1002 = DIRECTION('',(0.,1.,0.));
#1003 = DIRECTION('',(0.,0.,1.));
#1004 = DEFINITIONAL_REPRESENTATION('',(#1005),#1009);
#1005 = LINE('',#1006,#1007);
#1006 = CARTESIAN_POINT('',(0.,1.1));
#1007 = VECTOR('',#1008,1.);
#1008 = DIRECTION('',(1.,0.));
#1009 = ( GEOMETRIC_REPRESENTATION_CONTEXT(2) 
PARAMETRIC_REPRESENTATION_CONTEXT() REPRESENTATION_CONTEXT('2D SPACE',''
  ) );
#1010 = ORIENTED_EDGE('',*,*,#1011,.T.);
#1011 = EDGE_CURVE('',#984,#1012,#1014,.T.);
#1012 = VERTEX_POINT('',#1013);
#1013 = CARTESIAN_POINT('',(-15.,6.5,0.));
#1014 = SURFACE_CURVE('',#1015,(#1019,#1026),.PCURVE_S1.);
#1015 = LINE('',#1016,#1017);
#1016 = CARTESIAN_POINT('',(-15.,-6.6,0.));
#1017 = VECTOR('',#1018,1.);
#1018 = DIRECTION('',(0.,1.,0.));
#1019 = PCURVE('',#847,#1020);
#1020 = DEFINITIONAL_REPRESENTATION('',(#1021),#1025);
#1021 = LINE('',#1022,#1023);
#1022 = CARTESIAN_POINT('',(0.,0.));
#1023 = VECTOR('',#1024,1.);
#1024 = DIRECTION('',(0.,-1.));
#1025 = ( GEOMETRIC_REPRESENTATION_CONTEXT(2) 
PARAMETRIC_REPRESENTATION_CONTEXT() REPRESENTATION_CONTEXT('2D SPACE',''
  ) );
#1026 = PCURVE('',#915,#1027);
#1027 = DEFINITIONAL_REPRESENTATION('',(#1028),#1032);
#1028 = LINE('',#1029,#1030);
#1029 = CARTESIAN_POINT('',(0.,0.));
#1030 = VECTOR('',#1031,1.);
#1031 = DIRECTION('',(0.,1.));
#1032 = ( GEOMETRIC_REPRESENTATION_CONTEXT(2) 
PARAMETRIC_REPRESENTATION_CONTEXT() REPRESENTATION_CONTEXT('2D SPACE',''
  ) );
#1033 = ORIENTED_EDGE('',*,*,#1034,.T.);
#1034 = EDGE_CURVE('',#1012,#839,#1035,.T.);
#1035 = SURFACE_CURVE('',#1036,(#1040,#1047),.PCURVE_S1.);
#1036 = LINE('',#1037,#1038);
#1037 = CARTESIAN_POINT('',(-15.,6.5,0.));
#1038 = VECTOR('',#1039,1.);
#1039 = DIRECTION('',(0.,0.,1.));
#1040 = PCURVE('',#847,#1041);
#1041 = DEFINITIONAL_REPRESENTATION('',(#1042),#1046);
#1042 = LINE('',#1043,#1044);
#1043 = CARTESIAN_POINT('',(0.,-13.1));
#1044 = VECTOR('',#1045,1.);
#1045 = DIRECTION('',(1.,0.));
#1046 = ( GEOMETRIC_REPRESENTATION_CONTEXT(2) 
PARAMETRIC_REPRESENTATION_CONTEXT() REPRESENTATION_CONTEXT('2D SPACE',''
  ) );
#1047 = PCURVE('',#1048,#1053);
#1048 = PLANE('',#1049);
#1049 = AXIS2_PLACEMENT_3D('',#1050,#1051,#1052);
#1050 = CARTESIAN_POINT('',(-15.,6.5,0.));
#1051 = DIRECTION('',(0.,1.,0.));
#1052 = DIRECTION('',(0.,0.,1.));
#1053 = DEFINITIONAL_REPRESENTATION('',(#1054),#1058);
#1054 = LINE('',#1055,#1056);
#1055 = CARTESIAN_POINT('',(0.,0.));
#1056 = VECTOR('',#1057,1.);
#1057 = DIRECTION('',(1.,0.));
#1058 = ( GEOMETRIC_REPRESENTATION_CONTEXT(2) 
PARAMETRIC_REPRESENTATION_CONTEXT() REPRESENTATION_CONTEXT('2D SPACE',''
  ) );
#1059 = ADVANCED_FACE('',(#1060,#1135,#1241,#1347,#1453,#1559,#1665,
    #1771,#1877,#1983,#2089,#2195,#2301,#2407,#2513,#2619,#2725,#2831,
    #2937,#3043,#3149),#859,.T.);
#1060 = FACE_BOUND('',#1061,.T.);
#1061 = EDGE_LOOP('',(#1062,#1063,#1086,#1114));
#1062 = ORIENTED_EDGE('',*,*,#836,.F.);
#1063 = ORIENTED_EDGE('',*,*,#1064,.T.);
#1064 = EDGE_CURVE('',#837,#1065,#1067,.T.);
#1065 = VERTEX_POINT('',#1066);
#1066 = CARTESIAN_POINT('',(-12.,-6.6,4.5));
#1067 = SURFACE_CURVE('',#1068,(#1072,#1079),.PCURVE_S1.);
#1068 = LINE('',#1069,#1070);
#1069 = CARTESIAN_POINT('',(-15.,-6.6,4.5));
#1070 = VECTOR('',#1071,1.);
#1071 = DIRECTION('',(1.,0.,0.));
#1072 = PCURVE('',#859,#1073);
#1073 = DEFINITIONAL_REPRESENTATION('',(#1074),#1078);
#1074 = LINE('',#1075,#1076);
#1075 = CARTESIAN_POINT('',(0.,0.));
#1076 = VECTOR('',#1077,1.);
#1077 = DIRECTION('',(1.,0.));
#1078 = ( GEOMETRIC_REPRESENTATION_CONTEXT(2) 
PARAMETRIC_REPRESENTATION_CONTEXT() REPRESENTATION_CONTEXT('2D SPACE',''
  ) );
#1079 = PCURVE('',#887,#1080);
#1080 = DEFINITIONAL_REPRESENTATION('',(#1081),#1085);
#1081 = LINE('',#1082,#1083);
#1082 = CARTESIAN_POINT('',(4.5,0.));
#1083 = VECTOR('',#1084,1.);
#1084 = DIRECTION('',(0.,1.));
#1085 = ( GEOMETRIC_REPRESENTATION_CONTEXT(2) 
PARAMETRIC_REPRESENTATION_CONTEXT() REPRESENTATION_CONTEXT('2D SPACE',''
  ) );
#1086 = ORIENTED_EDGE('',*,*,#1087,.T.);
#1087 = EDGE_CURVE('',#1065,#1088,#1090,.T.);
#1088 = VERTEX_POINT('',#1089);
#1089 = CARTESIAN_POINT('',(-12.,6.5,4.5));
#1090 = SURFACE_CURVE('',#1091,(#1095,#1102),.PCURVE_S1.);
#1091 = LINE('',#1092,#1093);
#1092 = CARTESIAN_POINT('',(-12.,-6.6,4.5));
#1093 = VECTOR('',#1094,1.);
#1094 = DIRECTION('',(0.,1.,0.));
#1095 = PCURVE('',#859,#1096);
#1096 = DEFINITIONAL_REPRESENTATION('',(#1097),#1101);
#1097 = LINE('',#1098,#1099);
#1098 = CARTESIAN_POINT('',(3.,0.));
#1099 = VECTOR('',#1100,1.);
#1100 = DIRECTION('',(0.,1.));
#1101 = ( GEOMETRIC_REPRESENTATION_CONTEXT(2) 
PARAMETRIC_REPRESENTATION_CONTEXT() REPRESENTATION_CONTEXT('2D SPACE',''
  ) );
#1102 = PCURVE('',#1103,#1108);
#1103 = PLANE('',#1104);
#1104 = AXIS2_PLACEMENT_3D('',#1105,#1106,#1107);
#1105 = CARTESIAN_POINT('',(-12.,-6.6,0.));
#1106 = DIRECTION('',(1.,0.,0.));
#1107 = DIRECTION('',(0.,0.,1.));
#1108 = DEFINITIONAL_REPRESENTATION('',(#1109),#1113);
#1109 = LINE('',#1110,#1111);
#1110 = CARTESIAN_POINT('',(4.5,0.));
#1111 = VECTOR('',#1112,1.);
#1112 = DIRECTION('',(0.,-1.));
#1113 = ( GEOMETRIC_REPRESENTATION_CONTEXT(2) 
PARAMETRIC_REPRESENTATION_CONTEXT() REPRESENTATION_CONTEXT('2D SPACE',''
  ) );
#1114 = ORIENTED_EDGE('',*,*,#1115,.F.);
#1115 = EDGE_CURVE('',#839,#1088,#1116,.T.);
#1116 = SURFACE_CURVE('',#1117,(#1121,#1128),.PCURVE_S1.);
#1117 = LINE('',#1118,#1119);
#1118 = CARTESIAN_POINT('',(-15.,6.5,4.5));
#1119 = VECTOR('',#1120,1.);
#1120 = DIRECTION('',(1.,0.,0.));
#1121 = PCURVE('',#859,#1122);
#1122 = DEFINITIONAL_REPRESENTATION('',(#1123),#1127);
#1123 = LINE('',#1124,#1125);
#1124 = CARTESIAN_POINT('',(0.,13.1));
#1125 = VECTOR('',#1126,1.);
#1126 = DIRECTION('',(1.,0.));
#1127 = ( GEOMETRIC_REPRESENTATION_CONTEXT(2) 
PARAMETRIC_REPRESENTATION_CONTEXT() REPRESENTATION_CONTEXT('2D SPACE',''
  ) );
#1128 = PCURVE('',#1048,#1129);
#1129 = DEFINITIONAL_REPRESENTATION('',(#1130),#1134);
#1130 = LINE('',#1131,#1132);
#1131 = CARTESIAN_POINT('',(4.5,0.));
#1132 = VECTOR('',#1133,1.);
#1133 = DIRECTION('',(0.,1.));
#1134 = ( GEOMETRIC_REPRESENTATION_CONTEXT(2) 
PARAMETRIC_REPRESENTATION_CONTEXT() REPRESENTATION_CONTEXT('2D SPACE',''
  ) );
#1135 = FACE_BOUND('',#1136,.T.);
#1136 = EDGE_LOOP('',(#1137,#1165,#1191,#1217));
#1137 = ORIENTED_EDGE('',*,*,#1138,.T.);
#1138 = EDGE_CURVE('',#1139,#1141,#1143,.T.);
#1139 = VERTEX_POINT('',#1140);
#1140 = CARTESIAN_POINT('',(-13.835,-6.065,4.5));
#1141 = VERTEX_POINT('',#1142);
#1142 = CARTESIAN_POINT('',(-14.435,-6.065,4.5));
#1143 = SURFACE_CURVE('',#1144,(#1148,#1154),.PCURVE_S1.);
#1144 = LINE('',#1145,#1146);
#1145 = CARTESIAN_POINT('',(-14.7175,-6.065,4.5));
#1146 = VECTOR('',#1147,1.);
#1147 = DIRECTION('',(-1.,0.,0.));
#1148 = PCURVE('',#859,#1149);
#1149 = DEFINITIONAL_REPRESENTATION('',(#1150),#1153);
#1150 = B_SPLINE_CURVE_WITH_KNOTS('',1,(#1151,#1152),.UNSPECIFIED.,.F.,
  .F.,(2,2),(-0.8825,-0.2825),.PIECEWISE_BEZIER_KNOTS.);
#1151 = CARTESIAN_POINT('',(1.165,0.535));
#1152 = CARTESIAN_POINT('',(0.565,0.535));
#1153 = ( GEOMETRIC_REPRESENTATION_CONTEXT(2) 
PARAMETRIC_REPRESENTATION_CONTEXT() REPRESENTATION_CONTEXT('2D SPACE',''
  ) );
#1154 = PCURVE('',#1155,#1160);
#1155 = PLANE('',#1156);
#1156 = AXIS2_PLACEMENT_3D('',#1157,#1158,#1159);
#1157 = CARTESIAN_POINT('',(-14.435,-6.065,2.));
#1158 = DIRECTION('',(0.,1.,0.));
#1159 = DIRECTION('',(0.,0.,1.));
#1160 = DEFINITIONAL_REPRESENTATION('',(#1161),#1164);
#1161 = B_SPLINE_CURVE_WITH_KNOTS('',1,(#1162,#1163),.UNSPECIFIED.,.F.,
  .F.,(2,2),(-0.8825,-0.2825),.PIECEWISE_BEZIER_KNOTS.);
#1162 = CARTESIAN_POINT('',(2.5,0.6));
#1163 = CARTESIAN_POINT('',(2.5,0.));
#1164 = ( GEOMETRIC_REPRESENTATION_CONTEXT(2) 
PARAMETRIC_REPRESENTATION_CONTEXT() REPRESENTATION_CONTEXT('2D SPACE',''
  ) );
#1165 = ORIENTED_EDGE('',*,*,#1166,.T.);
#1166 = EDGE_CURVE('',#1141,#1167,#1169,.T.);
#1167 = VERTEX_POINT('',#1168);
#1168 = CARTESIAN_POINT('',(-14.435,-5.465,4.5));
#1169 = SURFACE_CURVE('',#1170,(#1174,#1180),.PCURVE_S1.);
#1170 = LINE('',#1171,#1172);
#1171 = CARTESIAN_POINT('',(-14.435,-6.3325,4.5));
#1172 = VECTOR('',#1173,1.);
#1173 = DIRECTION('',(0.,1.,0.));
#1174 = PCURVE('',#859,#1175);
#1175 = DEFINITIONAL_REPRESENTATION('',(#1176),#1179);
#1176 = B_SPLINE_CURVE_WITH_KNOTS('',1,(#1177,#1178),.UNSPECIFIED.,.F.,
  .F.,(2,2),(0.2675,0.8675),.PIECEWISE_BEZIER_KNOTS.);
#1177 = CARTESIAN_POINT('',(0.565,0.535));
#1178 = CARTESIAN_POINT('',(0.565,1.135));
#1179 = ( GEOMETRIC_REPRESENTATION_CONTEXT(2) 
PARAMETRIC_REPRESENTATION_CONTEXT() REPRESENTATION_CONTEXT('2D SPACE',''
  ) );
#1180 = PCURVE('',#1181,#1186);
#1181 = PLANE('',#1182);
#1182 = AXIS2_PLACEMENT_3D('',#1183,#1184,#1185);
#1183 = CARTESIAN_POINT('',(-14.435,-6.065,2.));
#1184 = DIRECTION('',(1.,0.,0.));
#1185 = DIRECTION('',(0.,0.,1.));
#1186 = DEFINITIONAL_REPRESENTATION('',(#1187),#1190);
#1187 = B_SPLINE_CURVE_WITH_KNOTS('',1,(#1188,#1189),.UNSPECIFIED.,.F.,
  .F.,(2,2),(0.2675,0.8675),.PIECEWISE_BEZIER_KNOTS.);
#1188 = CARTESIAN_POINT('',(2.5,0.));
#1189 = CARTESIAN_POINT('',(2.5,-0.6));
#1190 = ( GEOMETRIC_REPRESENTATION_CONTEXT(2) 
PARAMETRIC_REPRESENTATION_CONTEXT() REPRESENTATION_CONTEXT('2D SPACE',''
  ) );
#1191 = ORIENTED_EDGE('',*,*,#1192,.F.);
#1192 = EDGE_CURVE('',#1193,#1167,#1195,.T.);
#1193 = VERTEX_POINT('',#1194);
#1194 = CARTESIAN_POINT('',(-13.835,-5.465,4.5));
#1195 = SURFACE_CURVE('',#1196,(#1200,#1206),.PCURVE_S1.);
#1196 = LINE('',#1197,#1198);
#1197 = CARTESIAN_POINT('',(-14.7175,-5.465,4.5));
#1198 = VECTOR('',#1199,1.);
#1199 = DIRECTION('',(-1.,0.,0.));
#1200 = PCURVE('',#859,#1201);
#1201 = DEFINITIONAL_REPRESENTATION('',(#1202),#1205);
#1202 = B_SPLINE_CURVE_WITH_KNOTS('',1,(#1203,#1204),.UNSPECIFIED.,.F.,
  .F.,(2,2),(-0.8825,-0.2825),.PIECEWISE_BEZIER_KNOTS.);
#1203 = CARTESIAN_POINT('',(1.165,1.135));
#1204 = CARTESIAN_POINT('',(0.565,1.135));
#1205 = ( GEOMETRIC_REPRESENTATION_CONTEXT(2) 
PARAMETRIC_REPRESENTATION_CONTEXT() REPRESENTATION_CONTEXT('2D SPACE',''
  ) );
#1206 = PCURVE('',#1207,#1212);
#1207 = PLANE('',#1208);
#1208 = AXIS2_PLACEMENT_3D('',#1209,#1210,#1211);
#1209 = CARTESIAN_POINT('',(-14.435,-5.465,2.));
#1210 = DIRECTION('',(0.,1.,0.));
#1211 = DIRECTION('',(0.,0.,1.));
#1212 = DEFINITIONAL_REPRESENTATION('',(#1213),#1216);
#1213 = B_SPLINE_CURVE_WITH_KNOTS('',1,(#1214,#1215),.UNSPECIFIED.,.F.,
  .F.,(2,2),(-0.8825,-0.2825),.PIECEWISE_BEZIER_KNOTS.);
#1214 = CARTESIAN_POINT('',(2.5,0.6));
#1215 = CARTESIAN_POINT('',(2.5,0.));
#1216 = ( GEOMETRIC_REPRESENTATION_CONTEXT(2) 
PARAMETRIC_REPRESENTATION_CONTEXT() REPRESENTATION_CONTEXT('2D SPACE',''
  ) );
#1217 = ORIENTED_EDGE('',*,*,#1218,.F.);
#1218 = EDGE_CURVE('',#1139,#1193,#1219,.T.);
#1219 = SURFACE_CURVE('',#1220,(#1224,#1230),.PCURVE_S1.);
#1220 = LINE('',#1221,#1222);
#1221 = CARTESIAN_POINT('',(-13.835,-6.3325,4.5));
#1222 = VECTOR('',#1223,1.);
#1223 = DIRECTION('',(0.,1.,0.));
#1224 = PCURVE('',#859,#1225);
#1225 = DEFINITIONAL_REPRESENTATION('',(#1226),#1229);
#1226 = B_SPLINE_CURVE_WITH_KNOTS('',1,(#1227,#1228),.UNSPECIFIED.,.F.,
  .F.,(2,2),(0.2675,0.8675),.PIECEWISE_BEZIER_KNOTS.);
#1227 = CARTESIAN_POINT('',(1.165,0.535));
#1228 = CARTESIAN_POINT('',(1.165,1.135));
#1229 = ( GEOMETRIC_REPRESENTATION_CONTEXT(2) 
PARAMETRIC_REPRESENTATION_CONTEXT() REPRESENTATION_CONTEXT('2D SPACE',''
  ) );
#1230 = PCURVE('',#1231,#1236);
#1231 = PLANE('',#1232);
#1232 = AXIS2_PLACEMENT_3D('',#1233,#1234,#1235);
#1233 = CARTESIAN_POINT('',(-13.835,-6.065,2.));
#1234 = DIRECTION('',(1.,0.,0.));
#1235 = DIRECTION('',(0.,0.,1.));
#1236 = DEFINITIONAL_REPRESENTATION('',(#1237),#1240);
#1237 = B_SPLINE_CURVE_WITH_KNOTS('',1,(#1238,#1239),.UNSPECIFIED.,.F.,
  .F.,(2,2),(0.2675,0.8675),.PIECEWISE_BEZIER_KNOTS.);
#1238 = CARTESIAN_POINT('',(2.5,0.));
#1239 = CARTESIAN_POINT('',(2.5,-0.6));
#1240 = ( GEOMETRIC_REPRESENTATION_CONTEXT(2) 
PARAMETRIC_REPRESENTATION_CONTEXT() REPRESENTATION_CONTEXT('2D SPACE',''
  ) );
#1241 = FACE_BOUND('',#1242,.T.);
#1242 = EDGE_LOOP('',(#1243,#1271,#1297,#1323));
#1243 = ORIENTED_EDGE('',*,*,#1244,.T.);
#1244 = EDGE_CURVE('',#1245,#1247,#1249,.T.);
#1245 = VERTEX_POINT('',#1246);
#1246 = CARTESIAN_POINT('',(-13.835,-4.795,4.5));
#1247 = VERTEX_POINT('',#1248);
#1248 = CARTESIAN_POINT('',(-14.435,-4.795,4.5));
#1249 = SURFACE_CURVE('',#1250,(#1254,#1260),.PCURVE_S1.);
#1250 = LINE('',#1251,#1252);
#1251 = CARTESIAN_POINT('',(-14.7175,-4.795,4.5));
#1252 = VECTOR('',#1253,1.);
#1253 = DIRECTION('',(-1.,0.,0.));
#1254 = PCURVE('',#859,#1255);
#1255 = DEFINITIONAL_REPRESENTATION('',(#1256),#1259);
#1256 = B_SPLINE_CURVE_WITH_KNOTS('',1,(#1257,#1258),.UNSPECIFIED.,.F.,
  .F.,(2,2),(-0.8825,-0.2825),.PIECEWISE_BEZIER_KNOTS.);
#1257 = CARTESIAN_POINT('',(1.165,1.805));
#1258 = CARTESIAN_POINT('',(0.565,1.805));
#1259 = ( GEOMETRIC_REPRESENTATION_CONTEXT(2) 
PARAMETRIC_REPRESENTATION_CONTEXT() REPRESENTATION_CONTEXT('2D SPACE',''
  ) );
#1260 = PCURVE('',#1261,#1266);
#1261 = PLANE('',#1262);
#1262 = AXIS2_PLACEMENT_3D('',#1263,#1264,#1265);
#1263 = CARTESIAN_POINT('',(-14.435,-4.795,2.));
#1264 = DIRECTION('',(0.,1.,0.));
#1265 = DIRECTION('',(0.,0.,1.));
#1266 = DEFINITIONAL_REPRESENTATION('',(#1267),#1270);
#1267 = B_SPLINE_CURVE_WITH_KNOTS('',1,(#1268,#1269),.UNSPECIFIED.,.F.,
  .F.,(2,2),(-0.8825,-0.2825),.PIECEWISE_BEZIER_KNOTS.);
#1268 = CARTESIAN_POINT('',(2.5,0.6));
#1269 = CARTESIAN_POINT('',(2.5,0.));
#1270 = ( GEOMETRIC_REPRESENTATION_CONTEXT(2) 
PARAMETRIC_REPRESENTATION_CONTEXT() REPRESENTATION_CONTEXT('2D SPACE',''
  ) );
#1271 = ORIENTED_EDGE('',*,*,#1272,.T.);
#1272 = EDGE_CURVE('',#1247,#1273,#1275,.T.);
#1273 = VERTEX_POINT('',#1274);
#1274 = CARTESIAN_POINT('',(-14.435,-4.195,4.5));
#1275 = SURFACE_CURVE('',#1276,(#1280,#1286),.PCURVE_S1.);
#1276 = LINE('',#1277,#1278);
#1277 = CARTESIAN_POINT('',(-14.435,-5.6975,4.5));
#1278 = VECTOR('',#1279,1.);
#1279 = DIRECTION('',(0.,1.,0.));
#1280 = PCURVE('',#859,#1281);
#1281 = DEFINITIONAL_REPRESENTATION('',(#1282),#1285);
#1282 = B_SPLINE_CURVE_WITH_KNOTS('',1,(#1283,#1284),.UNSPECIFIED.,.F.,
  .F.,(2,2),(0.9025,1.5025),.PIECEWISE_BEZIER_KNOTS.);
#1283 = CARTESIAN_POINT('',(0.565,1.805));
#1284 = CARTESIAN_POINT('',(0.565,2.405));
#1285 = ( GEOMETRIC_REPRESENTATION_CONTEXT(2) 
PARAMETRIC_REPRESENTATION_CONTEXT() REPRESENTATION_CONTEXT('2D SPACE',''
  ) );
#1286 = PCURVE('',#1287,#1292);
#1287 = PLANE('',#1288);
#1288 = AXIS2_PLACEMENT_3D('',#1289,#1290,#1291);
#1289 = CARTESIAN_POINT('',(-14.435,-4.795,2.));
#1290 = DIRECTION('',(1.,0.,0.));
#1291 = DIRECTION('',(0.,0.,1.));
#1292 = DEFINITIONAL_REPRESENTATION('',(#1293),#1296);
#1293 = B_SPLINE_CURVE_WITH_KNOTS('',1,(#1294,#1295),.UNSPECIFIED.,.F.,
  .F.,(2,2),(0.9025,1.5025),.PIECEWISE_BEZIER_KNOTS.);
#1294 = CARTESIAN_POINT('',(2.5,0.));
#1295 = CARTESIAN_POINT('',(2.5,-0.6));
#1296 = ( GEOMETRIC_REPRESENTATION_CONTEXT(2) 
PARAMETRIC_REPRESENTATION_CONTEXT() REPRESENTATION_CONTEXT('2D SPACE',''
  ) );
#1297 = ORIENTED_EDGE('',*,*,#1298,.F.);
#1298 = EDGE_CURVE('',#1299,#1273,#1301,.T.);
#1299 = VERTEX_POINT('',#1300);
#1300 = CARTESIAN_POINT('',(-13.835,-4.195,4.5));
#1301 = SURFACE_CURVE('',#1302,(#1306,#1312),.PCURVE_S1.);
#1302 = LINE('',#1303,#1304);
#1303 = CARTESIAN_POINT('',(-14.7175,-4.195,4.5));
#1304 = VECTOR('',#1305,1.);
#1305 = DIRECTION('',(-1.,0.,0.));
#1306 = PCURVE('',#859,#1307);
#1307 = DEFINITIONAL_REPRESENTATION('',(#1308),#1311);
#1308 = B_SPLINE_CURVE_WITH_KNOTS('',1,(#1309,#1310),.UNSPECIFIED.,.F.,
  .F.,(2,2),(-0.8825,-0.2825),.PIECEWISE_BEZIER_KNOTS.);
#1309 = CARTESIAN_POINT('',(1.165,2.405));
#1310 = CARTESIAN_POINT('',(0.565,2.405));
#1311 = ( GEOMETRIC_REPRESENTATION_CONTEXT(2) 
PARAMETRIC_REPRESENTATION_CONTEXT() REPRESENTATION_CONTEXT('2D SPACE',''
  ) );
#1312 = PCURVE('',#1313,#1318);
#1313 = PLANE('',#1314);
#1314 = AXIS2_PLACEMENT_3D('',#1315,#1316,#1317);
#1315 = CARTESIAN_POINT('',(-14.435,-4.195,2.));
#1316 = DIRECTION('',(0.,1.,0.));
#1317 = DIRECTION('',(0.,0.,1.));
#1318 = DEFINITIONAL_REPRESENTATION('',(#1319),#1322);
#1319 = B_SPLINE_CURVE_WITH_KNOTS('',1,(#1320,#1321),.UNSPECIFIED.,.F.,
  .F.,(2,2),(-0.8825,-0.2825),.PIECEWISE_BEZIER_KNOTS.);
#1320 = CARTESIAN_POINT('',(2.5,0.6));
#1321 = CARTESIAN_POINT('',(2.5,0.));
#1322 = ( GEOMETRIC_REPRESENTATION_CONTEXT(2) 
PARAMETRIC_REPRESENTATION_CONTEXT() REPRESENTATION_CONTEXT('2D SPACE',''
  ) );
#1323 = ORIENTED_EDGE('',*,*,#1324,.F.);
#1324 = EDGE_CURVE('',#1245,#1299,#1325,.T.);
#1325 = SURFACE_CURVE('',#1326,(#1330,#1336),.PCURVE_S1.);
#1326 = LINE('',#1327,#1328);
#1327 = CARTESIAN_POINT('',(-13.835,-5.6975,4.5));
#1328 = VECTOR('',#1329,1.);
#1329 = DIRECTION('',(0.,1.,0.));
#1330 = PCURVE('',#859,#1331);
#1331 = DEFINITIONAL_REPRESENTATION('',(#1332),#1335);
#1332 = B_SPLINE_CURVE_WITH_KNOTS('',1,(#1333,#1334),.UNSPECIFIED.,.F.,
  .F.,(2,2),(0.9025,1.5025),.PIECEWISE_BEZIER_KNOTS.);
#1333 = CARTESIAN_POINT('',(1.165,1.805));
#1334 = CARTESIAN_POINT('',(1.165,2.405));
#1335 = ( GEOMETRIC_REPRESENTATION_CONTEXT(2) 
PARAMETRIC_REPRESENTATION_CONTEXT() REPRESENTATION_CONTEXT('2D SPACE',''
  ) );
#1336 = PCURVE('',#1337,#1342);
#1337 = PLANE('',#1338);
#1338 = AXIS2_PLACEMENT_3D('',#1339,#1340,#1341);
#1339 = CARTESIAN_POINT('',(-13.835,-4.795,2.));
#1340 = DIRECTION('',(1.,0.,0.));
#1341 = DIRECTION('',(0.,0.,1.));
#1342 = DEFINITIONAL_REPRESENTATION('',(#1343),#1346);
#1343 = B_SPLINE_CURVE_WITH_KNOTS('',1,(#1344,#1345),.UNSPECIFIED.,.F.,
  .F.,(2,2),(0.9025,1.5025),.PIECEWISE_BEZIER_KNOTS.);
#1344 = CARTESIAN_POINT('',(2.5,0.));
#1345 = CARTESIAN_POINT('',(2.5,-0.6));
#1346 = ( GEOMETRIC_REPRESENTATION_CONTEXT(2) 
PARAMETRIC_REPRESENTATION_CONTEXT() REPRESENTATION_CONTEXT('2D SPACE',''
  ) );
#1347 = FACE_BOUND('',#1348,.T.);
#1348 = EDGE_LOOP('',(#1349,#1377,#1403,#1429));
#1349 = ORIENTED_EDGE('',*,*,#1350,.T.);
#1350 = EDGE_CURVE('',#1351,#1353,#1355,.T.);
#1351 = VERTEX_POINT('',#1352);
#1352 = CARTESIAN_POINT('',(-13.835,-3.525,4.5));
#1353 = VERTEX_POINT('',#1354);
#1354 = CARTESIAN_POINT('',(-14.435,-3.525,4.5));
#1355 = SURFACE_CURVE('',#1356,(#1360,#1366),.PCURVE_S1.);
#1356 = LINE('',#1357,#1358);
#1357 = CARTESIAN_POINT('',(-14.7175,-3.525,4.5));
#1358 = VECTOR('',#1359,1.);
#1359 = DIRECTION('',(-1.,0.,0.));
#1360 = PCURVE('',#859,#1361);
#1361 = DEFINITIONAL_REPRESENTATION('',(#1362),#1365);
#1362 = B_SPLINE_CURVE_WITH_KNOTS('',1,(#1363,#1364),.UNSPECIFIED.,.F.,
  .F.,(2,2),(-0.8825,-0.2825),.PIECEWISE_BEZIER_KNOTS.);
#1363 = CARTESIAN_POINT('',(1.165,3.075));
#1364 = CARTESIAN_POINT('',(0.565,3.075));
#1365 = ( GEOMETRIC_REPRESENTATION_CONTEXT(2) 
PARAMETRIC_REPRESENTATION_CONTEXT() REPRESENTATION_CONTEXT('2D SPACE',''
  ) );
#1366 = PCURVE('',#1367,#1372);
#1367 = PLANE('',#1368);
#1368 = AXIS2_PLACEMENT_3D('',#1369,#1370,#1371);
#1369 = CARTESIAN_POINT('',(-14.435,-3.525,2.));
#1370 = DIRECTION('',(0.,1.,0.));
#1371 = DIRECTION('',(0.,0.,1.));
#1372 = DEFINITIONAL_REPRESENTATION('',(#1373),#1376);
#1373 = B_SPLINE_CURVE_WITH_KNOTS('',1,(#1374,#1375),.UNSPECIFIED.,.F.,
  .F.,(2,2),(-0.8825,-0.2825),.PIECEWISE_BEZIER_KNOTS.);
#1374 = CARTESIAN_POINT('',(2.5,0.6));
#1375 = CARTESIAN_POINT('',(2.5,0.));
#1376 = ( GEOMETRIC_REPRESENTATION_CONTEXT(2) 
PARAMETRIC_REPRESENTATION_CONTEXT() REPRESENTATION_CONTEXT('2D SPACE',''
  ) );
#1377 = ORIENTED_EDGE('',*,*,#1378,.T.);
#1378 = EDGE_CURVE('',#1353,#1379,#1381,.T.);
#1379 = VERTEX_POINT('',#1380);
#1380 = CARTESIAN_POINT('',(-14.435,-2.925,4.5));
#1381 = SURFACE_CURVE('',#1382,(#1386,#1392),.PCURVE_S1.);
#1382 = LINE('',#1383,#1384);
#1383 = CARTESIAN_POINT('',(-14.435,-5.0625,4.5));
#1384 = VECTOR('',#1385,1.);
#1385 = DIRECTION('',(0.,1.,0.));
#1386 = PCURVE('',#859,#1387);
#1387 = DEFINITIONAL_REPRESENTATION('',(#1388),#1391);
#1388 = B_SPLINE_CURVE_WITH_KNOTS('',1,(#1389,#1390),.UNSPECIFIED.,.F.,
  .F.,(2,2),(1.5375,2.1375),.PIECEWISE_BEZIER_KNOTS.);
#1389 = CARTESIAN_POINT('',(0.565,3.075));
#1390 = CARTESIAN_POINT('',(0.565,3.675));
#1391 = ( GEOMETRIC_REPRESENTATION_CONTEXT(2) 
PARAMETRIC_REPRESENTATION_CONTEXT() REPRESENTATION_CONTEXT('2D SPACE',''
  ) );
#1392 = PCURVE('',#1393,#1398);
#1393 = PLANE('',#1394);
#1394 = AXIS2_PLACEMENT_3D('',#1395,#1396,#1397);
#1395 = CARTESIAN_POINT('',(-14.435,-3.525,2.));
#1396 = DIRECTION('',(1.,0.,0.));
#1397 = DIRECTION('',(0.,0.,1.));
#1398 = DEFINITIONAL_REPRESENTATION('',(#1399),#1402);
#1399 = B_SPLINE_CURVE_WITH_KNOTS('',1,(#1400,#1401),.UNSPECIFIED.,.F.,
  .F.,(2,2),(1.5375,2.1375),.PIECEWISE_BEZIER_KNOTS.);
#1400 = CARTESIAN_POINT('',(2.5,0.));
#1401 = CARTESIAN_POINT('',(2.5,-0.6));
#1402 = ( GEOMETRIC_REPRESENTATION_CONTEXT(2) 
PARAMETRIC_REPRESENTATION_CONTEXT() REPRESENTATION_CONTEXT('2D SPACE',''
  ) );
#1403 = ORIENTED_EDGE('',*,*,#1404,.F.);
#1404 = EDGE_CURVE('',#1405,#1379,#1407,.T.);
#1405 = VERTEX_POINT('',#1406);
#1406 = CARTESIAN_POINT('',(-13.835,-2.925,4.5));
#1407 = SURFACE_CURVE('',#1408,(#1412,#1418),.PCURVE_S1.);
#1408 = LINE('',#1409,#1410);
#1409 = CARTESIAN_POINT('',(-14.7175,-2.925,4.5));
#1410 = VECTOR('',#1411,1.);
#1411 = DIRECTION('',(-1.,0.,0.));
#1412 = PCURVE('',#859,#1413);
#1413 = DEFINITIONAL_REPRESENTATION('',(#1414),#1417);
#1414 = B_SPLINE_CURVE_WITH_KNOTS('',1,(#1415,#1416),.UNSPECIFIED.,.F.,
  .F.,(2,2),(-0.8825,-0.2825),.PIECEWISE_BEZIER_KNOTS.);
#1415 = CARTESIAN_POINT('',(1.165,3.675));
#1416 = CARTESIAN_POINT('',(0.565,3.675));
#1417 = ( GEOMETRIC_REPRESENTATION_CONTEXT(2) 
PARAMETRIC_REPRESENTATION_CONTEXT() REPRESENTATION_CONTEXT('2D SPACE',''
  ) );
#1418 = PCURVE('',#1419,#1424);
#1419 = PLANE('',#1420);
#1420 = AXIS2_PLACEMENT_3D('',#1421,#1422,#1423);
#1421 = CARTESIAN_POINT('',(-14.435,-2.925,2.));
#1422 = DIRECTION('',(0.,1.,0.));
#1423 = DIRECTION('',(0.,0.,1.));
#1424 = DEFINITIONAL_REPRESENTATION('',(#1425),#1428);
#1425 = B_SPLINE_CURVE_WITH_KNOTS('',1,(#1426,#1427),.UNSPECIFIED.,.F.,
  .F.,(2,2),(-0.8825,-0.2825),.PIECEWISE_BEZIER_KNOTS.);
#1426 = CARTESIAN_POINT('',(2.5,0.6));
#1427 = CARTESIAN_POINT('',(2.5,0.));
#1428 = ( GEOMETRIC_REPRESENTATION_CONTEXT(2) 
PARAMETRIC_REPRESENTATION_CONTEXT() REPRESENTATION_CONTEXT('2D SPACE',''
  ) );
#1429 = ORIENTED_EDGE('',*,*,#1430,.F.);
#1430 = EDGE_CURVE('',#1351,#1405,#1431,.T.);
#1431 = SURFACE_CURVE('',#1432,(#1436,#1442),.PCURVE_S1.);
#1432 = LINE('',#1433,#1434);
#1433 = CARTESIAN_POINT('',(-13.835,-5.0625,4.5));
#1434 = VECTOR('',#1435,1.);
#1435 = DIRECTION('',(0.,1.,0.));
#1436 = PCURVE('',#859,#1437);
#1437 = DEFINITIONAL_REPRESENTATION('',(#1438),#1441);
#1438 = B_SPLINE_CURVE_WITH_KNOTS('',1,(#1439,#1440),.UNSPECIFIED.,.F.,
  .F.,(2,2),(1.5375,2.1375),.PIECEWISE_BEZIER_KNOTS.);
#1439 = CARTESIAN_POINT('',(1.165,3.075));
#1440 = CARTESIAN_POINT('',(1.165,3.675));
#1441 = ( GEOMETRIC_REPRESENTATION_CONTEXT(2) 
PARAMETRIC_REPRESENTATION_CONTEXT() REPRESENTATION_CONTEXT('2D SPACE',''
  ) );
#1442 = PCURVE('',#1443,#1448);
#1443 = PLANE('',#1444);
#1444 = AXIS2_PLACEMENT_3D('',#1445,#1446,#1447);
#1445 = CARTESIAN_POINT('',(-13.835,-3.525,2.));
#1446 = DIRECTION('',(1.,0.,0.));
#1447 = DIRECTION('',(0.,0.,1.));
#1448 = DEFINITIONAL_REPRESENTATION('',(#1449),#1452);
#1449 = B_SPLINE_CURVE_WITH_KNOTS('',1,(#1450,#1451),.UNSPECIFIED.,.F.,
  .F.,(2,2),(1.5375,2.1375),.PIECEWISE_BEZIER_KNOTS.);
#1450 = CARTESIAN_POINT('',(2.5,0.));
#1451 = CARTESIAN_POINT('',(2.5,-0.6));
#1452 = ( GEOMETRIC_REPRESENTATION_CONTEXT(2) 
PARAMETRIC_REPRESENTATION_CONTEXT() REPRESENTATION_CONTEXT('2D SPACE',''
  ) );
#1453 = FACE_BOUND('',#1454,.T.);
#1454 = EDGE_LOOP('',(#1455,#1483,#1509,#1535));
#1455 = ORIENTED_EDGE('',*,*,#1456,.T.);
#1456 = EDGE_CURVE('',#1457,#1459,#1461,.T.);
#1457 = VERTEX_POINT('',#1458);
#1458 = CARTESIAN_POINT('',(-13.835,-2.255,4.5));
#1459 = VERTEX_POINT('',#1460);
#1460 = CARTESIAN_POINT('',(-14.435,-2.255,4.5));
#1461 = SURFACE_CURVE('',#1462,(#1466,#1472),.PCURVE_S1.);
#1462 = LINE('',#1463,#1464);
#1463 = CARTESIAN_POINT('',(-14.7175,-2.255,4.5));
#1464 = VECTOR('',#1465,1.);
#1465 = DIRECTION('',(-1.,0.,0.));
#1466 = PCURVE('',#859,#1467);
#1467 = DEFINITIONAL_REPRESENTATION('',(#1468),#1471);
#1468 = B_SPLINE_CURVE_WITH_KNOTS('',1,(#1469,#1470),.UNSPECIFIED.,.F.,
  .F.,(2,2),(-0.8825,-0.2825),.PIECEWISE_BEZIER_KNOTS.);
#1469 = CARTESIAN_POINT('',(1.165,4.345));
#1470 = CARTESIAN_POINT('',(0.565,4.345));
#1471 = ( GEOMETRIC_REPRESENTATION_CONTEXT(2) 
PARAMETRIC_REPRESENTATION_CONTEXT() REPRESENTATION_CONTEXT('2D SPACE',''
  ) );
#1472 = PCURVE('',#1473,#1478);
#1473 = PLANE('',#1474);
#1474 = AXIS2_PLACEMENT_3D('',#1475,#1476,#1477);
#1475 = CARTESIAN_POINT('',(-14.435,-2.255,2.));
#1476 = DIRECTION('',(0.,1.,0.));
#1477 = DIRECTION('',(0.,0.,1.));
#1478 = DEFINITIONAL_REPRESENTATION('',(#1479),#1482);
#1479 = B_SPLINE_CURVE_WITH_KNOTS('',1,(#1480,#1481),.UNSPECIFIED.,.F.,
  .F.,(2,2),(-0.8825,-0.2825),.PIECEWISE_BEZIER_KNOTS.);
#1480 = CARTESIAN_POINT('',(2.5,0.6));
#1481 = CARTESIAN_POINT('',(2.5,0.));
#1482 = ( GEOMETRIC_REPRESENTATION_CONTEXT(2) 
PARAMETRIC_REPRESENTATION_CONTEXT() REPRESENTATION_CONTEXT('2D SPACE',''
  ) );
#1483 = ORIENTED_EDGE('',*,*,#1484,.T.);
#1484 = EDGE_CURVE('',#1459,#1485,#1487,.T.);
#1485 = VERTEX_POINT('',#1486);
#1486 = CARTESIAN_POINT('',(-14.435,-1.655,4.5));
#1487 = SURFACE_CURVE('',#1488,(#1492,#1498),.PCURVE_S1.);
#1488 = LINE('',#1489,#1490);
#1489 = CARTESIAN_POINT('',(-14.435,-4.4275,4.5));
#1490 = VECTOR('',#1491,1.);
#1491 = DIRECTION('',(0.,1.,0.));
#1492 = PCURVE('',#859,#1493);
#1493 = DEFINITIONAL_REPRESENTATION('',(#1494),#1497);
#1494 = B_SPLINE_CURVE_WITH_KNOTS('',1,(#1495,#1496),.UNSPECIFIED.,.F.,
  .F.,(2,2),(2.1725,2.7725),.PIECEWISE_BEZIER_KNOTS.);
#1495 = CARTESIAN_POINT('',(0.565,4.345));
#1496 = CARTESIAN_POINT('',(0.565,4.945));
#1497 = ( GEOMETRIC_REPRESENTATION_CONTEXT(2) 
PARAMETRIC_REPRESENTATION_CONTEXT() REPRESENTATION_CONTEXT('2D SPACE',''
  ) );
#1498 = PCURVE('',#1499,#1504);
#1499 = PLANE('',#1500);
#1500 = AXIS2_PLACEMENT_3D('',#1501,#1502,#1503);
#1501 = CARTESIAN_POINT('',(-14.435,-2.255,2.));
#1502 = DIRECTION('',(1.,0.,0.));
#1503 = DIRECTION('',(0.,0.,1.));
#1504 = DEFINITIONAL_REPRESENTATION('',(#1505),#1508);
#1505 = B_SPLINE_CURVE_WITH_KNOTS('',1,(#1506,#1507),.UNSPECIFIED.,.F.,
  .F.,(2,2),(2.1725,2.7725),.PIECEWISE_BEZIER_KNOTS.);
#1506 = CARTESIAN_POINT('',(2.5,0.));
#1507 = CARTESIAN_POINT('',(2.5,-0.6));
#1508 = ( GEOMETRIC_REPRESENTATION_CONTEXT(2) 
PARAMETRIC_REPRESENTATION_CONTEXT() REPRESENTATION_CONTEXT('2D SPACE',''
  ) );
#1509 = ORIENTED_EDGE('',*,*,#1510,.F.);
#1510 = EDGE_CURVE('',#1511,#1485,#1513,.T.);
#1511 = VERTEX_POINT('',#1512);
#1512 = CARTESIAN_POINT('',(-13.835,-1.655,4.5));
#1513 = SURFACE_CURVE('',#1514,(#1518,#1524),.PCURVE_S1.);
#1514 = LINE('',#1515,#1516);
#1515 = CARTESIAN_POINT('',(-14.7175,-1.655,4.5));
#1516 = VECTOR('',#1517,1.);
#1517 = DIRECTION('',(-1.,0.,0.));
#1518 = PCURVE('',#859,#1519);
#1519 = DEFINITIONAL_REPRESENTATION('',(#1520),#1523);
#1520 = B_SPLINE_CURVE_WITH_KNOTS('',1,(#1521,#1522),.UNSPECIFIED.,.F.,
  .F.,(2,2),(-0.8825,-0.2825),.PIECEWISE_BEZIER_KNOTS.);
#1521 = CARTESIAN_POINT('',(1.165,4.945));
#1522 = CARTESIAN_POINT('',(0.565,4.945));
#1523 = ( GEOMETRIC_REPRESENTATION_CONTEXT(2) 
PARAMETRIC_REPRESENTATION_CONTEXT() REPRESENTATION_CONTEXT('2D SPACE',''
  ) );
#1524 = PCURVE('',#1525,#1530);
#1525 = PLANE('',#1526);
#1526 = AXIS2_PLACEMENT_3D('',#1527,#1528,#1529);
#1527 = CARTESIAN_POINT('',(-14.435,-1.655,2.));
#1528 = DIRECTION('',(0.,1.,0.));
#1529 = DIRECTION('',(0.,0.,1.));
#1530 = DEFINITIONAL_REPRESENTATION('',(#1531),#1534);
#1531 = B_SPLINE_CURVE_WITH_KNOTS('',1,(#1532,#1533),.UNSPECIFIED.,.F.,
  .F.,(2,2),(-0.8825,-0.2825),.PIECEWISE_BEZIER_KNOTS.);
#1532 = CARTESIAN_POINT('',(2.5,0.6));
#1533 = CARTESIAN_POINT('',(2.5,0.));
#1534 = ( GEOMETRIC_REPRESENTATION_CONTEXT(2) 
PARAMETRIC_REPRESENTATION_CONTEXT() REPRESENTATION_CONTEXT('2D SPACE',''
  ) );
#1535 = ORIENTED_EDGE('',*,*,#1536,.F.);
#1536 = EDGE_CURVE('',#1457,#1511,#1537,.T.);
#1537 = SURFACE_CURVE('',#1538,(#1542,#1548),.PCURVE_S1.);
#1538 = LINE('',#1539,#1540);
#1539 = CARTESIAN_POINT('',(-13.835,-4.4275,4.5));
#1540 = VECTOR('',#1541,1.);
#1541 = DIRECTION('',(0.,1.,0.));
#1542 = PCURVE('',#859,#1543);
#1543 = DEFINITIONAL_REPRESENTATION('',(#1544),#1547);
#1544 = B_SPLINE_CURVE_WITH_KNOTS('',1,(#1545,#1546),.UNSPECIFIED.,.F.,
  .F.,(2,2),(2.1725,2.7725),.PIECEWISE_BEZIER_KNOTS.);
#1545 = CARTESIAN_POINT('',(1.165,4.345));
#1546 = CARTESIAN_POINT('',(1.165,4.945));
#1547 = ( GEOMETRIC_REPRESENTATION_CONTEXT(2) 
PARAMETRIC_REPRESENTATION_CONTEXT() REPRESENTATION_CONTEXT('2D SPACE',''
  ) );
#1548 = PCURVE('',#1549,#1554);
#1549 = PLANE('',#1550);
#1550 = AXIS2_PLACEMENT_3D('',#1551,#1552,#1553);
#1551 = CARTESIAN_POINT('',(-13.835,-2.255,2.));
#1552 = DIRECTION('',(1.,0.,0.));
#1553 = DIRECTION('',(0.,0.,1.));
#1554 = DEFINITIONAL_REPRESENTATION('',(#1555),#1558);
#1555 = B_SPLINE_CURVE_WITH_KNOTS('',1,(#1556,#1557),.UNSPECIFIED.,.F.,
  .F.,(2,2),(2.1725,2.7725),.PIECEWISE_BEZIER_KNOTS.);
#1556 = CARTESIAN_POINT('',(2.5,0.));
#1557 = CARTESIAN_POINT('',(2.5,-0.6));
#1558 = ( GEOMETRIC_REPRESENTATION_CONTEXT(2) 
PARAMETRIC_REPRESENTATION_CONTEXT() REPRESENTATION_CONTEXT('2D SPACE',''
  ) );
#1559 = FACE_BOUND('',#1560,.T.);
#1560 = EDGE_LOOP('',(#1561,#1589,#1615,#1641));
#1561 = ORIENTED_EDGE('',*,*,#1562,.T.);
#1562 = EDGE_CURVE('',#1563,#1565,#1567,.T.);
#1563 = VERTEX_POINT('',#1564);
#1564 = CARTESIAN_POINT('',(-13.835,-0.985,4.5));
#1565 = VERTEX_POINT('',#1566);
#1566 = CARTESIAN_POINT('',(-14.435,-0.985,4.5));
#1567 = SURFACE_CURVE('',#1568,(#1572,#1578),.PCURVE_S1.);
#1568 = LINE('',#1569,#1570);
#1569 = CARTESIAN_POINT('',(-14.7175,-0.985,4.5));
#1570 = VECTOR('',#1571,1.);
#1571 = DIRECTION('',(-1.,0.,0.));
#1572 = PCURVE('',#859,#1573);
#1573 = DEFINITIONAL_REPRESENTATION('',(#1574),#1577);
#1574 = B_SPLINE_CURVE_WITH_KNOTS('',1,(#1575,#1576),.UNSPECIFIED.,.F.,
  .F.,(2,2),(-0.8825,-0.2825),.PIECEWISE_BEZIER_KNOTS.);
#1575 = CARTESIAN_POINT('',(1.165,5.615));
#1576 = CARTESIAN_POINT('',(0.565,5.615));
#1577 = ( GEOMETRIC_REPRESENTATION_CONTEXT(2) 
PARAMETRIC_REPRESENTATION_CONTEXT() REPRESENTATION_CONTEXT('2D SPACE',''
  ) );
#1578 = PCURVE('',#1579,#1584);
#1579 = PLANE('',#1580);
#1580 = AXIS2_PLACEMENT_3D('',#1581,#1582,#1583);
#1581 = CARTESIAN_POINT('',(-14.435,-0.985,2.));
#1582 = DIRECTION('',(0.,1.,0.));
#1583 = DIRECTION('',(0.,0.,1.));
#1584 = DEFINITIONAL_REPRESENTATION('',(#1585),#1588);
#1585 = B_SPLINE_CURVE_WITH_KNOTS('',1,(#1586,#1587),.UNSPECIFIED.,.F.,
  .F.,(2,2),(-0.8825,-0.2825),.PIECEWISE_BEZIER_KNOTS.);
#1586 = CARTESIAN_POINT('',(2.5,0.6));
#1587 = CARTESIAN_POINT('',(2.5,0.));
#1588 = ( GEOMETRIC_REPRESENTATION_CONTEXT(2) 
PARAMETRIC_REPRESENTATION_CONTEXT() REPRESENTATION_CONTEXT('2D SPACE',''
  ) );
#1589 = ORIENTED_EDGE('',*,*,#1590,.T.);
#1590 = EDGE_CURVE('',#1565,#1591,#1593,.T.);
#1591 = VERTEX_POINT('',#1592);
#1592 = CARTESIAN_POINT('',(-14.435,-0.385,4.5));
#1593 = SURFACE_CURVE('',#1594,(#1598,#1604),.PCURVE_S1.);
#1594 = LINE('',#1595,#1596);
#1595 = CARTESIAN_POINT('',(-14.435,-3.7925,4.5));
#1596 = VECTOR('',#1597,1.);
#1597 = DIRECTION('',(0.,1.,0.));
#1598 = PCURVE('',#859,#1599);
#1599 = DEFINITIONAL_REPRESENTATION('',(#1600),#1603);
#1600 = B_SPLINE_CURVE_WITH_KNOTS('',1,(#1601,#1602),.UNSPECIFIED.,.F.,
  .F.,(2,2),(2.8075,3.4075),.PIECEWISE_BEZIER_KNOTS.);
#1601 = CARTESIAN_POINT('',(0.565,5.615));
#1602 = CARTESIAN_POINT('',(0.565,6.215));
#1603 = ( GEOMETRIC_REPRESENTATION_CONTEXT(2) 
PARAMETRIC_REPRESENTATION_CONTEXT() REPRESENTATION_CONTEXT('2D SPACE',''
  ) );
#1604 = PCURVE('',#1605,#1610);
#1605 = PLANE('',#1606);
#1606 = AXIS2_PLACEMENT_3D('',#1607,#1608,#1609);
#1607 = CARTESIAN_POINT('',(-14.435,-0.985,2.));
#1608 = DIRECTION('',(1.,0.,0.));
#1609 = DIRECTION('',(0.,0.,1.));
#1610 = DEFINITIONAL_REPRESENTATION('',(#1611),#1614);
#1611 = B_SPLINE_CURVE_WITH_KNOTS('',1,(#1612,#1613),.UNSPECIFIED.,.F.,
  .F.,(2,2),(2.8075,3.4075),.PIECEWISE_BEZIER_KNOTS.);
#1612 = CARTESIAN_POINT('',(2.5,0.));
#1613 = CARTESIAN_POINT('',(2.5,-0.6));
#1614 = ( GEOMETRIC_REPRESENTATION_CONTEXT(2) 
PARAMETRIC_REPRESENTATION_CONTEXT() REPRESENTATION_CONTEXT('2D SPACE',''
  ) );
#1615 = ORIENTED_EDGE('',*,*,#1616,.F.);
#1616 = EDGE_CURVE('',#1617,#1591,#1619,.T.);
#1617 = VERTEX_POINT('',#1618);
#1618 = CARTESIAN_POINT('',(-13.835,-0.385,4.5));
#1619 = SURFACE_CURVE('',#1620,(#1624,#1630),.PCURVE_S1.);
#1620 = LINE('',#1621,#1622);
#1621 = CARTESIAN_POINT('',(-14.7175,-0.385,4.5));
#1622 = VECTOR('',#1623,1.);
#1623 = DIRECTION('',(-1.,0.,0.));
#1624 = PCURVE('',#859,#1625);
#1625 = DEFINITIONAL_REPRESENTATION('',(#1626),#1629);
#1626 = B_SPLINE_CURVE_WITH_KNOTS('',1,(#1627,#1628),.UNSPECIFIED.,.F.,
  .F.,(2,2),(-0.8825,-0.2825),.PIECEWISE_BEZIER_KNOTS.);
#1627 = CARTESIAN_POINT('',(1.165,6.215));
#1628 = CARTESIAN_POINT('',(0.565,6.215));
#1629 = ( GEOMETRIC_REPRESENTATION_CONTEXT(2) 
PARAMETRIC_REPRESENTATION_CONTEXT() REPRESENTATION_CONTEXT('2D SPACE',''
  ) );
#1630 = PCURVE('',#1631,#1636);
#1631 = PLANE('',#1632);
#1632 = AXIS2_PLACEMENT_3D('',#1633,#1634,#1635);
#1633 = CARTESIAN_POINT('',(-14.435,-0.385,2.));
#1634 = DIRECTION('',(0.,1.,0.));
#1635 = DIRECTION('',(0.,0.,1.));
#1636 = DEFINITIONAL_REPRESENTATION('',(#1637),#1640);
#1637 = B_SPLINE_CURVE_WITH_KNOTS('',1,(#1638,#1639),.UNSPECIFIED.,.F.,
  .F.,(2,2),(-0.8825,-0.2825),.PIECEWISE_BEZIER_KNOTS.);
#1638 = CARTESIAN_POINT('',(2.5,0.6));
#1639 = CARTESIAN_POINT('',(2.5,0.));
#1640 = ( GEOMETRIC_REPRESENTATION_CONTEXT(2) 
PARAMETRIC_REPRESENTATION_CONTEXT() REPRESENTATION_CONTEXT('2D SPACE',''
  ) );
#1641 = ORIENTED_EDGE('',*,*,#1642,.F.);
#1642 = EDGE_CURVE('',#1563,#1617,#1643,.T.);
#1643 = SURFACE_CURVE('',#1644,(#1648,#1654),.PCURVE_S1.);
#1644 = LINE('',#1645,#1646);
#1645 = CARTESIAN_POINT('',(-13.835,-3.7925,4.5));
#1646 = VECTOR('',#1647,1.);
#1647 = DIRECTION('',(0.,1.,0.));
#1648 = PCURVE('',#859,#1649);
#1649 = DEFINITIONAL_REPRESENTATION('',(#1650),#1653);
#1650 = B_SPLINE_CURVE_WITH_KNOTS('',1,(#1651,#1652),.UNSPECIFIED.,.F.,
  .F.,(2,2),(2.8075,3.4075),.PIECEWISE_BEZIER_KNOTS.);
#1651 = CARTESIAN_POINT('',(1.165,5.615));
#1652 = CARTESIAN_POINT('',(1.165,6.215));
#1653 = ( GEOMETRIC_REPRESENTATION_CONTEXT(2) 
PARAMETRIC_REPRESENTATION_CONTEXT() REPRESENTATION_CONTEXT('2D SPACE',''
  ) );
#1654 = PCURVE('',#1655,#1660);
#1655 = PLANE('',#1656);
#1656 = AXIS2_PLACEMENT_3D('',#1657,#1658,#1659);
#1657 = CARTESIAN_POINT('',(-13.835,-0.985,2.));
#1658 = DIRECTION('',(1.,0.,0.));
#1659 = DIRECTION('',(0.,0.,1.));
#1660 = DEFINITIONAL_REPRESENTATION('',(#1661),#1664);
#1661 = B_SPLINE_CURVE_WITH_KNOTS('',1,(#1662,#1663),.UNSPECIFIED.,.F.,
  .F.,(2,2),(2.8075,3.4075),.PIECEWISE_BEZIER_KNOTS.);
#1662 = CARTESIAN_POINT('',(2.5,0.));
#1663 = CARTESIAN_POINT('',(2.5,-0.6));
#1664 = ( GEOMETRIC_REPRESENTATION_CONTEXT(2) 
PARAMETRIC_REPRESENTATION_CONTEXT() REPRESENTATION_CONTEXT('2D SPACE',''
  ) );
#1665 = FACE_BOUND('',#1666,.T.);
#1666 = EDGE_LOOP('',(#1667,#1695,#1721,#1747));
#1667 = ORIENTED_EDGE('',*,*,#1668,.T.);
#1668 = EDGE_CURVE('',#1669,#1671,#1673,.T.);
#1669 = VERTEX_POINT('',#1670);
#1670 = CARTESIAN_POINT('',(-12.565,-6.065,4.5));
#1671 = VERTEX_POINT('',#1672);
#1672 = CARTESIAN_POINT('',(-13.165,-6.065,4.5));
#1673 = SURFACE_CURVE('',#1674,(#1678,#1684),.PCURVE_S1.);
#1674 = LINE('',#1675,#1676);
#1675 = CARTESIAN_POINT('',(-14.0825,-6.065,4.5));
#1676 = VECTOR('',#1677,1.);
#1677 = DIRECTION('',(-1.,0.,0.));
#1678 = PCURVE('',#859,#1679);
#1679 = DEFINITIONAL_REPRESENTATION('',(#1680),#1683);
#1680 = B_SPLINE_CURVE_WITH_KNOTS('',1,(#1681,#1682),.UNSPECIFIED.,.F.,
  .F.,(2,2),(-1.5175,-0.9175),.PIECEWISE_BEZIER_KNOTS.);
#1681 = CARTESIAN_POINT('',(2.435,0.535));
#1682 = CARTESIAN_POINT('',(1.835,0.535));
#1683 = ( GEOMETRIC_REPRESENTATION_CONTEXT(2) 
PARAMETRIC_REPRESENTATION_CONTEXT() REPRESENTATION_CONTEXT('2D SPACE',''
  ) );
#1684 = PCURVE('',#1685,#1690);
#1685 = PLANE('',#1686);
#1686 = AXIS2_PLACEMENT_3D('',#1687,#1688,#1689);
#1687 = CARTESIAN_POINT('',(-13.165,-6.065,2.));
#1688 = DIRECTION('',(0.,1.,0.));
#1689 = DIRECTION('',(0.,0.,1.));
#1690 = DEFINITIONAL_REPRESENTATION('',(#1691),#1694);
#1691 = B_SPLINE_CURVE_WITH_KNOTS('',1,(#1692,#1693),.UNSPECIFIED.,.F.,
  .F.,(2,2),(-1.5175,-0.9175),.PIECEWISE_BEZIER_KNOTS.);
#1692 = CARTESIAN_POINT('',(2.5,0.6));
#1693 = CARTESIAN_POINT('',(2.5,0.));
#1694 = ( GEOMETRIC_REPRESENTATION_CONTEXT(2) 
PARAMETRIC_REPRESENTATION_CONTEXT() REPRESENTATION_CONTEXT('2D SPACE',''
  ) );
#1695 = ORIENTED_EDGE('',*,*,#1696,.T.);
#1696 = EDGE_CURVE('',#1671,#1697,#1699,.T.);
#1697 = VERTEX_POINT('',#1698);
#1698 = CARTESIAN_POINT('',(-13.165,-5.465,4.5));
#1699 = SURFACE_CURVE('',#1700,(#1704,#1710),.PCURVE_S1.);
#1700 = LINE('',#1701,#1702);
#1701 = CARTESIAN_POINT('',(-13.165,-6.3325,4.5));
#1702 = VECTOR('',#1703,1.);
#1703 = DIRECTION('',(0.,1.,0.));
#1704 = PCURVE('',#859,#1705);
#1705 = DEFINITIONAL_REPRESENTATION('',(#1706),#1709);
#1706 = B_SPLINE_CURVE_WITH_KNOTS('',1,(#1707,#1708),.UNSPECIFIED.,.F.,
  .F.,(2,2),(0.2675,0.8675),.PIECEWISE_BEZIER_KNOTS.);
#1707 = CARTESIAN_POINT('',(1.835,0.535));
#1708 = CARTESIAN_POINT('',(1.835,1.135));
#1709 = ( GEOMETRIC_REPRESENTATION_CONTEXT(2) 
PARAMETRIC_REPRESENTATION_CONTEXT() REPRESENTATION_CONTEXT('2D SPACE',''
  ) );
#1710 = PCURVE('',#1711,#1716);
#1711 = PLANE('',#1712);
#1712 = AXIS2_PLACEMENT_3D('',#1713,#1714,#1715);
#1713 = CARTESIAN_POINT('',(-13.165,-6.065,2.));
#1714 = DIRECTION('',(1.,0.,0.));
#1715 = DIRECTION('',(0.,0.,1.));
#1716 = DEFINITIONAL_REPRESENTATION('',(#1717),#1720);
#1717 = B_SPLINE_CURVE_WITH_KNOTS('',1,(#1718,#1719),.UNSPECIFIED.,.F.,
  .F.,(2,2),(0.2675,0.8675),.PIECEWISE_BEZIER_KNOTS.);
#1718 = CARTESIAN_POINT('',(2.5,0.));
#1719 = CARTESIAN_POINT('',(2.5,-0.6));
#1720 = ( GEOMETRIC_REPRESENTATION_CONTEXT(2) 
PARAMETRIC_REPRESENTATION_CONTEXT() REPRESENTATION_CONTEXT('2D SPACE',''
  ) );
#1721 = ORIENTED_EDGE('',*,*,#1722,.F.);
#1722 = EDGE_CURVE('',#1723,#1697,#1725,.T.);
#1723 = VERTEX_POINT('',#1724);
#1724 = CARTESIAN_POINT('',(-12.565,-5.465,4.5));
#1725 = SURFACE_CURVE('',#1726,(#1730,#1736),.PCURVE_S1.);
#1726 = LINE('',#1727,#1728);
#1727 = CARTESIAN_POINT('',(-14.0825,-5.465,4.5));
#1728 = VECTOR('',#1729,1.);
#1729 = DIRECTION('',(-1.,0.,0.));
#1730 = PCURVE('',#859,#1731);
#1731 = DEFINITIONAL_REPRESENTATION('',(#1732),#1735);
#1732 = B_SPLINE_CURVE_WITH_KNOTS('',1,(#1733,#1734),.UNSPECIFIED.,.F.,
  .F.,(2,2),(-1.5175,-0.9175),.PIECEWISE_BEZIER_KNOTS.);
#1733 = CARTESIAN_POINT('',(2.435,1.135));
#1734 = CARTESIAN_POINT('',(1.835,1.135));
#1735 = ( GEOMETRIC_REPRESENTATION_CONTEXT(2) 
PARAMETRIC_REPRESENTATION_CONTEXT() REPRESENTATION_CONTEXT('2D SPACE',''
  ) );
#1736 = PCURVE('',#1737,#1742);
#1737 = PLANE('',#1738);
#1738 = AXIS2_PLACEMENT_3D('',#1739,#1740,#1741);
#1739 = CARTESIAN_POINT('',(-13.165,-5.465,2.));
#1740 = DIRECTION('',(0.,1.,0.));
#1741 = DIRECTION('',(0.,0.,1.));
#1742 = DEFINITIONAL_REPRESENTATION('',(#1743),#1746);
#1743 = B_SPLINE_CURVE_WITH_KNOTS('',1,(#1744,#1745),.UNSPECIFIED.,.F.,
  .F.,(2,2),(-1.5175,-0.9175),.PIECEWISE_BEZIER_KNOTS.);
#1744 = CARTESIAN_POINT('',(2.5,0.6));
#1745 = CARTESIAN_POINT('',(2.5,0.));
#1746 = ( GEOMETRIC_REPRESENTATION_CONTEXT(2) 
PARAMETRIC_REPRESENTATION_CONTEXT() REPRESENTATION_CONTEXT('2D SPACE',''
  ) );
#1747 = ORIENTED_EDGE('',*,*,#1748,.F.);
#1748 = EDGE_CURVE('',#1669,#1723,#1749,.T.);
#1749 = SURFACE_CURVE('',#1750,(#1754,#1760),.PCURVE_S1.);
#1750 = LINE('',#1751,#1752);
#1751 = CARTESIAN_POINT('',(-12.565,-6.3325,4.5));
#1752 = VECTOR('',#1753,1.);
#1753 = DIRECTION('',(0.,1.,0.));
#1754 = PCURVE('',#859,#1755);
#1755 = DEFINITIONAL_REPRESENTATION('',(#1756),#1759);
#1756 = B_SPLINE_CURVE_WITH_KNOTS('',1,(#1757,#1758),.UNSPECIFIED.,.F.,
  .F.,(2,2),(0.2675,0.8675),.PIECEWISE_BEZIER_KNOTS.);
#1757 = CARTESIAN_POINT('',(2.435,0.535));
#1758 = CARTESIAN_POINT('',(2.435,1.135));
#1759 = ( GEOMETRIC_REPRESENTATION_CONTEXT(2) 
PARAMETRIC_REPRESENTATION_CONTEXT() REPRESENTATION_CONTEXT('2D SPACE',''
  ) );
#1760 = PCURVE('',#1761,#1766);
#1761 = PLANE('',#1762);
#1762 = AXIS2_PLACEMENT_3D('',#1763,#1764,#1765);
#1763 = CARTESIAN_POINT('',(-12.565,-6.065,2.));
#1764 = DIRECTION('',(1.,0.,0.));
#1765 = DIRECTION('',(0.,0.,1.));
#1766 = DEFINITIONAL_REPRESENTATION('',(#1767),#1770);
#1767 = B_SPLINE_CURVE_WITH_KNOTS('',1,(#1768,#1769),.UNSPECIFIED.,.F.,
  .F.,(2,2),(0.2675,0.8675),.PIECEWISE_BEZIER_KNOTS.);
#1768 = CARTESIAN_POINT('',(2.5,0.));
#1769 = CARTESIAN_POINT('',(2.5,-0.6));
#1770 = ( GEOMETRIC_REPRESENTATION_CONTEXT(2) 
PARAMETRIC_REPRESENTATION_CONTEXT() REPRESENTATION_CONTEXT('2D SPACE',''
  ) );
#1771 = FACE_BOUND('',#1772,.T.);
#1772 = EDGE_LOOP('',(#1773,#1801,#1827,#1853));
#1773 = ORIENTED_EDGE('',*,*,#1774,.T.);
#1774 = EDGE_CURVE('',#1775,#1777,#1779,.T.);
#1775 = VERTEX_POINT('',#1776);
#1776 = CARTESIAN_POINT('',(-12.565,-4.795,4.5));
#1777 = VERTEX_POINT('',#1778);
#1778 = CARTESIAN_POINT('',(-13.165,-4.795,4.5));
#1779 = SURFACE_CURVE('',#1780,(#1784,#1790),.PCURVE_S1.);
#1780 = LINE('',#1781,#1782);
#1781 = CARTESIAN_POINT('',(-14.0825,-4.795,4.5));
#1782 = VECTOR('',#1783,1.);
#1783 = DIRECTION('',(-1.,0.,0.));
#1784 = PCURVE('',#859,#1785);
#1785 = DEFINITIONAL_REPRESENTATION('',(#1786),#1789);
#1786 = B_SPLINE_CURVE_WITH_KNOTS('',1,(#1787,#1788),.UNSPECIFIED.,.F.,
  .F.,(2,2),(-1.5175,-0.9175),.PIECEWISE_BEZIER_KNOTS.);
#1787 = CARTESIAN_POINT('',(2.435,1.805));
#1788 = CARTESIAN_POINT('',(1.835,1.805));
#1789 = ( GEOMETRIC_REPRESENTATION_CONTEXT(2) 
PARAMETRIC_REPRESENTATION_CONTEXT() REPRESENTATION_CONTEXT('2D SPACE',''
  ) );
#1790 = PCURVE('',#1791,#1796);
#1791 = PLANE('',#1792);
#1792 = AXIS2_PLACEMENT_3D('',#1793,#1794,#1795);
#1793 = CARTESIAN_POINT('',(-13.165,-4.795,2.));
#1794 = DIRECTION('',(0.,1.,0.));
#1795 = DIRECTION('',(0.,0.,1.));
#1796 = DEFINITIONAL_REPRESENTATION('',(#1797),#1800);
#1797 = B_SPLINE_CURVE_WITH_KNOTS('',1,(#1798,#1799),.UNSPECIFIED.,.F.,
  .F.,(2,2),(-1.5175,-0.9175),.PIECEWISE_BEZIER_KNOTS.);
#1798 = CARTESIAN_POINT('',(2.5,0.6));
#1799 = CARTESIAN_POINT('',(2.5,0.));
#1800 = ( GEOMETRIC_REPRESENTATION_CONTEXT(2) 
PARAMETRIC_REPRESENTATION_CONTEXT() REPRESENTATION_CONTEXT('2D SPACE',''
  ) );
#1801 = ORIENTED_EDGE('',*,*,#1802,.T.);
#1802 = EDGE_CURVE('',#1777,#1803,#1805,.T.);
#1803 = VERTEX_POINT('',#1804);
#1804 = CARTESIAN_POINT('',(-13.165,-4.195,4.5));
#1805 = SURFACE_CURVE('',#1806,(#1810,#1816),.PCURVE_S1.);
#1806 = LINE('',#1807,#1808);
#1807 = CARTESIAN_POINT('',(-13.165,-5.6975,4.5));
#1808 = VECTOR('',#1809,1.);
#1809 = DIRECTION('',(0.,1.,0.));
#1810 = PCURVE('',#859,#1811);
#1811 = DEFINITIONAL_REPRESENTATION('',(#1812),#1815);
#1812 = B_SPLINE_CURVE_WITH_KNOTS('',1,(#1813,#1814),.UNSPECIFIED.,.F.,
  .F.,(2,2),(0.9025,1.5025),.PIECEWISE_BEZIER_KNOTS.);
#1813 = CARTESIAN_POINT('',(1.835,1.805));
#1814 = CARTESIAN_POINT('',(1.835,2.405));
#1815 = ( GEOMETRIC_REPRESENTATION_CONTEXT(2) 
PARAMETRIC_REPRESENTATION_CONTEXT() REPRESENTATION_CONTEXT('2D SPACE',''
  ) );
#1816 = PCURVE('',#1817,#1822);
#1817 = PLANE('',#1818);
#1818 = AXIS2_PLACEMENT_3D('',#1819,#1820,#1821);
#1819 = CARTESIAN_POINT('',(-13.165,-4.795,2.));
#1820 = DIRECTION('',(1.,0.,0.));
#1821 = DIRECTION('',(0.,0.,1.));
#1822 = DEFINITIONAL_REPRESENTATION('',(#1823),#1826);
#1823 = B_SPLINE_CURVE_WITH_KNOTS('',1,(#1824,#1825),.UNSPECIFIED.,.F.,
  .F.,(2,2),(0.9025,1.5025),.PIECEWISE_BEZIER_KNOTS.);
#1824 = CARTESIAN_POINT('',(2.5,0.));
#1825 = CARTESIAN_POINT('',(2.5,-0.6));
#1826 = ( GEOMETRIC_REPRESENTATION_CONTEXT(2) 
PARAMETRIC_REPRESENTATION_CONTEXT() REPRESENTATION_CONTEXT('2D SPACE',''
  ) );
#1827 = ORIENTED_EDGE('',*,*,#1828,.F.);
#1828 = EDGE_CURVE('',#1829,#1803,#1831,.T.);
#1829 = VERTEX_POINT('',#1830);
#1830 = CARTESIAN_POINT('',(-12.565,-4.195,4.5));
#1831 = SURFACE_CURVE('',#1832,(#1836,#1842),.PCURVE_S1.);
#1832 = LINE('',#1833,#1834);
#1833 = CARTESIAN_POINT('',(-14.0825,-4.195,4.5));
#1834 = VECTOR('',#1835,1.);
#1835 = DIRECTION('',(-1.,0.,0.));
#1836 = PCURVE('',#859,#1837);
#1837 = DEFINITIONAL_REPRESENTATION('',(#1838),#1841);
#1838 = B_SPLINE_CURVE_WITH_KNOTS('',1,(#1839,#1840),.UNSPECIFIED.,.F.,
  .F.,(2,2),(-1.5175,-0.9175),.PIECEWISE_BEZIER_KNOTS.);
#1839 = CARTESIAN_POINT('',(2.435,2.405));
#1840 = CARTESIAN_POINT('',(1.835,2.405));
#1841 = ( GEOMETRIC_REPRESENTATION_CONTEXT(2) 
PARAMETRIC_REPRESENTATION_CONTEXT() REPRESENTATION_CONTEXT('2D SPACE',''
  ) );
#1842 = PCURVE('',#1843,#1848);
#1843 = PLANE('',#1844);
#1844 = AXIS2_PLACEMENT_3D('',#1845,#1846,#1847);
#1845 = CARTESIAN_POINT('',(-13.165,-4.195,2.));
#1846 = DIRECTION('',(0.,1.,0.));
#1847 = DIRECTION('',(0.,0.,1.));
#1848 = DEFINITIONAL_REPRESENTATION('',(#1849),#1852);
#1849 = B_SPLINE_CURVE_WITH_KNOTS('',1,(#1850,#1851),.UNSPECIFIED.,.F.,
  .F.,(2,2),(-1.5175,-0.9175),.PIECEWISE_BEZIER_KNOTS.);
#1850 = CARTESIAN_POINT('',(2.5,0.6));
#1851 = CARTESIAN_POINT('',(2.5,0.));
#1852 = ( GEOMETRIC_REPRESENTATION_CONTEXT(2) 
PARAMETRIC_REPRESENTATION_CONTEXT() REPRESENTATION_CONTEXT('2D SPACE',''
  ) );
#1853 = ORIENTED_EDGE('',*,*,#1854,.F.);
#1854 = EDGE_CURVE('',#1775,#1829,#1855,.T.);
#1855 = SURFACE_CURVE('',#1856,(#1860,#1866),.PCURVE_S1.);
#1856 = LINE('',#1857,#1858);
#1857 = CARTESIAN_POINT('',(-12.565,-5.6975,4.5));
#1858 = VECTOR('',#1859,1.);
#1859 = DIRECTION('',(0.,1.,0.));
#1860 = PCURVE('',#859,#1861);
#1861 = DEFINITIONAL_REPRESENTATION('',(#1862),#1865);
#1862 = B_SPLINE_CURVE_WITH_KNOTS('',1,(#1863,#1864),.UNSPECIFIED.,.F.,
  .F.,(2,2),(0.9025,1.5025),.PIECEWISE_BEZIER_KNOTS.);
#1863 = CARTESIAN_POINT('',(2.435,1.805));
#1864 = CARTESIAN_POINT('',(2.435,2.405));
#1865 = ( GEOMETRIC_REPRESENTATION_CONTEXT(2) 
PARAMETRIC_REPRESENTATION_CONTEXT() REPRESENTATION_CONTEXT('2D SPACE',''
  ) );
#1866 = PCURVE('',#1867,#1872);
#1867 = PLANE('',#1868);
#1868 = AXIS2_PLACEMENT_3D('',#1869,#1870,#1871);
#1869 = CARTESIAN_POINT('',(-12.565,-4.795,2.));
#1870 = DIRECTION('',(1.,0.,0.));
#1871 = DIRECTION('',(0.,0.,1.));
#1872 = DEFINITIONAL_REPRESENTATION('',(#1873),#1876);
#1873 = B_SPLINE_CURVE_WITH_KNOTS('',1,(#1874,#1875),.UNSPECIFIED.,.F.,
  .F.,(2,2),(0.9025,1.5025),.PIECEWISE_BEZIER_KNOTS.);
#1874 = CARTESIAN_POINT('',(2.5,0.));
#1875 = CARTESIAN_POINT('',(2.5,-0.6));
#1876 = ( GEOMETRIC_REPRESENTATION_CONTEXT(2) 
PARAMETRIC_REPRESENTATION_CONTEXT() REPRESENTATION_CONTEXT('2D SPACE',''
  ) );
#1877 = FACE_BOUND('',#1878,.T.);
#1878 = EDGE_LOOP('',(#1879,#1907,#1933,#1959));
#1879 = ORIENTED_EDGE('',*,*,#1880,.T.);
#1880 = EDGE_CURVE('',#1881,#1883,#1885,.T.);
#1881 = VERTEX_POINT('',#1882);
#1882 = CARTESIAN_POINT('',(-12.565,-3.525,4.5));
#1883 = VERTEX_POINT('',#1884);
#1884 = CARTESIAN_POINT('',(-13.165,-3.525,4.5));
#1885 = SURFACE_CURVE('',#1886,(#1890,#1896),.PCURVE_S1.);
#1886 = LINE('',#1887,#1888);
#1887 = CARTESIAN_POINT('',(-14.0825,-3.525,4.5));
#1888 = VECTOR('',#1889,1.);
#1889 = DIRECTION('',(-1.,0.,0.));
#1890 = PCURVE('',#859,#1891);
#1891 = DEFINITIONAL_REPRESENTATION('',(#1892),#1895);
#1892 = B_SPLINE_CURVE_WITH_KNOTS('',1,(#1893,#1894),.UNSPECIFIED.,.F.,
  .F.,(2,2),(-1.5175,-0.9175),.PIECEWISE_BEZIER_KNOTS.);
#1893 = CARTESIAN_POINT('',(2.435,3.075));
#1894 = CARTESIAN_POINT('',(1.835,3.075));
#1895 = ( GEOMETRIC_REPRESENTATION_CONTEXT(2) 
PARAMETRIC_REPRESENTATION_CONTEXT() REPRESENTATION_CONTEXT('2D SPACE',''
  ) );
#1896 = PCURVE('',#1897,#1902);
#1897 = PLANE('',#1898);
#1898 = AXIS2_PLACEMENT_3D('',#1899,#1900,#1901);
#1899 = CARTESIAN_POINT('',(-13.165,-3.525,2.));
#1900 = DIRECTION('',(0.,1.,0.));
#1901 = DIRECTION('',(0.,0.,1.));
#1902 = DEFINITIONAL_REPRESENTATION('',(#1903),#1906);
#1903 = B_SPLINE_CURVE_WITH_KNOTS('',1,(#1904,#1905),.UNSPECIFIED.,.F.,
  .F.,(2,2),(-1.5175,-0.9175),.PIECEWISE_BEZIER_KNOTS.);
#1904 = CARTESIAN_POINT('',(2.5,0.6));
#1905 = CARTESIAN_POINT('',(2.5,0.));
#1906 = ( GEOMETRIC_REPRESENTATION_CONTEXT(2) 
PARAMETRIC_REPRESENTATION_CONTEXT() REPRESENTATION_CONTEXT('2D SPACE',''
  ) );
#1907 = ORIENTED_EDGE('',*,*,#1908,.T.);
#1908 = EDGE_CURVE('',#1883,#1909,#1911,.T.);
#1909 = VERTEX_POINT('',#1910);
#1910 = CARTESIAN_POINT('',(-13.165,-2.925,4.5));
#1911 = SURFACE_CURVE('',#1912,(#1916,#1922),.PCURVE_S1.);
#1912 = LINE('',#1913,#1914);
#1913 = CARTESIAN_POINT('',(-13.165,-5.0625,4.5));
#1914 = VECTOR('',#1915,1.);
#1915 = DIRECTION('',(0.,1.,0.));
#1916 = PCURVE('',#859,#1917);
#1917 = DEFINITIONAL_REPRESENTATION('',(#1918),#1921);
#1918 = B_SPLINE_CURVE_WITH_KNOTS('',1,(#1919,#1920),.UNSPECIFIED.,.F.,
  .F.,(2,2),(1.5375,2.1375),.PIECEWISE_BEZIER_KNOTS.);
#1919 = CARTESIAN_POINT('',(1.835,3.075));
#1920 = CARTESIAN_POINT('',(1.835,3.675));
#1921 = ( GEOMETRIC_REPRESENTATION_CONTEXT(2) 
PARAMETRIC_REPRESENTATION_CONTEXT() REPRESENTATION_CONTEXT('2D SPACE',''
  ) );
#1922 = PCURVE('',#1923,#1928);
#1923 = PLANE('',#1924);
#1924 = AXIS2_PLACEMENT_3D('',#1925,#1926,#1927);
#1925 = CARTESIAN_POINT('',(-13.165,-3.525,2.));
#1926 = DIRECTION('',(1.,0.,0.));
#1927 = DIRECTION('',(0.,0.,1.));
#1928 = DEFINITIONAL_REPRESENTATION('',(#1929),#1932);
#1929 = B_SPLINE_CURVE_WITH_KNOTS('',1,(#1930,#1931),.UNSPECIFIED.,.F.,
  .F.,(2,2),(1.5375,2.1375),.PIECEWISE_BEZIER_KNOTS.);
#1930 = CARTESIAN_POINT('',(2.5,0.));
#1931 = CARTESIAN_POINT('',(2.5,-0.6));
#1932 = ( GEOMETRIC_REPRESENTATION_CONTEXT(2) 
PARAMETRIC_REPRESENTATION_CONTEXT() REPRESENTATION_CONTEXT('2D SPACE',''
  ) );
#1933 = ORIENTED_EDGE('',*,*,#1934,.F.);
#1934 = EDGE_CURVE('',#1935,#1909,#1937,.T.);
#1935 = VERTEX_POINT('',#1936);
#1936 = CARTESIAN_POINT('',(-12.565,-2.925,4.5));
#1937 = SURFACE_CURVE('',#1938,(#1942,#1948),.PCURVE_S1.);
#1938 = LINE('',#1939,#1940);
#1939 = CARTESIAN_POINT('',(-14.0825,-2.925,4.5));
#1940 = VECTOR('',#1941,1.);
#1941 = DIRECTION('',(-1.,0.,0.));
#1942 = PCURVE('',#859,#1943);
#1943 = DEFINITIONAL_REPRESENTATION('',(#1944),#1947);
#1944 = B_SPLINE_CURVE_WITH_KNOTS('',1,(#1945,#1946),.UNSPECIFIED.,.F.,
  .F.,(2,2),(-1.5175,-0.9175),.PIECEWISE_BEZIER_KNOTS.);
#1945 = CARTESIAN_POINT('',(2.435,3.675));
#1946 = CARTESIAN_POINT('',(1.835,3.675));
#1947 = ( GEOMETRIC_REPRESENTATION_CONTEXT(2) 
PARAMETRIC_REPRESENTATION_CONTEXT() REPRESENTATION_CONTEXT('2D SPACE',''
  ) );
#1948 = PCURVE('',#1949,#1954);
#1949 = PLANE('',#1950);
#1950 = AXIS2_PLACEMENT_3D('',#1951,#1952,#1953);
#1951 = CARTESIAN_POINT('',(-13.165,-2.925,2.));
#1952 = DIRECTION('',(0.,1.,0.));
#1953 = DIRECTION('',(0.,0.,1.));
#1954 = DEFINITIONAL_REPRESENTATION('',(#1955),#1958);
#1955 = B_SPLINE_CURVE_WITH_KNOTS('',1,(#1956,#1957),.UNSPECIFIED.,.F.,
  .F.,(2,2),(-1.5175,-0.9175),.PIECEWISE_BEZIER_KNOTS.);
#1956 = CARTESIAN_POINT('',(2.5,0.6));
#1957 = CARTESIAN_POINT('',(2.5,0.));
#1958 = ( GEOMETRIC_REPRESENTATION_CONTEXT(2) 
PARAMETRIC_REPRESENTATION_CONTEXT() REPRESENTATION_CONTEXT('2D SPACE',''
  ) );
#1959 = ORIENTED_EDGE('',*,*,#1960,.F.);
#1960 = EDGE_CURVE('',#1881,#1935,#1961,.T.);
#1961 = SURFACE_CURVE('',#1962,(#1966,#1972),.PCURVE_S1.);
#1962 = LINE('',#1963,#1964);
#1963 = CARTESIAN_POINT('',(-12.565,-5.0625,4.5));
#1964 = VECTOR('',#1965,1.);
#1965 = DIRECTION('',(0.,1.,0.));
#1966 = PCURVE('',#859,#1967);
#1967 = DEFINITIONAL_REPRESENTATION('',(#1968),#1971);
#1968 = B_SPLINE_CURVE_WITH_KNOTS('',1,(#1969,#1970),.UNSPECIFIED.,.F.,
  .F.,(2,2),(1.5375,2.1375),.PIECEWISE_BEZIER_KNOTS.);
#1969 = CARTESIAN_POINT('',(2.435,3.075));
#1970 = CARTESIAN_POINT('',(2.435,3.675));
#1971 = ( GEOMETRIC_REPRESENTATION_CONTEXT(2) 
PARAMETRIC_REPRESENTATION_CONTEXT() REPRESENTATION_CONTEXT('2D SPACE',''
  ) );
#1972 = PCURVE('',#1973,#1978);
#1973 = PLANE('',#1974);
#1974 = AXIS2_PLACEMENT_3D('',#1975,#1976,#1977);
#1975 = CARTESIAN_POINT('',(-12.565,-3.525,2.));
#1976 = DIRECTION('',(1.,0.,0.));
#1977 = DIRECTION('',(0.,0.,1.));
#1978 = DEFINITIONAL_REPRESENTATION('',(#1979),#1982);
#1979 = B_SPLINE_CURVE_WITH_KNOTS('',1,(#1980,#1981),.UNSPECIFIED.,.F.,
  .F.,(2,2),(1.5375,2.1375),.PIECEWISE_BEZIER_KNOTS.);
#1980 = CARTESIAN_POINT('',(2.5,0.));
#1981 = CARTESIAN_POINT('',(2.5,-0.6));
#1982 = ( GEOMETRIC_REPRESENTATION_CONTEXT(2) 
PARAMETRIC_REPRESENTATION_CONTEXT() REPRESENTATION_CONTEXT('2D SPACE',''
  ) );
#1983 = FACE_BOUND('',#1984,.T.);
#1984 = EDGE_LOOP('',(#1985,#2013,#2039,#2065));
#1985 = ORIENTED_EDGE('',*,*,#1986,.T.);
#1986 = EDGE_CURVE('',#1987,#1989,#1991,.T.);
#1987 = VERTEX_POINT('',#1988);
#1988 = CARTESIAN_POINT('',(-12.565,-2.255,4.5));
#1989 = VERTEX_POINT('',#1990);
#1990 = CARTESIAN_POINT('',(-13.165,-2.255,4.5));
#1991 = SURFACE_CURVE('',#1992,(#1996,#2002),.PCURVE_S1.);
#1992 = LINE('',#1993,#1994);
#1993 = CARTESIAN_POINT('',(-14.0825,-2.255,4.5));
#1994 = VECTOR('',#1995,1.);
#1995 = DIRECTION('',(-1.,0.,0.));
#1996 = PCURVE('',#859,#1997);
#1997 = DEFINITIONAL_REPRESENTATION('',(#1998),#2001);
#1998 = B_SPLINE_CURVE_WITH_KNOTS('',1,(#1999,#2000),.UNSPECIFIED.,.F.,
  .F.,(2,2),(-1.5175,-0.9175),.PIECEWISE_BEZIER_KNOTS.);
#1999 = CARTESIAN_POINT('',(2.435,4.345));
#2000 = CARTESIAN_POINT('',(1.835,4.345));
#2001 = ( GEOMETRIC_REPRESENTATION_CONTEXT(2) 
PARAMETRIC_REPRESENTATION_CONTEXT() REPRESENTATION_CONTEXT('2D SPACE',''
  ) );
#2002 = PCURVE('',#2003,#2008);
#2003 = PLANE('',#2004);
#2004 = AXIS2_PLACEMENT_3D('',#2005,#2006,#2007);
#2005 = CARTESIAN_POINT('',(-13.165,-2.255,2.));
#2006 = DIRECTION('',(0.,1.,0.));
#2007 = DIRECTION('',(0.,0.,1.));
#2008 = DEFINITIONAL_REPRESENTATION('',(#2009),#2012);
#2009 = B_SPLINE_CURVE_WITH_KNOTS('',1,(#2010,#2011),.UNSPECIFIED.,.F.,
  .F.,(2,2),(-1.5175,-0.9175),.PIECEWISE_BEZIER_KNOTS.);
#2010 = CARTESIAN_POINT('',(2.5,0.6));
#2011 = CARTESIAN_POINT('',(2.5,0.));
#2012 = ( GEOMETRIC_REPRESENTATION_CONTEXT(2) 
PARAMETRIC_REPRESENTATION_CONTEXT() REPRESENTATION_CONTEXT('2D SPACE',''
  ) );
#2013 = ORIENTED_EDGE('',*,*,#2014,.T.);
#2014 = EDGE_CURVE('',#1989,#2015,#2017,.T.);
#2015 = VERTEX_POINT('',#2016);
#2016 = CARTESIAN_POINT('',(-13.165,-1.655,4.5));
#2017 = SURFACE_CURVE('',#2018,(#2022,#2028),.PCURVE_S1.);
#2018 = LINE('',#2019,#2020);
#2019 = CARTESIAN_POINT('',(-13.165,-4.4275,4.5));
#2020 = VECTOR('',#2021,1.);
#2021 = DIRECTION('',(0.,1.,0.));
#2022 = PCURVE('',#859,#2023);
#2023 = DEFINITIONAL_REPRESENTATION('',(#2024),#2027);
#2024 = B_SPLINE_CURVE_WITH_KNOTS('',1,(#2025,#2026),.UNSPECIFIED.,.F.,
  .F.,(2,2),(2.1725,2.7725),.PIECEWISE_BEZIER_KNOTS.);
#2025 = CARTESIAN_POINT('',(1.835,4.345));
#2026 = CARTESIAN_POINT('',(1.835,4.945));
#2027 = ( GEOMETRIC_REPRESENTATION_CONTEXT(2) 
PARAMETRIC_REPRESENTATION_CONTEXT() REPRESENTATION_CONTEXT('2D SPACE',''
  ) );
#2028 = PCURVE('',#2029,#2034);
#2029 = PLANE('',#2030);
#2030 = AXIS2_PLACEMENT_3D('',#2031,#2032,#2033);
#2031 = CARTESIAN_POINT('',(-13.165,-2.255,2.));
#2032 = DIRECTION('',(1.,0.,0.));
#2033 = DIRECTION('',(0.,0.,1.));
#2034 = DEFINITIONAL_REPRESENTATION('',(#2035),#2038);
#2035 = B_SPLINE_CURVE_WITH_KNOTS('',1,(#2036,#2037),.UNSPECIFIED.,.F.,
  .F.,(2,2),(2.1725,2.7725),.PIECEWISE_BEZIER_KNOTS.);
#2036 = CARTESIAN_POINT('',(2.5,0.));
#2037 = CARTESIAN_POINT('',(2.5,-0.6));
#2038 = ( GEOMETRIC_REPRESENTATION_CONTEXT(2) 
PARAMETRIC_REPRESENTATION_CONTEXT() REPRESENTATION_CONTEXT('2D SPACE',''
  ) );
#2039 = ORIENTED_EDGE('',*,*,#2040,.F.);
#2040 = EDGE_CURVE('',#2041,#2015,#2043,.T.);
#2041 = VERTEX_POINT('',#2042);
#2042 = CARTESIAN_POINT('',(-12.565,-1.655,4.5));
#2043 = SURFACE_CURVE('',#2044,(#2048,#2054),.PCURVE_S1.);
#2044 = LINE('',#2045,#2046);
#2045 = CARTESIAN_POINT('',(-14.0825,-1.655,4.5));
#2046 = VECTOR('',#2047,1.);
#2047 = DIRECTION('',(-1.,0.,0.));
#2048 = PCURVE('',#859,#2049);
#2049 = DEFINITIONAL_REPRESENTATION('',(#2050),#2053);
#2050 = B_SPLINE_CURVE_WITH_KNOTS('',1,(#2051,#2052),.UNSPECIFIED.,.F.,
  .F.,(2,2),(-1.5175,-0.9175),.PIECEWISE_BEZIER_KNOTS.);
#2051 = CARTESIAN_POINT('',(2.435,4.945));
#2052 = CARTESIAN_POINT('',(1.835,4.945));
#2053 = ( GEOMETRIC_REPRESENTATION_CONTEXT(2) 
PARAMETRIC_REPRESENTATION_CONTEXT() REPRESENTATION_CONTEXT('2D SPACE',''
  ) );
#2054 = PCURVE('',#2055,#2060);
#2055 = PLANE('',#2056);
#2056 = AXIS2_PLACEMENT_3D('',#2057,#2058,#2059);
#2057 = CARTESIAN_POINT('',(-13.165,-1.655,2.));
#2058 = DIRECTION('',(0.,1.,0.));
#2059 = DIRECTION('',(0.,0.,1.));
#2060 = DEFINITIONAL_REPRESENTATION('',(#2061),#2064);
#2061 = B_SPLINE_CURVE_WITH_KNOTS('',1,(#2062,#2063),.UNSPECIFIED.,.F.,
  .F.,(2,2),(-1.5175,-0.9175),.PIECEWISE_BEZIER_KNOTS.);
#2062 = CARTESIAN_POINT('',(2.5,0.6));
#2063 = CARTESIAN_POINT('',(2.5,0.));
#2064 = ( GEOMETRIC_REPRESENTATION_CONTEXT(2) 
PARAMETRIC_REPRESENTATION_CONTEXT() REPRESENTATION_CONTEXT('2D SPACE',''
  ) );
#2065 = ORIENTED_EDGE('',*,*,#2066,.F.);
#2066 = EDGE_CURVE('',#1987,#2041,#2067,.T.);
#2067 = SURFACE_CURVE('',#2068,(#2072,#2078),.PCURVE_S1.);
#2068 = LINE('',#2069,#2070);
#2069 = CARTESIAN_POINT('',(-12.565,-4.4275,4.5));
#2070 = VECTOR('',#2071,1.);
#2071 = DIRECTION('',(0.,1.,0.));
#2072 = PCURVE('',#859,#2073);
#2073 = DEFINITIONAL_REPRESENTATION('',(#2074),#2077);
#2074 = B_SPLINE_CURVE_WITH_KNOTS('',1,(#2075,#2076),.UNSPECIFIED.,.F.,
  .F.,(2,2),(2.1725,2.7725),.PIECEWISE_BEZIER_KNOTS.);
#2075 = CARTESIAN_POINT('',(2.435,4.345));
#2076 = CARTESIAN_POINT('',(2.435,4.945));
#2077 = ( GEOMETRIC_REPRESENTATION_CONTEXT(2) 
PARAMETRIC_REPRESENTATION_CONTEXT() REPRESENTATION_CONTEXT('2D SPACE',''
  ) );
#2078 = PCURVE('',#2079,#2084);
#2079 = PLANE('',#2080);
#2080 = AXIS2_PLACEMENT_3D('',#2081,#2082,#2083);
#2081 = CARTESIAN_POINT('',(-12.565,-2.255,2.));
#2082 = DIRECTION('',(1.,0.,0.));
#2083 = DIRECTION('',(0.,0.,1.));
#2084 = DEFINITIONAL_REPRESENTATION('',(#2085),#2088);
#2085 = B_SPLINE_CURVE_WITH_KNOTS('',1,(#2086,#2087),.UNSPECIFIED.,.F.,
  .F.,(2,2),(2.1725,2.7725),.PIECEWISE_BEZIER_KNOTS.);
#2086 = CARTESIAN_POINT('',(2.5,0.));
#2087 = CARTESIAN_POINT('',(2.5,-0.6));
#2088 = ( GEOMETRIC_REPRESENTATION_CONTEXT(2) 
PARAMETRIC_REPRESENTATION_CONTEXT() REPRESENTATION_CONTEXT('2D SPACE',''
  ) );
#2089 = FACE_BOUND('',#2090,.T.);
#2090 = EDGE_LOOP('',(#2091,#2119,#2145,#2171));
#2091 = ORIENTED_EDGE('',*,*,#2092,.T.);
#2092 = EDGE_CURVE('',#2093,#2095,#2097,.T.);
#2093 = VERTEX_POINT('',#2094);
#2094 = CARTESIAN_POINT('',(-12.565,-0.985,4.5));
#2095 = VERTEX_POINT('',#2096);
#2096 = CARTESIAN_POINT('',(-13.165,-0.985,4.5));
#2097 = SURFACE_CURVE('',#2098,(#2102,#2108),.PCURVE_S1.);
#2098 = LINE('',#2099,#2100);
#2099 = CARTESIAN_POINT('',(-14.0825,-0.985,4.5));
#2100 = VECTOR('',#2101,1.);
#2101 = DIRECTION('',(-1.,0.,0.));
#2102 = PCURVE('',#859,#2103);
#2103 = DEFINITIONAL_REPRESENTATION('',(#2104),#2107);
#2104 = B_SPLINE_CURVE_WITH_KNOTS('',1,(#2105,#2106),.UNSPECIFIED.,.F.,
  .F.,(2,2),(-1.5175,-0.9175),.PIECEWISE_BEZIER_KNOTS.);
#2105 = CARTESIAN_POINT('',(2.435,5.615));
#2106 = CARTESIAN_POINT('',(1.835,5.615));
#2107 = ( GEOMETRIC_REPRESENTATION_CONTEXT(2) 
PARAMETRIC_REPRESENTATION_CONTEXT() REPRESENTATION_CONTEXT('2D SPACE',''
  ) );
#2108 = PCURVE('',#2109,#2114);
#2109 = PLANE('',#2110);
#2110 = AXIS2_PLACEMENT_3D('',#2111,#2112,#2113);
#2111 = CARTESIAN_POINT('',(-13.165,-0.985,2.));
#2112 = DIRECTION('',(0.,1.,0.));
#2113 = DIRECTION('',(0.,0.,1.));
#2114 = DEFINITIONAL_REPRESENTATION('',(#2115),#2118);
#2115 = B_SPLINE_CURVE_WITH_KNOTS('',1,(#2116,#2117),.UNSPECIFIED.,.F.,
  .F.,(2,2),(-1.5175,-0.9175),.PIECEWISE_BEZIER_KNOTS.);
#2116 = CARTESIAN_POINT('',(2.5,0.6));
#2117 = CARTESIAN_POINT('',(2.5,0.));
#2118 = ( GEOMETRIC_REPRESENTATION_CONTEXT(2) 
PARAMETRIC_REPRESENTATION_CONTEXT() REPRESENTATION_CONTEXT('2D SPACE',''
  ) );
#2119 = ORIENTED_EDGE('',*,*,#2120,.T.);
#2120 = EDGE_CURVE('',#2095,#2121,#2123,.T.);
#2121 = VERTEX_POINT('',#2122);
#2122 = CARTESIAN_POINT('',(-13.165,-0.385,4.5));
#2123 = SURFACE_CURVE('',#2124,(#2128,#2134),.PCURVE_S1.);
#2124 = LINE('',#2125,#2126);
#2125 = CARTESIAN_POINT('',(-13.165,-3.7925,4.5));
#2126 = VECTOR('',#2127,1.);
#2127 = DIRECTION('',(0.,1.,0.));
#2128 = PCURVE('',#859,#2129);
#2129 = DEFINITIONAL_REPRESENTATION('',(#2130),#2133);
#2130 = B_SPLINE_CURVE_WITH_KNOTS('',1,(#2131,#2132),.UNSPECIFIED.,.F.,
  .F.,(2,2),(2.8075,3.4075),.PIECEWISE_BEZIER_KNOTS.);
#2131 = CARTESIAN_POINT('',(1.835,5.615));
#2132 = CARTESIAN_POINT('',(1.835,6.215));
#2133 = ( GEOMETRIC_REPRESENTATION_CONTEXT(2) 
PARAMETRIC_REPRESENTATION_CONTEXT() REPRESENTATION_CONTEXT('2D SPACE',''
  ) );
#2134 = PCURVE('',#2135,#2140);
#2135 = PLANE('',#2136);
#2136 = AXIS2_PLACEMENT_3D('',#2137,#2138,#2139);
#2137 = CARTESIAN_POINT('',(-13.165,-0.985,2.));
#2138 = DIRECTION('',(1.,0.,0.));
#2139 = DIRECTION('',(0.,0.,1.));
#2140 = DEFINITIONAL_REPRESENTATION('',(#2141),#2144);
#2141 = B_SPLINE_CURVE_WITH_KNOTS('',1,(#2142,#2143),.UNSPECIFIED.,.F.,
  .F.,(2,2),(2.8075,3.4075),.PIECEWISE_BEZIER_KNOTS.);
#2142 = CARTESIAN_POINT('',(2.5,0.));
#2143 = CARTESIAN_POINT('',(2.5,-0.6));
#2144 = ( GEOMETRIC_REPRESENTATION_CONTEXT(2) 
PARAMETRIC_REPRESENTATION_CONTEXT() REPRESENTATION_CONTEXT('2D SPACE',''
  ) );
#2145 = ORIENTED_EDGE('',*,*,#2146,.F.);
#2146 = EDGE_CURVE('',#2147,#2121,#2149,.T.);
#2147 = VERTEX_POINT('',#2148);
#2148 = CARTESIAN_POINT('',(-12.565,-0.385,4.5));
#2149 = SURFACE_CURVE('',#2150,(#2154,#2160),.PCURVE_S1.);
#2150 = LINE('',#2151,#2152);
#2151 = CARTESIAN_POINT('',(-14.0825,-0.385,4.5));
#2152 = VECTOR('',#2153,1.);
#2153 = DIRECTION('',(-1.,0.,0.));
#2154 = PCURVE('',#859,#2155);
#2155 = DEFINITIONAL_REPRESENTATION('',(#2156),#2159);
#2156 = B_SPLINE_CURVE_WITH_KNOTS('',1,(#2157,#2158),.UNSPECIFIED.,.F.,
  .F.,(2,2),(-1.5175,-0.9175),.PIECEWISE_BEZIER_KNOTS.);
#2157 = CARTESIAN_POINT('',(2.435,6.215));
#2158 = CARTESIAN_POINT('',(1.835,6.215));
#2159 = ( GEOMETRIC_REPRESENTATION_CONTEXT(2) 
PARAMETRIC_REPRESENTATION_CONTEXT() REPRESENTATION_CONTEXT('2D SPACE',''
  ) );
#2160 = PCURVE('',#2161,#2166);
#2161 = PLANE('',#2162);
#2162 = AXIS2_PLACEMENT_3D('',#2163,#2164,#2165);
#2163 = CARTESIAN_POINT('',(-13.165,-0.385,2.));
#2164 = DIRECTION('',(0.,1.,0.));
#2165 = DIRECTION('',(0.,0.,1.));
#2166 = DEFINITIONAL_REPRESENTATION('',(#2167),#2170);
#2167 = B_SPLINE_CURVE_WITH_KNOTS('',1,(#2168,#2169),.UNSPECIFIED.,.F.,
  .F.,(2,2),(-1.5175,-0.9175),.PIECEWISE_BEZIER_KNOTS.);
#2168 = CARTESIAN_POINT('',(2.5,0.6));
#2169 = CARTESIAN_POINT('',(2.5,0.));
#2170 = ( GEOMETRIC_REPRESENTATION_CONTEXT(2) 
PARAMETRIC_REPRESENTATION_CONTEXT() REPRESENTATION_CONTEXT('2D SPACE',''
  ) );
#2171 = ORIENTED_EDGE('',*,*,#2172,.F.);
#2172 = EDGE_CURVE('',#2093,#2147,#2173,.T.);
#2173 = SURFACE_CURVE('',#2174,(#2178,#2184),.PCURVE_S1.);
#2174 = LINE('',#2175,#2176);
#2175 = CARTESIAN_POINT('',(-12.565,-3.7925,4.5));
#2176 = VECTOR('',#2177,1.);
#2177 = DIRECTION('',(0.,1.,0.));
#2178 = PCURVE('',#859,#2179);
#2179 = DEFINITIONAL_REPRESENTATION('',(#2180),#2183);
#2180 = B_SPLINE_CURVE_WITH_KNOTS('',1,(#2181,#2182),.UNSPECIFIED.,.F.,
  .F.,(2,2),(2.8075,3.4075),.PIECEWISE_BEZIER_KNOTS.);
#2181 = CARTESIAN_POINT('',(2.435,5.615));
#2182 = CARTESIAN_POINT('',(2.435,6.215));
#2183 = ( GEOMETRIC_REPRESENTATION_CONTEXT(2) 
PARAMETRIC_REPRESENTATION_CONTEXT() REPRESENTATION_CONTEXT('2D SPACE',''
  ) );
#2184 = PCURVE('',#2185,#2190);
#2185 = PLANE('',#2186);
#2186 = AXIS2_PLACEMENT_3D('',#2187,#2188,#2189);
#2187 = CARTESIAN_POINT('',(-12.565,-0.985,2.));
#2188 = DIRECTION('',(1.,0.,0.));
#2189 = DIRECTION('',(0.,0.,1.));
#2190 = DEFINITIONAL_REPRESENTATION('',(#2191),#2194);
#2191 = B_SPLINE_CURVE_WITH_KNOTS('',1,(#2192,#2193),.UNSPECIFIED.,.F.,
  .F.,(2,2),(2.8075,3.4075),.PIECEWISE_BEZIER_KNOTS.);
#2192 = CARTESIAN_POINT('',(2.5,0.));
#2193 = CARTESIAN_POINT('',(2.5,-0.6));
#2194 = ( GEOMETRIC_REPRESENTATION_CONTEXT(2) 
PARAMETRIC_REPRESENTATION_CONTEXT() REPRESENTATION_CONTEXT('2D SPACE',''
  ) );
#2195 = FACE_BOUND('',#2196,.T.);
#2196 = EDGE_LOOP('',(#2197,#2225,#2251,#2277));
#2197 = ORIENTED_EDGE('',*,*,#2198,.T.);
#2198 = EDGE_CURVE('',#2199,#2201,#2203,.T.);
#2199 = VERTEX_POINT('',#2200);
#2200 = CARTESIAN_POINT('',(-13.835,0.285,4.5));
#2201 = VERTEX_POINT('',#2202);
#2202 = CARTESIAN_POINT('',(-14.435,0.285,4.5));
#2203 = SURFACE_CURVE('',#2204,(#2208,#2214),.PCURVE_S1.);
#2204 = LINE('',#2205,#2206);
#2205 = CARTESIAN_POINT('',(-14.7175,0.285,4.5));
#2206 = VECTOR('',#2207,1.);
#2207 = DIRECTION('',(-1.,0.,0.));
#2208 = PCURVE('',#859,#2209);
#2209 = DEFINITIONAL_REPRESENTATION('',(#2210),#2213);
#2210 = B_SPLINE_CURVE_WITH_KNOTS('',1,(#2211,#2212),.UNSPECIFIED.,.F.,
  .F.,(2,2),(-0.8825,-0.2825),.PIECEWISE_BEZIER_KNOTS.);
#2211 = CARTESIAN_POINT('',(1.165,6.885));
#2212 = CARTESIAN_POINT('',(0.565,6.885));
#2213 = ( GEOMETRIC_REPRESENTATION_CONTEXT(2) 
PARAMETRIC_REPRESENTATION_CONTEXT() REPRESENTATION_CONTEXT('2D SPACE',''
  ) );
#2214 = PCURVE('',#2215,#2220);
#2215 = PLANE('',#2216);
#2216 = AXIS2_PLACEMENT_3D('',#2217,#2218,#2219);
#2217 = CARTESIAN_POINT('',(-14.435,0.285,2.));
#2218 = DIRECTION('',(0.,1.,0.));
#2219 = DIRECTION('',(0.,0.,1.));
#2220 = DEFINITIONAL_REPRESENTATION('',(#2221),#2224);
#2221 = B_SPLINE_CURVE_WITH_KNOTS('',1,(#2222,#2223),.UNSPECIFIED.,.F.,
  .F.,(2,2),(-0.8825,-0.2825),.PIECEWISE_BEZIER_KNOTS.);
#2222 = CARTESIAN_POINT('',(2.5,0.6));
#2223 = CARTESIAN_POINT('',(2.5,0.));
#2224 = ( GEOMETRIC_REPRESENTATION_CONTEXT(2) 
PARAMETRIC_REPRESENTATION_CONTEXT() REPRESENTATION_CONTEXT('2D SPACE',''
  ) );
#2225 = ORIENTED_EDGE('',*,*,#2226,.T.);
#2226 = EDGE_CURVE('',#2201,#2227,#2229,.T.);
#2227 = VERTEX_POINT('',#2228);
#2228 = CARTESIAN_POINT('',(-14.435,0.885,4.5));
#2229 = SURFACE_CURVE('',#2230,(#2234,#2240),.PCURVE_S1.);
#2230 = LINE('',#2231,#2232);
#2231 = CARTESIAN_POINT('',(-14.435,-3.1575,4.5));
#2232 = VECTOR('',#2233,1.);
#2233 = DIRECTION('',(0.,1.,0.));
#2234 = PCURVE('',#859,#2235);
#2235 = DEFINITIONAL_REPRESENTATION('',(#2236),#2239);
#2236 = B_SPLINE_CURVE_WITH_KNOTS('',1,(#2237,#2238),.UNSPECIFIED.,.F.,
  .F.,(2,2),(3.4425,4.0425),.PIECEWISE_BEZIER_KNOTS.);
#2237 = CARTESIAN_POINT('',(0.565,6.885));
#2238 = CARTESIAN_POINT('',(0.565,7.485));
#2239 = ( GEOMETRIC_REPRESENTATION_CONTEXT(2) 
PARAMETRIC_REPRESENTATION_CONTEXT() REPRESENTATION_CONTEXT('2D SPACE',''
  ) );
#2240 = PCURVE('',#2241,#2246);
#2241 = PLANE('',#2242);
#2242 = AXIS2_PLACEMENT_3D('',#2243,#2244,#2245);
#2243 = CARTESIAN_POINT('',(-14.435,0.285,2.));
#2244 = DIRECTION('',(1.,0.,0.));
#2245 = DIRECTION('',(0.,0.,1.));
#2246 = DEFINITIONAL_REPRESENTATION('',(#2247),#2250);
#2247 = B_SPLINE_CURVE_WITH_KNOTS('',1,(#2248,#2249),.UNSPECIFIED.,.F.,
  .F.,(2,2),(3.4425,4.0425),.PIECEWISE_BEZIER_KNOTS.);
#2248 = CARTESIAN_POINT('',(2.5,0.));
#2249 = CARTESIAN_POINT('',(2.5,-0.6));
#2250 = ( GEOMETRIC_REPRESENTATION_CONTEXT(2) 
PARAMETRIC_REPRESENTATION_CONTEXT() REPRESENTATION_CONTEXT('2D SPACE',''
  ) );
#2251 = ORIENTED_EDGE('',*,*,#2252,.F.);
#2252 = EDGE_CURVE('',#2253,#2227,#2255,.T.);
#2253 = VERTEX_POINT('',#2254);
#2254 = CARTESIAN_POINT('',(-13.835,0.885,4.5));
#2255 = SURFACE_CURVE('',#2256,(#2260,#2266),.PCURVE_S1.);
#2256 = LINE('',#2257,#2258);
#2257 = CARTESIAN_POINT('',(-14.7175,0.885,4.5));
#2258 = VECTOR('',#2259,1.);
#2259 = DIRECTION('',(-1.,0.,0.));
#2260 = PCURVE('',#859,#2261);
#2261 = DEFINITIONAL_REPRESENTATION('',(#2262),#2265);
#2262 = B_SPLINE_CURVE_WITH_KNOTS('',1,(#2263,#2264),.UNSPECIFIED.,.F.,
  .F.,(2,2),(-0.8825,-0.2825),.PIECEWISE_BEZIER_KNOTS.);
#2263 = CARTESIAN_POINT('',(1.165,7.485));
#2264 = CARTESIAN_POINT('',(0.565,7.485));
#2265 = ( GEOMETRIC_REPRESENTATION_CONTEXT(2) 
PARAMETRIC_REPRESENTATION_CONTEXT() REPRESENTATION_CONTEXT('2D SPACE',''
  ) );
#2266 = PCURVE('',#2267,#2272);
#2267 = PLANE('',#2268);
#2268 = AXIS2_PLACEMENT_3D('',#2269,#2270,#2271);
#2269 = CARTESIAN_POINT('',(-14.435,0.885,2.));
#2270 = DIRECTION('',(0.,1.,0.));
#2271 = DIRECTION('',(0.,0.,1.));
#2272 = DEFINITIONAL_REPRESENTATION('',(#2273),#2276);
#2273 = B_SPLINE_CURVE_WITH_KNOTS('',1,(#2274,#2275),.UNSPECIFIED.,.F.,
  .F.,(2,2),(-0.8825,-0.2825),.PIECEWISE_BEZIER_KNOTS.);
#2274 = CARTESIAN_POINT('',(2.5,0.6));
#2275 = CARTESIAN_POINT('',(2.5,0.));
#2276 = ( GEOMETRIC_REPRESENTATION_CONTEXT(2) 
PARAMETRIC_REPRESENTATION_CONTEXT() REPRESENTATION_CONTEXT('2D SPACE',''
  ) );
#2277 = ORIENTED_EDGE('',*,*,#2278,.F.);
#2278 = EDGE_CURVE('',#2199,#2253,#2279,.T.);
#2279 = SURFACE_CURVE('',#2280,(#2284,#2290),.PCURVE_S1.);
#2280 = LINE('',#2281,#2282);
#2281 = CARTESIAN_POINT('',(-13.835,-3.1575,4.5));
#2282 = VECTOR('',#2283,1.);
#2283 = DIRECTION('',(0.,1.,0.));
#2284 = PCURVE('',#859,#2285);
#2285 = DEFINITIONAL_REPRESENTATION('',(#2286),#2289);
#2286 = B_SPLINE_CURVE_WITH_KNOTS('',1,(#2287,#2288),.UNSPECIFIED.,.F.,
  .F.,(2,2),(3.4425,4.0425),.PIECEWISE_BEZIER_KNOTS.);
#2287 = CARTESIAN_POINT('',(1.165,6.885));
#2288 = CARTESIAN_POINT('',(1.165,7.485));
#2289 = ( GEOMETRIC_REPRESENTATION_CONTEXT(2) 
PARAMETRIC_REPRESENTATION_CONTEXT() REPRESENTATION_CONTEXT('2D SPACE',''
  ) );
#2290 = PCURVE('',#2291,#2296);
#2291 = PLANE('',#2292);
#2292 = AXIS2_PLACEMENT_3D('',#2293,#2294,#2295);
#2293 = CARTESIAN_POINT('',(-13.835,0.285,2.));
#2294 = DIRECTION('',(1.,0.,0.));
#2295 = DIRECTION('',(0.,0.,1.));
#2296 = DEFINITIONAL_REPRESENTATION('',(#2297),#2300);
#2297 = B_SPLINE_CURVE_WITH_KNOTS('',1,(#2298,#2299),.UNSPECIFIED.,.F.,
  .F.,(2,2),(3.4425,4.0425),.PIECEWISE_BEZIER_KNOTS.);
#2298 = CARTESIAN_POINT('',(2.5,0.));
#2299 = CARTESIAN_POINT('',(2.5,-0.6));
#2300 = ( GEOMETRIC_REPRESENTATION_CONTEXT(2) 
PARAMETRIC_REPRESENTATION_CONTEXT() REPRESENTATION_CONTEXT('2D SPACE',''
  ) );
#2301 = FACE_BOUND('',#2302,.T.);
#2302 = EDGE_LOOP('',(#2303,#2331,#2357,#2383));
#2303 = ORIENTED_EDGE('',*,*,#2304,.T.);
#2304 = EDGE_CURVE('',#2305,#2307,#2309,.T.);
#2305 = VERTEX_POINT('',#2306);
#2306 = CARTESIAN_POINT('',(-13.835,1.555,4.5));
#2307 = VERTEX_POINT('',#2308);
#2308 = CARTESIAN_POINT('',(-14.435,1.555,4.5));
#2309 = SURFACE_CURVE('',#2310,(#2314,#2320),.PCURVE_S1.);
#2310 = LINE('',#2311,#2312);
#2311 = CARTESIAN_POINT('',(-14.7175,1.555,4.5));
#2312 = VECTOR('',#2313,1.);
#2313 = DIRECTION('',(-1.,0.,0.));
#2314 = PCURVE('',#859,#2315);
#2315 = DEFINITIONAL_REPRESENTATION('',(#2316),#2319);
#2316 = B_SPLINE_CURVE_WITH_KNOTS('',1,(#2317,#2318),.UNSPECIFIED.,.F.,
  .F.,(2,2),(-0.8825,-0.2825),.PIECEWISE_BEZIER_KNOTS.);
#2317 = CARTESIAN_POINT('',(1.165,8.155));
#2318 = CARTESIAN_POINT('',(0.565,8.155));
#2319 = ( GEOMETRIC_REPRESENTATION_CONTEXT(2) 
PARAMETRIC_REPRESENTATION_CONTEXT() REPRESENTATION_CONTEXT('2D SPACE',''
  ) );
#2320 = PCURVE('',#2321,#2326);
#2321 = PLANE('',#2322);
#2322 = AXIS2_PLACEMENT_3D('',#2323,#2324,#2325);
#2323 = CARTESIAN_POINT('',(-14.435,1.555,2.));
#2324 = DIRECTION('',(0.,1.,0.));
#2325 = DIRECTION('',(0.,0.,1.));
#2326 = DEFINITIONAL_REPRESENTATION('',(#2327),#2330);
#2327 = B_SPLINE_CURVE_WITH_KNOTS('',1,(#2328,#2329),.UNSPECIFIED.,.F.,
  .F.,(2,2),(-0.8825,-0.2825),.PIECEWISE_BEZIER_KNOTS.);
#2328 = CARTESIAN_POINT('',(2.5,0.6));
#2329 = CARTESIAN_POINT('',(2.5,0.));
#2330 = ( GEOMETRIC_REPRESENTATION_CONTEXT(2) 
PARAMETRIC_REPRESENTATION_CONTEXT() REPRESENTATION_CONTEXT('2D SPACE',''
  ) );
#2331 = ORIENTED_EDGE('',*,*,#2332,.T.);
#2332 = EDGE_CURVE('',#2307,#2333,#2335,.T.);
#2333 = VERTEX_POINT('',#2334);
#2334 = CARTESIAN_POINT('',(-14.435,2.155,4.5));
#2335 = SURFACE_CURVE('',#2336,(#2340,#2346),.PCURVE_S1.);
#2336 = LINE('',#2337,#2338);
#2337 = CARTESIAN_POINT('',(-14.435,-2.5225,4.5));
#2338 = VECTOR('',#2339,1.);
#2339 = DIRECTION('',(0.,1.,0.));
#2340 = PCURVE('',#859,#2341);
#2341 = DEFINITIONAL_REPRESENTATION('',(#2342),#2345);
#2342 = B_SPLINE_CURVE_WITH_KNOTS('',1,(#2343,#2344),.UNSPECIFIED.,.F.,
  .F.,(2,2),(4.0775,4.6775),.PIECEWISE_BEZIER_KNOTS.);
#2343 = CARTESIAN_POINT('',(0.565,8.155));
#2344 = CARTESIAN_POINT('',(0.565,8.755));
#2345 = ( GEOMETRIC_REPRESENTATION_CONTEXT(2) 
PARAMETRIC_REPRESENTATION_CONTEXT() REPRESENTATION_CONTEXT('2D SPACE',''
  ) );
#2346 = PCURVE('',#2347,#2352);
#2347 = PLANE('',#2348);
#2348 = AXIS2_PLACEMENT_3D('',#2349,#2350,#2351);
#2349 = CARTESIAN_POINT('',(-14.435,1.555,2.));
#2350 = DIRECTION('',(1.,0.,0.));
#2351 = DIRECTION('',(0.,0.,1.));
#2352 = DEFINITIONAL_REPRESENTATION('',(#2353),#2356);
#2353 = B_SPLINE_CURVE_WITH_KNOTS('',1,(#2354,#2355),.UNSPECIFIED.,.F.,
  .F.,(2,2),(4.0775,4.6775),.PIECEWISE_BEZIER_KNOTS.);
#2354 = CARTESIAN_POINT('',(2.5,0.));
#2355 = CARTESIAN_POINT('',(2.5,-0.6));
#2356 = ( GEOMETRIC_REPRESENTATION_CONTEXT(2) 
PARAMETRIC_REPRESENTATION_CONTEXT() REPRESENTATION_CONTEXT('2D SPACE',''
  ) );
#2357 = ORIENTED_EDGE('',*,*,#2358,.F.);
#2358 = EDGE_CURVE('',#2359,#2333,#2361,.T.);
#2359 = VERTEX_POINT('',#2360);
#2360 = CARTESIAN_POINT('',(-13.835,2.155,4.5));
#2361 = SURFACE_CURVE('',#2362,(#2366,#2372),.PCURVE_S1.);
#2362 = LINE('',#2363,#2364);
#2363 = CARTESIAN_POINT('',(-14.7175,2.155,4.5));
#2364 = VECTOR('',#2365,1.);
#2365 = DIRECTION('',(-1.,0.,0.));
#2366 = PCURVE('',#859,#2367);
#2367 = DEFINITIONAL_REPRESENTATION('',(#2368),#2371);
#2368 = B_SPLINE_CURVE_WITH_KNOTS('',1,(#2369,#2370),.UNSPECIFIED.,.F.,
  .F.,(2,2),(-0.8825,-0.2825),.PIECEWISE_BEZIER_KNOTS.);
#2369 = CARTESIAN_POINT('',(1.165,8.755));
#2370 = CARTESIAN_POINT('',(0.565,8.755));
#2371 = ( GEOMETRIC_REPRESENTATION_CONTEXT(2) 
PARAMETRIC_REPRESENTATION_CONTEXT() REPRESENTATION_CONTEXT('2D SPACE',''
  ) );
#2372 = PCURVE('',#2373,#2378);
#2373 = PLANE('',#2374);
#2374 = AXIS2_PLACEMENT_3D('',#2375,#2376,#2377);
#2375 = CARTESIAN_POINT('',(-14.435,2.155,2.));
#2376 = DIRECTION('',(0.,1.,0.));
#2377 = DIRECTION('',(0.,0.,1.));
#2378 = DEFINITIONAL_REPRESENTATION('',(#2379),#2382);
#2379 = B_SPLINE_CURVE_WITH_KNOTS('',1,(#2380,#2381),.UNSPECIFIED.,.F.,
  .F.,(2,2),(-0.8825,-0.2825),.PIECEWISE_BEZIER_KNOTS.);
#2380 = CARTESIAN_POINT('',(2.5,0.6));
#2381 = CARTESIAN_POINT('',(2.5,0.));
#2382 = ( GEOMETRIC_REPRESENTATION_CONTEXT(2) 
PARAMETRIC_REPRESENTATION_CONTEXT() REPRESENTATION_CONTEXT('2D SPACE',''
  ) );
#2383 = ORIENTED_EDGE('',*,*,#2384,.F.);
#2384 = EDGE_CURVE('',#2305,#2359,#2385,.T.);
#2385 = SURFACE_CURVE('',#2386,(#2390,#2396),.PCURVE_S1.);
#2386 = LINE('',#2387,#2388);
#2387 = CARTESIAN_POINT('',(-13.835,-2.5225,4.5));
#2388 = VECTOR('',#2389,1.);
#2389 = DIRECTION('',(0.,1.,0.));
#2390 = PCURVE('',#859,#2391);
#2391 = DEFINITIONAL_REPRESENTATION('',(#2392),#2395);
#2392 = B_SPLINE_CURVE_WITH_KNOTS('',1,(#2393,#2394),.UNSPECIFIED.,.F.,
  .F.,(2,2),(4.0775,4.6775),.PIECEWISE_BEZIER_KNOTS.);
#2393 = CARTESIAN_POINT('',(1.165,8.155));
#2394 = CARTESIAN_POINT('',(1.165,8.755));
#2395 = ( GEOMETRIC_REPRESENTATION_CONTEXT(2) 
PARAMETRIC_REPRESENTATION_CONTEXT() REPRESENTATION_CONTEXT('2D SPACE',''
  ) );
#2396 = PCURVE('',#2397,#2402);
#2397 = PLANE('',#2398);
#2398 = AXIS2_PLACEMENT_3D('',#2399,#2400,#2401);
#2399 = CARTESIAN_POINT('',(-13.835,1.555,2.));
#2400 = DIRECTION('',(1.,0.,0.));
#2401 = DIRECTION('',(0.,0.,1.));
#2402 = DEFINITIONAL_REPRESENTATION('',(#2403),#2406);
#2403 = B_SPLINE_CURVE_WITH_KNOTS('',1,(#2404,#2405),.UNSPECIFIED.,.F.,
  .F.,(2,2),(4.0775,4.6775),.PIECEWISE_BEZIER_KNOTS.);
#2404 = CARTESIAN_POINT('',(2.5,0.));
#2405 = CARTESIAN_POINT('',(2.5,-0.6));
#2406 = ( GEOMETRIC_REPRESENTATION_CONTEXT(2) 
PARAMETRIC_REPRESENTATION_CONTEXT() REPRESENTATION_CONTEXT('2D SPACE',''
  ) );
#2407 = FACE_BOUND('',#2408,.T.);
#2408 = EDGE_LOOP('',(#2409,#2437,#2463,#2489));
#2409 = ORIENTED_EDGE('',*,*,#2410,.T.);
#2410 = EDGE_CURVE('',#2411,#2413,#2415,.T.);
#2411 = VERTEX_POINT('',#2412);
#2412 = CARTESIAN_POINT('',(-13.835,2.825,4.5));
#2413 = VERTEX_POINT('',#2414);
#2414 = CARTESIAN_POINT('',(-14.435,2.825,4.5));
#2415 = SURFACE_CURVE('',#2416,(#2420,#2426),.PCURVE_S1.);
#2416 = LINE('',#2417,#2418);
#2417 = CARTESIAN_POINT('',(-14.7175,2.825,4.5));
#2418 = VECTOR('',#2419,1.);
#2419 = DIRECTION('',(-1.,0.,0.));
#2420 = PCURVE('',#859,#2421);
#2421 = DEFINITIONAL_REPRESENTATION('',(#2422),#2425);
#2422 = B_SPLINE_CURVE_WITH_KNOTS('',1,(#2423,#2424),.UNSPECIFIED.,.F.,
  .F.,(2,2),(-0.8825,-0.2825),.PIECEWISE_BEZIER_KNOTS.);
#2423 = CARTESIAN_POINT('',(1.165,9.425));
#2424 = CARTESIAN_POINT('',(0.565,9.425));
#2425 = ( GEOMETRIC_REPRESENTATION_CONTEXT(2) 
PARAMETRIC_REPRESENTATION_CONTEXT() REPRESENTATION_CONTEXT('2D SPACE',''
  ) );
#2426 = PCURVE('',#2427,#2432);
#2427 = PLANE('',#2428);
#2428 = AXIS2_PLACEMENT_3D('',#2429,#2430,#2431);
#2429 = CARTESIAN_POINT('',(-14.435,2.825,2.));
#2430 = DIRECTION('',(0.,1.,0.));
#2431 = DIRECTION('',(0.,0.,1.));
#2432 = DEFINITIONAL_REPRESENTATION('',(#2433),#2436);
#2433 = B_SPLINE_CURVE_WITH_KNOTS('',1,(#2434,#2435),.UNSPECIFIED.,.F.,
  .F.,(2,2),(-0.8825,-0.2825),.PIECEWISE_BEZIER_KNOTS.);
#2434 = CARTESIAN_POINT('',(2.5,0.6));
#2435 = CARTESIAN_POINT('',(2.5,0.));
#2436 = ( GEOMETRIC_REPRESENTATION_CONTEXT(2) 
PARAMETRIC_REPRESENTATION_CONTEXT() REPRESENTATION_CONTEXT('2D SPACE',''
  ) );
#2437 = ORIENTED_EDGE('',*,*,#2438,.T.);
#2438 = EDGE_CURVE('',#2413,#2439,#2441,.T.);
#2439 = VERTEX_POINT('',#2440);
#2440 = CARTESIAN_POINT('',(-14.435,3.425,4.5));
#2441 = SURFACE_CURVE('',#2442,(#2446,#2452),.PCURVE_S1.);
#2442 = LINE('',#2443,#2444);
#2443 = CARTESIAN_POINT('',(-14.435,-1.8875,4.5));
#2444 = VECTOR('',#2445,1.);
#2445 = DIRECTION('',(0.,1.,0.));
#2446 = PCURVE('',#859,#2447);
#2447 = DEFINITIONAL_REPRESENTATION('',(#2448),#2451);
#2448 = B_SPLINE_CURVE_WITH_KNOTS('',1,(#2449,#2450),.UNSPECIFIED.,.F.,
  .F.,(2,2),(4.7125,5.3125),.PIECEWISE_BEZIER_KNOTS.);
#2449 = CARTESIAN_POINT('',(0.565,9.425));
#2450 = CARTESIAN_POINT('',(0.565,10.025));
#2451 = ( GEOMETRIC_REPRESENTATION_CONTEXT(2) 
PARAMETRIC_REPRESENTATION_CONTEXT() REPRESENTATION_CONTEXT('2D SPACE',''
  ) );
#2452 = PCURVE('',#2453,#2458);
#2453 = PLANE('',#2454);
#2454 = AXIS2_PLACEMENT_3D('',#2455,#2456,#2457);
#2455 = CARTESIAN_POINT('',(-14.435,2.825,2.));
#2456 = DIRECTION('',(1.,0.,0.));
#2457 = DIRECTION('',(0.,0.,1.));
#2458 = DEFINITIONAL_REPRESENTATION('',(#2459),#2462);
#2459 = B_SPLINE_CURVE_WITH_KNOTS('',1,(#2460,#2461),.UNSPECIFIED.,.F.,
  .F.,(2,2),(4.7125,5.3125),.PIECEWISE_BEZIER_KNOTS.);
#2460 = CARTESIAN_POINT('',(2.5,0.));
#2461 = CARTESIAN_POINT('',(2.5,-0.6));
#2462 = ( GEOMETRIC_REPRESENTATION_CONTEXT(2) 
PARAMETRIC_REPRESENTATION_CONTEXT() REPRESENTATION_CONTEXT('2D SPACE',''
  ) );
#2463 = ORIENTED_EDGE('',*,*,#2464,.F.);
#2464 = EDGE_CURVE('',#2465,#2439,#2467,.T.);
#2465 = VERTEX_POINT('',#2466);
#2466 = CARTESIAN_POINT('',(-13.835,3.425,4.5));
#2467 = SURFACE_CURVE('',#2468,(#2472,#2478),.PCURVE_S1.);
#2468 = LINE('',#2469,#2470);
#2469 = CARTESIAN_POINT('',(-14.7175,3.425,4.5));
#2470 = VECTOR('',#2471,1.);
#2471 = DIRECTION('',(-1.,0.,0.));
#2472 = PCURVE('',#859,#2473);
#2473 = DEFINITIONAL_REPRESENTATION('',(#2474),#2477);
#2474 = B_SPLINE_CURVE_WITH_KNOTS('',1,(#2475,#2476),.UNSPECIFIED.,.F.,
  .F.,(2,2),(-0.8825,-0.2825),.PIECEWISE_BEZIER_KNOTS.);
#2475 = CARTESIAN_POINT('',(1.165,10.025));
#2476 = CARTESIAN_POINT('',(0.565,10.025));
#2477 = ( GEOMETRIC_REPRESENTATION_CONTEXT(2) 
PARAMETRIC_REPRESENTATION_CONTEXT() REPRESENTATION_CONTEXT('2D SPACE',''
  ) );
#2478 = PCURVE('',#2479,#2484);
#2479 = PLANE('',#2480);
#2480 = AXIS2_PLACEMENT_3D('',#2481,#2482,#2483);
#2481 = CARTESIAN_POINT('',(-14.435,3.425,2.));
#2482 = DIRECTION('',(0.,1.,0.));
#2483 = DIRECTION('',(0.,0.,1.));
#2484 = DEFINITIONAL_REPRESENTATION('',(#2485),#2488);
#2485 = B_SPLINE_CURVE_WITH_KNOTS('',1,(#2486,#2487),.UNSPECIFIED.,.F.,
  .F.,(2,2),(-0.8825,-0.2825),.PIECEWISE_BEZIER_KNOTS.);
#2486 = CARTESIAN_POINT('',(2.5,0.6));
#2487 = CARTESIAN_POINT('',(2.5,0.));
#2488 = ( GEOMETRIC_REPRESENTATION_CONTEXT(2) 
PARAMETRIC_REPRESENTATION_CONTEXT() REPRESENTATION_CONTEXT('2D SPACE',''
  ) );
#2489 = ORIENTED_EDGE('',*,*,#2490,.F.);
#2490 = EDGE_CURVE('',#2411,#2465,#2491,.T.);
#2491 = SURFACE_CURVE('',#2492,(#2496,#2502),.PCURVE_S1.);
#2492 = LINE('',#2493,#2494);
#2493 = CARTESIAN_POINT('',(-13.835,-1.8875,4.5));
#2494 = VECTOR('',#2495,1.);
#2495 = DIRECTION('',(0.,1.,0.));
#2496 = PCURVE('',#859,#2497);
#2497 = DEFINITIONAL_REPRESENTATION('',(#2498),#2501);
#2498 = B_SPLINE_CURVE_WITH_KNOTS('',1,(#2499,#2500),.UNSPECIFIED.,.F.,
  .F.,(2,2),(4.7125,5.3125),.PIECEWISE_BEZIER_KNOTS.);
#2499 = CARTESIAN_POINT('',(1.165,9.425));
#2500 = CARTESIAN_POINT('',(1.165,10.025));
#2501 = ( GEOMETRIC_REPRESENTATION_CONTEXT(2) 
PARAMETRIC_REPRESENTATION_CONTEXT() REPRESENTATION_CONTEXT('2D SPACE',''
  ) );
#2502 = PCURVE('',#2503,#2508);
#2503 = PLANE('',#2504);
#2504 = AXIS2_PLACEMENT_3D('',#2505,#2506,#2507);
#2505 = CARTESIAN_POINT('',(-13.835,2.825,2.));
#2506 = DIRECTION('',(1.,0.,0.));
#2507 = DIRECTION('',(0.,0.,1.));
#2508 = DEFINITIONAL_REPRESENTATION('',(#2509),#2512);
#2509 = B_SPLINE_CURVE_WITH_KNOTS('',1,(#2510,#2511),.UNSPECIFIED.,.F.,
  .F.,(2,2),(4.7125,5.3125),.PIECEWISE_BEZIER_KNOTS.);
#2510 = CARTESIAN_POINT('',(2.5,0.));
#2511 = CARTESIAN_POINT('',(2.5,-0.6));
#2512 = ( GEOMETRIC_REPRESENTATION_CONTEXT(2) 
PARAMETRIC_REPRESENTATION_CONTEXT() REPRESENTATION_CONTEXT('2D SPACE',''
  ) );
#2513 = FACE_BOUND('',#2514,.T.);
#2514 = EDGE_LOOP('',(#2515,#2543,#2569,#2595));
#2515 = ORIENTED_EDGE('',*,*,#2516,.T.);
#2516 = EDGE_CURVE('',#2517,#2519,#2521,.T.);
#2517 = VERTEX_POINT('',#2518);
#2518 = CARTESIAN_POINT('',(-13.835,4.095,4.5));
#2519 = VERTEX_POINT('',#2520);
#2520 = CARTESIAN_POINT('',(-14.435,4.095,4.5));
#2521 = SURFACE_CURVE('',#2522,(#2526,#2532),.PCURVE_S1.);
#2522 = LINE('',#2523,#2524);
#2523 = CARTESIAN_POINT('',(-14.7175,4.095,4.5));
#2524 = VECTOR('',#2525,1.);
#2525 = DIRECTION('',(-1.,0.,0.));
#2526 = PCURVE('',#859,#2527);
#2527 = DEFINITIONAL_REPRESENTATION('',(#2528),#2531);
#2528 = B_SPLINE_CURVE_WITH_KNOTS('',1,(#2529,#2530),.UNSPECIFIED.,.F.,
  .F.,(2,2),(-0.8825,-0.2825),.PIECEWISE_BEZIER_KNOTS.);
#2529 = CARTESIAN_POINT('',(1.165,10.695));
#2530 = CARTESIAN_POINT('',(0.565,10.695));
#2531 = ( GEOMETRIC_REPRESENTATION_CONTEXT(2) 
PARAMETRIC_REPRESENTATION_CONTEXT() REPRESENTATION_CONTEXT('2D SPACE',''
  ) );
#2532 = PCURVE('',#2533,#2538);
#2533 = PLANE('',#2534);
#2534 = AXIS2_PLACEMENT_3D('',#2535,#2536,#2537);
#2535 = CARTESIAN_POINT('',(-14.435,4.095,2.));
#2536 = DIRECTION('',(0.,1.,0.));
#2537 = DIRECTION('',(0.,0.,1.));
#2538 = DEFINITIONAL_REPRESENTATION('',(#2539),#2542);
#2539 = B_SPLINE_CURVE_WITH_KNOTS('',1,(#2540,#2541),.UNSPECIFIED.,.F.,
  .F.,(2,2),(-0.8825,-0.2825),.PIECEWISE_BEZIER_KNOTS.);
#2540 = CARTESIAN_POINT('',(2.5,0.6));
#2541 = CARTESIAN_POINT('',(2.5,0.));
#2542 = ( GEOMETRIC_REPRESENTATION_CONTEXT(2) 
PARAMETRIC_REPRESENTATION_CONTEXT() REPRESENTATION_CONTEXT('2D SPACE',''
  ) );
#2543 = ORIENTED_EDGE('',*,*,#2544,.T.);
#2544 = EDGE_CURVE('',#2519,#2545,#2547,.T.);
#2545 = VERTEX_POINT('',#2546);
#2546 = CARTESIAN_POINT('',(-14.435,4.695,4.5));
#2547 = SURFACE_CURVE('',#2548,(#2552,#2558),.PCURVE_S1.);
#2548 = LINE('',#2549,#2550);
#2549 = CARTESIAN_POINT('',(-14.435,-1.2525,4.5));
#2550 = VECTOR('',#2551,1.);
#2551 = DIRECTION('',(0.,1.,0.));
#2552 = PCURVE('',#859,#2553);
#2553 = DEFINITIONAL_REPRESENTATION('',(#2554),#2557);
#2554 = B_SPLINE_CURVE_WITH_KNOTS('',1,(#2555,#2556),.UNSPECIFIED.,.F.,
  .F.,(2,2),(5.3475,5.9475),.PIECEWISE_BEZIER_KNOTS.);
#2555 = CARTESIAN_POINT('',(0.565,10.695));
#2556 = CARTESIAN_POINT('',(0.565,11.295));
#2557 = ( GEOMETRIC_REPRESENTATION_CONTEXT(2) 
PARAMETRIC_REPRESENTATION_CONTEXT() REPRESENTATION_CONTEXT('2D SPACE',''
  ) );
#2558 = PCURVE('',#2559,#2564);
#2559 = PLANE('',#2560);
#2560 = AXIS2_PLACEMENT_3D('',#2561,#2562,#2563);
#2561 = CARTESIAN_POINT('',(-14.435,4.095,2.));
#2562 = DIRECTION('',(1.,0.,0.));
#2563 = DIRECTION('',(0.,0.,1.));
#2564 = DEFINITIONAL_REPRESENTATION('',(#2565),#2568);
#2565 = B_SPLINE_CURVE_WITH_KNOTS('',1,(#2566,#2567),.UNSPECIFIED.,.F.,
  .F.,(2,2),(5.3475,5.9475),.PIECEWISE_BEZIER_KNOTS.);
#2566 = CARTESIAN_POINT('',(2.5,0.));
#2567 = CARTESIAN_POINT('',(2.5,-0.6));
#2568 = ( GEOMETRIC_REPRESENTATION_CONTEXT(2) 
PARAMETRIC_REPRESENTATION_CONTEXT() REPRESENTATION_CONTEXT('2D SPACE',''
  ) );
#2569 = ORIENTED_EDGE('',*,*,#2570,.F.);
#2570 = EDGE_CURVE('',#2571,#2545,#2573,.T.);
#2571 = VERTEX_POINT('',#2572);
#2572 = CARTESIAN_POINT('',(-13.835,4.695,4.5));
#2573 = SURFACE_CURVE('',#2574,(#2578,#2584),.PCURVE_S1.);
#2574 = LINE('',#2575,#2576);
#2575 = CARTESIAN_POINT('',(-14.7175,4.695,4.5));
#2576 = VECTOR('',#2577,1.);
#2577 = DIRECTION('',(-1.,0.,0.));
#2578 = PCURVE('',#859,#2579);
#2579 = DEFINITIONAL_REPRESENTATION('',(#2580),#2583);
#2580 = B_SPLINE_CURVE_WITH_KNOTS('',1,(#2581,#2582),.UNSPECIFIED.,.F.,
  .F.,(2,2),(-0.8825,-0.2825),.PIECEWISE_BEZIER_KNOTS.);
#2581 = CARTESIAN_POINT('',(1.165,11.295));
#2582 = CARTESIAN_POINT('',(0.565,11.295));
#2583 = ( GEOMETRIC_REPRESENTATION_CONTEXT(2) 
PARAMETRIC_REPRESENTATION_CONTEXT() REPRESENTATION_CONTEXT('2D SPACE',''
  ) );
#2584 = PCURVE('',#2585,#2590);
#2585 = PLANE('',#2586);
#2586 = AXIS2_PLACEMENT_3D('',#2587,#2588,#2589);
#2587 = CARTESIAN_POINT('',(-14.435,4.695,2.));
#2588 = DIRECTION('',(0.,1.,0.));
#2589 = DIRECTION('',(0.,0.,1.));
#2590 = DEFINITIONAL_REPRESENTATION('',(#2591),#2594);
#2591 = B_SPLINE_CURVE_WITH_KNOTS('',1,(#2592,#2593),.UNSPECIFIED.,.F.,
  .F.,(2,2),(-0.8825,-0.2825),.PIECEWISE_BEZIER_KNOTS.);
#2592 = CARTESIAN_POINT('',(2.5,0.6));
#2593 = CARTESIAN_POINT('',(2.5,0.));
#2594 = ( GEOMETRIC_REPRESENTATION_CONTEXT(2) 
PARAMETRIC_REPRESENTATION_CONTEXT() REPRESENTATION_CONTEXT('2D SPACE',''
  ) );
#2595 = ORIENTED_EDGE('',*,*,#2596,.F.);
#2596 = EDGE_CURVE('',#2517,#2571,#2597,.T.);
#2597 = SURFACE_CURVE('',#2598,(#2602,#2608),.PCURVE_S1.);
#2598 = LINE('',#2599,#2600);
#2599 = CARTESIAN_POINT('',(-13.835,-1.2525,4.5));
#2600 = VECTOR('',#2601,1.);
#2601 = DIRECTION('',(0.,1.,0.));
#2602 = PCURVE('',#859,#2603);
#2603 = DEFINITIONAL_REPRESENTATION('',(#2604),#2607);
#2604 = B_SPLINE_CURVE_WITH_KNOTS('',1,(#2605,#2606),.UNSPECIFIED.,.F.,
  .F.,(2,2),(5.3475,5.9475),.PIECEWISE_BEZIER_KNOTS.);
#2605 = CARTESIAN_POINT('',(1.165,10.695));
#2606 = CARTESIAN_POINT('',(1.165,11.295));
#2607 = ( GEOMETRIC_REPRESENTATION_CONTEXT(2) 
PARAMETRIC_REPRESENTATION_CONTEXT() REPRESENTATION_CONTEXT('2D SPACE',''
  ) );
#2608 = PCURVE('',#2609,#2614);
#2609 = PLANE('',#2610);
#2610 = AXIS2_PLACEMENT_3D('',#2611,#2612,#2613);
#2611 = CARTESIAN_POINT('',(-13.835,4.095,2.));
#2612 = DIRECTION('',(1.,0.,0.));
#2613 = DIRECTION('',(0.,0.,1.));
#2614 = DEFINITIONAL_REPRESENTATION('',(#2615),#2618);
#2615 = B_SPLINE_CURVE_WITH_KNOTS('',1,(#2616,#2617),.UNSPECIFIED.,.F.,
  .F.,(2,2),(5.3475,5.9475),.PIECEWISE_BEZIER_KNOTS.);
#2616 = CARTESIAN_POINT('',(2.5,0.));
#2617 = CARTESIAN_POINT('',(2.5,-0.6));
#2618 = ( GEOMETRIC_REPRESENTATION_CONTEXT(2) 
PARAMETRIC_REPRESENTATION_CONTEXT() REPRESENTATION_CONTEXT('2D SPACE',''
  ) );
#2619 = FACE_BOUND('',#2620,.T.);
#2620 = EDGE_LOOP('',(#2621,#2649,#2675,#2701));
#2621 = ORIENTED_EDGE('',*,*,#2622,.T.);
#2622 = EDGE_CURVE('',#2623,#2625,#2627,.T.);
#2623 = VERTEX_POINT('',#2624);
#2624 = CARTESIAN_POINT('',(-13.835,5.365,4.5));
#2625 = VERTEX_POINT('',#2626);
#2626 = CARTESIAN_POINT('',(-14.435,5.365,4.5));
#2627 = SURFACE_CURVE('',#2628,(#2632,#2638),.PCURVE_S1.);
#2628 = LINE('',#2629,#2630);
#2629 = CARTESIAN_POINT('',(-14.7175,5.365,4.5));
#2630 = VECTOR('',#2631,1.);
#2631 = DIRECTION('',(-1.,0.,0.));
#2632 = PCURVE('',#859,#2633);
#2633 = DEFINITIONAL_REPRESENTATION('',(#2634),#2637);
#2634 = B_SPLINE_CURVE_WITH_KNOTS('',1,(#2635,#2636),.UNSPECIFIED.,.F.,
  .F.,(2,2),(-0.8825,-0.2825),.PIECEWISE_BEZIER_KNOTS.);
#2635 = CARTESIAN_POINT('',(1.165,11.965));
#2636 = CARTESIAN_POINT('',(0.565,11.965));
#2637 = ( GEOMETRIC_REPRESENTATION_CONTEXT(2) 
PARAMETRIC_REPRESENTATION_CONTEXT() REPRESENTATION_CONTEXT('2D SPACE',''
  ) );
#2638 = PCURVE('',#2639,#2644);
#2639 = PLANE('',#2640);
#2640 = AXIS2_PLACEMENT_3D('',#2641,#2642,#2643);
#2641 = CARTESIAN_POINT('',(-14.435,5.365,2.));
#2642 = DIRECTION('',(0.,1.,0.));
#2643 = DIRECTION('',(0.,0.,1.));
#2644 = DEFINITIONAL_REPRESENTATION('',(#2645),#2648);
#2645 = B_SPLINE_CURVE_WITH_KNOTS('',1,(#2646,#2647),.UNSPECIFIED.,.F.,
  .F.,(2,2),(-0.8825,-0.2825),.PIECEWISE_BEZIER_KNOTS.);
#2646 = CARTESIAN_POINT('',(2.5,0.6));
#2647 = CARTESIAN_POINT('',(2.5,0.));
#2648 = ( GEOMETRIC_REPRESENTATION_CONTEXT(2) 
PARAMETRIC_REPRESENTATION_CONTEXT() REPRESENTATION_CONTEXT('2D SPACE',''
  ) );
#2649 = ORIENTED_EDGE('',*,*,#2650,.T.);
#2650 = EDGE_CURVE('',#2625,#2651,#2653,.T.);
#2651 = VERTEX_POINT('',#2652);
#2652 = CARTESIAN_POINT('',(-14.435,5.965,4.5));
#2653 = SURFACE_CURVE('',#2654,(#2658,#2664),.PCURVE_S1.);
#2654 = LINE('',#2655,#2656);
#2655 = CARTESIAN_POINT('',(-14.435,-0.6175,4.5));
#2656 = VECTOR('',#2657,1.);
#2657 = DIRECTION('',(0.,1.,0.));
#2658 = PCURVE('',#859,#2659);
#2659 = DEFINITIONAL_REPRESENTATION('',(#2660),#2663);
#2660 = B_SPLINE_CURVE_WITH_KNOTS('',1,(#2661,#2662),.UNSPECIFIED.,.F.,
  .F.,(2,2),(5.9825,6.5825),.PIECEWISE_BEZIER_KNOTS.);
#2661 = CARTESIAN_POINT('',(0.565,11.965));
#2662 = CARTESIAN_POINT('',(0.565,12.565));
#2663 = ( GEOMETRIC_REPRESENTATION_CONTEXT(2) 
PARAMETRIC_REPRESENTATION_CONTEXT() REPRESENTATION_CONTEXT('2D SPACE',''
  ) );
#2664 = PCURVE('',#2665,#2670);
#2665 = PLANE('',#2666);
#2666 = AXIS2_PLACEMENT_3D('',#2667,#2668,#2669);
#2667 = CARTESIAN_POINT('',(-14.435,5.365,2.));
#2668 = DIRECTION('',(1.,0.,0.));
#2669 = DIRECTION('',(0.,0.,1.));
#2670 = DEFINITIONAL_REPRESENTATION('',(#2671),#2674);
#2671 = B_SPLINE_CURVE_WITH_KNOTS('',1,(#2672,#2673),.UNSPECIFIED.,.F.,
  .F.,(2,2),(5.9825,6.5825),.PIECEWISE_BEZIER_KNOTS.);
#2672 = CARTESIAN_POINT('',(2.5,0.));
#2673 = CARTESIAN_POINT('',(2.5,-0.6));
#2674 = ( GEOMETRIC_REPRESENTATION_CONTEXT(2) 
PARAMETRIC_REPRESENTATION_CONTEXT() REPRESENTATION_CONTEXT('2D SPACE',''
  ) );
#2675 = ORIENTED_EDGE('',*,*,#2676,.F.);
#2676 = EDGE_CURVE('',#2677,#2651,#2679,.T.);
#2677 = VERTEX_POINT('',#2678);
#2678 = CARTESIAN_POINT('',(-13.835,5.965,4.5));
#2679 = SURFACE_CURVE('',#2680,(#2684,#2690),.PCURVE_S1.);
#2680 = LINE('',#2681,#2682);
#2681 = CARTESIAN_POINT('',(-14.7175,5.965,4.5));
#2682 = VECTOR('',#2683,1.);
#2683 = DIRECTION('',(-1.,0.,0.));
#2684 = PCURVE('',#859,#2685);
#2685 = DEFINITIONAL_REPRESENTATION('',(#2686),#2689);
#2686 = B_SPLINE_CURVE_WITH_KNOTS('',1,(#2687,#2688),.UNSPECIFIED.,.F.,
  .F.,(2,2),(-0.8825,-0.2825),.PIECEWISE_BEZIER_KNOTS.);
#2687 = CARTESIAN_POINT('',(1.165,12.565));
#2688 = CARTESIAN_POINT('',(0.565,12.565));
#2689 = ( GEOMETRIC_REPRESENTATION_CONTEXT(2) 
PARAMETRIC_REPRESENTATION_CONTEXT() REPRESENTATION_CONTEXT('2D SPACE',''
  ) );
#2690 = PCURVE('',#2691,#2696);
#2691 = PLANE('',#2692);
#2692 = AXIS2_PLACEMENT_3D('',#2693,#2694,#2695);
#2693 = CARTESIAN_POINT('',(-14.435,5.965,2.));
#2694 = DIRECTION('',(0.,1.,0.));
#2695 = DIRECTION('',(0.,0.,1.));
#2696 = DEFINITIONAL_REPRESENTATION('',(#2697),#2700);
#2697 = B_SPLINE_CURVE_WITH_KNOTS('',1,(#2698,#2699),.UNSPECIFIED.,.F.,
  .F.,(2,2),(-0.8825,-0.2825),.PIECEWISE_BEZIER_KNOTS.);
#2698 = CARTESIAN_POINT('',(2.5,0.6));
#2699 = CARTESIAN_POINT('',(2.5,0.));
#2700 = ( GEOMETRIC_REPRESENTATION_CONTEXT(2) 
PARAMETRIC_REPRESENTATION_CONTEXT() REPRESENTATION_CONTEXT('2D SPACE',''
  ) );
#2701 = ORIENTED_EDGE('',*,*,#2702,.F.);
#2702 = EDGE_CURVE('',#2623,#2677,#2703,.T.);
#2703 = SURFACE_CURVE('',#2704,(#2708,#2714),.PCURVE_S1.);
#2704 = LINE('',#2705,#2706);
#2705 = CARTESIAN_POINT('',(-13.835,-0.6175,4.5));
#2706 = VECTOR('',#2707,1.);
#2707 = DIRECTION('',(0.,1.,0.));
#2708 = PCURVE('',#859,#2709);
#2709 = DEFINITIONAL_REPRESENTATION('',(#2710),#2713);
#2710 = B_SPLINE_CURVE_WITH_KNOTS('',1,(#2711,#2712),.UNSPECIFIED.,.F.,
  .F.,(2,2),(5.9825,6.5825),.PIECEWISE_BEZIER_KNOTS.);
#2711 = CARTESIAN_POINT('',(1.165,11.965));
#2712 = CARTESIAN_POINT('',(1.165,12.565));
#2713 = ( GEOMETRIC_REPRESENTATION_CONTEXT(2) 
PARAMETRIC_REPRESENTATION_CONTEXT() REPRESENTATION_CONTEXT('2D SPACE',''
  ) );
#2714 = PCURVE('',#2715,#2720);
#2715 = PLANE('',#2716);
#2716 = AXIS2_PLACEMENT_3D('',#2717,#2718,#2719);
#2717 = CARTESIAN_POINT('',(-13.835,5.365,2.));
#2718 = DIRECTION('',(1.,0.,0.));
#2719 = DIRECTION('',(0.,0.,1.));
#2720 = DEFINITIONAL_REPRESENTATION('',(#2721),#2724);
#2721 = B_SPLINE_CURVE_WITH_KNOTS('',1,(#2722,#2723),.UNSPECIFIED.,.F.,
  .F.,(2,2),(5.9825,6.5825),.PIECEWISE_BEZIER_KNOTS.);
#2722 = CARTESIAN_POINT('',(2.5,0.));
#2723 = CARTESIAN_POINT('',(2.5,-0.6));
#2724 = ( GEOMETRIC_REPRESENTATION_CONTEXT(2) 
PARAMETRIC_REPRESENTATION_CONTEXT() REPRESENTATION_CONTEXT('2D SPACE',''
  ) );
#2725 = FACE_BOUND('',#2726,.T.);
#2726 = EDGE_LOOP('',(#2727,#2755,#2781,#2807));
#2727 = ORIENTED_EDGE('',*,*,#2728,.T.);
#2728 = EDGE_CURVE('',#2729,#2731,#2733,.T.);
#2729 = VERTEX_POINT('',#2730);
#2730 = CARTESIAN_POINT('',(-12.565,0.285,4.5));
#2731 = VERTEX_POINT('',#2732);
#2732 = CARTESIAN_POINT('',(-13.165,0.285,4.5));
#2733 = SURFACE_CURVE('',#2734,(#2738,#2744),.PCURVE_S1.);
#2734 = LINE('',#2735,#2736);
#2735 = CARTESIAN_POINT('',(-14.0825,0.285,4.5));
#2736 = VECTOR('',#2737,1.);
#2737 = DIRECTION('',(-1.,0.,0.));
#2738 = PCURVE('',#859,#2739);
#2739 = DEFINITIONAL_REPRESENTATION('',(#2740),#2743);
#2740 = B_SPLINE_CURVE_WITH_KNOTS('',1,(#2741,#2742),.UNSPECIFIED.,.F.,
  .F.,(2,2),(-1.5175,-0.9175),.PIECEWISE_BEZIER_KNOTS.);
#2741 = CARTESIAN_POINT('',(2.435,6.885));
#2742 = CARTESIAN_POINT('',(1.835,6.885));
#2743 = ( GEOMETRIC_REPRESENTATION_CONTEXT(2) 
PARAMETRIC_REPRESENTATION_CONTEXT() REPRESENTATION_CONTEXT('2D SPACE',''
  ) );
#2744 = PCURVE('',#2745,#2750);
#2745 = PLANE('',#2746);
#2746 = AXIS2_PLACEMENT_3D('',#2747,#2748,#2749);
#2747 = CARTESIAN_POINT('',(-13.165,0.285,2.));
#2748 = DIRECTION('',(0.,1.,0.));
#2749 = DIRECTION('',(0.,0.,1.));
#2750 = DEFINITIONAL_REPRESENTATION('',(#2751),#2754);
#2751 = B_SPLINE_CURVE_WITH_KNOTS('',1,(#2752,#2753),.UNSPECIFIED.,.F.,
  .F.,(2,2),(-1.5175,-0.9175),.PIECEWISE_BEZIER_KNOTS.);
#2752 = CARTESIAN_POINT('',(2.5,0.6));
#2753 = CARTESIAN_POINT('',(2.5,0.));
#2754 = ( GEOMETRIC_REPRESENTATION_CONTEXT(2) 
PARAMETRIC_REPRESENTATION_CONTEXT() REPRESENTATION_CONTEXT('2D SPACE',''
  ) );
#2755 = ORIENTED_EDGE('',*,*,#2756,.T.);
#2756 = EDGE_CURVE('',#2731,#2757,#2759,.T.);
#2757 = VERTEX_POINT('',#2758);
#2758 = CARTESIAN_POINT('',(-13.165,0.885,4.5));
#2759 = SURFACE_CURVE('',#2760,(#2764,#2770),.PCURVE_S1.);
#2760 = LINE('',#2761,#2762);
#2761 = CARTESIAN_POINT('',(-13.165,-3.1575,4.5));
#2762 = VECTOR('',#2763,1.);
#2763 = DIRECTION('',(0.,1.,0.));
#2764 = PCURVE('',#859,#2765);
#2765 = DEFINITIONAL_REPRESENTATION('',(#2766),#2769);
#2766 = B_SPLINE_CURVE_WITH_KNOTS('',1,(#2767,#2768),.UNSPECIFIED.,.F.,
  .F.,(2,2),(3.4425,4.0425),.PIECEWISE_BEZIER_KNOTS.);
#2767 = CARTESIAN_POINT('',(1.835,6.885));
#2768 = CARTESIAN_POINT('',(1.835,7.485));
#2769 = ( GEOMETRIC_REPRESENTATION_CONTEXT(2) 
PARAMETRIC_REPRESENTATION_CONTEXT() REPRESENTATION_CONTEXT('2D SPACE',''
  ) );
#2770 = PCURVE('',#2771,#2776);
#2771 = PLANE('',#2772);
#2772 = AXIS2_PLACEMENT_3D('',#2773,#2774,#2775);
#2773 = CARTESIAN_POINT('',(-13.165,0.285,2.));
#2774 = DIRECTION('',(1.,0.,0.));
#2775 = DIRECTION('',(0.,0.,1.));
#2776 = DEFINITIONAL_REPRESENTATION('',(#2777),#2780);
#2777 = B_SPLINE_CURVE_WITH_KNOTS('',1,(#2778,#2779),.UNSPECIFIED.,.F.,
  .F.,(2,2),(3.4425,4.0425),.PIECEWISE_BEZIER_KNOTS.);
#2778 = CARTESIAN_POINT('',(2.5,0.));
#2779 = CARTESIAN_POINT('',(2.5,-0.6));
#2780 = ( GEOMETRIC_REPRESENTATION_CONTEXT(2) 
PARAMETRIC_REPRESENTATION_CONTEXT() REPRESENTATION_CONTEXT('2D SPACE',''
  ) );
#2781 = ORIENTED_EDGE('',*,*,#2782,.F.);
#2782 = EDGE_CURVE('',#2783,#2757,#2785,.T.);
#2783 = VERTEX_POINT('',#2784);
#2784 = CARTESIAN_POINT('',(-12.565,0.885,4.5));
#2785 = SURFACE_CURVE('',#2786,(#2790,#2796),.PCURVE_S1.);
#2786 = LINE('',#2787,#2788);
#2787 = CARTESIAN_POINT('',(-14.0825,0.885,4.5));
#2788 = VECTOR('',#2789,1.);
#2789 = DIRECTION('',(-1.,0.,0.));
#2790 = PCURVE('',#859,#2791);
#2791 = DEFINITIONAL_REPRESENTATION('',(#2792),#2795);
#2792 = B_SPLINE_CURVE_WITH_KNOTS('',1,(#2793,#2794),.UNSPECIFIED.,.F.,
  .F.,(2,2),(-1.5175,-0.9175),.PIECEWISE_BEZIER_KNOTS.);
#2793 = CARTESIAN_POINT('',(2.435,7.485));
#2794 = CARTESIAN_POINT('',(1.835,7.485));
#2795 = ( GEOMETRIC_REPRESENTATION_CONTEXT(2) 
PARAMETRIC_REPRESENTATION_CONTEXT() REPRESENTATION_CONTEXT('2D SPACE',''
  ) );
#2796 = PCURVE('',#2797,#2802);
#2797 = PLANE('',#2798);
#2798 = AXIS2_PLACEMENT_3D('',#2799,#2800,#2801);
#2799 = CARTESIAN_POINT('',(-13.165,0.885,2.));
#2800 = DIRECTION('',(0.,1.,0.));
#2801 = DIRECTION('',(0.,0.,1.));
#2802 = DEFINITIONAL_REPRESENTATION('',(#2803),#2806);
#2803 = B_SPLINE_CURVE_WITH_KNOTS('',1,(#2804,#2805),.UNSPECIFIED.,.F.,
  .F.,(2,2),(-1.5175,-0.9175),.PIECEWISE_BEZIER_KNOTS.);
#2804 = CARTESIAN_POINT('',(2.5,0.6));
#2805 = CARTESIAN_POINT('',(2.5,0.));
#2806 = ( GEOMETRIC_REPRESENTATION_CONTEXT(2) 
PARAMETRIC_REPRESENTATION_CONTEXT() REPRESENTATION_CONTEXT('2D SPACE',''
  ) );
#2807 = ORIENTED_EDGE('',*,*,#2808,.F.);
#2808 = EDGE_CURVE('',#2729,#2783,#2809,.T.);
#2809 = SURFACE_CURVE('',#2810,(#2814,#2820),.PCURVE_S1.);
#2810 = LINE('',#2811,#2812);
#2811 = CARTESIAN_POINT('',(-12.565,-3.1575,4.5));
#2812 = VECTOR('',#2813,1.);
#2813 = DIRECTION('',(0.,1.,0.));
#2814 = PCURVE('',#859,#2815);
#2815 = DEFINITIONAL_REPRESENTATION('',(#2816),#2819);
#2816 = B_SPLINE_CURVE_WITH_KNOTS('',1,(#2817,#2818),.UNSPECIFIED.,.F.,
  .F.,(2,2),(3.4425,4.0425),.PIECEWISE_BEZIER_KNOTS.);
#2817 = CARTESIAN_POINT('',(2.435,6.885));
#2818 = CARTESIAN_POINT('',(2.435,7.485));
#2819 = ( GEOMETRIC_REPRESENTATION_CONTEXT(2) 
PARAMETRIC_REPRESENTATION_CONTEXT() REPRESENTATION_CONTEXT('2D SPACE',''
  ) );
#2820 = PCURVE('',#2821,#2826);
#2821 = PLANE('',#2822);
#2822 = AXIS2_PLACEMENT_3D('',#2823,#2824,#2825);
#2823 = CARTESIAN_POINT('',(-12.565,0.285,2.));
#2824 = DIRECTION('',(1.,0.,0.));
#2825 = DIRECTION('',(0.,0.,1.));
#2826 = DEFINITIONAL_REPRESENTATION('',(#2827),#2830);
#2827 = B_SPLINE_CURVE_WITH_KNOTS('',1,(#2828,#2829),.UNSPECIFIED.,.F.,
  .F.,(2,2),(3.4425,4.0425),.PIECEWISE_BEZIER_KNOTS.);
#2828 = CARTESIAN_POINT('',(2.5,0.));
#2829 = CARTESIAN_POINT('',(2.5,-0.6));
#2830 = ( GEOMETRIC_REPRESENTATION_CONTEXT(2) 
PARAMETRIC_REPRESENTATION_CONTEXT() REPRESENTATION_CONTEXT('2D SPACE',''
  ) );
#2831 = FACE_BOUND('',#2832,.T.);
#2832 = EDGE_LOOP('',(#2833,#2861,#2887,#2913));
#2833 = ORIENTED_EDGE('',*,*,#2834,.T.);
#2834 = EDGE_CURVE('',#2835,#2837,#2839,.T.);
#2835 = VERTEX_POINT('',#2836);
#2836 = CARTESIAN_POINT('',(-12.565,1.555,4.5));
#2837 = VERTEX_POINT('',#2838);
#2838 = CARTESIAN_POINT('',(-13.165,1.555,4.5));
#2839 = SURFACE_CURVE('',#2840,(#2844,#2850),.PCURVE_S1.);
#2840 = LINE('',#2841,#2842);
#2841 = CARTESIAN_POINT('',(-14.0825,1.555,4.5));
#2842 = VECTOR('',#2843,1.);
#2843 = DIRECTION('',(-1.,0.,0.));
#2844 = PCURVE('',#859,#2845);
#2845 = DEFINITIONAL_REPRESENTATION('',(#2846),#2849);
#2846 = B_SPLINE_CURVE_WITH_KNOTS('',1,(#2847,#2848),.UNSPECIFIED.,.F.,
  .F.,(2,2),(-1.5175,-0.9175),.PIECEWISE_BEZIER_KNOTS.);
#2847 = CARTESIAN_POINT('',(2.435,8.155));
#2848 = CARTESIAN_POINT('',(1.835,8.155));
#2849 = ( GEOMETRIC_REPRESENTATION_CONTEXT(2) 
PARAMETRIC_REPRESENTATION_CONTEXT() REPRESENTATION_CONTEXT('2D SPACE',''
  ) );
#2850 = PCURVE('',#2851,#2856);
#2851 = PLANE('',#2852);
#2852 = AXIS2_PLACEMENT_3D('',#2853,#2854,#2855);
#2853 = CARTESIAN_POINT('',(-13.165,1.555,2.));
#2854 = DIRECTION('',(0.,1.,0.));
#2855 = DIRECTION('',(0.,0.,1.));
#2856 = DEFINITIONAL_REPRESENTATION('',(#2857),#2860);
#2857 = B_SPLINE_CURVE_WITH_KNOTS('',1,(#2858,#2859),.UNSPECIFIED.,.F.,
  .F.,(2,2),(-1.5175,-0.9175),.PIECEWISE_BEZIER_KNOTS.);
#2858 = CARTESIAN_POINT('',(2.5,0.6));
#2859 = CARTESIAN_POINT('',(2.5,0.));
#2860 = ( GEOMETRIC_REPRESENTATION_CONTEXT(2) 
PARAMETRIC_REPRESENTATION_CONTEXT() REPRESENTATION_CONTEXT('2D SPACE',''
  ) );
#2861 = ORIENTED_EDGE('',*,*,#2862,.T.);
#2862 = EDGE_CURVE('',#2837,#2863,#2865,.T.);
#2863 = VERTEX_POINT('',#2864);
#2864 = CARTESIAN_POINT('',(-13.165,2.155,4.5));
#2865 = SURFACE_CURVE('',#2866,(#2870,#2876),.PCURVE_S1.);
#2866 = LINE('',#2867,#2868);
#2867 = CARTESIAN_POINT('',(-13.165,-2.5225,4.5));
#2868 = VECTOR('',#2869,1.);
#2869 = DIRECTION('',(0.,1.,0.));
#2870 = PCURVE('',#859,#2871);
#2871 = DEFINITIONAL_REPRESENTATION('',(#2872),#2875);
#2872 = B_SPLINE_CURVE_WITH_KNOTS('',1,(#2873,#2874),.UNSPECIFIED.,.F.,
  .F.,(2,2),(4.0775,4.6775),.PIECEWISE_BEZIER_KNOTS.);
#2873 = CARTESIAN_POINT('',(1.835,8.155));
#2874 = CARTESIAN_POINT('',(1.835,8.755));
#2875 = ( GEOMETRIC_REPRESENTATION_CONTEXT(2) 
PARAMETRIC_REPRESENTATION_CONTEXT() REPRESENTATION_CONTEXT('2D SPACE',''
  ) );
#2876 = PCURVE('',#2877,#2882);
#2877 = PLANE('',#2878);
#2878 = AXIS2_PLACEMENT_3D('',#2879,#2880,#2881);
#2879 = CARTESIAN_POINT('',(-13.165,1.555,2.));
#2880 = DIRECTION('',(1.,0.,0.));
#2881 = DIRECTION('',(0.,0.,1.));
#2882 = DEFINITIONAL_REPRESENTATION('',(#2883),#2886);
#2883 = B_SPLINE_CURVE_WITH_KNOTS('',1,(#2884,#2885),.UNSPECIFIED.,.F.,
  .F.,(2,2),(4.0775,4.6775),.PIECEWISE_BEZIER_KNOTS.);
#2884 = CARTESIAN_POINT('',(2.5,0.));
#2885 = CARTESIAN_POINT('',(2.5,-0.6));
#2886 = ( GEOMETRIC_REPRESENTATION_CONTEXT(2) 
PARAMETRIC_REPRESENTATION_CONTEXT() REPRESENTATION_CONTEXT('2D SPACE',''
  ) );
#2887 = ORIENTED_EDGE('',*,*,#2888,.F.);
#2888 = EDGE_CURVE('',#2889,#2863,#2891,.T.);
#2889 = VERTEX_POINT('',#2890);
#2890 = CARTESIAN_POINT('',(-12.565,2.155,4.5));
#2891 = SURFACE_CURVE('',#2892,(#2896,#2902),.PCURVE_S1.);
#2892 = LINE('',#2893,#2894);
#2893 = CARTESIAN_POINT('',(-14.0825,2.155,4.5));
#2894 = VECTOR('',#2895,1.);
#2895 = DIRECTION('',(-1.,0.,0.));
#2896 = PCURVE('',#859,#2897);
#2897 = DEFINITIONAL_REPRESENTATION('',(#2898),#2901);
#2898 = B_SPLINE_CURVE_WITH_KNOTS('',1,(#2899,#2900),.UNSPECIFIED.,.F.,
  .F.,(2,2),(-1.5175,-0.9175),.PIECEWISE_BEZIER_KNOTS.);
#2899 = CARTESIAN_POINT('',(2.435,8.755));
#2900 = CARTESIAN_POINT('',(1.835,8.755));
#2901 = ( GEOMETRIC_REPRESENTATION_CONTEXT(2) 
PARAMETRIC_REPRESENTATION_CONTEXT() REPRESENTATION_CONTEXT('2D SPACE',''
  ) );
#2902 = PCURVE('',#2903,#2908);
#2903 = PLANE('',#2904);
#2904 = AXIS2_PLACEMENT_3D('',#2905,#2906,#2907);
#2905 = CARTESIAN_POINT('',(-13.165,2.155,2.));
#2906 = DIRECTION('',(0.,1.,0.));
#2907 = DIRECTION('',(0.,0.,1.));
#2908 = DEFINITIONAL_REPRESENTATION('',(#2909),#2912);
#2909 = B_SPLINE_CURVE_WITH_KNOTS('',1,(#2910,#2911),.UNSPECIFIED.,.F.,
  .F.,(2,2),(-1.5175,-0.9175),.PIECEWISE_BEZIER_KNOTS.);
#2910 = CARTESIAN_POINT('',(2.5,0.6));
#2911 = CARTESIAN_POINT('',(2.5,0.));
#2912 = ( GEOMETRIC_REPRESENTATION_CONTEXT(2) 
PARAMETRIC_REPRESENTATION_CONTEXT() REPRESENTATION_CONTEXT('2D SPACE',''
  ) );
#2913 = ORIENTED_EDGE('',*,*,#2914,.F.);
#2914 = EDGE_CURVE('',#2835,#2889,#2915,.T.);
#2915 = SURFACE_CURVE('',#2916,(#2920,#2926),.PCURVE_S1.);
#2916 = LINE('',#2917,#2918);
#2917 = CARTESIAN_POINT('',(-12.565,-2.5225,4.5));
#2918 = VECTOR('',#2919,1.);
#2919 = DIRECTION('',(0.,1.,0.));
#2920 = PCURVE('',#859,#2921);
#2921 = DEFINITIONAL_REPRESENTATION('',(#2922),#2925);
#2922 = B_SPLINE_CURVE_WITH_KNOTS('',1,(#2923,#2924),.UNSPECIFIED.,.F.,
  .F.,(2,2),(4.0775,4.6775),.PIECEWISE_BEZIER_KNOTS.);
#2923 = CARTESIAN_POINT('',(2.435,8.155));
#2924 = CARTESIAN_POINT('',(2.435,8.755));
#2925 = ( GEOMETRIC_REPRESENTATION_CONTEXT(2) 
PARAMETRIC_REPRESENTATION_CONTEXT() REPRESENTATION_CONTEXT('2D SPACE',''
  ) );
#2926 = PCURVE('',#2927,#2932);
#2927 = PLANE('',#2928);
#2928 = AXIS2_PLACEMENT_3D('',#2929,#2930,#2931);
#2929 = CARTESIAN_POINT('',(-12.565,1.555,2.));
#2930 = DIRECTION('',(1.,0.,0.));
#2931 = DIRECTION('',(0.,0.,1.));
#2932 = DEFINITIONAL_REPRESENTATION('',(#2933),#2936);
#2933 = B_SPLINE_CURVE_WITH_KNOTS('',1,(#2934,#2935),.UNSPECIFIED.,.F.,
  .F.,(2,2),(4.0775,4.6775),.PIECEWISE_BEZIER_KNOTS.);
#2934 = CARTESIAN_POINT('',(2.5,0.));
#2935 = CARTESIAN_POINT('',(2.5,-0.6));
#2936 = ( GEOMETRIC_REPRESENTATION_CONTEXT(2) 
PARAMETRIC_REPRESENTATION_CONTEXT() REPRESENTATION_CONTEXT('2D SPACE',''
  ) );
#2937 = FACE_BOUND('',#2938,.T.);
#2938 = EDGE_LOOP('',(#2939,#2967,#2993,#3019));
#2939 = ORIENTED_EDGE('',*,*,#2940,.T.);
#2940 = EDGE_CURVE('',#2941,#2943,#2945,.T.);
#2941 = VERTEX_POINT('',#2942);
#2942 = CARTESIAN_POINT('',(-12.565,2.825,4.5));
#2943 = VERTEX_POINT('',#2944);
#2944 = CARTESIAN_POINT('',(-13.165,2.825,4.5));
#2945 = SURFACE_CURVE('',#2946,(#2950,#2956),.PCURVE_S1.);
#2946 = LINE('',#2947,#2948);
#2947 = CARTESIAN_POINT('',(-14.0825,2.825,4.5));
#2948 = VECTOR('',#2949,1.);
#2949 = DIRECTION('',(-1.,0.,0.));
#2950 = PCURVE('',#859,#2951);
#2951 = DEFINITIONAL_REPRESENTATION('',(#2952),#2955);
#2952 = B_SPLINE_CURVE_WITH_KNOTS('',1,(#2953,#2954),.UNSPECIFIED.,.F.,
  .F.,(2,2),(-1.5175,-0.9175),.PIECEWISE_BEZIER_KNOTS.);
#2953 = CARTESIAN_POINT('',(2.435,9.425));
#2954 = CARTESIAN_POINT('',(1.835,9.425));
#2955 = ( GEOMETRIC_REPRESENTATION_CONTEXT(2) 
PARAMETRIC_REPRESENTATION_CONTEXT() REPRESENTATION_CONTEXT('2D SPACE',''
  ) );
#2956 = PCURVE('',#2957,#2962);
#2957 = PLANE('',#2958);
#2958 = AXIS2_PLACEMENT_3D('',#2959,#2960,#2961);
#2959 = CARTESIAN_POINT('',(-13.165,2.825,2.));
#2960 = DIRECTION('',(0.,1.,0.));
#2961 = DIRECTION('',(0.,0.,1.));
#2962 = DEFINITIONAL_REPRESENTATION('',(#2963),#2966);
#2963 = B_SPLINE_CURVE_WITH_KNOTS('',1,(#2964,#2965),.UNSPECIFIED.,.F.,
  .F.,(2,2),(-1.5175,-0.9175),.PIECEWISE_BEZIER_KNOTS.);
#2964 = CARTESIAN_POINT('',(2.5,0.6));
#2965 = CARTESIAN_POINT('',(2.5,0.));
#2966 = ( GEOMETRIC_REPRESENTATION_CONTEXT(2) 
PARAMETRIC_REPRESENTATION_CONTEXT() REPRESENTATION_CONTEXT('2D SPACE',''
  ) );
#2967 = ORIENTED_EDGE('',*,*,#2968,.T.);
#2968 = EDGE_CURVE('',#2943,#2969,#2971,.T.);
#2969 = VERTEX_POINT('',#2970);
#2970 = CARTESIAN_POINT('',(-13.165,3.425,4.5));
#2971 = SURFACE_CURVE('',#2972,(#2976,#2982),.PCURVE_S1.);
#2972 = LINE('',#2973,#2974);
#2973 = CARTESIAN_POINT('',(-13.165,-1.8875,4.5));
#2974 = VECTOR('',#2975,1.);
#2975 = DIRECTION('',(0.,1.,0.));
#2976 = PCURVE('',#859,#2977);
#2977 = DEFINITIONAL_REPRESENTATION('',(#2978),#2981);
#2978 = B_SPLINE_CURVE_WITH_KNOTS('',1,(#2979,#2980),.UNSPECIFIED.,.F.,
  .F.,(2,2),(4.7125,5.3125),.PIECEWISE_BEZIER_KNOTS.);
#2979 = CARTESIAN_POINT('',(1.835,9.425));
#2980 = CARTESIAN_POINT('',(1.835,10.025));
#2981 = ( GEOMETRIC_REPRESENTATION_CONTEXT(2) 
PARAMETRIC_REPRESENTATION_CONTEXT() REPRESENTATION_CONTEXT('2D SPACE',''
  ) );
#2982 = PCURVE('',#2983,#2988);
#2983 = PLANE('',#2984);
#2984 = AXIS2_PLACEMENT_3D('',#2985,#2986,#2987);
#2985 = CARTESIAN_POINT('',(-13.165,2.825,2.));
#2986 = DIRECTION('',(1.,0.,0.));
#2987 = DIRECTION('',(0.,0.,1.));
#2988 = DEFINITIONAL_REPRESENTATION('',(#2989),#2992);
#2989 = B_SPLINE_CURVE_WITH_KNOTS('',1,(#2990,#2991),.UNSPECIFIED.,.F.,
  .F.,(2,2),(4.7125,5.3125),.PIECEWISE_BEZIER_KNOTS.);
#2990 = CARTESIAN_POINT('',(2.5,0.));
#2991 = CARTESIAN_POINT('',(2.5,-0.6));
#2992 = ( GEOMETRIC_REPRESENTATION_CONTEXT(2) 
PARAMETRIC_REPRESENTATION_CONTEXT() REPRESENTATION_CONTEXT('2D SPACE',''
  ) );
#2993 = ORIENTED_EDGE('',*,*,#2994,.F.);
#2994 = EDGE_CURVE('',#2995,#2969,#2997,.T.);
#2995 = VERTEX_POINT('',#2996);
#2996 = CARTESIAN_POINT('',(-12.565,3.425,4.5));
#2997 = SURFACE_CURVE('',#2998,(#3002,#3008),.PCURVE_S1.);
#2998 = LINE('',#2999,#3000);
#2999 = CARTESIAN_POINT('',(-14.0825,3.425,4.5));
#3000 = VECTOR('',#3001,1.);
#3001 = DIRECTION('',(-1.,0.,0.));
#3002 = PCURVE('',#859,#3003);
#3003 = DEFINITIONAL_REPRESENTATION('',(#3004),#3007);
#3004 = B_SPLINE_CURVE_WITH_KNOTS('',1,(#3005,#3006),.UNSPECIFIED.,.F.,
  .F.,(2,2),(-1.5175,-0.9175),.PIECEWISE_BEZIER_KNOTS.);
#3005 = CARTESIAN_POINT('',(2.435,10.025));
#3006 = CARTESIAN_POINT('',(1.835,10.025));
#3007 = ( GEOMETRIC_REPRESENTATION_CONTEXT(2) 
PARAMETRIC_REPRESENTATION_CONTEXT() REPRESENTATION_CONTEXT('2D SPACE',''
  ) );
#3008 = PCURVE('',#3009,#3014);
#3009 = PLANE('',#3010);
#3010 = AXIS2_PLACEMENT_3D('',#3011,#3012,#3013);
#3011 = CARTESIAN_POINT('',(-13.165,3.425,2.));
#3012 = DIRECTION('',(0.,1.,0.));
#3013 = DIRECTION('',(0.,0.,1.));
#3014 = DEFINITIONAL_REPRESENTATION('',(#3015),#3018);
#3015 = B_SPLINE_CURVE_WITH_KNOTS('',1,(#3016,#3017),.UNSPECIFIED.,.F.,
  .F.,(2,2),(-1.5175,-0.9175),.PIECEWISE_BEZIER_KNOTS.);
#3016 = CARTESIAN_POINT('',(2.5,0.6));
#3017 = CARTESIAN_POINT('',(2.5,0.));
#3018 = ( GEOMETRIC_REPRESENTATION_CONTEXT(2) 
PARAMETRIC_REPRESENTATION_CONTEXT() REPRESENTATION_CONTEXT('2D SPACE',''
  ) );
#3019 = ORIENTED_EDGE('',*,*,#3020,.F.);
#3020 = EDGE_CURVE('',#2941,#2995,#3021,.T.);
#3021 = SURFACE_CURVE('',#3022,(#3026,#3032),.PCURVE_S1.);
#3022 = LINE('',#3023,#3024);
#3023 = CARTESIAN_POINT('',(-12.565,-1.8875,4.5));
#3024 = VECTOR('',#3025,1.);
#3025 = DIRECTION('',(0.,1.,0.));
#3026 = PCURVE('',#859,#3027);
#3027 = DEFINITIONAL_REPRESENTATION('',(#3028),#3031);
#3028 = B_SPLINE_CURVE_WITH_KNOTS('',1,(#3029,#3030),.UNSPECIFIED.,.F.,
  .F.,(2,2),(4.7125,5.3125),.PIECEWISE_BEZIER_KNOTS.);
#3029 = CARTESIAN_POINT('',(2.435,9.425));
#3030 = CARTESIAN_POINT('',(2.435,10.025));
#3031 = ( GEOMETRIC_REPRESENTATION_CONTEXT(2) 
PARAMETRIC_REPRESENTATION_CONTEXT() REPRESENTATION_CONTEXT('2D SPACE',''
  ) );
#3032 = PCURVE('',#3033,#3038);
#3033 = PLANE('',#3034);
#3034 = AXIS2_PLACEMENT_3D('',#3035,#3036,#3037);
#3035 = CARTESIAN_POINT('',(-12.565,2.825,2.));
#3036 = DIRECTION('',(1.,0.,0.));
#3037 = DIRECTION('',(0.,0.,1.));
#3038 = DEFINITIONAL_REPRESENTATION('',(#3039),#3042);
#3039 = B_SPLINE_CURVE_WITH_KNOTS('',1,(#3040,#3041),.UNSPECIFIED.,.F.,
  .F.,(2,2),(4.7125,5.3125),.PIECEWISE_BEZIER_KNOTS.);
#3040 = CARTESIAN_POINT('',(2.5,0.));
#3041 = CARTESIAN_POINT('',(2.5,-0.6));
#3042 = ( GEOMETRIC_REPRESENTATION_CONTEXT(2) 
PARAMETRIC_REPRESENTATION_CONTEXT() REPRESENTATION_CONTEXT('2D SPACE',''
  ) );
#3043 = FACE_BOUND('',#3044,.T.);
#3044 = EDGE_LOOP('',(#3045,#3073,#3099,#3125));
#3045 = ORIENTED_EDGE('',*,*,#3046,.T.);
#3046 = EDGE_CURVE('',#3047,#3049,#3051,.T.);
#3047 = VERTEX_POINT('',#3048);
#3048 = CARTESIAN_POINT('',(-12.565,4.095,4.5));
#3049 = VERTEX_POINT('',#3050);
#3050 = CARTESIAN_POINT('',(-13.165,4.095,4.5));
#3051 = SURFACE_CURVE('',#3052,(#3056,#3062),.PCURVE_S1.);
#3052 = LINE('',#3053,#3054);
#3053 = CARTESIAN_POINT('',(-14.0825,4.095,4.5));
#3054 = VECTOR('',#3055,1.);
#3055 = DIRECTION('',(-1.,0.,0.));
#3056 = PCURVE('',#859,#3057);
#3057 = DEFINITIONAL_REPRESENTATION('',(#3058),#3061);
#3058 = B_SPLINE_CURVE_WITH_KNOTS('',1,(#3059,#3060),.UNSPECIFIED.,.F.,
  .F.,(2,2),(-1.5175,-0.9175),.PIECEWISE_BEZIER_KNOTS.);
#3059 = CARTESIAN_POINT('',(2.435,10.695));
#3060 = CARTESIAN_POINT('',(1.835,10.695));
#3061 = ( GEOMETRIC_REPRESENTATION_CONTEXT(2) 
PARAMETRIC_REPRESENTATION_CONTEXT() REPRESENTATION_CONTEXT('2D SPACE',''
  ) );
#3062 = PCURVE('',#3063,#3068);
#3063 = PLANE('',#3064);
#3064 = AXIS2_PLACEMENT_3D('',#3065,#3066,#3067);
#3065 = CARTESIAN_POINT('',(-13.165,4.095,2.));
#3066 = DIRECTION('',(0.,1.,0.));
#3067 = DIRECTION('',(0.,0.,1.));
#3068 = DEFINITIONAL_REPRESENTATION('',(#3069),#3072);
#3069 = B_SPLINE_CURVE_WITH_KNOTS('',1,(#3070,#3071),.UNSPECIFIED.,.F.,
  .F.,(2,2),(-1.5175,-0.9175),.PIECEWISE_BEZIER_KNOTS.);
#3070 = CARTESIAN_POINT('',(2.5,0.6));
#3071 = CARTESIAN_POINT('',(2.5,0.));
#3072 = ( GEOMETRIC_REPRESENTATION_CONTEXT(2) 
PARAMETRIC_REPRESENTATION_CONTEXT() REPRESENTATION_CONTEXT('2D SPACE',''
  ) );
#3073 = ORIENTED_EDGE('',*,*,#3074,.T.);
#3074 = EDGE_CURVE('',#3049,#3075,#3077,.T.);
#3075 = VERTEX_POINT('',#3076);
#3076 = CARTESIAN_POINT('',(-13.165,4.695,4.5));
#3077 = SURFACE_CURVE('',#3078,(#3082,#3088),.PCURVE_S1.);
#3078 = LINE('',#3079,#3080);
#3079 = CARTESIAN_POINT('',(-13.165,-1.2525,4.5));
#3080 = VECTOR('',#3081,1.);
#3081 = DIRECTION('',(0.,1.,0.));
#3082 = PCURVE('',#859,#3083);
#3083 = DEFINITIONAL_REPRESENTATION('',(#3084),#3087);
#3084 = B_SPLINE_CURVE_WITH_KNOTS('',1,(#3085,#3086),.UNSPECIFIED.,.F.,
  .F.,(2,2),(5.3475,5.9475),.PIECEWISE_BEZIER_KNOTS.);
#3085 = CARTESIAN_POINT('',(1.835,10.695));
#3086 = CARTESIAN_POINT('',(1.835,11.295));
#3087 = ( GEOMETRIC_REPRESENTATION_CONTEXT(2) 
PARAMETRIC_REPRESENTATION_CONTEXT() REPRESENTATION_CONTEXT('2D SPACE',''
  ) );
#3088 = PCURVE('',#3089,#3094);
#3089 = PLANE('',#3090);
#3090 = AXIS2_PLACEMENT_3D('',#3091,#3092,#3093);
#3091 = CARTESIAN_POINT('',(-13.165,4.095,2.));
#3092 = DIRECTION('',(1.,0.,0.));
#3093 = DIRECTION('',(0.,0.,1.));
#3094 = DEFINITIONAL_REPRESENTATION('',(#3095),#3098);
#3095 = B_SPLINE_CURVE_WITH_KNOTS('',1,(#3096,#3097),.UNSPECIFIED.,.F.,
  .F.,(2,2),(5.3475,5.9475),.PIECEWISE_BEZIER_KNOTS.);
#3096 = CARTESIAN_POINT('',(2.5,0.));
#3097 = CARTESIAN_POINT('',(2.5,-0.6));
#3098 = ( GEOMETRIC_REPRESENTATION_CONTEXT(2) 
PARAMETRIC_REPRESENTATION_CONTEXT() REPRESENTATION_CONTEXT('2D SPACE',''
  ) );
#3099 = ORIENTED_EDGE('',*,*,#3100,.F.);
#3100 = EDGE_CURVE('',#3101,#3075,#3103,.T.);
#3101 = VERTEX_POINT('',#3102);
#3102 = CARTESIAN_POINT('',(-12.565,4.695,4.5));
#3103 = SURFACE_CURVE('',#3104,(#3108,#3114),.PCURVE_S1.);
#3104 = LINE('',#3105,#3106);
#3105 = CARTESIAN_POINT('',(-14.0825,4.695,4.5));
#3106 = VECTOR('',#3107,1.);
#3107 = DIRECTION('',(-1.,0.,0.));
#3108 = PCURVE('',#859,#3109);
#3109 = DEFINITIONAL_REPRESENTATION('',(#3110),#3113);
#3110 = B_SPLINE_CURVE_WITH_KNOTS('',1,(#3111,#3112),.UNSPECIFIED.,.F.,
  .F.,(2,2),(-1.5175,-0.9175),.PIECEWISE_BEZIER_KNOTS.);
#3111 = CARTESIAN_POINT('',(2.435,11.295));
#3112 = CARTESIAN_POINT('',(1.835,11.295));
#3113 = ( GEOMETRIC_REPRESENTATION_CONTEXT(2) 
PARAMETRIC_REPRESENTATION_CONTEXT() REPRESENTATION_CONTEXT('2D SPACE',''
  ) );
#3114 = PCURVE('',#3115,#3120);
#3115 = PLANE('',#3116);
#3116 = AXIS2_PLACEMENT_3D('',#3117,#3118,#3119);
#3117 = CARTESIAN_POINT('',(-13.165,4.695,2.));
#3118 = DIRECTION('',(0.,1.,0.));
#3119 = DIRECTION('',(0.,0.,1.));
#3120 = DEFINITIONAL_REPRESENTATION('',(#3121),#3124);
#3121 = B_SPLINE_CURVE_WITH_KNOTS('',1,(#3122,#3123),.UNSPECIFIED.,.F.,
  .F.,(2,2),(-1.5175,-0.9175),.PIECEWISE_BEZIER_KNOTS.);
#3122 = CARTESIAN_POINT('',(2.5,0.6));
#3123 = CARTESIAN_POINT('',(2.5,0.));
#3124 = ( GEOMETRIC_REPRESENTATION_CONTEXT(2) 
PARAMETRIC_REPRESENTATION_CONTEXT() REPRESENTATION_CONTEXT('2D SPACE',''
  ) );
#3125 = ORIENTED_EDGE('',*,*,#3126,.F.);
#3126 = EDGE_CURVE('',#3047,#3101,#3127,.T.);
#3127 = SURFACE_CURVE('',#3128,(#3132,#3138),.PCURVE_S1.);
#3128 = LINE('',#3129,#3130);
#3129 = CARTESIAN_POINT('',(-12.565,-1.2525,4.5));
#3130 = VECTOR('',#3131,1.);
#3131 = DIRECTION('',(0.,1.,0.));
#3132 = PCURVE('',#859,#3133);
#3133 = DEFINITIONAL_REPRESENTATION('',(#3134),#3137);
#3134 = B_SPLINE_CURVE_WITH_KNOTS('',1,(#3135,#3136),.UNSPECIFIED.,.F.,
  .F.,(2,2),(5.3475,5.9475),.PIECEWISE_BEZIER_KNOTS.);
#3135 = CARTESIAN_POINT('',(2.435,10.695));
#3136 = CARTESIAN_POINT('',(2.435,11.295));
#3137 = ( GEOMETRIC_REPRESENTATION_CONTEXT(2) 
PARAMETRIC_REPRESENTATION_CONTEXT() REPRESENTATION_CONTEXT('2D SPACE',''
  ) );
#3138 = PCURVE('',#3139,#3144);
#3139 = PLANE('',#3140);
#3140 = AXIS2_PLACEMENT_3D('',#3141,#3142,#3143);
#3141 = CARTESIAN_POINT('',(-12.565,4.095,2.));
#3142 = DIRECTION('',(1.,0.,0.));
#3143 = DIRECTION('',(0.,0.,1.));
#3144 = DEFINITIONAL_REPRESENTATION('',(#3145),#3148);
#3145 = B_SPLINE_CURVE_WITH_KNOTS('',1,(#3146,#3147),.UNSPECIFIED.,.F.,
  .F.,(2,2),(5.3475,5.9475),.PIECEWISE_BEZIER_KNOTS.);
#3146 = CARTESIAN_POINT('',(2.5,0.));
#3147 = CARTESIAN_POINT('',(2.5,-0.6));
#3148 = ( GEOMETRIC_REPRESENTATION_CONTEXT(2) 
PARAMETRIC_REPRESENTATION_CONTEXT() REPRESENTATION_CONTEXT('2D SPACE',''
  ) );
#3149 = FACE_BOUND('',#3150,.T.);
#3150 = EDGE_LOOP('',(#3151,#3179,#3205,#3231));
#3151 = ORIENTED_EDGE('',*,*,#3152,.T.);
#3152 = EDGE_CURVE('',#3153,#3155,#3157,.T.);
#3153 = VERTEX_POINT('',#3154);
#3154 = CARTESIAN_POINT('',(-12.565,5.365,4.5));
#3155 = VERTEX_POINT('',#3156);
#3156 = CARTESIAN_POINT('',(-13.165,5.365,4.5));
#3157 = SURFACE_CURVE('',#3158,(#3162,#3168),.PCURVE_S1.);
#3158 = LINE('',#3159,#3160);
#3159 = CARTESIAN_POINT('',(-14.0825,5.365,4.5));
#3160 = VECTOR('',#3161,1.);
#3161 = DIRECTION('',(-1.,0.,0.));
#3162 = PCURVE('',#859,#3163);
#3163 = DEFINITIONAL_REPRESENTATION('',(#3164),#3167);
#3164 = B_SPLINE_CURVE_WITH_KNOTS('',1,(#3165,#3166),.UNSPECIFIED.,.F.,
  .F.,(2,2),(-1.5175,-0.9175),.PIECEWISE_BEZIER_KNOTS.);
#3165 = CARTESIAN_POINT('',(2.435,11.965));
#3166 = CARTESIAN_POINT('',(1.835,11.965));
#3167 = ( GEOMETRIC_REPRESENTATION_CONTEXT(2) 
PARAMETRIC_REPRESENTATION_CONTEXT() REPRESENTATION_CONTEXT('2D SPACE',''
  ) );
#3168 = PCURVE('',#3169,#3174);
#3169 = PLANE('',#3170);
#3170 = AXIS2_PLACEMENT_3D('',#3171,#3172,#3173);
#3171 = CARTESIAN_POINT('',(-13.165,5.365,2.));
#3172 = DIRECTION('',(0.,1.,0.));
#3173 = DIRECTION('',(0.,0.,1.));
#3174 = DEFINITIONAL_REPRESENTATION('',(#3175),#3178);
#3175 = B_SPLINE_CURVE_WITH_KNOTS('',1,(#3176,#3177),.UNSPECIFIED.,.F.,
  .F.,(2,2),(-1.5175,-0.9175),.PIECEWISE_BEZIER_KNOTS.);
#3176 = CARTESIAN_POINT('',(2.5,0.6));
#3177 = CARTESIAN_POINT('',(2.5,0.));
#3178 = ( GEOMETRIC_REPRESENTATION_CONTEXT(2) 
PARAMETRIC_REPRESENTATION_CONTEXT() REPRESENTATION_CONTEXT('2D SPACE',''
  ) );
#3179 = ORIENTED_EDGE('',*,*,#3180,.T.);
#3180 = EDGE_CURVE('',#3155,#3181,#3183,.T.);
#3181 = VERTEX_POINT('',#3182);
#3182 = CARTESIAN_POINT('',(-13.165,5.965,4.5));
#3183 = SURFACE_CURVE('',#3184,(#3188,#3194),.PCURVE_S1.);
#3184 = LINE('',#3185,#3186);
#3185 = CARTESIAN_POINT('',(-13.165,-0.6175,4.5));
#3186 = VECTOR('',#3187,1.);
#3187 = DIRECTION('',(0.,1.,0.));
#3188 = PCURVE('',#859,#3189);
#3189 = DEFINITIONAL_REPRESENTATION('',(#3190),#3193);
#3190 = B_SPLINE_CURVE_WITH_KNOTS('',1,(#3191,#3192),.UNSPECIFIED.,.F.,
  .F.,(2,2),(5.9825,6.5825),.PIECEWISE_BEZIER_KNOTS.);
#3191 = CARTESIAN_POINT('',(1.835,11.965));
#3192 = CARTESIAN_POINT('',(1.835,12.565));
#3193 = ( GEOMETRIC_REPRESENTATION_CONTEXT(2) 
PARAMETRIC_REPRESENTATION_CONTEXT() REPRESENTATION_CONTEXT('2D SPACE',''
  ) );
#3194 = PCURVE('',#3195,#3200);
#3195 = PLANE('',#3196);
#3196 = AXIS2_PLACEMENT_3D('',#3197,#3198,#3199);
#3197 = CARTESIAN_POINT('',(-13.165,5.365,2.));
#3198 = DIRECTION('',(1.,0.,0.));
#3199 = DIRECTION('',(0.,0.,1.));
#3200 = DEFINITIONAL_REPRESENTATION('',(#3201),#3204);
#3201 = B_SPLINE_CURVE_WITH_KNOTS('',1,(#3202,#3203),.UNSPECIFIED.,.F.,
  .F.,(2,2),(5.9825,6.5825),.PIECEWISE_BEZIER_KNOTS.);
#3202 = CARTESIAN_POINT('',(2.5,0.));
#3203 = CARTESIAN_POINT('',(2.5,-0.6));
#3204 = ( GEOMETRIC_REPRESENTATION_CONTEXT(2) 
PARAMETRIC_REPRESENTATION_CONTEXT() REPRESENTATION_CONTEXT('2D SPACE',''
  ) );
#3205 = ORIENTED_EDGE('',*,*,#3206,.F.);
#3206 = EDGE_CURVE('',#3207,#3181,#3209,.T.);
#3207 = VERTEX_POINT('',#3208);
#3208 = CARTESIAN_POINT('',(-12.565,5.965,4.5));
#3209 = SURFACE_CURVE('',#3210,(#3214,#3220),.PCURVE_S1.);
#3210 = LINE('',#3211,#3212);
#3211 = CARTESIAN_POINT('',(-14.0825,5.965,4.5));
#3212 = VECTOR('',#3213,1.);
#3213 = DIRECTION('',(-1.,0.,0.));
#3214 = PCURVE('',#859,#3215);
#3215 = DEFINITIONAL_REPRESENTATION('',(#3216),#3219);
#3216 = B_SPLINE_CURVE_WITH_KNOTS('',1,(#3217,#3218),.UNSPECIFIED.,.F.,
  .F.,(2,2),(-1.5175,-0.9175),.PIECEWISE_BEZIER_KNOTS.);
#3217 = CARTESIAN_POINT('',(2.435,12.565));
#3218 = CARTESIAN_POINT('',(1.835,12.565));
#3219 = ( GEOMETRIC_REPRESENTATION_CONTEXT(2) 
PARAMETRIC_REPRESENTATION_CONTEXT() REPRESENTATION_CONTEXT('2D SPACE',''
  ) );
#3220 = PCURVE('',#3221,#3226);
#3221 = PLANE('',#3222);
#3222 = AXIS2_PLACEMENT_3D('',#3223,#3224,#3225);
#3223 = CARTESIAN_POINT('',(-13.165,5.965,2.));
#3224 = DIRECTION('',(0.,1.,0.));
#3225 = DIRECTION('',(0.,0.,1.));
#3226 = DEFINITIONAL_REPRESENTATION('',(#3227),#3230);
#3227 = B_SPLINE_CURVE_WITH_KNOTS('',1,(#3228,#3229),.UNSPECIFIED.,.F.,
  .F.,(2,2),(-1.5175,-0.9175),.PIECEWISE_BEZIER_KNOTS.);
#3228 = CARTESIAN_POINT('',(2.5,0.6));
#3229 = CARTESIAN_POINT('',(2.5,0.));
#3230 = ( GEOMETRIC_REPRESENTATION_CONTEXT(2) 
PARAMETRIC_REPRESENTATION_CONTEXT() REPRESENTATION_CONTEXT('2D SPACE',''
  ) );
#3231 = ORIENTED_EDGE('',*,*,#3232,.F.);
#3232 = EDGE_CURVE('',#3153,#3207,#3233,.T.);
#3233 = SURFACE_CURVE('',#3234,(#3238,#3244),.PCURVE_S1.);
#3234 = LINE('',#3235,#3236);
#3235 = CARTESIAN_POINT('',(-12.565,-0.6175,4.5));
#3236 = VECTOR('',#3237,1.);
#3237 = DIRECTION('',(0.,1.,0.));
#3238 = PCURVE('',#859,#3239);
#3239 = DEFINITIONAL_REPRESENTATION('',(#3240),#3243);
#3240 = B_SPLINE_CURVE_WITH_KNOTS('',1,(#3241,#3242),.UNSPECIFIED.,.F.,
  .F.,(2,2),(5.9825,6.5825),.PIECEWISE_BEZIER_KNOTS.);
#3241 = CARTESIAN_POINT('',(2.435,11.965));
#3242 = CARTESIAN_POINT('',(2.435,12.565));
#3243 = ( GEOMETRIC_REPRESENTATION_CONTEXT(2) 
PARAMETRIC_REPRESENTATION_CONTEXT() REPRESENTATION_CONTEXT('2D SPACE',''
  ) );
#3244 = PCURVE('',#3245,#3250);
#3245 = PLANE('',#3246);
#3246 = AXIS2_PLACEMENT_3D('',#3247,#3248,#3249);
#3247 = CARTESIAN_POINT('',(-12.565,5.365,2.));
#3248 = DIRECTION('',(1.,0.,0.));
#3249 = DIRECTION('',(0.,0.,1.));
#3250 = DEFINITIONAL_REPRESENTATION('',(#3251),#3254);
#3251 = B_SPLINE_CURVE_WITH_KNOTS('',1,(#3252,#3253),.UNSPECIFIED.,.F.,
  .F.,(2,2),(5.9825,6.5825),.PIECEWISE_BEZIER_KNOTS.);
#3252 = CARTESIAN_POINT('',(2.5,0.));
#3253 = CARTESIAN_POINT('',(2.5,-0.6));
#3254 = ( GEOMETRIC_REPRESENTATION_CONTEXT(2) 
PARAMETRIC_REPRESENTATION_CONTEXT() REPRESENTATION_CONTEXT('2D SPACE',''
  ) );
#3255 = ADVANCED_FACE('',(#3256),#1048,.T.);
#3256 = FACE_BOUND('',#3257,.T.);
#3257 = EDGE_LOOP('',(#3258,#3281,#3282,#3283));
#3258 = ORIENTED_EDGE('',*,*,#3259,.F.);
#3259 = EDGE_CURVE('',#1012,#3260,#3262,.T.);
#3260 = VERTEX_POINT('',#3261);
#3261 = CARTESIAN_POINT('',(-12.,6.5,0.));
#3262 = SURFACE_CURVE('',#3263,(#3267,#3274),.PCURVE_S1.);
#3263 = LINE('',#3264,#3265);
#3264 = CARTESIAN_POINT('',(-15.,6.5,0.));
#3265 = VECTOR('',#3266,1.);
#3266 = DIRECTION('',(1.,0.,0.));
#3267 = PCURVE('',#1048,#3268);
#3268 = DEFINITIONAL_REPRESENTATION('',(#3269),#3273);
#3269 = LINE('',#3270,#3271);
#3270 = CARTESIAN_POINT('',(0.,0.));
#3271 = VECTOR('',#3272,1.);
#3272 = DIRECTION('',(0.,1.));
#3273 = ( GEOMETRIC_REPRESENTATION_CONTEXT(2) 
PARAMETRIC_REPRESENTATION_CONTEXT() REPRESENTATION_CONTEXT('2D SPACE',''
  ) );
#3274 = PCURVE('',#915,#3275);
#3275 = DEFINITIONAL_REPRESENTATION('',(#3276),#3280);
#3276 = LINE('',#3277,#3278);
#3277 = CARTESIAN_POINT('',(0.,13.1));
#3278 = VECTOR('',#3279,1.);
#3279 = DIRECTION('',(1.,0.));
#3280 = ( GEOMETRIC_REPRESENTATION_CONTEXT(2) 
PARAMETRIC_REPRESENTATION_CONTEXT() REPRESENTATION_CONTEXT('2D SPACE',''
  ) );
#3281 = ORIENTED_EDGE('',*,*,#1034,.T.);
#3282 = ORIENTED_EDGE('',*,*,#1115,.T.);
#3283 = ORIENTED_EDGE('',*,*,#3284,.F.);
#3284 = EDGE_CURVE('',#3260,#1088,#3285,.T.);
#3285 = SURFACE_CURVE('',#3286,(#3290,#3297),.PCURVE_S1.);
#3286 = LINE('',#3287,#3288);
#3287 = CARTESIAN_POINT('',(-12.,6.5,0.));
#3288 = VECTOR('',#3289,1.);
#3289 = DIRECTION('',(0.,0.,1.));
#3290 = PCURVE('',#1048,#3291);
#3291 = DEFINITIONAL_REPRESENTATION('',(#3292),#3296);
#3292 = LINE('',#3293,#3294);
#3293 = CARTESIAN_POINT('',(0.,3.));
#3294 = VECTOR('',#3295,1.);
#3295 = DIRECTION('',(1.,0.));
#3296 = ( GEOMETRIC_REPRESENTATION_CONTEXT(2) 
PARAMETRIC_REPRESENTATION_CONTEXT() REPRESENTATION_CONTEXT('2D SPACE',''
  ) );
#3297 = PCURVE('',#1103,#3298);
#3298 = DEFINITIONAL_REPRESENTATION('',(#3299),#3303);
#3299 = LINE('',#3300,#3301);
#3300 = CARTESIAN_POINT('',(0.,-13.1));
#3301 = VECTOR('',#3302,1.);
#3302 = DIRECTION('',(1.,0.));
#3303 = ( GEOMETRIC_REPRESENTATION_CONTEXT(2) 
PARAMETRIC_REPRESENTATION_CONTEXT() REPRESENTATION_CONTEXT('2D SPACE',''
  ) );
#3304 = ADVANCED_FACE('',(#3305),#915,.F.);
#3305 = FACE_BOUND('',#3306,.F.);
#3306 = EDGE_LOOP('',(#3307,#3308,#3331,#3354,#3382,#3410,#3438,#3459,
    #3460,#3461,#3484,#3512));
#3307 = ORIENTED_EDGE('',*,*,#899,.F.);
#3308 = ORIENTED_EDGE('',*,*,#3309,.T.);
#3309 = EDGE_CURVE('',#872,#3310,#3312,.T.);
#3310 = VERTEX_POINT('',#3311);
#3311 = CARTESIAN_POINT('',(-12.,-6.6,0.));
#3312 = SURFACE_CURVE('',#3313,(#3317,#3324),.PCURVE_S1.);
#3313 = LINE('',#3314,#3315);
#3314 = CARTESIAN_POINT('',(-15.,-6.6,0.));
#3315 = VECTOR('',#3316,1.);
#3316 = DIRECTION('',(1.,0.,0.));
#3317 = PCURVE('',#915,#3318);
#3318 = DEFINITIONAL_REPRESENTATION('',(#3319),#3323);
#3319 = LINE('',#3320,#3321);
#3320 = CARTESIAN_POINT('',(0.,0.));
#3321 = VECTOR('',#3322,1.);
#3322 = DIRECTION('',(1.,0.));
#3323 = ( GEOMETRIC_REPRESENTATION_CONTEXT(2) 
PARAMETRIC_REPRESENTATION_CONTEXT() REPRESENTATION_CONTEXT('2D SPACE',''
  ) );
#3324 = PCURVE('',#887,#3325);
#3325 = DEFINITIONAL_REPRESENTATION('',(#3326),#3330);
#3326 = LINE('',#3327,#3328);
#3327 = CARTESIAN_POINT('',(0.,0.));
#3328 = VECTOR('',#3329,1.);
#3329 = DIRECTION('',(0.,1.));
#3330 = ( GEOMETRIC_REPRESENTATION_CONTEXT(2) 
PARAMETRIC_REPRESENTATION_CONTEXT() REPRESENTATION_CONTEXT('2D SPACE',''
  ) );
#3331 = ORIENTED_EDGE('',*,*,#3332,.T.);
#3332 = EDGE_CURVE('',#3310,#3333,#3335,.T.);
#3333 = VERTEX_POINT('',#3334);
#3334 = CARTESIAN_POINT('',(-12.,-6.4,0.));
#3335 = SURFACE_CURVE('',#3336,(#3340,#3347),.PCURVE_S1.);
#3336 = LINE('',#3337,#3338);
#3337 = CARTESIAN_POINT('',(-12.,-6.6,0.));
#3338 = VECTOR('',#3339,1.);
#3339 = DIRECTION('',(0.,1.,0.));
#3340 = PCURVE('',#915,#3341);
#3341 = DEFINITIONAL_REPRESENTATION('',(#3342),#3346);
#3342 = LINE('',#3343,#3344);
#3343 = CARTESIAN_POINT('',(3.,0.));
#3344 = VECTOR('',#3345,1.);
#3345 = DIRECTION('',(0.,1.));
#3346 = ( GEOMETRIC_REPRESENTATION_CONTEXT(2) 
PARAMETRIC_REPRESENTATION_CONTEXT() REPRESENTATION_CONTEXT('2D SPACE',''
  ) );
#3347 = PCURVE('',#1103,#3348);
#3348 = DEFINITIONAL_REPRESENTATION('',(#3349),#3353);
#3349 = LINE('',#3350,#3351);
#3350 = CARTESIAN_POINT('',(0.,0.));
#3351 = VECTOR('',#3352,1.);
#3352 = DIRECTION('',(0.,-1.));
#3353 = ( GEOMETRIC_REPRESENTATION_CONTEXT(2) 
PARAMETRIC_REPRESENTATION_CONTEXT() REPRESENTATION_CONTEXT('2D SPACE',''
  ) );
#3354 = ORIENTED_EDGE('',*,*,#3355,.T.);
#3355 = EDGE_CURVE('',#3333,#3356,#3358,.T.);
#3356 = VERTEX_POINT('',#3357);
#3357 = CARTESIAN_POINT('',(-10.9,-6.4,0.));
#3358 = SURFACE_CURVE('',#3359,(#3363,#3370),.PCURVE_S1.);
#3359 = LINE('',#3360,#3361);
#3360 = CARTESIAN_POINT('',(-12.,-6.4,0.));
#3361 = VECTOR('',#3362,1.);
#3362 = DIRECTION('',(1.,0.,0.));
#3363 = PCURVE('',#915,#3364);
#3364 = DEFINITIONAL_REPRESENTATION('',(#3365),#3369);
#3365 = LINE('',#3366,#3367);
#3366 = CARTESIAN_POINT('',(3.,0.2));
#3367 = VECTOR('',#3368,1.);
#3368 = DIRECTION('',(1.,0.));
#3369 = ( GEOMETRIC_REPRESENTATION_CONTEXT(2) 
PARAMETRIC_REPRESENTATION_CONTEXT() REPRESENTATION_CONTEXT('2D SPACE',''
  ) );
#3370 = PCURVE('',#3371,#3376);
#3371 = PLANE('',#3372);
#3372 = AXIS2_PLACEMENT_3D('',#3373,#3374,#3375);
#3373 = CARTESIAN_POINT('',(-12.,-6.4,0.));
#3374 = DIRECTION('',(0.,1.,0.));
#3375 = DIRECTION('',(0.,0.,1.));
#3376 = DEFINITIONAL_REPRESENTATION('',(#3377),#3381);
#3377 = LINE('',#3378,#3379);
#3378 = CARTESIAN_POINT('',(0.,0.));
#3379 = VECTOR('',#3380,1.);
#3380 = DIRECTION('',(0.,1.));
#3381 = ( GEOMETRIC_REPRESENTATION_CONTEXT(2) 
PARAMETRIC_REPRESENTATION_CONTEXT() REPRESENTATION_CONTEXT('2D SPACE',''
  ) );
#3382 = ORIENTED_EDGE('',*,*,#3383,.T.);
#3383 = EDGE_CURVE('',#3356,#3384,#3386,.T.);
#3384 = VERTEX_POINT('',#3385);
#3385 = CARTESIAN_POINT('',(-10.9,6.3,0.));
#3386 = SURFACE_CURVE('',#3387,(#3391,#3398),.PCURVE_S1.);
#3387 = LINE('',#3388,#3389);
#3388 = CARTESIAN_POINT('',(-10.9,-6.4,0.));
#3389 = VECTOR('',#3390,1.);
#3390 = DIRECTION('',(0.,1.,0.));
#3391 = PCURVE('',#915,#3392);
#3392 = DEFINITIONAL_REPRESENTATION('',(#3393),#3397);
#3393 = LINE('',#3394,#3395);
#3394 = CARTESIAN_POINT('',(4.1,0.2));
#3395 = VECTOR('',#3396,1.);
#3396 = DIRECTION('',(0.,1.));
#3397 = ( GEOMETRIC_REPRESENTATION_CONTEXT(2) 
PARAMETRIC_REPRESENTATION_CONTEXT() REPRESENTATION_CONTEXT('2D SPACE',''
  ) );
#3398 = PCURVE('',#3399,#3404);
#3399 = PLANE('',#3400);
#3400 = AXIS2_PLACEMENT_3D('',#3401,#3402,#3403);
#3401 = CARTESIAN_POINT('',(-10.9,-6.4,0.));
#3402 = DIRECTION('',(1.,0.,0.));
#3403 = DIRECTION('',(0.,0.,1.));
#3404 = DEFINITIONAL_REPRESENTATION('',(#3405),#3409);
#3405 = LINE('',#3406,#3407);
#3406 = CARTESIAN_POINT('',(0.,0.));
#3407 = VECTOR('',#3408,1.);
#3408 = DIRECTION('',(0.,-1.));
#3409 = ( GEOMETRIC_REPRESENTATION_CONTEXT(2) 
PARAMETRIC_REPRESENTATION_CONTEXT() REPRESENTATION_CONTEXT('2D SPACE',''
  ) );
#3410 = ORIENTED_EDGE('',*,*,#3411,.F.);
#3411 = EDGE_CURVE('',#3412,#3384,#3414,.T.);
#3412 = VERTEX_POINT('',#3413);
#3413 = CARTESIAN_POINT('',(-12.,6.3,0.));
#3414 = SURFACE_CURVE('',#3415,(#3419,#3426),.PCURVE_S1.);
#3415 = LINE('',#3416,#3417);
#3416 = CARTESIAN_POINT('',(-12.,6.3,0.));
#3417 = VECTOR('',#3418,1.);
#3418 = DIRECTION('',(1.,0.,0.));
#3419 = PCURVE('',#915,#3420);
#3420 = DEFINITIONAL_REPRESENTATION('',(#3421),#3425);
#3421 = LINE('',#3422,#3423);
#3422 = CARTESIAN_POINT('',(3.,12.9));
#3423 = VECTOR('',#3424,1.);
#3424 = DIRECTION('',(1.,0.));
#3425 = ( GEOMETRIC_REPRESENTATION_CONTEXT(2) 
PARAMETRIC_REPRESENTATION_CONTEXT() REPRESENTATION_CONTEXT('2D SPACE',''
  ) );
#3426 = PCURVE('',#3427,#3432);
#3427 = PLANE('',#3428);
#3428 = AXIS2_PLACEMENT_3D('',#3429,#3430,#3431);
#3429 = CARTESIAN_POINT('',(-12.,6.3,0.));
#3430 = DIRECTION('',(0.,1.,0.));
#3431 = DIRECTION('',(0.,0.,1.));
#3432 = DEFINITIONAL_REPRESENTATION('',(#3433),#3437);
#3433 = LINE('',#3434,#3435);
#3434 = CARTESIAN_POINT('',(0.,0.));
#3435 = VECTOR('',#3436,1.);
#3436 = DIRECTION('',(0.,1.));
#3437 = ( GEOMETRIC_REPRESENTATION_CONTEXT(2) 
PARAMETRIC_REPRESENTATION_CONTEXT() REPRESENTATION_CONTEXT('2D SPACE',''
  ) );
#3438 = ORIENTED_EDGE('',*,*,#3439,.T.);
#3439 = EDGE_CURVE('',#3412,#3260,#3440,.T.);
#3440 = SURFACE_CURVE('',#3441,(#3445,#3452),.PCURVE_S1.);
#3441 = LINE('',#3442,#3443);
#3442 = CARTESIAN_POINT('',(-12.,-6.6,0.));
#3443 = VECTOR('',#3444,1.);
#3444 = DIRECTION('',(0.,1.,0.));
#3445 = PCURVE('',#915,#3446);
#3446 = DEFINITIONAL_REPRESENTATION('',(#3447),#3451);
#3447 = LINE('',#3448,#3449);
#3448 = CARTESIAN_POINT('',(3.,0.));
#3449 = VECTOR('',#3450,1.);
#3450 = DIRECTION('',(0.,1.));
#3451 = ( GEOMETRIC_REPRESENTATION_CONTEXT(2) 
PARAMETRIC_REPRESENTATION_CONTEXT() REPRESENTATION_CONTEXT('2D SPACE',''
  ) );
#3452 = PCURVE('',#1103,#3453);
#3453 = DEFINITIONAL_REPRESENTATION('',(#3454),#3458);
#3454 = LINE('',#3455,#3456);
#3455 = CARTESIAN_POINT('',(0.,0.));
#3456 = VECTOR('',#3457,1.);
#3457 = DIRECTION('',(0.,-1.));
#3458 = ( GEOMETRIC_REPRESENTATION_CONTEXT(2) 
PARAMETRIC_REPRESENTATION_CONTEXT() REPRESENTATION_CONTEXT('2D SPACE',''
  ) );
#3459 = ORIENTED_EDGE('',*,*,#3259,.F.);
#3460 = ORIENTED_EDGE('',*,*,#1011,.F.);
#3461 = ORIENTED_EDGE('',*,*,#3462,.F.);
#3462 = EDGE_CURVE('',#3463,#984,#3465,.T.);
#3463 = VERTEX_POINT('',#3464);
#3464 = CARTESIAN_POINT('',(-16.1,6.3,0.));
#3465 = SURFACE_CURVE('',#3466,(#3470,#3477),.PCURVE_S1.);
#3466 = LINE('',#3467,#3468);
#3467 = CARTESIAN_POINT('',(-16.1,6.3,0.));
#3468 = VECTOR('',#3469,1.);
#3469 = DIRECTION('',(1.,0.,0.));
#3470 = PCURVE('',#915,#3471);
#3471 = DEFINITIONAL_REPRESENTATION('',(#3472),#3476);
#3472 = LINE('',#3473,#3474);
#3473 = CARTESIAN_POINT('',(-1.1,12.9));
#3474 = VECTOR('',#3475,1.);
#3475 = DIRECTION('',(1.,0.));
#3476 = ( GEOMETRIC_REPRESENTATION_CONTEXT(2) 
PARAMETRIC_REPRESENTATION_CONTEXT() REPRESENTATION_CONTEXT('2D SPACE',''
  ) );
#3477 = PCURVE('',#999,#3478);
#3478 = DEFINITIONAL_REPRESENTATION('',(#3479),#3483);
#3479 = LINE('',#3480,#3481);
#3480 = CARTESIAN_POINT('',(0.,0.));
#3481 = VECTOR('',#3482,1.);
#3482 = DIRECTION('',(0.,1.));
#3483 = ( GEOMETRIC_REPRESENTATION_CONTEXT(2) 
PARAMETRIC_REPRESENTATION_CONTEXT() REPRESENTATION_CONTEXT('2D SPACE',''
  ) );
#3484 = ORIENTED_EDGE('',*,*,#3485,.F.);
#3485 = EDGE_CURVE('',#3486,#3463,#3488,.T.);
#3486 = VERTEX_POINT('',#3487);
#3487 = CARTESIAN_POINT('',(-16.1,-6.4,0.));
#3488 = SURFACE_CURVE('',#3489,(#3493,#3500),.PCURVE_S1.);
#3489 = LINE('',#3490,#3491);
#3490 = CARTESIAN_POINT('',(-16.1,-6.4,0.));
#3491 = VECTOR('',#3492,1.);
#3492 = DIRECTION('',(0.,1.,0.));
#3493 = PCURVE('',#915,#3494);
#3494 = DEFINITIONAL_REPRESENTATION('',(#3495),#3499);
#3495 = LINE('',#3496,#3497);
#3496 = CARTESIAN_POINT('',(-1.1,0.2));
#3497 = VECTOR('',#3498,1.);
#3498 = DIRECTION('',(0.,1.));
#3499 = ( GEOMETRIC_REPRESENTATION_CONTEXT(2) 
PARAMETRIC_REPRESENTATION_CONTEXT() REPRESENTATION_CONTEXT('2D SPACE',''
  ) );
#3500 = PCURVE('',#3501,#3506);
#3501 = PLANE('',#3502);
#3502 = AXIS2_PLACEMENT_3D('',#3503,#3504,#3505);
#3503 = CARTESIAN_POINT('',(-16.1,-6.4,0.));
#3504 = DIRECTION('',(1.,0.,0.));
#3505 = DIRECTION('',(0.,0.,1.));
#3506 = DEFINITIONAL_REPRESENTATION('',(#3507),#3511);
#3507 = LINE('',#3508,#3509);
#3508 = CARTESIAN_POINT('',(0.,0.));
#3509 = VECTOR('',#3510,1.);
#3510 = DIRECTION('',(0.,-1.));
#3511 = ( GEOMETRIC_REPRESENTATION_CONTEXT(2) 
PARAMETRIC_REPRESENTATION_CONTEXT() REPRESENTATION_CONTEXT('2D SPACE',''
  ) );
#3512 = ORIENTED_EDGE('',*,*,#3513,.T.);
#3513 = EDGE_CURVE('',#3486,#900,#3514,.T.);
#3514 = SURFACE_CURVE('',#3515,(#3519,#3526),.PCURVE_S1.);
#3515 = LINE('',#3516,#3517);
#3516 = CARTESIAN_POINT('',(-16.1,-6.4,0.));
#3517 = VECTOR('',#3518,1.);
#3518 = DIRECTION('',(1.,0.,0.));
#3519 = PCURVE('',#915,#3520);
#3520 = DEFINITIONAL_REPRESENTATION('',(#3521),#3525);
#3521 = LINE('',#3522,#3523);
#3522 = CARTESIAN_POINT('',(-1.1,0.2));
#3523 = VECTOR('',#3524,1.);
#3524 = DIRECTION('',(1.,0.));
#3525 = ( GEOMETRIC_REPRESENTATION_CONTEXT(2) 
PARAMETRIC_REPRESENTATION_CONTEXT() REPRESENTATION_CONTEXT('2D SPACE',''
  ) );
#3526 = PCURVE('',#943,#3527);
#3527 = DEFINITIONAL_REPRESENTATION('',(#3528),#3532);
#3528 = LINE('',#3529,#3530);
#3529 = CARTESIAN_POINT('',(0.,0.));
#3530 = VECTOR('',#3531,1.);
#3531 = DIRECTION('',(0.,1.));
#3532 = ( GEOMETRIC_REPRESENTATION_CONTEXT(2) 
PARAMETRIC_REPRESENTATION_CONTEXT() REPRESENTATION_CONTEXT('2D SPACE',''
  ) );
#3533 = ADVANCED_FACE('',(#3534),#999,.T.);
#3534 = FACE_BOUND('',#3535,.T.);
#3535 = EDGE_LOOP('',(#3536,#3537,#3560,#3581));
#3536 = ORIENTED_EDGE('',*,*,#3462,.F.);
#3537 = ORIENTED_EDGE('',*,*,#3538,.T.);
#3538 = EDGE_CURVE('',#3463,#3539,#3541,.T.);
#3539 = VERTEX_POINT('',#3540);
#3540 = CARTESIAN_POINT('',(-16.1,6.3,0.25));
#3541 = SURFACE_CURVE('',#3542,(#3546,#3553),.PCURVE_S1.);
#3542 = LINE('',#3543,#3544);
#3543 = CARTESIAN_POINT('',(-16.1,6.3,0.));
#3544 = VECTOR('',#3545,1.);
#3545 = DIRECTION('',(0.,0.,1.));
#3546 = PCURVE('',#999,#3547);
#3547 = DEFINITIONAL_REPRESENTATION('',(#3548),#3552);
#3548 = LINE('',#3549,#3550);
#3549 = CARTESIAN_POINT('',(0.,0.));
#3550 = VECTOR('',#3551,1.);
#3551 = DIRECTION('',(1.,0.));
#3552 = ( GEOMETRIC_REPRESENTATION_CONTEXT(2) 
PARAMETRIC_REPRESENTATION_CONTEXT() REPRESENTATION_CONTEXT('2D SPACE',''
  ) );
#3553 = PCURVE('',#3501,#3554);
#3554 = DEFINITIONAL_REPRESENTATION('',(#3555),#3559);
#3555 = LINE('',#3556,#3557);
#3556 = CARTESIAN_POINT('',(0.,-12.7));
#3557 = VECTOR('',#3558,1.);
#3558 = DIRECTION('',(1.,0.));
#3559 = ( GEOMETRIC_REPRESENTATION_CONTEXT(2) 
PARAMETRIC_REPRESENTATION_CONTEXT() REPRESENTATION_CONTEXT('2D SPACE',''
  ) );
#3560 = ORIENTED_EDGE('',*,*,#3561,.T.);
#3561 = EDGE_CURVE('',#3539,#956,#3562,.T.);
#3562 = SURFACE_CURVE('',#3563,(#3567,#3574),.PCURVE_S1.);
#3563 = LINE('',#3564,#3565);
#3564 = CARTESIAN_POINT('',(-16.1,6.3,0.25));
#3565 = VECTOR('',#3566,1.);
#3566 = DIRECTION('',(1.,0.,0.));
#3567 = PCURVE('',#999,#3568);
#3568 = DEFINITIONAL_REPRESENTATION('',(#3569),#3573);
#3569 = LINE('',#3570,#3571);
#3570 = CARTESIAN_POINT('',(0.25,0.));
#3571 = VECTOR('',#3572,1.);
#3572 = DIRECTION('',(0.,1.));
#3573 = ( GEOMETRIC_REPRESENTATION_CONTEXT(2) 
PARAMETRIC_REPRESENTATION_CONTEXT() REPRESENTATION_CONTEXT('2D SPACE',''
  ) );
#3574 = PCURVE('',#971,#3575);
#3575 = DEFINITIONAL_REPRESENTATION('',(#3576),#3580);
#3576 = LINE('',#3577,#3578);
#3577 = CARTESIAN_POINT('',(0.,12.7));
#3578 = VECTOR('',#3579,1.);
#3579 = DIRECTION('',(1.,0.));
#3580 = ( GEOMETRIC_REPRESENTATION_CONTEXT(2) 
PARAMETRIC_REPRESENTATION_CONTEXT() REPRESENTATION_CONTEXT('2D SPACE',''
  ) );
#3581 = ORIENTED_EDGE('',*,*,#983,.F.);
#3582 = ADVANCED_FACE('',(#3583),#971,.T.);
#3583 = FACE_BOUND('',#3584,.T.);
#3584 = EDGE_LOOP('',(#3585,#3608,#3629,#3630));
#3585 = ORIENTED_EDGE('',*,*,#3586,.F.);
#3586 = EDGE_CURVE('',#3587,#3539,#3589,.T.);
#3587 = VERTEX_POINT('',#3588);
#3588 = CARTESIAN_POINT('',(-16.1,-6.4,0.25));
#3589 = SURFACE_CURVE('',#3590,(#3594,#3601),.PCURVE_S1.);
#3590 = LINE('',#3591,#3592);
#3591 = CARTESIAN_POINT('',(-16.1,-6.4,0.25));
#3592 = VECTOR('',#3593,1.);
#3593 = DIRECTION('',(0.,1.,0.));
#3594 = PCURVE('',#971,#3595);
#3595 = DEFINITIONAL_REPRESENTATION('',(#3596),#3600);
#3596 = LINE('',#3597,#3598);
#3597 = CARTESIAN_POINT('',(0.,0.));
#3598 = VECTOR('',#3599,1.);
#3599 = DIRECTION('',(0.,1.));
#3600 = ( GEOMETRIC_REPRESENTATION_CONTEXT(2) 
PARAMETRIC_REPRESENTATION_CONTEXT() REPRESENTATION_CONTEXT('2D SPACE',''
  ) );
#3601 = PCURVE('',#3501,#3602);
#3602 = DEFINITIONAL_REPRESENTATION('',(#3603),#3607);
#3603 = LINE('',#3604,#3605);
#3604 = CARTESIAN_POINT('',(0.25,0.));
#3605 = VECTOR('',#3606,1.);
#3606 = DIRECTION('',(0.,-1.));
#3607 = ( GEOMETRIC_REPRESENTATION_CONTEXT(2) 
PARAMETRIC_REPRESENTATION_CONTEXT() REPRESENTATION_CONTEXT('2D SPACE',''
  ) );
#3608 = ORIENTED_EDGE('',*,*,#3609,.T.);
#3609 = EDGE_CURVE('',#3587,#928,#3610,.T.);
#3610 = SURFACE_CURVE('',#3611,(#3615,#3622),.PCURVE_S1.);
#3611 = LINE('',#3612,#3613);
#3612 = CARTESIAN_POINT('',(-16.1,-6.4,0.25));
#3613 = VECTOR('',#3614,1.);
#3614 = DIRECTION('',(1.,0.,0.));
#3615 = PCURVE('',#971,#3616);
#3616 = DEFINITIONAL_REPRESENTATION('',(#3617),#3621);
#3617 = LINE('',#3618,#3619);
#3618 = CARTESIAN_POINT('',(0.,0.));
#3619 = VECTOR('',#3620,1.);
#3620 = DIRECTION('',(1.,0.));
#3621 = ( GEOMETRIC_REPRESENTATION_CONTEXT(2) 
PARAMETRIC_REPRESENTATION_CONTEXT() REPRESENTATION_CONTEXT('2D SPACE',''
  ) );
#3622 = PCURVE('',#943,#3623);
#3623 = DEFINITIONAL_REPRESENTATION('',(#3624),#3628);
#3624 = LINE('',#3625,#3626);
#3625 = CARTESIAN_POINT('',(0.25,0.));
#3626 = VECTOR('',#3627,1.);
#3627 = DIRECTION('',(0.,1.));
#3628 = ( GEOMETRIC_REPRESENTATION_CONTEXT(2) 
PARAMETRIC_REPRESENTATION_CONTEXT() REPRESENTATION_CONTEXT('2D SPACE',''
  ) );
#3629 = ORIENTED_EDGE('',*,*,#955,.T.);
#3630 = ORIENTED_EDGE('',*,*,#3561,.F.);
#3631 = ADVANCED_FACE('',(#3632),#943,.F.);
#3632 = FACE_BOUND('',#3633,.F.);
#3633 = EDGE_LOOP('',(#3634,#3635,#3656,#3657));
#3634 = ORIENTED_EDGE('',*,*,#3513,.F.);
#3635 = ORIENTED_EDGE('',*,*,#3636,.T.);
#3636 = EDGE_CURVE('',#3486,#3587,#3637,.T.);
#3637 = SURFACE_CURVE('',#3638,(#3642,#3649),.PCURVE_S1.);
#3638 = LINE('',#3639,#3640);
#3639 = CARTESIAN_POINT('',(-16.1,-6.4,0.));
#3640 = VECTOR('',#3641,1.);
#3641 = DIRECTION('',(0.,0.,1.));
#3642 = PCURVE('',#943,#3643);
#3643 = DEFINITIONAL_REPRESENTATION('',(#3644),#3648);
#3644 = LINE('',#3645,#3646);
#3645 = CARTESIAN_POINT('',(0.,0.));
#3646 = VECTOR('',#3647,1.);
#3647 = DIRECTION('',(1.,0.));
#3648 = ( GEOMETRIC_REPRESENTATION_CONTEXT(2) 
PARAMETRIC_REPRESENTATION_CONTEXT() REPRESENTATION_CONTEXT('2D SPACE',''
  ) );
#3649 = PCURVE('',#3501,#3650);
#3650 = DEFINITIONAL_REPRESENTATION('',(#3651),#3655);
#3651 = LINE('',#3652,#3653);
#3652 = CARTESIAN_POINT('',(0.,0.));
#3653 = VECTOR('',#3654,1.);
#3654 = DIRECTION('',(1.,0.));
#3655 = ( GEOMETRIC_REPRESENTATION_CONTEXT(2) 
PARAMETRIC_REPRESENTATION_CONTEXT() REPRESENTATION_CONTEXT('2D SPACE',''
  ) );
#3656 = ORIENTED_EDGE('',*,*,#3609,.T.);
#3657 = ORIENTED_EDGE('',*,*,#927,.F.);
#3658 = ADVANCED_FACE('',(#3659),#887,.F.);
#3659 = FACE_BOUND('',#3660,.F.);
#3660 = EDGE_LOOP('',(#3661,#3662,#3663,#3664));
#3661 = ORIENTED_EDGE('',*,*,#3309,.F.);
#3662 = ORIENTED_EDGE('',*,*,#871,.T.);
#3663 = ORIENTED_EDGE('',*,*,#1064,.T.);
#3664 = ORIENTED_EDGE('',*,*,#3665,.F.);
#3665 = EDGE_CURVE('',#3310,#1065,#3666,.T.);
#3666 = SURFACE_CURVE('',#3667,(#3671,#3678),.PCURVE_S1.);
#3667 = LINE('',#3668,#3669);
#3668 = CARTESIAN_POINT('',(-12.,-6.6,0.));
#3669 = VECTOR('',#3670,1.);
#3670 = DIRECTION('',(0.,0.,1.));
#3671 = PCURVE('',#887,#3672);
#3672 = DEFINITIONAL_REPRESENTATION('',(#3673),#3677);
#3673 = LINE('',#3674,#3675);
#3674 = CARTESIAN_POINT('',(0.,3.));
#3675 = VECTOR('',#3676,1.);
#3676 = DIRECTION('',(1.,0.));
#3677 = ( GEOMETRIC_REPRESENTATION_CONTEXT(2) 
PARAMETRIC_REPRESENTATION_CONTEXT() REPRESENTATION_CONTEXT('2D SPACE',''
  ) );
#3678 = PCURVE('',#1103,#3679);
#3679 = DEFINITIONAL_REPRESENTATION('',(#3680),#3684);
#3680 = LINE('',#3681,#3682);
#3681 = CARTESIAN_POINT('',(0.,0.));
#3682 = VECTOR('',#3683,1.);
#3683 = DIRECTION('',(1.,0.));
#3684 = ( GEOMETRIC_REPRESENTATION_CONTEXT(2) 
PARAMETRIC_REPRESENTATION_CONTEXT() REPRESENTATION_CONTEXT('2D SPACE',''
  ) );
#3685 = ADVANCED_FACE('',(#3686),#1103,.T.);
#3686 = FACE_BOUND('',#3687,.T.);
#3687 = EDGE_LOOP('',(#3688,#3689,#3690,#3691,#3714,#3742,#3763,#3764));
#3688 = ORIENTED_EDGE('',*,*,#1087,.F.);
#3689 = ORIENTED_EDGE('',*,*,#3665,.F.);
#3690 = ORIENTED_EDGE('',*,*,#3332,.T.);
#3691 = ORIENTED_EDGE('',*,*,#3692,.T.);
#3692 = EDGE_CURVE('',#3333,#3693,#3695,.T.);
#3693 = VERTEX_POINT('',#3694);
#3694 = CARTESIAN_POINT('',(-12.,-6.4,0.25));
#3695 = SURFACE_CURVE('',#3696,(#3700,#3707),.PCURVE_S1.);
#3696 = LINE('',#3697,#3698);
#3697 = CARTESIAN_POINT('',(-12.,-6.4,0.));
#3698 = VECTOR('',#3699,1.);
#3699 = DIRECTION('',(0.,0.,1.));
#3700 = PCURVE('',#1103,#3701);
#3701 = DEFINITIONAL_REPRESENTATION('',(#3702),#3706);
#3702 = LINE('',#3703,#3704);
#3703 = CARTESIAN_POINT('',(0.,-0.2));
#3704 = VECTOR('',#3705,1.);
#3705 = DIRECTION('',(1.,0.));
#3706 = ( GEOMETRIC_REPRESENTATION_CONTEXT(2) 
PARAMETRIC_REPRESENTATION_CONTEXT() REPRESENTATION_CONTEXT('2D SPACE',''
  ) );
#3707 = PCURVE('',#3371,#3708);
#3708 = DEFINITIONAL_REPRESENTATION('',(#3709),#3713);
#3709 = LINE('',#3710,#3711);
#3710 = CARTESIAN_POINT('',(0.,0.));
#3711 = VECTOR('',#3712,1.);
#3712 = DIRECTION('',(1.,0.));
#3713 = ( GEOMETRIC_REPRESENTATION_CONTEXT(2) 
PARAMETRIC_REPRESENTATION_CONTEXT() REPRESENTATION_CONTEXT('2D SPACE',''
  ) );
#3714 = ORIENTED_EDGE('',*,*,#3715,.T.);
#3715 = EDGE_CURVE('',#3693,#3716,#3718,.T.);
#3716 = VERTEX_POINT('',#3717);
#3717 = CARTESIAN_POINT('',(-12.,6.3,0.25));
#3718 = SURFACE_CURVE('',#3719,(#3723,#3730),.PCURVE_S1.);
#3719 = LINE('',#3720,#3721);
#3720 = CARTESIAN_POINT('',(-12.,-6.4,0.25));
#3721 = VECTOR('',#3722,1.);
#3722 = DIRECTION('',(0.,1.,0.));
#3723 = PCURVE('',#1103,#3724);
#3724 = DEFINITIONAL_REPRESENTATION('',(#3725),#3729);
#3725 = LINE('',#3726,#3727);
#3726 = CARTESIAN_POINT('',(0.25,-0.2));
#3727 = VECTOR('',#3728,1.);
#3728 = DIRECTION('',(0.,-1.));
#3729 = ( GEOMETRIC_REPRESENTATION_CONTEXT(2) 
PARAMETRIC_REPRESENTATION_CONTEXT() REPRESENTATION_CONTEXT('2D SPACE',''
  ) );
#3730 = PCURVE('',#3731,#3736);
#3731 = PLANE('',#3732);
#3732 = AXIS2_PLACEMENT_3D('',#3733,#3734,#3735);
#3733 = CARTESIAN_POINT('',(-12.,-6.4,0.25));
#3734 = DIRECTION('',(0.,0.,1.));
#3735 = DIRECTION('',(1.,0.,0.));
#3736 = DEFINITIONAL_REPRESENTATION('',(#3737),#3741);
#3737 = LINE('',#3738,#3739);
#3738 = CARTESIAN_POINT('',(0.,0.));
#3739 = VECTOR('',#3740,1.);
#3740 = DIRECTION('',(0.,1.));
#3741 = ( GEOMETRIC_REPRESENTATION_CONTEXT(2) 
PARAMETRIC_REPRESENTATION_CONTEXT() REPRESENTATION_CONTEXT('2D SPACE',''
  ) );
#3742 = ORIENTED_EDGE('',*,*,#3743,.F.);
#3743 = EDGE_CURVE('',#3412,#3716,#3744,.T.);
#3744 = SURFACE_CURVE('',#3745,(#3749,#3756),.PCURVE_S1.);
#3745 = LINE('',#3746,#3747);
#3746 = CARTESIAN_POINT('',(-12.,6.3,0.));
#3747 = VECTOR('',#3748,1.);
#3748 = DIRECTION('',(0.,0.,1.));
#3749 = PCURVE('',#1103,#3750);
#3750 = DEFINITIONAL_REPRESENTATION('',(#3751),#3755);
#3751 = LINE('',#3752,#3753);
#3752 = CARTESIAN_POINT('',(0.,-12.9));
#3753 = VECTOR('',#3754,1.);
#3754 = DIRECTION('',(1.,0.));
#3755 = ( GEOMETRIC_REPRESENTATION_CONTEXT(2) 
PARAMETRIC_REPRESENTATION_CONTEXT() REPRESENTATION_CONTEXT('2D SPACE',''
  ) );
#3756 = PCURVE('',#3427,#3757);
#3757 = DEFINITIONAL_REPRESENTATION('',(#3758),#3762);
#3758 = LINE('',#3759,#3760);
#3759 = CARTESIAN_POINT('',(0.,0.));
#3760 = VECTOR('',#3761,1.);
#3761 = DIRECTION('',(1.,0.));
#3762 = ( GEOMETRIC_REPRESENTATION_CONTEXT(2) 
PARAMETRIC_REPRESENTATION_CONTEXT() REPRESENTATION_CONTEXT('2D SPACE',''
  ) );
#3763 = ORIENTED_EDGE('',*,*,#3439,.T.);
#3764 = ORIENTED_EDGE('',*,*,#3284,.T.);
#3765 = ADVANCED_FACE('',(#3766),#1155,.T.);
#3766 = FACE_BOUND('',#3767,.T.);
#3767 = EDGE_LOOP('',(#3768,#3791,#3819,#3840));
#3768 = ORIENTED_EDGE('',*,*,#3769,.F.);
#3769 = EDGE_CURVE('',#3770,#1139,#3772,.T.);
#3770 = VERTEX_POINT('',#3771);
#3771 = CARTESIAN_POINT('',(-13.835,-6.065,2.));
#3772 = SURFACE_CURVE('',#3773,(#3777,#3784),.PCURVE_S1.);
#3773 = LINE('',#3774,#3775);
#3774 = CARTESIAN_POINT('',(-13.835,-6.065,2.));
#3775 = VECTOR('',#3776,1.);
#3776 = DIRECTION('',(0.,0.,1.));
#3777 = PCURVE('',#1155,#3778);
#3778 = DEFINITIONAL_REPRESENTATION('',(#3779),#3783);
#3779 = LINE('',#3780,#3781);
#3780 = CARTESIAN_POINT('',(0.,0.6));
#3781 = VECTOR('',#3782,1.);
#3782 = DIRECTION('',(1.,0.));
#3783 = ( GEOMETRIC_REPRESENTATION_CONTEXT(2) 
PARAMETRIC_REPRESENTATION_CONTEXT() REPRESENTATION_CONTEXT('2D SPACE',''
  ) );
#3784 = PCURVE('',#1231,#3785);
#3785 = DEFINITIONAL_REPRESENTATION('',(#3786),#3790);
#3786 = LINE('',#3787,#3788);
#3787 = CARTESIAN_POINT('',(0.,0.));
#3788 = VECTOR('',#3789,1.);
#3789 = DIRECTION('',(1.,0.));
#3790 = ( GEOMETRIC_REPRESENTATION_CONTEXT(2) 
PARAMETRIC_REPRESENTATION_CONTEXT() REPRESENTATION_CONTEXT('2D SPACE',''
  ) );
#3791 = ORIENTED_EDGE('',*,*,#3792,.F.);
#3792 = EDGE_CURVE('',#3793,#3770,#3795,.T.);
#3793 = VERTEX_POINT('',#3794);
#3794 = CARTESIAN_POINT('',(-14.435,-6.065,2.));
#3795 = SURFACE_CURVE('',#3796,(#3800,#3807),.PCURVE_S1.);
#3796 = LINE('',#3797,#3798);
#3797 = CARTESIAN_POINT('',(-14.435,-6.065,2.));
#3798 = VECTOR('',#3799,1.);
#3799 = DIRECTION('',(1.,0.,0.));
#3800 = PCURVE('',#1155,#3801);
#3801 = DEFINITIONAL_REPRESENTATION('',(#3802),#3806);
#3802 = LINE('',#3803,#3804);
#3803 = CARTESIAN_POINT('',(0.,0.));
#3804 = VECTOR('',#3805,1.);
#3805 = DIRECTION('',(0.,1.));
#3806 = ( GEOMETRIC_REPRESENTATION_CONTEXT(2) 
PARAMETRIC_REPRESENTATION_CONTEXT() REPRESENTATION_CONTEXT('2D SPACE',''
  ) );
#3807 = PCURVE('',#3808,#3813);
#3808 = PLANE('',#3809);
#3809 = AXIS2_PLACEMENT_3D('',#3810,#3811,#3812);
#3810 = CARTESIAN_POINT('',(-14.435,-6.065,2.));
#3811 = DIRECTION('',(0.,0.,1.));
#3812 = DIRECTION('',(1.,0.,0.));
#3813 = DEFINITIONAL_REPRESENTATION('',(#3814),#3818);
#3814 = LINE('',#3815,#3816);
#3815 = CARTESIAN_POINT('',(0.,0.));
#3816 = VECTOR('',#3817,1.);
#3817 = DIRECTION('',(1.,0.));
#3818 = ( GEOMETRIC_REPRESENTATION_CONTEXT(2) 
PARAMETRIC_REPRESENTATION_CONTEXT() REPRESENTATION_CONTEXT('2D SPACE',''
  ) );
#3819 = ORIENTED_EDGE('',*,*,#3820,.T.);
#3820 = EDGE_CURVE('',#3793,#1141,#3821,.T.);
#3821 = SURFACE_CURVE('',#3822,(#3826,#3833),.PCURVE_S1.);
#3822 = LINE('',#3823,#3824);
#3823 = CARTESIAN_POINT('',(-14.435,-6.065,2.));
#3824 = VECTOR('',#3825,1.);
#3825 = DIRECTION('',(0.,0.,1.));
#3826 = PCURVE('',#1155,#3827);
#3827 = DEFINITIONAL_REPRESENTATION('',(#3828),#3832);
#3828 = LINE('',#3829,#3830);
#3829 = CARTESIAN_POINT('',(0.,0.));
#3830 = VECTOR('',#3831,1.);
#3831 = DIRECTION('',(1.,0.));
#3832 = ( GEOMETRIC_REPRESENTATION_CONTEXT(2) 
PARAMETRIC_REPRESENTATION_CONTEXT() REPRESENTATION_CONTEXT('2D SPACE',''
  ) );
#3833 = PCURVE('',#1181,#3834);
#3834 = DEFINITIONAL_REPRESENTATION('',(#3835),#3839);
#3835 = LINE('',#3836,#3837);
#3836 = CARTESIAN_POINT('',(0.,0.));
#3837 = VECTOR('',#3838,1.);
#3838 = DIRECTION('',(1.,0.));
#3839 = ( GEOMETRIC_REPRESENTATION_CONTEXT(2) 
PARAMETRIC_REPRESENTATION_CONTEXT() REPRESENTATION_CONTEXT('2D SPACE',''
  ) );
#3840 = ORIENTED_EDGE('',*,*,#1138,.F.);
#3841 = ADVANCED_FACE('',(#3842),#1231,.F.);
#3842 = FACE_BOUND('',#3843,.F.);
#3843 = EDGE_LOOP('',(#3844,#3845,#3868,#3889));
#3844 = ORIENTED_EDGE('',*,*,#3769,.F.);
#3845 = ORIENTED_EDGE('',*,*,#3846,.T.);
#3846 = EDGE_CURVE('',#3770,#3847,#3849,.T.);
#3847 = VERTEX_POINT('',#3848);
#3848 = CARTESIAN_POINT('',(-13.835,-5.465,2.));
#3849 = SURFACE_CURVE('',#3850,(#3854,#3861),.PCURVE_S1.);
#3850 = LINE('',#3851,#3852);
#3851 = CARTESIAN_POINT('',(-13.835,-6.065,2.));
#3852 = VECTOR('',#3853,1.);
#3853 = DIRECTION('',(0.,1.,0.));
#3854 = PCURVE('',#1231,#3855);
#3855 = DEFINITIONAL_REPRESENTATION('',(#3856),#3860);
#3856 = LINE('',#3857,#3858);
#3857 = CARTESIAN_POINT('',(0.,0.));
#3858 = VECTOR('',#3859,1.);
#3859 = DIRECTION('',(0.,-1.));
#3860 = ( GEOMETRIC_REPRESENTATION_CONTEXT(2) 
PARAMETRIC_REPRESENTATION_CONTEXT() REPRESENTATION_CONTEXT('2D SPACE',''
  ) );
#3861 = PCURVE('',#3808,#3862);
#3862 = DEFINITIONAL_REPRESENTATION('',(#3863),#3867);
#3863 = LINE('',#3864,#3865);
#3864 = CARTESIAN_POINT('',(0.6,0.));
#3865 = VECTOR('',#3866,1.);
#3866 = DIRECTION('',(0.,1.));
#3867 = ( GEOMETRIC_REPRESENTATION_CONTEXT(2) 
PARAMETRIC_REPRESENTATION_CONTEXT() REPRESENTATION_CONTEXT('2D SPACE',''
  ) );
#3868 = ORIENTED_EDGE('',*,*,#3869,.T.);
#3869 = EDGE_CURVE('',#3847,#1193,#3870,.T.);
#3870 = SURFACE_CURVE('',#3871,(#3875,#3882),.PCURVE_S1.);
#3871 = LINE('',#3872,#3873);
#3872 = CARTESIAN_POINT('',(-13.835,-5.465,2.));
#3873 = VECTOR('',#3874,1.);
#3874 = DIRECTION('',(0.,0.,1.));
#3875 = PCURVE('',#1231,#3876);
#3876 = DEFINITIONAL_REPRESENTATION('',(#3877),#3881);
#3877 = LINE('',#3878,#3879);
#3878 = CARTESIAN_POINT('',(0.,-0.6));
#3879 = VECTOR('',#3880,1.);
#3880 = DIRECTION('',(1.,0.));
#3881 = ( GEOMETRIC_REPRESENTATION_CONTEXT(2) 
PARAMETRIC_REPRESENTATION_CONTEXT() REPRESENTATION_CONTEXT('2D SPACE',''
  ) );
#3882 = PCURVE('',#1207,#3883);
#3883 = DEFINITIONAL_REPRESENTATION('',(#3884),#3888);
#3884 = LINE('',#3885,#3886);
#3885 = CARTESIAN_POINT('',(0.,0.6));
#3886 = VECTOR('',#3887,1.);
#3887 = DIRECTION('',(1.,0.));
#3888 = ( GEOMETRIC_REPRESENTATION_CONTEXT(2) 
PARAMETRIC_REPRESENTATION_CONTEXT() REPRESENTATION_CONTEXT('2D SPACE',''
  ) );
#3889 = ORIENTED_EDGE('',*,*,#1218,.F.);
#3890 = ADVANCED_FACE('',(#3891),#1181,.T.);
#3891 = FACE_BOUND('',#3892,.T.);
#3892 = EDGE_LOOP('',(#3893,#3894,#3917,#3938));
#3893 = ORIENTED_EDGE('',*,*,#3820,.F.);
#3894 = ORIENTED_EDGE('',*,*,#3895,.T.);
#3895 = EDGE_CURVE('',#3793,#3896,#3898,.T.);
#3896 = VERTEX_POINT('',#3897);
#3897 = CARTESIAN_POINT('',(-14.435,-5.465,2.));
#3898 = SURFACE_CURVE('',#3899,(#3903,#3910),.PCURVE_S1.);
#3899 = LINE('',#3900,#3901);
#3900 = CARTESIAN_POINT('',(-14.435,-6.065,2.));
#3901 = VECTOR('',#3902,1.);
#3902 = DIRECTION('',(0.,1.,0.));
#3903 = PCURVE('',#1181,#3904);
#3904 = DEFINITIONAL_REPRESENTATION('',(#3905),#3909);
#3905 = LINE('',#3906,#3907);
#3906 = CARTESIAN_POINT('',(0.,0.));
#3907 = VECTOR('',#3908,1.);
#3908 = DIRECTION('',(0.,-1.));
#3909 = ( GEOMETRIC_REPRESENTATION_CONTEXT(2) 
PARAMETRIC_REPRESENTATION_CONTEXT() REPRESENTATION_CONTEXT('2D SPACE',''
  ) );
#3910 = PCURVE('',#3808,#3911);
#3911 = DEFINITIONAL_REPRESENTATION('',(#3912),#3916);
#3912 = LINE('',#3913,#3914);
#3913 = CARTESIAN_POINT('',(0.,0.));
#3914 = VECTOR('',#3915,1.);
#3915 = DIRECTION('',(0.,1.));
#3916 = ( GEOMETRIC_REPRESENTATION_CONTEXT(2) 
PARAMETRIC_REPRESENTATION_CONTEXT() REPRESENTATION_CONTEXT('2D SPACE',''
  ) );
#3917 = ORIENTED_EDGE('',*,*,#3918,.T.);
#3918 = EDGE_CURVE('',#3896,#1167,#3919,.T.);
#3919 = SURFACE_CURVE('',#3920,(#3924,#3931),.PCURVE_S1.);
#3920 = LINE('',#3921,#3922);
#3921 = CARTESIAN_POINT('',(-14.435,-5.465,2.));
#3922 = VECTOR('',#3923,1.);
#3923 = DIRECTION('',(0.,0.,1.));
#3924 = PCURVE('',#1181,#3925);
#3925 = DEFINITIONAL_REPRESENTATION('',(#3926),#3930);
#3926 = LINE('',#3927,#3928);
#3927 = CARTESIAN_POINT('',(0.,-0.6));
#3928 = VECTOR('',#3929,1.);
#3929 = DIRECTION('',(1.,0.));
#3930 = ( GEOMETRIC_REPRESENTATION_CONTEXT(2) 
PARAMETRIC_REPRESENTATION_CONTEXT() REPRESENTATION_CONTEXT('2D SPACE',''
  ) );
#3931 = PCURVE('',#1207,#3932);
#3932 = DEFINITIONAL_REPRESENTATION('',(#3933),#3937);
#3933 = LINE('',#3934,#3935);
#3934 = CARTESIAN_POINT('',(0.,0.));
#3935 = VECTOR('',#3936,1.);
#3936 = DIRECTION('',(1.,0.));
#3937 = ( GEOMETRIC_REPRESENTATION_CONTEXT(2) 
PARAMETRIC_REPRESENTATION_CONTEXT() REPRESENTATION_CONTEXT('2D SPACE',''
  ) );
#3938 = ORIENTED_EDGE('',*,*,#1166,.F.);
#3939 = ADVANCED_FACE('',(#3940),#1207,.F.);
#3940 = FACE_BOUND('',#3941,.F.);
#3941 = EDGE_LOOP('',(#3942,#3943,#3964,#3965));
#3942 = ORIENTED_EDGE('',*,*,#3869,.F.);
#3943 = ORIENTED_EDGE('',*,*,#3944,.F.);
#3944 = EDGE_CURVE('',#3896,#3847,#3945,.T.);
#3945 = SURFACE_CURVE('',#3946,(#3950,#3957),.PCURVE_S1.);
#3946 = LINE('',#3947,#3948);
#3947 = CARTESIAN_POINT('',(-14.435,-5.465,2.));
#3948 = VECTOR('',#3949,1.);
#3949 = DIRECTION('',(1.,0.,0.));
#3950 = PCURVE('',#1207,#3951);
#3951 = DEFINITIONAL_REPRESENTATION('',(#3952),#3956);
#3952 = LINE('',#3953,#3954);
#3953 = CARTESIAN_POINT('',(0.,0.));
#3954 = VECTOR('',#3955,1.);
#3955 = DIRECTION('',(0.,1.));
#3956 = ( GEOMETRIC_REPRESENTATION_CONTEXT(2) 
PARAMETRIC_REPRESENTATION_CONTEXT() REPRESENTATION_CONTEXT('2D SPACE',''
  ) );
#3957 = PCURVE('',#3808,#3958);
#3958 = DEFINITIONAL_REPRESENTATION('',(#3959),#3963);
#3959 = LINE('',#3960,#3961);
#3960 = CARTESIAN_POINT('',(0.,0.6));
#3961 = VECTOR('',#3962,1.);
#3962 = DIRECTION('',(1.,0.));
#3963 = ( GEOMETRIC_REPRESENTATION_CONTEXT(2) 
PARAMETRIC_REPRESENTATION_CONTEXT() REPRESENTATION_CONTEXT('2D SPACE',''
  ) );
#3964 = ORIENTED_EDGE('',*,*,#3918,.T.);
#3965 = ORIENTED_EDGE('',*,*,#1192,.F.);
#3966 = ADVANCED_FACE('',(#3967),#1261,.T.);
#3967 = FACE_BOUND('',#3968,.T.);
#3968 = EDGE_LOOP('',(#3969,#3992,#4020,#4041));
#3969 = ORIENTED_EDGE('',*,*,#3970,.F.);
#3970 = EDGE_CURVE('',#3971,#1245,#3973,.T.);
#3971 = VERTEX_POINT('',#3972);
#3972 = CARTESIAN_POINT('',(-13.835,-4.795,2.));
#3973 = SURFACE_CURVE('',#3974,(#3978,#3985),.PCURVE_S1.);
#3974 = LINE('',#3975,#3976);
#3975 = CARTESIAN_POINT('',(-13.835,-4.795,2.));
#3976 = VECTOR('',#3977,1.);
#3977 = DIRECTION('',(0.,0.,1.));
#3978 = PCURVE('',#1261,#3979);
#3979 = DEFINITIONAL_REPRESENTATION('',(#3980),#3984);
#3980 = LINE('',#3981,#3982);
#3981 = CARTESIAN_POINT('',(0.,0.6));
#3982 = VECTOR('',#3983,1.);
#3983 = DIRECTION('',(1.,0.));
#3984 = ( GEOMETRIC_REPRESENTATION_CONTEXT(2) 
PARAMETRIC_REPRESENTATION_CONTEXT() REPRESENTATION_CONTEXT('2D SPACE',''
  ) );
#3985 = PCURVE('',#1337,#3986);
#3986 = DEFINITIONAL_REPRESENTATION('',(#3987),#3991);
#3987 = LINE('',#3988,#3989);
#3988 = CARTESIAN_POINT('',(0.,0.));
#3989 = VECTOR('',#3990,1.);
#3990 = DIRECTION('',(1.,0.));
#3991 = ( GEOMETRIC_REPRESENTATION_CONTEXT(2) 
PARAMETRIC_REPRESENTATION_CONTEXT() REPRESENTATION_CONTEXT('2D SPACE',''
  ) );
#3992 = ORIENTED_EDGE('',*,*,#3993,.F.);
#3993 = EDGE_CURVE('',#3994,#3971,#3996,.T.);
#3994 = VERTEX_POINT('',#3995);
#3995 = CARTESIAN_POINT('',(-14.435,-4.795,2.));
#3996 = SURFACE_CURVE('',#3997,(#4001,#4008),.PCURVE_S1.);
#3997 = LINE('',#3998,#3999);
#3998 = CARTESIAN_POINT('',(-14.435,-4.795,2.));
#3999 = VECTOR('',#4000,1.);
#4000 = DIRECTION('',(1.,0.,0.));
#4001 = PCURVE('',#1261,#4002);
#4002 = DEFINITIONAL_REPRESENTATION('',(#4003),#4007);
#4003 = LINE('',#4004,#4005);
#4004 = CARTESIAN_POINT('',(0.,0.));
#4005 = VECTOR('',#4006,1.);
#4006 = DIRECTION('',(0.,1.));
#4007 = ( GEOMETRIC_REPRESENTATION_CONTEXT(2) 
PARAMETRIC_REPRESENTATION_CONTEXT() REPRESENTATION_CONTEXT('2D SPACE',''
  ) );
#4008 = PCURVE('',#4009,#4014);
#4009 = PLANE('',#4010);
#4010 = AXIS2_PLACEMENT_3D('',#4011,#4012,#4013);
#4011 = CARTESIAN_POINT('',(-14.435,-4.795,2.));
#4012 = DIRECTION('',(0.,0.,1.));
#4013 = DIRECTION('',(1.,0.,0.));
#4014 = DEFINITIONAL_REPRESENTATION('',(#4015),#4019);
#4015 = LINE('',#4016,#4017);
#4016 = CARTESIAN_POINT('',(0.,0.));
#4017 = VECTOR('',#4018,1.);
#4018 = DIRECTION('',(1.,0.));
#4019 = ( GEOMETRIC_REPRESENTATION_CONTEXT(2) 
PARAMETRIC_REPRESENTATION_CONTEXT() REPRESENTATION_CONTEXT('2D SPACE',''
  ) );
#4020 = ORIENTED_EDGE('',*,*,#4021,.T.);
#4021 = EDGE_CURVE('',#3994,#1247,#4022,.T.);
#4022 = SURFACE_CURVE('',#4023,(#4027,#4034),.PCURVE_S1.);
#4023 = LINE('',#4024,#4025);
#4024 = CARTESIAN_POINT('',(-14.435,-4.795,2.));
#4025 = VECTOR('',#4026,1.);
#4026 = DIRECTION('',(0.,0.,1.));
#4027 = PCURVE('',#1261,#4028);
#4028 = DEFINITIONAL_REPRESENTATION('',(#4029),#4033);
#4029 = LINE('',#4030,#4031);
#4030 = CARTESIAN_POINT('',(0.,0.));
#4031 = VECTOR('',#4032,1.);
#4032 = DIRECTION('',(1.,0.));
#4033 = ( GEOMETRIC_REPRESENTATION_CONTEXT(2) 
PARAMETRIC_REPRESENTATION_CONTEXT() REPRESENTATION_CONTEXT('2D SPACE',''
  ) );
#4034 = PCURVE('',#1287,#4035);
#4035 = DEFINITIONAL_REPRESENTATION('',(#4036),#4040);
#4036 = LINE('',#4037,#4038);
#4037 = CARTESIAN_POINT('',(0.,0.));
#4038 = VECTOR('',#4039,1.);
#4039 = DIRECTION('',(1.,0.));
#4040 = ( GEOMETRIC_REPRESENTATION_CONTEXT(2) 
PARAMETRIC_REPRESENTATION_CONTEXT() REPRESENTATION_CONTEXT('2D SPACE',''
  ) );
#4041 = ORIENTED_EDGE('',*,*,#1244,.F.);
#4042 = ADVANCED_FACE('',(#4043),#1337,.F.);
#4043 = FACE_BOUND('',#4044,.F.);
#4044 = EDGE_LOOP('',(#4045,#4046,#4069,#4090));
#4045 = ORIENTED_EDGE('',*,*,#3970,.F.);
#4046 = ORIENTED_EDGE('',*,*,#4047,.T.);
#4047 = EDGE_CURVE('',#3971,#4048,#4050,.T.);
#4048 = VERTEX_POINT('',#4049);
#4049 = CARTESIAN_POINT('',(-13.835,-4.195,2.));
#4050 = SURFACE_CURVE('',#4051,(#4055,#4062),.PCURVE_S1.);
#4051 = LINE('',#4052,#4053);
#4052 = CARTESIAN_POINT('',(-13.835,-4.795,2.));
#4053 = VECTOR('',#4054,1.);
#4054 = DIRECTION('',(0.,1.,0.));
#4055 = PCURVE('',#1337,#4056);
#4056 = DEFINITIONAL_REPRESENTATION('',(#4057),#4061);
#4057 = LINE('',#4058,#4059);
#4058 = CARTESIAN_POINT('',(0.,0.));
#4059 = VECTOR('',#4060,1.);
#4060 = DIRECTION('',(0.,-1.));
#4061 = ( GEOMETRIC_REPRESENTATION_CONTEXT(2) 
PARAMETRIC_REPRESENTATION_CONTEXT() REPRESENTATION_CONTEXT('2D SPACE',''
  ) );
#4062 = PCURVE('',#4009,#4063);
#4063 = DEFINITIONAL_REPRESENTATION('',(#4064),#4068);
#4064 = LINE('',#4065,#4066);
#4065 = CARTESIAN_POINT('',(0.6,0.));
#4066 = VECTOR('',#4067,1.);
#4067 = DIRECTION('',(0.,1.));
#4068 = ( GEOMETRIC_REPRESENTATION_CONTEXT(2) 
PARAMETRIC_REPRESENTATION_CONTEXT() REPRESENTATION_CONTEXT('2D SPACE',''
  ) );
#4069 = ORIENTED_EDGE('',*,*,#4070,.T.);
#4070 = EDGE_CURVE('',#4048,#1299,#4071,.T.);
#4071 = SURFACE_CURVE('',#4072,(#4076,#4083),.PCURVE_S1.);
#4072 = LINE('',#4073,#4074);
#4073 = CARTESIAN_POINT('',(-13.835,-4.195,2.));
#4074 = VECTOR('',#4075,1.);
#4075 = DIRECTION('',(0.,0.,1.));
#4076 = PCURVE('',#1337,#4077);
#4077 = DEFINITIONAL_REPRESENTATION('',(#4078),#4082);
#4078 = LINE('',#4079,#4080);
#4079 = CARTESIAN_POINT('',(0.,-0.6));
#4080 = VECTOR('',#4081,1.);
#4081 = DIRECTION('',(1.,0.));
#4082 = ( GEOMETRIC_REPRESENTATION_CONTEXT(2) 
PARAMETRIC_REPRESENTATION_CONTEXT() REPRESENTATION_CONTEXT('2D SPACE',''
  ) );
#4083 = PCURVE('',#1313,#4084);
#4084 = DEFINITIONAL_REPRESENTATION('',(#4085),#4089);
#4085 = LINE('',#4086,#4087);
#4086 = CARTESIAN_POINT('',(0.,0.6));
#4087 = VECTOR('',#4088,1.);
#4088 = DIRECTION('',(1.,0.));
#4089 = ( GEOMETRIC_REPRESENTATION_CONTEXT(2) 
PARAMETRIC_REPRESENTATION_CONTEXT() REPRESENTATION_CONTEXT('2D SPACE',''
  ) );
#4090 = ORIENTED_EDGE('',*,*,#1324,.F.);
#4091 = ADVANCED_FACE('',(#4092),#1287,.T.);
#4092 = FACE_BOUND('',#4093,.T.);
#4093 = EDGE_LOOP('',(#4094,#4095,#4118,#4139));
#4094 = ORIENTED_EDGE('',*,*,#4021,.F.);
#4095 = ORIENTED_EDGE('',*,*,#4096,.T.);
#4096 = EDGE_CURVE('',#3994,#4097,#4099,.T.);
#4097 = VERTEX_POINT('',#4098);
#4098 = CARTESIAN_POINT('',(-14.435,-4.195,2.));
#4099 = SURFACE_CURVE('',#4100,(#4104,#4111),.PCURVE_S1.);
#4100 = LINE('',#4101,#4102);
#4101 = CARTESIAN_POINT('',(-14.435,-4.795,2.));
#4102 = VECTOR('',#4103,1.);
#4103 = DIRECTION('',(0.,1.,0.));
#4104 = PCURVE('',#1287,#4105);
#4105 = DEFINITIONAL_REPRESENTATION('',(#4106),#4110);
#4106 = LINE('',#4107,#4108);
#4107 = CARTESIAN_POINT('',(0.,0.));
#4108 = VECTOR('',#4109,1.);
#4109 = DIRECTION('',(0.,-1.));
#4110 = ( GEOMETRIC_REPRESENTATION_CONTEXT(2) 
PARAMETRIC_REPRESENTATION_CONTEXT() REPRESENTATION_CONTEXT('2D SPACE',''
  ) );
#4111 = PCURVE('',#4009,#4112);
#4112 = DEFINITIONAL_REPRESENTATION('',(#4113),#4117);
#4113 = LINE('',#4114,#4115);
#4114 = CARTESIAN_POINT('',(0.,0.));
#4115 = VECTOR('',#4116,1.);
#4116 = DIRECTION('',(0.,1.));
#4117 = ( GEOMETRIC_REPRESENTATION_CONTEXT(2) 
PARAMETRIC_REPRESENTATION_CONTEXT() REPRESENTATION_CONTEXT('2D SPACE',''
  ) );
#4118 = ORIENTED_EDGE('',*,*,#4119,.T.);
#4119 = EDGE_CURVE('',#4097,#1273,#4120,.T.);
#4120 = SURFACE_CURVE('',#4121,(#4125,#4132),.PCURVE_S1.);
#4121 = LINE('',#4122,#4123);
#4122 = CARTESIAN_POINT('',(-14.435,-4.195,2.));
#4123 = VECTOR('',#4124,1.);
#4124 = DIRECTION('',(0.,0.,1.));
#4125 = PCURVE('',#1287,#4126);
#4126 = DEFINITIONAL_REPRESENTATION('',(#4127),#4131);
#4127 = LINE('',#4128,#4129);
#4128 = CARTESIAN_POINT('',(0.,-0.6));
#4129 = VECTOR('',#4130,1.);
#4130 = DIRECTION('',(1.,0.));
#4131 = ( GEOMETRIC_REPRESENTATION_CONTEXT(2) 
PARAMETRIC_REPRESENTATION_CONTEXT() REPRESENTATION_CONTEXT('2D SPACE',''
  ) );
#4132 = PCURVE('',#1313,#4133);
#4133 = DEFINITIONAL_REPRESENTATION('',(#4134),#4138);
#4134 = LINE('',#4135,#4136);
#4135 = CARTESIAN_POINT('',(0.,0.));
#4136 = VECTOR('',#4137,1.);
#4137 = DIRECTION('',(1.,0.));
#4138 = ( GEOMETRIC_REPRESENTATION_CONTEXT(2) 
PARAMETRIC_REPRESENTATION_CONTEXT() REPRESENTATION_CONTEXT('2D SPACE',''
  ) );
#4139 = ORIENTED_EDGE('',*,*,#1272,.F.);
#4140 = ADVANCED_FACE('',(#4141),#1313,.F.);
#4141 = FACE_BOUND('',#4142,.F.);
#4142 = EDGE_LOOP('',(#4143,#4144,#4165,#4166));
#4143 = ORIENTED_EDGE('',*,*,#4070,.F.);
#4144 = ORIENTED_EDGE('',*,*,#4145,.F.);
#4145 = EDGE_CURVE('',#4097,#4048,#4146,.T.);
#4146 = SURFACE_CURVE('',#4147,(#4151,#4158),.PCURVE_S1.);
#4147 = LINE('',#4148,#4149);
#4148 = CARTESIAN_POINT('',(-14.435,-4.195,2.));
#4149 = VECTOR('',#4150,1.);
#4150 = DIRECTION('',(1.,0.,0.));
#4151 = PCURVE('',#1313,#4152);
#4152 = DEFINITIONAL_REPRESENTATION('',(#4153),#4157);
#4153 = LINE('',#4154,#4155);
#4154 = CARTESIAN_POINT('',(0.,0.));
#4155 = VECTOR('',#4156,1.);
#4156 = DIRECTION('',(0.,1.));
#4157 = ( GEOMETRIC_REPRESENTATION_CONTEXT(2) 
PARAMETRIC_REPRESENTATION_CONTEXT() REPRESENTATION_CONTEXT('2D SPACE',''
  ) );
#4158 = PCURVE('',#4009,#4159);
#4159 = DEFINITIONAL_REPRESENTATION('',(#4160),#4164);
#4160 = LINE('',#4161,#4162);
#4161 = CARTESIAN_POINT('',(0.,0.6));
#4162 = VECTOR('',#4163,1.);
#4163 = DIRECTION('',(1.,0.));
#4164 = ( GEOMETRIC_REPRESENTATION_CONTEXT(2) 
PARAMETRIC_REPRESENTATION_CONTEXT() REPRESENTATION_CONTEXT('2D SPACE',''
  ) );
#4165 = ORIENTED_EDGE('',*,*,#4119,.T.);
#4166 = ORIENTED_EDGE('',*,*,#1298,.F.);
#4167 = ADVANCED_FACE('',(#4168),#1367,.T.);
#4168 = FACE_BOUND('',#4169,.T.);
#4169 = EDGE_LOOP('',(#4170,#4193,#4221,#4242));
#4170 = ORIENTED_EDGE('',*,*,#4171,.F.);
#4171 = EDGE_CURVE('',#4172,#1351,#4174,.T.);
#4172 = VERTEX_POINT('',#4173);
#4173 = CARTESIAN_POINT('',(-13.835,-3.525,2.));
#4174 = SURFACE_CURVE('',#4175,(#4179,#4186),.PCURVE_S1.);
#4175 = LINE('',#4176,#4177);
#4176 = CARTESIAN_POINT('',(-13.835,-3.525,2.));
#4177 = VECTOR('',#4178,1.);
#4178 = DIRECTION('',(0.,0.,1.));
#4179 = PCURVE('',#1367,#4180);
#4180 = DEFINITIONAL_REPRESENTATION('',(#4181),#4185);
#4181 = LINE('',#4182,#4183);
#4182 = CARTESIAN_POINT('',(0.,0.6));
#4183 = VECTOR('',#4184,1.);
#4184 = DIRECTION('',(1.,0.));
#4185 = ( GEOMETRIC_REPRESENTATION_CONTEXT(2) 
PARAMETRIC_REPRESENTATION_CONTEXT() REPRESENTATION_CONTEXT('2D SPACE',''
  ) );
#4186 = PCURVE('',#1443,#4187);
#4187 = DEFINITIONAL_REPRESENTATION('',(#4188),#4192);
#4188 = LINE('',#4189,#4190);
#4189 = CARTESIAN_POINT('',(0.,0.));
#4190 = VECTOR('',#4191,1.);
#4191 = DIRECTION('',(1.,0.));
#4192 = ( GEOMETRIC_REPRESENTATION_CONTEXT(2) 
PARAMETRIC_REPRESENTATION_CONTEXT() REPRESENTATION_CONTEXT('2D SPACE',''
  ) );
#4193 = ORIENTED_EDGE('',*,*,#4194,.F.);
#4194 = EDGE_CURVE('',#4195,#4172,#4197,.T.);
#4195 = VERTEX_POINT('',#4196);
#4196 = CARTESIAN_POINT('',(-14.435,-3.525,2.));
#4197 = SURFACE_CURVE('',#4198,(#4202,#4209),.PCURVE_S1.);
#4198 = LINE('',#4199,#4200);
#4199 = CARTESIAN_POINT('',(-14.435,-3.525,2.));
#4200 = VECTOR('',#4201,1.);
#4201 = DIRECTION('',(1.,0.,0.));
#4202 = PCURVE('',#1367,#4203);
#4203 = DEFINITIONAL_REPRESENTATION('',(#4204),#4208);
#4204 = LINE('',#4205,#4206);
#4205 = CARTESIAN_POINT('',(0.,0.));
#4206 = VECTOR('',#4207,1.);
#4207 = DIRECTION('',(0.,1.));
#4208 = ( GEOMETRIC_REPRESENTATION_CONTEXT(2) 
PARAMETRIC_REPRESENTATION_CONTEXT() REPRESENTATION_CONTEXT('2D SPACE',''
  ) );
#4209 = PCURVE('',#4210,#4215);
#4210 = PLANE('',#4211);
#4211 = AXIS2_PLACEMENT_3D('',#4212,#4213,#4214);
#4212 = CARTESIAN_POINT('',(-14.435,-3.525,2.));
#4213 = DIRECTION('',(0.,0.,1.));
#4214 = DIRECTION('',(1.,0.,0.));
#4215 = DEFINITIONAL_REPRESENTATION('',(#4216),#4220);
#4216 = LINE('',#4217,#4218);
#4217 = CARTESIAN_POINT('',(0.,0.));
#4218 = VECTOR('',#4219,1.);
#4219 = DIRECTION('',(1.,0.));
#4220 = ( GEOMETRIC_REPRESENTATION_CONTEXT(2) 
PARAMETRIC_REPRESENTATION_CONTEXT() REPRESENTATION_CONTEXT('2D SPACE',''
  ) );
#4221 = ORIENTED_EDGE('',*,*,#4222,.T.);
#4222 = EDGE_CURVE('',#4195,#1353,#4223,.T.);
#4223 = SURFACE_CURVE('',#4224,(#4228,#4235),.PCURVE_S1.);
#4224 = LINE('',#4225,#4226);
#4225 = CARTESIAN_POINT('',(-14.435,-3.525,2.));
#4226 = VECTOR('',#4227,1.);
#4227 = DIRECTION('',(0.,0.,1.));
#4228 = PCURVE('',#1367,#4229);
#4229 = DEFINITIONAL_REPRESENTATION('',(#4230),#4234);
#4230 = LINE('',#4231,#4232);
#4231 = CARTESIAN_POINT('',(0.,0.));
#4232 = VECTOR('',#4233,1.);
#4233 = DIRECTION('',(1.,0.));
#4234 = ( GEOMETRIC_REPRESENTATION_CONTEXT(2) 
PARAMETRIC_REPRESENTATION_CONTEXT() REPRESENTATION_CONTEXT('2D SPACE',''
  ) );
#4235 = PCURVE('',#1393,#4236);
#4236 = DEFINITIONAL_REPRESENTATION('',(#4237),#4241);
#4237 = LINE('',#4238,#4239);
#4238 = CARTESIAN_POINT('',(0.,0.));
#4239 = VECTOR('',#4240,1.);
#4240 = DIRECTION('',(1.,0.));
#4241 = ( GEOMETRIC_REPRESENTATION_CONTEXT(2) 
PARAMETRIC_REPRESENTATION_CONTEXT() REPRESENTATION_CONTEXT('2D SPACE',''
  ) );
#4242 = ORIENTED_EDGE('',*,*,#1350,.F.);
#4243 = ADVANCED_FACE('',(#4244),#1443,.F.);
#4244 = FACE_BOUND('',#4245,.F.);
#4245 = EDGE_LOOP('',(#4246,#4247,#4270,#4291));
#4246 = ORIENTED_EDGE('',*,*,#4171,.F.);
#4247 = ORIENTED_EDGE('',*,*,#4248,.T.);
#4248 = EDGE_CURVE('',#4172,#4249,#4251,.T.);
#4249 = VERTEX_POINT('',#4250);
#4250 = CARTESIAN_POINT('',(-13.835,-2.925,2.));
#4251 = SURFACE_CURVE('',#4252,(#4256,#4263),.PCURVE_S1.);
#4252 = LINE('',#4253,#4254);
#4253 = CARTESIAN_POINT('',(-13.835,-3.525,2.));
#4254 = VECTOR('',#4255,1.);
#4255 = DIRECTION('',(0.,1.,0.));
#4256 = PCURVE('',#1443,#4257);
#4257 = DEFINITIONAL_REPRESENTATION('',(#4258),#4262);
#4258 = LINE('',#4259,#4260);
#4259 = CARTESIAN_POINT('',(0.,0.));
#4260 = VECTOR('',#4261,1.);
#4261 = DIRECTION('',(0.,-1.));
#4262 = ( GEOMETRIC_REPRESENTATION_CONTEXT(2) 
PARAMETRIC_REPRESENTATION_CONTEXT() REPRESENTATION_CONTEXT('2D SPACE',''
  ) );
#4263 = PCURVE('',#4210,#4264);
#4264 = DEFINITIONAL_REPRESENTATION('',(#4265),#4269);
#4265 = LINE('',#4266,#4267);
#4266 = CARTESIAN_POINT('',(0.6,0.));
#4267 = VECTOR('',#4268,1.);
#4268 = DIRECTION('',(0.,1.));
#4269 = ( GEOMETRIC_REPRESENTATION_CONTEXT(2) 
PARAMETRIC_REPRESENTATION_CONTEXT() REPRESENTATION_CONTEXT('2D SPACE',''
  ) );
#4270 = ORIENTED_EDGE('',*,*,#4271,.T.);
#4271 = EDGE_CURVE('',#4249,#1405,#4272,.T.);
#4272 = SURFACE_CURVE('',#4273,(#4277,#4284),.PCURVE_S1.);
#4273 = LINE('',#4274,#4275);
#4274 = CARTESIAN_POINT('',(-13.835,-2.925,2.));
#4275 = VECTOR('',#4276,1.);
#4276 = DIRECTION('',(0.,0.,1.));
#4277 = PCURVE('',#1443,#4278);
#4278 = DEFINITIONAL_REPRESENTATION('',(#4279),#4283);
#4279 = LINE('',#4280,#4281);
#4280 = CARTESIAN_POINT('',(0.,-0.6));
#4281 = VECTOR('',#4282,1.);
#4282 = DIRECTION('',(1.,0.));
#4283 = ( GEOMETRIC_REPRESENTATION_CONTEXT(2) 
PARAMETRIC_REPRESENTATION_CONTEXT() REPRESENTATION_CONTEXT('2D SPACE',''
  ) );
#4284 = PCURVE('',#1419,#4285);
#4285 = DEFINITIONAL_REPRESENTATION('',(#4286),#4290);
#4286 = LINE('',#4287,#4288);
#4287 = CARTESIAN_POINT('',(0.,0.6));
#4288 = VECTOR('',#4289,1.);
#4289 = DIRECTION('',(1.,0.));
#4290 = ( GEOMETRIC_REPRESENTATION_CONTEXT(2) 
PARAMETRIC_REPRESENTATION_CONTEXT() REPRESENTATION_CONTEXT('2D SPACE',''
  ) );
#4291 = ORIENTED_EDGE('',*,*,#1430,.F.);
#4292 = ADVANCED_FACE('',(#4293),#1393,.T.);
#4293 = FACE_BOUND('',#4294,.T.);
#4294 = EDGE_LOOP('',(#4295,#4296,#4319,#4340));
#4295 = ORIENTED_EDGE('',*,*,#4222,.F.);
#4296 = ORIENTED_EDGE('',*,*,#4297,.T.);
#4297 = EDGE_CURVE('',#4195,#4298,#4300,.T.);
#4298 = VERTEX_POINT('',#4299);
#4299 = CARTESIAN_POINT('',(-14.435,-2.925,2.));
#4300 = SURFACE_CURVE('',#4301,(#4305,#4312),.PCURVE_S1.);
#4301 = LINE('',#4302,#4303);
#4302 = CARTESIAN_POINT('',(-14.435,-3.525,2.));
#4303 = VECTOR('',#4304,1.);
#4304 = DIRECTION('',(0.,1.,0.));
#4305 = PCURVE('',#1393,#4306);
#4306 = DEFINITIONAL_REPRESENTATION('',(#4307),#4311);
#4307 = LINE('',#4308,#4309);
#4308 = CARTESIAN_POINT('',(0.,0.));
#4309 = VECTOR('',#4310,1.);
#4310 = DIRECTION('',(0.,-1.));
#4311 = ( GEOMETRIC_REPRESENTATION_CONTEXT(2) 
PARAMETRIC_REPRESENTATION_CONTEXT() REPRESENTATION_CONTEXT('2D SPACE',''
  ) );
#4312 = PCURVE('',#4210,#4313);
#4313 = DEFINITIONAL_REPRESENTATION('',(#4314),#4318);
#4314 = LINE('',#4315,#4316);
#4315 = CARTESIAN_POINT('',(0.,0.));
#4316 = VECTOR('',#4317,1.);
#4317 = DIRECTION('',(0.,1.));
#4318 = ( GEOMETRIC_REPRESENTATION_CONTEXT(2) 
PARAMETRIC_REPRESENTATION_CONTEXT() REPRESENTATION_CONTEXT('2D SPACE',''
  ) );
#4319 = ORIENTED_EDGE('',*,*,#4320,.T.);
#4320 = EDGE_CURVE('',#4298,#1379,#4321,.T.);
#4321 = SURFACE_CURVE('',#4322,(#4326,#4333),.PCURVE_S1.);
#4322 = LINE('',#4323,#4324);
#4323 = CARTESIAN_POINT('',(-14.435,-2.925,2.));
#4324 = VECTOR('',#4325,1.);
#4325 = DIRECTION('',(0.,0.,1.));
#4326 = PCURVE('',#1393,#4327);
#4327 = DEFINITIONAL_REPRESENTATION('',(#4328),#4332);
#4328 = LINE('',#4329,#4330);
#4329 = CARTESIAN_POINT('',(0.,-0.6));
#4330 = VECTOR('',#4331,1.);
#4331 = DIRECTION('',(1.,0.));
#4332 = ( GEOMETRIC_REPRESENTATION_CONTEXT(2) 
PARAMETRIC_REPRESENTATION_CONTEXT() REPRESENTATION_CONTEXT('2D SPACE',''
  ) );
#4333 = PCURVE('',#1419,#4334);
#4334 = DEFINITIONAL_REPRESENTATION('',(#4335),#4339);
#4335 = LINE('',#4336,#4337);
#4336 = CARTESIAN_POINT('',(0.,0.));
#4337 = VECTOR('',#4338,1.);
#4338 = DIRECTION('',(1.,0.));
#4339 = ( GEOMETRIC_REPRESENTATION_CONTEXT(2) 
PARAMETRIC_REPRESENTATION_CONTEXT() REPRESENTATION_CONTEXT('2D SPACE',''
  ) );
#4340 = ORIENTED_EDGE('',*,*,#1378,.F.);
#4341 = ADVANCED_FACE('',(#4342),#1419,.F.);
#4342 = FACE_BOUND('',#4343,.F.);
#4343 = EDGE_LOOP('',(#4344,#4345,#4366,#4367));
#4344 = ORIENTED_EDGE('',*,*,#4271,.F.);
#4345 = ORIENTED_EDGE('',*,*,#4346,.F.);
#4346 = EDGE_CURVE('',#4298,#4249,#4347,.T.);
#4347 = SURFACE_CURVE('',#4348,(#4352,#4359),.PCURVE_S1.);
#4348 = LINE('',#4349,#4350);
#4349 = CARTESIAN_POINT('',(-14.435,-2.925,2.));
#4350 = VECTOR('',#4351,1.);
#4351 = DIRECTION('',(1.,0.,0.));
#4352 = PCURVE('',#1419,#4353);
#4353 = DEFINITIONAL_REPRESENTATION('',(#4354),#4358);
#4354 = LINE('',#4355,#4356);
#4355 = CARTESIAN_POINT('',(0.,0.));
#4356 = VECTOR('',#4357,1.);
#4357 = DIRECTION('',(0.,1.));
#4358 = ( GEOMETRIC_REPRESENTATION_CONTEXT(2) 
PARAMETRIC_REPRESENTATION_CONTEXT() REPRESENTATION_CONTEXT('2D SPACE',''
  ) );
#4359 = PCURVE('',#4210,#4360);
#4360 = DEFINITIONAL_REPRESENTATION('',(#4361),#4365);
#4361 = LINE('',#4362,#4363);
#4362 = CARTESIAN_POINT('',(0.,0.6));
#4363 = VECTOR('',#4364,1.);
#4364 = DIRECTION('',(1.,0.));
#4365 = ( GEOMETRIC_REPRESENTATION_CONTEXT(2) 
PARAMETRIC_REPRESENTATION_CONTEXT() REPRESENTATION_CONTEXT('2D SPACE',''
  ) );
#4366 = ORIENTED_EDGE('',*,*,#4320,.T.);
#4367 = ORIENTED_EDGE('',*,*,#1404,.F.);
#4368 = ADVANCED_FACE('',(#4369),#1473,.T.);
#4369 = FACE_BOUND('',#4370,.T.);
#4370 = EDGE_LOOP('',(#4371,#4394,#4422,#4443));
#4371 = ORIENTED_EDGE('',*,*,#4372,.F.);
#4372 = EDGE_CURVE('',#4373,#1457,#4375,.T.);
#4373 = VERTEX_POINT('',#4374);
#4374 = CARTESIAN_POINT('',(-13.835,-2.255,2.));
#4375 = SURFACE_CURVE('',#4376,(#4380,#4387),.PCURVE_S1.);
#4376 = LINE('',#4377,#4378);
#4377 = CARTESIAN_POINT('',(-13.835,-2.255,2.));
#4378 = VECTOR('',#4379,1.);
#4379 = DIRECTION('',(0.,0.,1.));
#4380 = PCURVE('',#1473,#4381);
#4381 = DEFINITIONAL_REPRESENTATION('',(#4382),#4386);
#4382 = LINE('',#4383,#4384);
#4383 = CARTESIAN_POINT('',(0.,0.6));
#4384 = VECTOR('',#4385,1.);
#4385 = DIRECTION('',(1.,0.));
#4386 = ( GEOMETRIC_REPRESENTATION_CONTEXT(2) 
PARAMETRIC_REPRESENTATION_CONTEXT() REPRESENTATION_CONTEXT('2D SPACE',''
  ) );
#4387 = PCURVE('',#1549,#4388);
#4388 = DEFINITIONAL_REPRESENTATION('',(#4389),#4393);
#4389 = LINE('',#4390,#4391);
#4390 = CARTESIAN_POINT('',(0.,0.));
#4391 = VECTOR('',#4392,1.);
#4392 = DIRECTION('',(1.,0.));
#4393 = ( GEOMETRIC_REPRESENTATION_CONTEXT(2) 
PARAMETRIC_REPRESENTATION_CONTEXT() REPRESENTATION_CONTEXT('2D SPACE',''
  ) );
#4394 = ORIENTED_EDGE('',*,*,#4395,.F.);
#4395 = EDGE_CURVE('',#4396,#4373,#4398,.T.);
#4396 = VERTEX_POINT('',#4397);
#4397 = CARTESIAN_POINT('',(-14.435,-2.255,2.));
#4398 = SURFACE_CURVE('',#4399,(#4403,#4410),.PCURVE_S1.);
#4399 = LINE('',#4400,#4401);
#4400 = CARTESIAN_POINT('',(-14.435,-2.255,2.));
#4401 = VECTOR('',#4402,1.);
#4402 = DIRECTION('',(1.,0.,0.));
#4403 = PCURVE('',#1473,#4404);
#4404 = DEFINITIONAL_REPRESENTATION('',(#4405),#4409);
#4405 = LINE('',#4406,#4407);
#4406 = CARTESIAN_POINT('',(0.,0.));
#4407 = VECTOR('',#4408,1.);
#4408 = DIRECTION('',(0.,1.));
#4409 = ( GEOMETRIC_REPRESENTATION_CONTEXT(2) 
PARAMETRIC_REPRESENTATION_CONTEXT() REPRESENTATION_CONTEXT('2D SPACE',''
  ) );
#4410 = PCURVE('',#4411,#4416);
#4411 = PLANE('',#4412);
#4412 = AXIS2_PLACEMENT_3D('',#4413,#4414,#4415);
#4413 = CARTESIAN_POINT('',(-14.435,-2.255,2.));
#4414 = DIRECTION('',(0.,0.,1.));
#4415 = DIRECTION('',(1.,0.,0.));
#4416 = DEFINITIONAL_REPRESENTATION('',(#4417),#4421);
#4417 = LINE('',#4418,#4419);
#4418 = CARTESIAN_POINT('',(0.,0.));
#4419 = VECTOR('',#4420,1.);
#4420 = DIRECTION('',(1.,0.));
#4421 = ( GEOMETRIC_REPRESENTATION_CONTEXT(2) 
PARAMETRIC_REPRESENTATION_CONTEXT() REPRESENTATION_CONTEXT('2D SPACE',''
  ) );
#4422 = ORIENTED_EDGE('',*,*,#4423,.T.);
#4423 = EDGE_CURVE('',#4396,#1459,#4424,.T.);
#4424 = SURFACE_CURVE('',#4425,(#4429,#4436),.PCURVE_S1.);
#4425 = LINE('',#4426,#4427);
#4426 = CARTESIAN_POINT('',(-14.435,-2.255,2.));
#4427 = VECTOR('',#4428,1.);
#4428 = DIRECTION('',(0.,0.,1.));
#4429 = PCURVE('',#1473,#4430);
#4430 = DEFINITIONAL_REPRESENTATION('',(#4431),#4435);
#4431 = LINE('',#4432,#4433);
#4432 = CARTESIAN_POINT('',(0.,0.));
#4433 = VECTOR('',#4434,1.);
#4434 = DIRECTION('',(1.,0.));
#4435 = ( GEOMETRIC_REPRESENTATION_CONTEXT(2) 
PARAMETRIC_REPRESENTATION_CONTEXT() REPRESENTATION_CONTEXT('2D SPACE',''
  ) );
#4436 = PCURVE('',#1499,#4437);
#4437 = DEFINITIONAL_REPRESENTATION('',(#4438),#4442);
#4438 = LINE('',#4439,#4440);
#4439 = CARTESIAN_POINT('',(0.,0.));
#4440 = VECTOR('',#4441,1.);
#4441 = DIRECTION('',(1.,0.));
#4442 = ( GEOMETRIC_REPRESENTATION_CONTEXT(2) 
PARAMETRIC_REPRESENTATION_CONTEXT() REPRESENTATION_CONTEXT('2D SPACE',''
  ) );
#4443 = ORIENTED_EDGE('',*,*,#1456,.F.);
#4444 = ADVANCED_FACE('',(#4445),#1549,.F.);
#4445 = FACE_BOUND('',#4446,.F.);
#4446 = EDGE_LOOP('',(#4447,#4448,#4471,#4492));
#4447 = ORIENTED_EDGE('',*,*,#4372,.F.);
#4448 = ORIENTED_EDGE('',*,*,#4449,.T.);
#4449 = EDGE_CURVE('',#4373,#4450,#4452,.T.);
#4450 = VERTEX_POINT('',#4451);
#4451 = CARTESIAN_POINT('',(-13.835,-1.655,2.));
#4452 = SURFACE_CURVE('',#4453,(#4457,#4464),.PCURVE_S1.);
#4453 = LINE('',#4454,#4455);
#4454 = CARTESIAN_POINT('',(-13.835,-2.255,2.));
#4455 = VECTOR('',#4456,1.);
#4456 = DIRECTION('',(0.,1.,0.));
#4457 = PCURVE('',#1549,#4458);
#4458 = DEFINITIONAL_REPRESENTATION('',(#4459),#4463);
#4459 = LINE('',#4460,#4461);
#4460 = CARTESIAN_POINT('',(0.,0.));
#4461 = VECTOR('',#4462,1.);
#4462 = DIRECTION('',(0.,-1.));
#4463 = ( GEOMETRIC_REPRESENTATION_CONTEXT(2) 
PARAMETRIC_REPRESENTATION_CONTEXT() REPRESENTATION_CONTEXT('2D SPACE',''
  ) );
#4464 = PCURVE('',#4411,#4465);
#4465 = DEFINITIONAL_REPRESENTATION('',(#4466),#4470);
#4466 = LINE('',#4467,#4468);
#4467 = CARTESIAN_POINT('',(0.6,0.));
#4468 = VECTOR('',#4469,1.);
#4469 = DIRECTION('',(0.,1.));
#4470 = ( GEOMETRIC_REPRESENTATION_CONTEXT(2) 
PARAMETRIC_REPRESENTATION_CONTEXT() REPRESENTATION_CONTEXT('2D SPACE',''
  ) );
#4471 = ORIENTED_EDGE('',*,*,#4472,.T.);
#4472 = EDGE_CURVE('',#4450,#1511,#4473,.T.);
#4473 = SURFACE_CURVE('',#4474,(#4478,#4485),.PCURVE_S1.);
#4474 = LINE('',#4475,#4476);
#4475 = CARTESIAN_POINT('',(-13.835,-1.655,2.));
#4476 = VECTOR('',#4477,1.);
#4477 = DIRECTION('',(0.,0.,1.));
#4478 = PCURVE('',#1549,#4479);
#4479 = DEFINITIONAL_REPRESENTATION('',(#4480),#4484);
#4480 = LINE('',#4481,#4482);
#4481 = CARTESIAN_POINT('',(0.,-0.6));
#4482 = VECTOR('',#4483,1.);
#4483 = DIRECTION('',(1.,0.));
#4484 = ( GEOMETRIC_REPRESENTATION_CONTEXT(2) 
PARAMETRIC_REPRESENTATION_CONTEXT() REPRESENTATION_CONTEXT('2D SPACE',''
  ) );
#4485 = PCURVE('',#1525,#4486);
#4486 = DEFINITIONAL_REPRESENTATION('',(#4487),#4491);
#4487 = LINE('',#4488,#4489);
#4488 = CARTESIAN_POINT('',(0.,0.6));
#4489 = VECTOR('',#4490,1.);
#4490 = DIRECTION('',(1.,0.));
#4491 = ( GEOMETRIC_REPRESENTATION_CONTEXT(2) 
PARAMETRIC_REPRESENTATION_CONTEXT() REPRESENTATION_CONTEXT('2D SPACE',''
  ) );
#4492 = ORIENTED_EDGE('',*,*,#1536,.F.);
#4493 = ADVANCED_FACE('',(#4494),#1499,.T.);
#4494 = FACE_BOUND('',#4495,.T.);
#4495 = EDGE_LOOP('',(#4496,#4497,#4520,#4541));
#4496 = ORIENTED_EDGE('',*,*,#4423,.F.);
#4497 = ORIENTED_EDGE('',*,*,#4498,.T.);
#4498 = EDGE_CURVE('',#4396,#4499,#4501,.T.);
#4499 = VERTEX_POINT('',#4500);
#4500 = CARTESIAN_POINT('',(-14.435,-1.655,2.));
#4501 = SURFACE_CURVE('',#4502,(#4506,#4513),.PCURVE_S1.);
#4502 = LINE('',#4503,#4504);
#4503 = CARTESIAN_POINT('',(-14.435,-2.255,2.));
#4504 = VECTOR('',#4505,1.);
#4505 = DIRECTION('',(0.,1.,0.));
#4506 = PCURVE('',#1499,#4507);
#4507 = DEFINITIONAL_REPRESENTATION('',(#4508),#4512);
#4508 = LINE('',#4509,#4510);
#4509 = CARTESIAN_POINT('',(0.,0.));
#4510 = VECTOR('',#4511,1.);
#4511 = DIRECTION('',(0.,-1.));
#4512 = ( GEOMETRIC_REPRESENTATION_CONTEXT(2) 
PARAMETRIC_REPRESENTATION_CONTEXT() REPRESENTATION_CONTEXT('2D SPACE',''
  ) );
#4513 = PCURVE('',#4411,#4514);
#4514 = DEFINITIONAL_REPRESENTATION('',(#4515),#4519);
#4515 = LINE('',#4516,#4517);
#4516 = CARTESIAN_POINT('',(0.,0.));
#4517 = VECTOR('',#4518,1.);
#4518 = DIRECTION('',(0.,1.));
#4519 = ( GEOMETRIC_REPRESENTATION_CONTEXT(2) 
PARAMETRIC_REPRESENTATION_CONTEXT() REPRESENTATION_CONTEXT('2D SPACE',''
  ) );
#4520 = ORIENTED_EDGE('',*,*,#4521,.T.);
#4521 = EDGE_CURVE('',#4499,#1485,#4522,.T.);
#4522 = SURFACE_CURVE('',#4523,(#4527,#4534),.PCURVE_S1.);
#4523 = LINE('',#4524,#4525);
#4524 = CARTESIAN_POINT('',(-14.435,-1.655,2.));
#4525 = VECTOR('',#4526,1.);
#4526 = DIRECTION('',(0.,0.,1.));
#4527 = PCURVE('',#1499,#4528);
#4528 = DEFINITIONAL_REPRESENTATION('',(#4529),#4533);
#4529 = LINE('',#4530,#4531);
#4530 = CARTESIAN_POINT('',(0.,-0.6));
#4531 = VECTOR('',#4532,1.);
#4532 = DIRECTION('',(1.,0.));
#4533 = ( GEOMETRIC_REPRESENTATION_CONTEXT(2) 
PARAMETRIC_REPRESENTATION_CONTEXT() REPRESENTATION_CONTEXT('2D SPACE',''
  ) );
#4534 = PCURVE('',#1525,#4535);
#4535 = DEFINITIONAL_REPRESENTATION('',(#4536),#4540);
#4536 = LINE('',#4537,#4538);
#4537 = CARTESIAN_POINT('',(0.,0.));
#4538 = VECTOR('',#4539,1.);
#4539 = DIRECTION('',(1.,0.));
#4540 = ( GEOMETRIC_REPRESENTATION_CONTEXT(2) 
PARAMETRIC_REPRESENTATION_CONTEXT() REPRESENTATION_CONTEXT('2D SPACE',''
  ) );
#4541 = ORIENTED_EDGE('',*,*,#1484,.F.);
#4542 = ADVANCED_FACE('',(#4543),#1525,.F.);
#4543 = FACE_BOUND('',#4544,.F.);
#4544 = EDGE_LOOP('',(#4545,#4546,#4567,#4568));
#4545 = ORIENTED_EDGE('',*,*,#4472,.F.);
#4546 = ORIENTED_EDGE('',*,*,#4547,.F.);
#4547 = EDGE_CURVE('',#4499,#4450,#4548,.T.);
#4548 = SURFACE_CURVE('',#4549,(#4553,#4560),.PCURVE_S1.);
#4549 = LINE('',#4550,#4551);
#4550 = CARTESIAN_POINT('',(-14.435,-1.655,2.));
#4551 = VECTOR('',#4552,1.);
#4552 = DIRECTION('',(1.,0.,0.));
#4553 = PCURVE('',#1525,#4554);
#4554 = DEFINITIONAL_REPRESENTATION('',(#4555),#4559);
#4555 = LINE('',#4556,#4557);
#4556 = CARTESIAN_POINT('',(0.,0.));
#4557 = VECTOR('',#4558,1.);
#4558 = DIRECTION('',(0.,1.));
#4559 = ( GEOMETRIC_REPRESENTATION_CONTEXT(2) 
PARAMETRIC_REPRESENTATION_CONTEXT() REPRESENTATION_CONTEXT('2D SPACE',''
  ) );
#4560 = PCURVE('',#4411,#4561);
#4561 = DEFINITIONAL_REPRESENTATION('',(#4562),#4566);
#4562 = LINE('',#4563,#4564);
#4563 = CARTESIAN_POINT('',(0.,0.6));
#4564 = VECTOR('',#4565,1.);
#4565 = DIRECTION('',(1.,0.));
#4566 = ( GEOMETRIC_REPRESENTATION_CONTEXT(2) 
PARAMETRIC_REPRESENTATION_CONTEXT() REPRESENTATION_CONTEXT('2D SPACE',''
  ) );
#4567 = ORIENTED_EDGE('',*,*,#4521,.T.);
#4568 = ORIENTED_EDGE('',*,*,#1510,.F.);
#4569 = ADVANCED_FACE('',(#4570),#1579,.T.);
#4570 = FACE_BOUND('',#4571,.T.);
#4571 = EDGE_LOOP('',(#4572,#4595,#4623,#4644));
#4572 = ORIENTED_EDGE('',*,*,#4573,.F.);
#4573 = EDGE_CURVE('',#4574,#1563,#4576,.T.);
#4574 = VERTEX_POINT('',#4575);
#4575 = CARTESIAN_POINT('',(-13.835,-0.985,2.));
#4576 = SURFACE_CURVE('',#4577,(#4581,#4588),.PCURVE_S1.);
#4577 = LINE('',#4578,#4579);
#4578 = CARTESIAN_POINT('',(-13.835,-0.985,2.));
#4579 = VECTOR('',#4580,1.);
#4580 = DIRECTION('',(0.,0.,1.));
#4581 = PCURVE('',#1579,#4582);
#4582 = DEFINITIONAL_REPRESENTATION('',(#4583),#4587);
#4583 = LINE('',#4584,#4585);
#4584 = CARTESIAN_POINT('',(0.,0.6));
#4585 = VECTOR('',#4586,1.);
#4586 = DIRECTION('',(1.,0.));
#4587 = ( GEOMETRIC_REPRESENTATION_CONTEXT(2) 
PARAMETRIC_REPRESENTATION_CONTEXT() REPRESENTATION_CONTEXT('2D SPACE',''
  ) );
#4588 = PCURVE('',#1655,#4589);
#4589 = DEFINITIONAL_REPRESENTATION('',(#4590),#4594);
#4590 = LINE('',#4591,#4592);
#4591 = CARTESIAN_POINT('',(0.,0.));
#4592 = VECTOR('',#4593,1.);
#4593 = DIRECTION('',(1.,0.));
#4594 = ( GEOMETRIC_REPRESENTATION_CONTEXT(2) 
PARAMETRIC_REPRESENTATION_CONTEXT() REPRESENTATION_CONTEXT('2D SPACE',''
  ) );
#4595 = ORIENTED_EDGE('',*,*,#4596,.F.);
#4596 = EDGE_CURVE('',#4597,#4574,#4599,.T.);
#4597 = VERTEX_POINT('',#4598);
#4598 = CARTESIAN_POINT('',(-14.435,-0.985,2.));
#4599 = SURFACE_CURVE('',#4600,(#4604,#4611),.PCURVE_S1.);
#4600 = LINE('',#4601,#4602);
#4601 = CARTESIAN_POINT('',(-14.435,-0.985,2.));
#4602 = VECTOR('',#4603,1.);
#4603 = DIRECTION('',(1.,0.,0.));
#4604 = PCURVE('',#1579,#4605);
#4605 = DEFINITIONAL_REPRESENTATION('',(#4606),#4610);
#4606 = LINE('',#4607,#4608);
#4607 = CARTESIAN_POINT('',(0.,0.));
#4608 = VECTOR('',#4609,1.);
#4609 = DIRECTION('',(0.,1.));
#4610 = ( GEOMETRIC_REPRESENTATION_CONTEXT(2) 
PARAMETRIC_REPRESENTATION_CONTEXT() REPRESENTATION_CONTEXT('2D SPACE',''
  ) );
#4611 = PCURVE('',#4612,#4617);
#4612 = PLANE('',#4613);
#4613 = AXIS2_PLACEMENT_3D('',#4614,#4615,#4616);
#4614 = CARTESIAN_POINT('',(-14.435,-0.985,2.));
#4615 = DIRECTION('',(0.,0.,1.));
#4616 = DIRECTION('',(1.,0.,0.));
#4617 = DEFINITIONAL_REPRESENTATION('',(#4618),#4622);
#4618 = LINE('',#4619,#4620);
#4619 = CARTESIAN_POINT('',(0.,0.));
#4620 = VECTOR('',#4621,1.);
#4621 = DIRECTION('',(1.,0.));
#4622 = ( GEOMETRIC_REPRESENTATION_CONTEXT(2) 
PARAMETRIC_REPRESENTATION_CONTEXT() REPRESENTATION_CONTEXT('2D SPACE',''
  ) );
#4623 = ORIENTED_EDGE('',*,*,#4624,.T.);
#4624 = EDGE_CURVE('',#4597,#1565,#4625,.T.);
#4625 = SURFACE_CURVE('',#4626,(#4630,#4637),.PCURVE_S1.);
#4626 = LINE('',#4627,#4628);
#4627 = CARTESIAN_POINT('',(-14.435,-0.985,2.));
#4628 = VECTOR('',#4629,1.);
#4629 = DIRECTION('',(0.,0.,1.));
#4630 = PCURVE('',#1579,#4631);
#4631 = DEFINITIONAL_REPRESENTATION('',(#4632),#4636);
#4632 = LINE('',#4633,#4634);
#4633 = CARTESIAN_POINT('',(0.,0.));
#4634 = VECTOR('',#4635,1.);
#4635 = DIRECTION('',(1.,0.));
#4636 = ( GEOMETRIC_REPRESENTATION_CONTEXT(2) 
PARAMETRIC_REPRESENTATION_CONTEXT() REPRESENTATION_CONTEXT('2D SPACE',''
  ) );
#4637 = PCURVE('',#1605,#4638);
#4638 = DEFINITIONAL_REPRESENTATION('',(#4639),#4643);
#4639 = LINE('',#4640,#4641);
#4640 = CARTESIAN_POINT('',(0.,0.));
#4641 = VECTOR('',#4642,1.);
#4642 = DIRECTION('',(1.,0.));
#4643 = ( GEOMETRIC_REPRESENTATION_CONTEXT(2) 
PARAMETRIC_REPRESENTATION_CONTEXT() REPRESENTATION_CONTEXT('2D SPACE',''
  ) );
#4644 = ORIENTED_EDGE('',*,*,#1562,.F.);
#4645 = ADVANCED_FACE('',(#4646),#1655,.F.);
#4646 = FACE_BOUND('',#4647,.F.);
#4647 = EDGE_LOOP('',(#4648,#4649,#4672,#4693));
#4648 = ORIENTED_EDGE('',*,*,#4573,.F.);
#4649 = ORIENTED_EDGE('',*,*,#4650,.T.);
#4650 = EDGE_CURVE('',#4574,#4651,#4653,.T.);
#4651 = VERTEX_POINT('',#4652);
#4652 = CARTESIAN_POINT('',(-13.835,-0.385,2.));
#4653 = SURFACE_CURVE('',#4654,(#4658,#4665),.PCURVE_S1.);
#4654 = LINE('',#4655,#4656);
#4655 = CARTESIAN_POINT('',(-13.835,-0.985,2.));
#4656 = VECTOR('',#4657,1.);
#4657 = DIRECTION('',(0.,1.,0.));
#4658 = PCURVE('',#1655,#4659);
#4659 = DEFINITIONAL_REPRESENTATION('',(#4660),#4664);
#4660 = LINE('',#4661,#4662);
#4661 = CARTESIAN_POINT('',(0.,0.));
#4662 = VECTOR('',#4663,1.);
#4663 = DIRECTION('',(0.,-1.));
#4664 = ( GEOMETRIC_REPRESENTATION_CONTEXT(2) 
PARAMETRIC_REPRESENTATION_CONTEXT() REPRESENTATION_CONTEXT('2D SPACE',''
  ) );
#4665 = PCURVE('',#4612,#4666);
#4666 = DEFINITIONAL_REPRESENTATION('',(#4667),#4671);
#4667 = LINE('',#4668,#4669);
#4668 = CARTESIAN_POINT('',(0.6,0.));
#4669 = VECTOR('',#4670,1.);
#4670 = DIRECTION('',(0.,1.));
#4671 = ( GEOMETRIC_REPRESENTATION_CONTEXT(2) 
PARAMETRIC_REPRESENTATION_CONTEXT() REPRESENTATION_CONTEXT('2D SPACE',''
  ) );
#4672 = ORIENTED_EDGE('',*,*,#4673,.T.);
#4673 = EDGE_CURVE('',#4651,#1617,#4674,.T.);
#4674 = SURFACE_CURVE('',#4675,(#4679,#4686),.PCURVE_S1.);
#4675 = LINE('',#4676,#4677);
#4676 = CARTESIAN_POINT('',(-13.835,-0.385,2.));
#4677 = VECTOR('',#4678,1.);
#4678 = DIRECTION('',(0.,0.,1.));
#4679 = PCURVE('',#1655,#4680);
#4680 = DEFINITIONAL_REPRESENTATION('',(#4681),#4685);
#4681 = LINE('',#4682,#4683);
#4682 = CARTESIAN_POINT('',(0.,-0.6));
#4683 = VECTOR('',#4684,1.);
#4684 = DIRECTION('',(1.,0.));
#4685 = ( GEOMETRIC_REPRESENTATION_CONTEXT(2) 
PARAMETRIC_REPRESENTATION_CONTEXT() REPRESENTATION_CONTEXT('2D SPACE',''
  ) );
#4686 = PCURVE('',#1631,#4687);
#4687 = DEFINITIONAL_REPRESENTATION('',(#4688),#4692);
#4688 = LINE('',#4689,#4690);
#4689 = CARTESIAN_POINT('',(0.,0.6));
#4690 = VECTOR('',#4691,1.);
#4691 = DIRECTION('',(1.,0.));
#4692 = ( GEOMETRIC_REPRESENTATION_CONTEXT(2) 
PARAMETRIC_REPRESENTATION_CONTEXT() REPRESENTATION_CONTEXT('2D SPACE',''
  ) );
#4693 = ORIENTED_EDGE('',*,*,#1642,.F.);
#4694 = ADVANCED_FACE('',(#4695),#1605,.T.);
#4695 = FACE_BOUND('',#4696,.T.);
#4696 = EDGE_LOOP('',(#4697,#4698,#4721,#4742));
#4697 = ORIENTED_EDGE('',*,*,#4624,.F.);
#4698 = ORIENTED_EDGE('',*,*,#4699,.T.);
#4699 = EDGE_CURVE('',#4597,#4700,#4702,.T.);
#4700 = VERTEX_POINT('',#4701);
#4701 = CARTESIAN_POINT('',(-14.435,-0.385,2.));
#4702 = SURFACE_CURVE('',#4703,(#4707,#4714),.PCURVE_S1.);
#4703 = LINE('',#4704,#4705);
#4704 = CARTESIAN_POINT('',(-14.435,-0.985,2.));
#4705 = VECTOR('',#4706,1.);
#4706 = DIRECTION('',(0.,1.,0.));
#4707 = PCURVE('',#1605,#4708);
#4708 = DEFINITIONAL_REPRESENTATION('',(#4709),#4713);
#4709 = LINE('',#4710,#4711);
#4710 = CARTESIAN_POINT('',(0.,0.));
#4711 = VECTOR('',#4712,1.);
#4712 = DIRECTION('',(0.,-1.));
#4713 = ( GEOMETRIC_REPRESENTATION_CONTEXT(2) 
PARAMETRIC_REPRESENTATION_CONTEXT() REPRESENTATION_CONTEXT('2D SPACE',''
  ) );
#4714 = PCURVE('',#4612,#4715);
#4715 = DEFINITIONAL_REPRESENTATION('',(#4716),#4720);
#4716 = LINE('',#4717,#4718);
#4717 = CARTESIAN_POINT('',(0.,0.));
#4718 = VECTOR('',#4719,1.);
#4719 = DIRECTION('',(0.,1.));
#4720 = ( GEOMETRIC_REPRESENTATION_CONTEXT(2) 
PARAMETRIC_REPRESENTATION_CONTEXT() REPRESENTATION_CONTEXT('2D SPACE',''
  ) );
#4721 = ORIENTED_EDGE('',*,*,#4722,.T.);
#4722 = EDGE_CURVE('',#4700,#1591,#4723,.T.);
#4723 = SURFACE_CURVE('',#4724,(#4728,#4735),.PCURVE_S1.);
#4724 = LINE('',#4725,#4726);
#4725 = CARTESIAN_POINT('',(-14.435,-0.385,2.));
#4726 = VECTOR('',#4727,1.);
#4727 = DIRECTION('',(0.,0.,1.));
#4728 = PCURVE('',#1605,#4729);
#4729 = DEFINITIONAL_REPRESENTATION('',(#4730),#4734);
#4730 = LINE('',#4731,#4732);
#4731 = CARTESIAN_POINT('',(0.,-0.6));
#4732 = VECTOR('',#4733,1.);
#4733 = DIRECTION('',(1.,0.));
#4734 = ( GEOMETRIC_REPRESENTATION_CONTEXT(2) 
PARAMETRIC_REPRESENTATION_CONTEXT() REPRESENTATION_CONTEXT('2D SPACE',''
  ) );
#4735 = PCURVE('',#1631,#4736);
#4736 = DEFINITIONAL_REPRESENTATION('',(#4737),#4741);
#4737 = LINE('',#4738,#4739);
#4738 = CARTESIAN_POINT('',(0.,0.));
#4739 = VECTOR('',#4740,1.);
#4740 = DIRECTION('',(1.,0.));
#4741 = ( GEOMETRIC_REPRESENTATION_CONTEXT(2) 
PARAMETRIC_REPRESENTATION_CONTEXT() REPRESENTATION_CONTEXT('2D SPACE',''
  ) );
#4742 = ORIENTED_EDGE('',*,*,#1590,.F.);
#4743 = ADVANCED_FACE('',(#4744),#1631,.F.);
#4744 = FACE_BOUND('',#4745,.F.);
#4745 = EDGE_LOOP('',(#4746,#4747,#4768,#4769));
#4746 = ORIENTED_EDGE('',*,*,#4673,.F.);
#4747 = ORIENTED_EDGE('',*,*,#4748,.F.);
#4748 = EDGE_CURVE('',#4700,#4651,#4749,.T.);
#4749 = SURFACE_CURVE('',#4750,(#4754,#4761),.PCURVE_S1.);
#4750 = LINE('',#4751,#4752);
#4751 = CARTESIAN_POINT('',(-14.435,-0.385,2.));
#4752 = VECTOR('',#4753,1.);
#4753 = DIRECTION('',(1.,0.,0.));
#4754 = PCURVE('',#1631,#4755);
#4755 = DEFINITIONAL_REPRESENTATION('',(#4756),#4760);
#4756 = LINE('',#4757,#4758);
#4757 = CARTESIAN_POINT('',(0.,0.));
#4758 = VECTOR('',#4759,1.);
#4759 = DIRECTION('',(0.,1.));
#4760 = ( GEOMETRIC_REPRESENTATION_CONTEXT(2) 
PARAMETRIC_REPRESENTATION_CONTEXT() REPRESENTATION_CONTEXT('2D SPACE',''
  ) );
#4761 = PCURVE('',#4612,#4762);
#4762 = DEFINITIONAL_REPRESENTATION('',(#4763),#4767);
#4763 = LINE('',#4764,#4765);
#4764 = CARTESIAN_POINT('',(0.,0.6));
#4765 = VECTOR('',#4766,1.);
#4766 = DIRECTION('',(1.,0.));
#4767 = ( GEOMETRIC_REPRESENTATION_CONTEXT(2) 
PARAMETRIC_REPRESENTATION_CONTEXT() REPRESENTATION_CONTEXT('2D SPACE',''
  ) );
#4768 = ORIENTED_EDGE('',*,*,#4722,.T.);
#4769 = ORIENTED_EDGE('',*,*,#1616,.F.);
#4770 = ADVANCED_FACE('',(#4771),#1685,.T.);
#4771 = FACE_BOUND('',#4772,.T.);
#4772 = EDGE_LOOP('',(#4773,#4796,#4824,#4845));
#4773 = ORIENTED_EDGE('',*,*,#4774,.F.);
#4774 = EDGE_CURVE('',#4775,#1669,#4777,.T.);
#4775 = VERTEX_POINT('',#4776);
#4776 = CARTESIAN_POINT('',(-12.565,-6.065,2.));
#4777 = SURFACE_CURVE('',#4778,(#4782,#4789),.PCURVE_S1.);
#4778 = LINE('',#4779,#4780);
#4779 = CARTESIAN_POINT('',(-12.565,-6.065,2.));
#4780 = VECTOR('',#4781,1.);
#4781 = DIRECTION('',(0.,0.,1.));
#4782 = PCURVE('',#1685,#4783);
#4783 = DEFINITIONAL_REPRESENTATION('',(#4784),#4788);
#4784 = LINE('',#4785,#4786);
#4785 = CARTESIAN_POINT('',(0.,0.6));
#4786 = VECTOR('',#4787,1.);
#4787 = DIRECTION('',(1.,0.));
#4788 = ( GEOMETRIC_REPRESENTATION_CONTEXT(2) 
PARAMETRIC_REPRESENTATION_CONTEXT() REPRESENTATION_CONTEXT('2D SPACE',''
  ) );
#4789 = PCURVE('',#1761,#4790);
#4790 = DEFINITIONAL_REPRESENTATION('',(#4791),#4795);
#4791 = LINE('',#4792,#4793);
#4792 = CARTESIAN_POINT('',(0.,0.));
#4793 = VECTOR('',#4794,1.);
#4794 = DIRECTION('',(1.,0.));
#4795 = ( GEOMETRIC_REPRESENTATION_CONTEXT(2) 
PARAMETRIC_REPRESENTATION_CONTEXT() REPRESENTATION_CONTEXT('2D SPACE',''
  ) );
#4796 = ORIENTED_EDGE('',*,*,#4797,.F.);
#4797 = EDGE_CURVE('',#4798,#4775,#4800,.T.);
#4798 = VERTEX_POINT('',#4799);
#4799 = CARTESIAN_POINT('',(-13.165,-6.065,2.));
#4800 = SURFACE_CURVE('',#4801,(#4805,#4812),.PCURVE_S1.);
#4801 = LINE('',#4802,#4803);
#4802 = CARTESIAN_POINT('',(-13.165,-6.065,2.));
#4803 = VECTOR('',#4804,1.);
#4804 = DIRECTION('',(1.,0.,0.));
#4805 = PCURVE('',#1685,#4806);
#4806 = DEFINITIONAL_REPRESENTATION('',(#4807),#4811);
#4807 = LINE('',#4808,#4809);
#4808 = CARTESIAN_POINT('',(0.,0.));
#4809 = VECTOR('',#4810,1.);
#4810 = DIRECTION('',(0.,1.));
#4811 = ( GEOMETRIC_REPRESENTATION_CONTEXT(2) 
PARAMETRIC_REPRESENTATION_CONTEXT() REPRESENTATION_CONTEXT('2D SPACE',''
  ) );
#4812 = PCURVE('',#4813,#4818);
#4813 = PLANE('',#4814);
#4814 = AXIS2_PLACEMENT_3D('',#4815,#4816,#4817);
#4815 = CARTESIAN_POINT('',(-13.165,-6.065,2.));
#4816 = DIRECTION('',(0.,0.,1.));
#4817 = DIRECTION('',(1.,0.,0.));
#4818 = DEFINITIONAL_REPRESENTATION('',(#4819),#4823);
#4819 = LINE('',#4820,#4821);
#4820 = CARTESIAN_POINT('',(0.,0.));
#4821 = VECTOR('',#4822,1.);
#4822 = DIRECTION('',(1.,0.));
#4823 = ( GEOMETRIC_REPRESENTATION_CONTEXT(2) 
PARAMETRIC_REPRESENTATION_CONTEXT() REPRESENTATION_CONTEXT('2D SPACE',''
  ) );
#4824 = ORIENTED_EDGE('',*,*,#4825,.T.);
#4825 = EDGE_CURVE('',#4798,#1671,#4826,.T.);
#4826 = SURFACE_CURVE('',#4827,(#4831,#4838),.PCURVE_S1.);
#4827 = LINE('',#4828,#4829);
#4828 = CARTESIAN_POINT('',(-13.165,-6.065,2.));
#4829 = VECTOR('',#4830,1.);
#4830 = DIRECTION('',(0.,0.,1.));
#4831 = PCURVE('',#1685,#4832);
#4832 = DEFINITIONAL_REPRESENTATION('',(#4833),#4837);
#4833 = LINE('',#4834,#4835);
#4834 = CARTESIAN_POINT('',(0.,0.));
#4835 = VECTOR('',#4836,1.);
#4836 = DIRECTION('',(1.,0.));
#4837 = ( GEOMETRIC_REPRESENTATION_CONTEXT(2) 
PARAMETRIC_REPRESENTATION_CONTEXT() REPRESENTATION_CONTEXT('2D SPACE',''
  ) );
#4838 = PCURVE('',#1711,#4839);
#4839 = DEFINITIONAL_REPRESENTATION('',(#4840),#4844);
#4840 = LINE('',#4841,#4842);
#4841 = CARTESIAN_POINT('',(0.,0.));
#4842 = VECTOR('',#4843,1.);
#4843 = DIRECTION('',(1.,0.));
#4844 = ( GEOMETRIC_REPRESENTATION_CONTEXT(2) 
PARAMETRIC_REPRESENTATION_CONTEXT() REPRESENTATION_CONTEXT('2D SPACE',''
  ) );
#4845 = ORIENTED_EDGE('',*,*,#1668,.F.);
#4846 = ADVANCED_FACE('',(#4847),#1761,.F.);
#4847 = FACE_BOUND('',#4848,.F.);
#4848 = EDGE_LOOP('',(#4849,#4850,#4873,#4894));
#4849 = ORIENTED_EDGE('',*,*,#4774,.F.);
#4850 = ORIENTED_EDGE('',*,*,#4851,.T.);
#4851 = EDGE_CURVE('',#4775,#4852,#4854,.T.);
#4852 = VERTEX_POINT('',#4853);
#4853 = CARTESIAN_POINT('',(-12.565,-5.465,2.));
#4854 = SURFACE_CURVE('',#4855,(#4859,#4866),.PCURVE_S1.);
#4855 = LINE('',#4856,#4857);
#4856 = CARTESIAN_POINT('',(-12.565,-6.065,2.));
#4857 = VECTOR('',#4858,1.);
#4858 = DIRECTION('',(0.,1.,0.));
#4859 = PCURVE('',#1761,#4860);
#4860 = DEFINITIONAL_REPRESENTATION('',(#4861),#4865);
#4861 = LINE('',#4862,#4863);
#4862 = CARTESIAN_POINT('',(0.,0.));
#4863 = VECTOR('',#4864,1.);
#4864 = DIRECTION('',(0.,-1.));
#4865 = ( GEOMETRIC_REPRESENTATION_CONTEXT(2) 
PARAMETRIC_REPRESENTATION_CONTEXT() REPRESENTATION_CONTEXT('2D SPACE',''
  ) );
#4866 = PCURVE('',#4813,#4867);
#4867 = DEFINITIONAL_REPRESENTATION('',(#4868),#4872);
#4868 = LINE('',#4869,#4870);
#4869 = CARTESIAN_POINT('',(0.6,0.));
#4870 = VECTOR('',#4871,1.);
#4871 = DIRECTION('',(0.,1.));
#4872 = ( GEOMETRIC_REPRESENTATION_CONTEXT(2) 
PARAMETRIC_REPRESENTATION_CONTEXT() REPRESENTATION_CONTEXT('2D SPACE',''
  ) );
#4873 = ORIENTED_EDGE('',*,*,#4874,.T.);
#4874 = EDGE_CURVE('',#4852,#1723,#4875,.T.);
#4875 = SURFACE_CURVE('',#4876,(#4880,#4887),.PCURVE_S1.);
#4876 = LINE('',#4877,#4878);
#4877 = CARTESIAN_POINT('',(-12.565,-5.465,2.));
#4878 = VECTOR('',#4879,1.);
#4879 = DIRECTION('',(0.,0.,1.));
#4880 = PCURVE('',#1761,#4881);
#4881 = DEFINITIONAL_REPRESENTATION('',(#4882),#4886);
#4882 = LINE('',#4883,#4884);
#4883 = CARTESIAN_POINT('',(0.,-0.6));
#4884 = VECTOR('',#4885,1.);
#4885 = DIRECTION('',(1.,0.));
#4886 = ( GEOMETRIC_REPRESENTATION_CONTEXT(2) 
PARAMETRIC_REPRESENTATION_CONTEXT() REPRESENTATION_CONTEXT('2D SPACE',''
  ) );
#4887 = PCURVE('',#1737,#4888);
#4888 = DEFINITIONAL_REPRESENTATION('',(#4889),#4893);
#4889 = LINE('',#4890,#4891);
#4890 = CARTESIAN_POINT('',(0.,0.6));
#4891 = VECTOR('',#4892,1.);
#4892 = DIRECTION('',(1.,0.));
#4893 = ( GEOMETRIC_REPRESENTATION_CONTEXT(2) 
PARAMETRIC_REPRESENTATION_CONTEXT() REPRESENTATION_CONTEXT('2D SPACE',''
  ) );
#4894 = ORIENTED_EDGE('',*,*,#1748,.F.);
#4895 = ADVANCED_FACE('',(#4896),#1737,.F.);
#4896 = FACE_BOUND('',#4897,.F.);
#4897 = EDGE_LOOP('',(#4898,#4899,#4922,#4943));
#4898 = ORIENTED_EDGE('',*,*,#4874,.F.);
#4899 = ORIENTED_EDGE('',*,*,#4900,.F.);
#4900 = EDGE_CURVE('',#4901,#4852,#4903,.T.);
#4901 = VERTEX_POINT('',#4902);
#4902 = CARTESIAN_POINT('',(-13.165,-5.465,2.));
#4903 = SURFACE_CURVE('',#4904,(#4908,#4915),.PCURVE_S1.);
#4904 = LINE('',#4905,#4906);
#4905 = CARTESIAN_POINT('',(-13.165,-5.465,2.));
#4906 = VECTOR('',#4907,1.);
#4907 = DIRECTION('',(1.,0.,0.));
#4908 = PCURVE('',#1737,#4909);
#4909 = DEFINITIONAL_REPRESENTATION('',(#4910),#4914);
#4910 = LINE('',#4911,#4912);
#4911 = CARTESIAN_POINT('',(0.,0.));
#4912 = VECTOR('',#4913,1.);
#4913 = DIRECTION('',(0.,1.));
#4914 = ( GEOMETRIC_REPRESENTATION_CONTEXT(2) 
PARAMETRIC_REPRESENTATION_CONTEXT() REPRESENTATION_CONTEXT('2D SPACE',''
  ) );
#4915 = PCURVE('',#4813,#4916);
#4916 = DEFINITIONAL_REPRESENTATION('',(#4917),#4921);
#4917 = LINE('',#4918,#4919);
#4918 = CARTESIAN_POINT('',(0.,0.6));
#4919 = VECTOR('',#4920,1.);
#4920 = DIRECTION('',(1.,0.));
#4921 = ( GEOMETRIC_REPRESENTATION_CONTEXT(2) 
PARAMETRIC_REPRESENTATION_CONTEXT() REPRESENTATION_CONTEXT('2D SPACE',''
  ) );
#4922 = ORIENTED_EDGE('',*,*,#4923,.T.);
#4923 = EDGE_CURVE('',#4901,#1697,#4924,.T.);
#4924 = SURFACE_CURVE('',#4925,(#4929,#4936),.PCURVE_S1.);
#4925 = LINE('',#4926,#4927);
#4926 = CARTESIAN_POINT('',(-13.165,-5.465,2.));
#4927 = VECTOR('',#4928,1.);
#4928 = DIRECTION('',(0.,0.,1.));
#4929 = PCURVE('',#1737,#4930);
#4930 = DEFINITIONAL_REPRESENTATION('',(#4931),#4935);
#4931 = LINE('',#4932,#4933);
#4932 = CARTESIAN_POINT('',(0.,0.));
#4933 = VECTOR('',#4934,1.);
#4934 = DIRECTION('',(1.,0.));
#4935 = ( GEOMETRIC_REPRESENTATION_CONTEXT(2) 
PARAMETRIC_REPRESENTATION_CONTEXT() REPRESENTATION_CONTEXT('2D SPACE',''
  ) );
#4936 = PCURVE('',#1711,#4937);
#4937 = DEFINITIONAL_REPRESENTATION('',(#4938),#4942);
#4938 = LINE('',#4939,#4940);
#4939 = CARTESIAN_POINT('',(0.,-0.6));
#4940 = VECTOR('',#4941,1.);
#4941 = DIRECTION('',(1.,0.));
#4942 = ( GEOMETRIC_REPRESENTATION_CONTEXT(2) 
PARAMETRIC_REPRESENTATION_CONTEXT() REPRESENTATION_CONTEXT('2D SPACE',''
  ) );
#4943 = ORIENTED_EDGE('',*,*,#1722,.F.);
#4944 = ADVANCED_FACE('',(#4945),#1711,.T.);
#4945 = FACE_BOUND('',#4946,.T.);
#4946 = EDGE_LOOP('',(#4947,#4948,#4969,#4970));
#4947 = ORIENTED_EDGE('',*,*,#4825,.F.);
#4948 = ORIENTED_EDGE('',*,*,#4949,.T.);
#4949 = EDGE_CURVE('',#4798,#4901,#4950,.T.);
#4950 = SURFACE_CURVE('',#4951,(#4955,#4962),.PCURVE_S1.);
#4951 = LINE('',#4952,#4953);
#4952 = CARTESIAN_POINT('',(-13.165,-6.065,2.));
#4953 = VECTOR('',#4954,1.);
#4954 = DIRECTION('',(0.,1.,0.));
#4955 = PCURVE('',#1711,#4956);
#4956 = DEFINITIONAL_REPRESENTATION('',(#4957),#4961);
#4957 = LINE('',#4958,#4959);
#4958 = CARTESIAN_POINT('',(0.,0.));
#4959 = VECTOR('',#4960,1.);
#4960 = DIRECTION('',(0.,-1.));
#4961 = ( GEOMETRIC_REPRESENTATION_CONTEXT(2) 
PARAMETRIC_REPRESENTATION_CONTEXT() REPRESENTATION_CONTEXT('2D SPACE',''
  ) );
#4962 = PCURVE('',#4813,#4963);
#4963 = DEFINITIONAL_REPRESENTATION('',(#4964),#4968);
#4964 = LINE('',#4965,#4966);
#4965 = CARTESIAN_POINT('',(0.,0.));
#4966 = VECTOR('',#4967,1.);
#4967 = DIRECTION('',(0.,1.));
#4968 = ( GEOMETRIC_REPRESENTATION_CONTEXT(2) 
PARAMETRIC_REPRESENTATION_CONTEXT() REPRESENTATION_CONTEXT('2D SPACE',''
  ) );
#4969 = ORIENTED_EDGE('',*,*,#4923,.T.);
#4970 = ORIENTED_EDGE('',*,*,#1696,.F.);
#4971 = ADVANCED_FACE('',(#4972),#1791,.T.);
#4972 = FACE_BOUND('',#4973,.T.);
#4973 = EDGE_LOOP('',(#4974,#4997,#5025,#5046));
#4974 = ORIENTED_EDGE('',*,*,#4975,.F.);
#4975 = EDGE_CURVE('',#4976,#1775,#4978,.T.);
#4976 = VERTEX_POINT('',#4977);
#4977 = CARTESIAN_POINT('',(-12.565,-4.795,2.));
#4978 = SURFACE_CURVE('',#4979,(#4983,#4990),.PCURVE_S1.);
#4979 = LINE('',#4980,#4981);
#4980 = CARTESIAN_POINT('',(-12.565,-4.795,2.));
#4981 = VECTOR('',#4982,1.);
#4982 = DIRECTION('',(0.,0.,1.));
#4983 = PCURVE('',#1791,#4984);
#4984 = DEFINITIONAL_REPRESENTATION('',(#4985),#4989);
#4985 = LINE('',#4986,#4987);
#4986 = CARTESIAN_POINT('',(0.,0.6));
#4987 = VECTOR('',#4988,1.);
#4988 = DIRECTION('',(1.,0.));
#4989 = ( GEOMETRIC_REPRESENTATION_CONTEXT(2) 
PARAMETRIC_REPRESENTATION_CONTEXT() REPRESENTATION_CONTEXT('2D SPACE',''
  ) );
#4990 = PCURVE('',#1867,#4991);
#4991 = DEFINITIONAL_REPRESENTATION('',(#4992),#4996);
#4992 = LINE('',#4993,#4994);
#4993 = CARTESIAN_POINT('',(0.,0.));
#4994 = VECTOR('',#4995,1.);
#4995 = DIRECTION('',(1.,0.));
#4996 = ( GEOMETRIC_REPRESENTATION_CONTEXT(2) 
PARAMETRIC_REPRESENTATION_CONTEXT() REPRESENTATION_CONTEXT('2D SPACE',''
  ) );
#4997 = ORIENTED_EDGE('',*,*,#4998,.F.);
#4998 = EDGE_CURVE('',#4999,#4976,#5001,.T.);
#4999 = VERTEX_POINT('',#5000);
#5000 = CARTESIAN_POINT('',(-13.165,-4.795,2.));
#5001 = SURFACE_CURVE('',#5002,(#5006,#5013),.PCURVE_S1.);
#5002 = LINE('',#5003,#5004);
#5003 = CARTESIAN_POINT('',(-13.165,-4.795,2.));
#5004 = VECTOR('',#5005,1.);
#5005 = DIRECTION('',(1.,0.,0.));
#5006 = PCURVE('',#1791,#5007);
#5007 = DEFINITIONAL_REPRESENTATION('',(#5008),#5012);
#5008 = LINE('',#5009,#5010);
#5009 = CARTESIAN_POINT('',(0.,0.));
#5010 = VECTOR('',#5011,1.);
#5011 = DIRECTION('',(0.,1.));
#5012 = ( GEOMETRIC_REPRESENTATION_CONTEXT(2) 
PARAMETRIC_REPRESENTATION_CONTEXT() REPRESENTATION_CONTEXT('2D SPACE',''
  ) );
#5013 = PCURVE('',#5014,#5019);
#5014 = PLANE('',#5015);
#5015 = AXIS2_PLACEMENT_3D('',#5016,#5017,#5018);
#5016 = CARTESIAN_POINT('',(-13.165,-4.795,2.));
#5017 = DIRECTION('',(0.,0.,1.));
#5018 = DIRECTION('',(1.,0.,0.));
#5019 = DEFINITIONAL_REPRESENTATION('',(#5020),#5024);
#5020 = LINE('',#5021,#5022);
#5021 = CARTESIAN_POINT('',(0.,0.));
#5022 = VECTOR('',#5023,1.);
#5023 = DIRECTION('',(1.,0.));
#5024 = ( GEOMETRIC_REPRESENTATION_CONTEXT(2) 
PARAMETRIC_REPRESENTATION_CONTEXT() REPRESENTATION_CONTEXT('2D SPACE',''
  ) );
#5025 = ORIENTED_EDGE('',*,*,#5026,.T.);
#5026 = EDGE_CURVE('',#4999,#1777,#5027,.T.);
#5027 = SURFACE_CURVE('',#5028,(#5032,#5039),.PCURVE_S1.);
#5028 = LINE('',#5029,#5030);
#5029 = CARTESIAN_POINT('',(-13.165,-4.795,2.));
#5030 = VECTOR('',#5031,1.);
#5031 = DIRECTION('',(0.,0.,1.));
#5032 = PCURVE('',#1791,#5033);
#5033 = DEFINITIONAL_REPRESENTATION('',(#5034),#5038);
#5034 = LINE('',#5035,#5036);
#5035 = CARTESIAN_POINT('',(0.,0.));
#5036 = VECTOR('',#5037,1.);
#5037 = DIRECTION('',(1.,0.));
#5038 = ( GEOMETRIC_REPRESENTATION_CONTEXT(2) 
PARAMETRIC_REPRESENTATION_CONTEXT() REPRESENTATION_CONTEXT('2D SPACE',''
  ) );
#5039 = PCURVE('',#1817,#5040);
#5040 = DEFINITIONAL_REPRESENTATION('',(#5041),#5045);
#5041 = LINE('',#5042,#5043);
#5042 = CARTESIAN_POINT('',(0.,0.));
#5043 = VECTOR('',#5044,1.);
#5044 = DIRECTION('',(1.,0.));
#5045 = ( GEOMETRIC_REPRESENTATION_CONTEXT(2) 
PARAMETRIC_REPRESENTATION_CONTEXT() REPRESENTATION_CONTEXT('2D SPACE',''
  ) );
#5046 = ORIENTED_EDGE('',*,*,#1774,.F.);
#5047 = ADVANCED_FACE('',(#5048),#1867,.F.);
#5048 = FACE_BOUND('',#5049,.F.);
#5049 = EDGE_LOOP('',(#5050,#5051,#5074,#5095));
#5050 = ORIENTED_EDGE('',*,*,#4975,.F.);
#5051 = ORIENTED_EDGE('',*,*,#5052,.T.);
#5052 = EDGE_CURVE('',#4976,#5053,#5055,.T.);
#5053 = VERTEX_POINT('',#5054);
#5054 = CARTESIAN_POINT('',(-12.565,-4.195,2.));
#5055 = SURFACE_CURVE('',#5056,(#5060,#5067),.PCURVE_S1.);
#5056 = LINE('',#5057,#5058);
#5057 = CARTESIAN_POINT('',(-12.565,-4.795,2.));
#5058 = VECTOR('',#5059,1.);
#5059 = DIRECTION('',(0.,1.,0.));
#5060 = PCURVE('',#1867,#5061);
#5061 = DEFINITIONAL_REPRESENTATION('',(#5062),#5066);
#5062 = LINE('',#5063,#5064);
#5063 = CARTESIAN_POINT('',(0.,0.));
#5064 = VECTOR('',#5065,1.);
#5065 = DIRECTION('',(0.,-1.));
#5066 = ( GEOMETRIC_REPRESENTATION_CONTEXT(2) 
PARAMETRIC_REPRESENTATION_CONTEXT() REPRESENTATION_CONTEXT('2D SPACE',''
  ) );
#5067 = PCURVE('',#5014,#5068);
#5068 = DEFINITIONAL_REPRESENTATION('',(#5069),#5073);
#5069 = LINE('',#5070,#5071);
#5070 = CARTESIAN_POINT('',(0.6,0.));
#5071 = VECTOR('',#5072,1.);
#5072 = DIRECTION('',(0.,1.));
#5073 = ( GEOMETRIC_REPRESENTATION_CONTEXT(2) 
PARAMETRIC_REPRESENTATION_CONTEXT() REPRESENTATION_CONTEXT('2D SPACE',''
  ) );
#5074 = ORIENTED_EDGE('',*,*,#5075,.T.);
#5075 = EDGE_CURVE('',#5053,#1829,#5076,.T.);
#5076 = SURFACE_CURVE('',#5077,(#5081,#5088),.PCURVE_S1.);
#5077 = LINE('',#5078,#5079);
#5078 = CARTESIAN_POINT('',(-12.565,-4.195,2.));
#5079 = VECTOR('',#5080,1.);
#5080 = DIRECTION('',(0.,0.,1.));
#5081 = PCURVE('',#1867,#5082);
#5082 = DEFINITIONAL_REPRESENTATION('',(#5083),#5087);
#5083 = LINE('',#5084,#5085);
#5084 = CARTESIAN_POINT('',(0.,-0.6));
#5085 = VECTOR('',#5086,1.);
#5086 = DIRECTION('',(1.,0.));
#5087 = ( GEOMETRIC_REPRESENTATION_CONTEXT(2) 
PARAMETRIC_REPRESENTATION_CONTEXT() REPRESENTATION_CONTEXT('2D SPACE',''
  ) );
#5088 = PCURVE('',#1843,#5089);
#5089 = DEFINITIONAL_REPRESENTATION('',(#5090),#5094);
#5090 = LINE('',#5091,#5092);
#5091 = CARTESIAN_POINT('',(0.,0.6));
#5092 = VECTOR('',#5093,1.);
#5093 = DIRECTION('',(1.,0.));
#5094 = ( GEOMETRIC_REPRESENTATION_CONTEXT(2) 
PARAMETRIC_REPRESENTATION_CONTEXT() REPRESENTATION_CONTEXT('2D SPACE',''
  ) );
#5095 = ORIENTED_EDGE('',*,*,#1854,.F.);
#5096 = ADVANCED_FACE('',(#5097),#1817,.T.);
#5097 = FACE_BOUND('',#5098,.T.);
#5098 = EDGE_LOOP('',(#5099,#5100,#5123,#5144));
#5099 = ORIENTED_EDGE('',*,*,#5026,.F.);
#5100 = ORIENTED_EDGE('',*,*,#5101,.T.);
#5101 = EDGE_CURVE('',#4999,#5102,#5104,.T.);
#5102 = VERTEX_POINT('',#5103);
#5103 = CARTESIAN_POINT('',(-13.165,-4.195,2.));
#5104 = SURFACE_CURVE('',#5105,(#5109,#5116),.PCURVE_S1.);
#5105 = LINE('',#5106,#5107);
#5106 = CARTESIAN_POINT('',(-13.165,-4.795,2.));
#5107 = VECTOR('',#5108,1.);
#5108 = DIRECTION('',(0.,1.,0.));
#5109 = PCURVE('',#1817,#5110);
#5110 = DEFINITIONAL_REPRESENTATION('',(#5111),#5115);
#5111 = LINE('',#5112,#5113);
#5112 = CARTESIAN_POINT('',(0.,0.));
#5113 = VECTOR('',#5114,1.);
#5114 = DIRECTION('',(0.,-1.));
#5115 = ( GEOMETRIC_REPRESENTATION_CONTEXT(2) 
PARAMETRIC_REPRESENTATION_CONTEXT() REPRESENTATION_CONTEXT('2D SPACE',''
  ) );
#5116 = PCURVE('',#5014,#5117);
#5117 = DEFINITIONAL_REPRESENTATION('',(#5118),#5122);
#5118 = LINE('',#5119,#5120);
#5119 = CARTESIAN_POINT('',(0.,0.));
#5120 = VECTOR('',#5121,1.);
#5121 = DIRECTION('',(0.,1.));
#5122 = ( GEOMETRIC_REPRESENTATION_CONTEXT(2) 
PARAMETRIC_REPRESENTATION_CONTEXT() REPRESENTATION_CONTEXT('2D SPACE',''
  ) );
#5123 = ORIENTED_EDGE('',*,*,#5124,.T.);
#5124 = EDGE_CURVE('',#5102,#1803,#5125,.T.);
#5125 = SURFACE_CURVE('',#5126,(#5130,#5137),.PCURVE_S1.);
#5126 = LINE('',#5127,#5128);
#5127 = CARTESIAN_POINT('',(-13.165,-4.195,2.));
#5128 = VECTOR('',#5129,1.);
#5129 = DIRECTION('',(0.,0.,1.));
#5130 = PCURVE('',#1817,#5131);
#5131 = DEFINITIONAL_REPRESENTATION('',(#5132),#5136);
#5132 = LINE('',#5133,#5134);
#5133 = CARTESIAN_POINT('',(0.,-0.6));
#5134 = VECTOR('',#5135,1.);
#5135 = DIRECTION('',(1.,0.));
#5136 = ( GEOMETRIC_REPRESENTATION_CONTEXT(2) 
PARAMETRIC_REPRESENTATION_CONTEXT() REPRESENTATION_CONTEXT('2D SPACE',''
  ) );
#5137 = PCURVE('',#1843,#5138);
#5138 = DEFINITIONAL_REPRESENTATION('',(#5139),#5143);
#5139 = LINE('',#5140,#5141);
#5140 = CARTESIAN_POINT('',(0.,0.));
#5141 = VECTOR('',#5142,1.);
#5142 = DIRECTION('',(1.,0.));
#5143 = ( GEOMETRIC_REPRESENTATION_CONTEXT(2) 
PARAMETRIC_REPRESENTATION_CONTEXT() REPRESENTATION_CONTEXT('2D SPACE',''
  ) );
#5144 = ORIENTED_EDGE('',*,*,#1802,.F.);
#5145 = ADVANCED_FACE('',(#5146),#1843,.F.);
#5146 = FACE_BOUND('',#5147,.F.);
#5147 = EDGE_LOOP('',(#5148,#5149,#5170,#5171));
#5148 = ORIENTED_EDGE('',*,*,#5075,.F.);
#5149 = ORIENTED_EDGE('',*,*,#5150,.F.);
#5150 = EDGE_CURVE('',#5102,#5053,#5151,.T.);
#5151 = SURFACE_CURVE('',#5152,(#5156,#5163),.PCURVE_S1.);
#5152 = LINE('',#5153,#5154);
#5153 = CARTESIAN_POINT('',(-13.165,-4.195,2.));
#5154 = VECTOR('',#5155,1.);
#5155 = DIRECTION('',(1.,0.,0.));
#5156 = PCURVE('',#1843,#5157);
#5157 = DEFINITIONAL_REPRESENTATION('',(#5158),#5162);
#5158 = LINE('',#5159,#5160);
#5159 = CARTESIAN_POINT('',(0.,0.));
#5160 = VECTOR('',#5161,1.);
#5161 = DIRECTION('',(0.,1.));
#5162 = ( GEOMETRIC_REPRESENTATION_CONTEXT(2) 
PARAMETRIC_REPRESENTATION_CONTEXT() REPRESENTATION_CONTEXT('2D SPACE',''
  ) );
#5163 = PCURVE('',#5014,#5164);
#5164 = DEFINITIONAL_REPRESENTATION('',(#5165),#5169);
#5165 = LINE('',#5166,#5167);
#5166 = CARTESIAN_POINT('',(0.,0.6));
#5167 = VECTOR('',#5168,1.);
#5168 = DIRECTION('',(1.,0.));
#5169 = ( GEOMETRIC_REPRESENTATION_CONTEXT(2) 
PARAMETRIC_REPRESENTATION_CONTEXT() REPRESENTATION_CONTEXT('2D SPACE',''
  ) );
#5170 = ORIENTED_EDGE('',*,*,#5124,.T.);
#5171 = ORIENTED_EDGE('',*,*,#1828,.F.);
#5172 = ADVANCED_FACE('',(#5173),#1897,.T.);
#5173 = FACE_BOUND('',#5174,.T.);
#5174 = EDGE_LOOP('',(#5175,#5198,#5226,#5247));
#5175 = ORIENTED_EDGE('',*,*,#5176,.F.);
#5176 = EDGE_CURVE('',#5177,#1881,#5179,.T.);
#5177 = VERTEX_POINT('',#5178);
#5178 = CARTESIAN_POINT('',(-12.565,-3.525,2.));
#5179 = SURFACE_CURVE('',#5180,(#5184,#5191),.PCURVE_S1.);
#5180 = LINE('',#5181,#5182);
#5181 = CARTESIAN_POINT('',(-12.565,-3.525,2.));
#5182 = VECTOR('',#5183,1.);
#5183 = DIRECTION('',(0.,0.,1.));
#5184 = PCURVE('',#1897,#5185);
#5185 = DEFINITIONAL_REPRESENTATION('',(#5186),#5190);
#5186 = LINE('',#5187,#5188);
#5187 = CARTESIAN_POINT('',(0.,0.6));
#5188 = VECTOR('',#5189,1.);
#5189 = DIRECTION('',(1.,0.));
#5190 = ( GEOMETRIC_REPRESENTATION_CONTEXT(2) 
PARAMETRIC_REPRESENTATION_CONTEXT() REPRESENTATION_CONTEXT('2D SPACE',''
  ) );
#5191 = PCURVE('',#1973,#5192);
#5192 = DEFINITIONAL_REPRESENTATION('',(#5193),#5197);
#5193 = LINE('',#5194,#5195);
#5194 = CARTESIAN_POINT('',(0.,0.));
#5195 = VECTOR('',#5196,1.);
#5196 = DIRECTION('',(1.,0.));
#5197 = ( GEOMETRIC_REPRESENTATION_CONTEXT(2) 
PARAMETRIC_REPRESENTATION_CONTEXT() REPRESENTATION_CONTEXT('2D SPACE',''
  ) );
#5198 = ORIENTED_EDGE('',*,*,#5199,.F.);
#5199 = EDGE_CURVE('',#5200,#5177,#5202,.T.);
#5200 = VERTEX_POINT('',#5201);
#5201 = CARTESIAN_POINT('',(-13.165,-3.525,2.));
#5202 = SURFACE_CURVE('',#5203,(#5207,#5214),.PCURVE_S1.);
#5203 = LINE('',#5204,#5205);
#5204 = CARTESIAN_POINT('',(-13.165,-3.525,2.));
#5205 = VECTOR('',#5206,1.);
#5206 = DIRECTION('',(1.,0.,0.));
#5207 = PCURVE('',#1897,#5208);
#5208 = DEFINITIONAL_REPRESENTATION('',(#5209),#5213);
#5209 = LINE('',#5210,#5211);
#5210 = CARTESIAN_POINT('',(0.,0.));
#5211 = VECTOR('',#5212,1.);
#5212 = DIRECTION('',(0.,1.));
#5213 = ( GEOMETRIC_REPRESENTATION_CONTEXT(2) 
PARAMETRIC_REPRESENTATION_CONTEXT() REPRESENTATION_CONTEXT('2D SPACE',''
  ) );
#5214 = PCURVE('',#5215,#5220);
#5215 = PLANE('',#5216);
#5216 = AXIS2_PLACEMENT_3D('',#5217,#5218,#5219);
#5217 = CARTESIAN_POINT('',(-13.165,-3.525,2.));
#5218 = DIRECTION('',(0.,0.,1.));
#5219 = DIRECTION('',(1.,0.,0.));
#5220 = DEFINITIONAL_REPRESENTATION('',(#5221),#5225);
#5221 = LINE('',#5222,#5223);
#5222 = CARTESIAN_POINT('',(0.,0.));
#5223 = VECTOR('',#5224,1.);
#5224 = DIRECTION('',(1.,0.));
#5225 = ( GEOMETRIC_REPRESENTATION_CONTEXT(2) 
PARAMETRIC_REPRESENTATION_CONTEXT() REPRESENTATION_CONTEXT('2D SPACE',''
  ) );
#5226 = ORIENTED_EDGE('',*,*,#5227,.T.);
#5227 = EDGE_CURVE('',#5200,#1883,#5228,.T.);
#5228 = SURFACE_CURVE('',#5229,(#5233,#5240),.PCURVE_S1.);
#5229 = LINE('',#5230,#5231);
#5230 = CARTESIAN_POINT('',(-13.165,-3.525,2.));
#5231 = VECTOR('',#5232,1.);
#5232 = DIRECTION('',(0.,0.,1.));
#5233 = PCURVE('',#1897,#5234);
#5234 = DEFINITIONAL_REPRESENTATION('',(#5235),#5239);
#5235 = LINE('',#5236,#5237);
#5236 = CARTESIAN_POINT('',(0.,0.));
#5237 = VECTOR('',#5238,1.);
#5238 = DIRECTION('',(1.,0.));
#5239 = ( GEOMETRIC_REPRESENTATION_CONTEXT(2) 
PARAMETRIC_REPRESENTATION_CONTEXT() REPRESENTATION_CONTEXT('2D SPACE',''
  ) );
#5240 = PCURVE('',#1923,#5241);
#5241 = DEFINITIONAL_REPRESENTATION('',(#5242),#5246);
#5242 = LINE('',#5243,#5244);
#5243 = CARTESIAN_POINT('',(0.,0.));
#5244 = VECTOR('',#5245,1.);
#5245 = DIRECTION('',(1.,0.));
#5246 = ( GEOMETRIC_REPRESENTATION_CONTEXT(2) 
PARAMETRIC_REPRESENTATION_CONTEXT() REPRESENTATION_CONTEXT('2D SPACE',''
  ) );
#5247 = ORIENTED_EDGE('',*,*,#1880,.F.);
#5248 = ADVANCED_FACE('',(#5249),#1973,.F.);
#5249 = FACE_BOUND('',#5250,.F.);
#5250 = EDGE_LOOP('',(#5251,#5252,#5275,#5296));
#5251 = ORIENTED_EDGE('',*,*,#5176,.F.);
#5252 = ORIENTED_EDGE('',*,*,#5253,.T.);
#5253 = EDGE_CURVE('',#5177,#5254,#5256,.T.);
#5254 = VERTEX_POINT('',#5255);
#5255 = CARTESIAN_POINT('',(-12.565,-2.925,2.));
#5256 = SURFACE_CURVE('',#5257,(#5261,#5268),.PCURVE_S1.);
#5257 = LINE('',#5258,#5259);
#5258 = CARTESIAN_POINT('',(-12.565,-3.525,2.));
#5259 = VECTOR('',#5260,1.);
#5260 = DIRECTION('',(0.,1.,0.));
#5261 = PCURVE('',#1973,#5262);
#5262 = DEFINITIONAL_REPRESENTATION('',(#5263),#5267);
#5263 = LINE('',#5264,#5265);
#5264 = CARTESIAN_POINT('',(0.,0.));
#5265 = VECTOR('',#5266,1.);
#5266 = DIRECTION('',(0.,-1.));
#5267 = ( GEOMETRIC_REPRESENTATION_CONTEXT(2) 
PARAMETRIC_REPRESENTATION_CONTEXT() REPRESENTATION_CONTEXT('2D SPACE',''
  ) );
#5268 = PCURVE('',#5215,#5269);
#5269 = DEFINITIONAL_REPRESENTATION('',(#5270),#5274);
#5270 = LINE('',#5271,#5272);
#5271 = CARTESIAN_POINT('',(0.6,0.));
#5272 = VECTOR('',#5273,1.);
#5273 = DIRECTION('',(0.,1.));
#5274 = ( GEOMETRIC_REPRESENTATION_CONTEXT(2) 
PARAMETRIC_REPRESENTATION_CONTEXT() REPRESENTATION_CONTEXT('2D SPACE',''
  ) );
#5275 = ORIENTED_EDGE('',*,*,#5276,.T.);
#5276 = EDGE_CURVE('',#5254,#1935,#5277,.T.);
#5277 = SURFACE_CURVE('',#5278,(#5282,#5289),.PCURVE_S1.);
#5278 = LINE('',#5279,#5280);
#5279 = CARTESIAN_POINT('',(-12.565,-2.925,2.));
#5280 = VECTOR('',#5281,1.);
#5281 = DIRECTION('',(0.,0.,1.));
#5282 = PCURVE('',#1973,#5283);
#5283 = DEFINITIONAL_REPRESENTATION('',(#5284),#5288);
#5284 = LINE('',#5285,#5286);
#5285 = CARTESIAN_POINT('',(0.,-0.6));
#5286 = VECTOR('',#5287,1.);
#5287 = DIRECTION('',(1.,0.));
#5288 = ( GEOMETRIC_REPRESENTATION_CONTEXT(2) 
PARAMETRIC_REPRESENTATION_CONTEXT() REPRESENTATION_CONTEXT('2D SPACE',''
  ) );
#5289 = PCURVE('',#1949,#5290);
#5290 = DEFINITIONAL_REPRESENTATION('',(#5291),#5295);
#5291 = LINE('',#5292,#5293);
#5292 = CARTESIAN_POINT('',(0.,0.6));
#5293 = VECTOR('',#5294,1.);
#5294 = DIRECTION('',(1.,0.));
#5295 = ( GEOMETRIC_REPRESENTATION_CONTEXT(2) 
PARAMETRIC_REPRESENTATION_CONTEXT() REPRESENTATION_CONTEXT('2D SPACE',''
  ) );
#5296 = ORIENTED_EDGE('',*,*,#1960,.F.);
#5297 = ADVANCED_FACE('',(#5298),#1923,.T.);
#5298 = FACE_BOUND('',#5299,.T.);
#5299 = EDGE_LOOP('',(#5300,#5301,#5324,#5345));
#5300 = ORIENTED_EDGE('',*,*,#5227,.F.);
#5301 = ORIENTED_EDGE('',*,*,#5302,.T.);
#5302 = EDGE_CURVE('',#5200,#5303,#5305,.T.);
#5303 = VERTEX_POINT('',#5304);
#5304 = CARTESIAN_POINT('',(-13.165,-2.925,2.));
#5305 = SURFACE_CURVE('',#5306,(#5310,#5317),.PCURVE_S1.);
#5306 = LINE('',#5307,#5308);
#5307 = CARTESIAN_POINT('',(-13.165,-3.525,2.));
#5308 = VECTOR('',#5309,1.);
#5309 = DIRECTION('',(0.,1.,0.));
#5310 = PCURVE('',#1923,#5311);
#5311 = DEFINITIONAL_REPRESENTATION('',(#5312),#5316);
#5312 = LINE('',#5313,#5314);
#5313 = CARTESIAN_POINT('',(0.,0.));
#5314 = VECTOR('',#5315,1.);
#5315 = DIRECTION('',(0.,-1.));
#5316 = ( GEOMETRIC_REPRESENTATION_CONTEXT(2) 
PARAMETRIC_REPRESENTATION_CONTEXT() REPRESENTATION_CONTEXT('2D SPACE',''
  ) );
#5317 = PCURVE('',#5215,#5318);
#5318 = DEFINITIONAL_REPRESENTATION('',(#5319),#5323);
#5319 = LINE('',#5320,#5321);
#5320 = CARTESIAN_POINT('',(0.,0.));
#5321 = VECTOR('',#5322,1.);
#5322 = DIRECTION('',(0.,1.));
#5323 = ( GEOMETRIC_REPRESENTATION_CONTEXT(2) 
PARAMETRIC_REPRESENTATION_CONTEXT() REPRESENTATION_CONTEXT('2D SPACE',''
  ) );
#5324 = ORIENTED_EDGE('',*,*,#5325,.T.);
#5325 = EDGE_CURVE('',#5303,#1909,#5326,.T.);
#5326 = SURFACE_CURVE('',#5327,(#5331,#5338),.PCURVE_S1.);
#5327 = LINE('',#5328,#5329);
#5328 = CARTESIAN_POINT('',(-13.165,-2.925,2.));
#5329 = VECTOR('',#5330,1.);
#5330 = DIRECTION('',(0.,0.,1.));
#5331 = PCURVE('',#1923,#5332);
#5332 = DEFINITIONAL_REPRESENTATION('',(#5333),#5337);
#5333 = LINE('',#5334,#5335);
#5334 = CARTESIAN_POINT('',(0.,-0.6));
#5335 = VECTOR('',#5336,1.);
#5336 = DIRECTION('',(1.,0.));
#5337 = ( GEOMETRIC_REPRESENTATION_CONTEXT(2) 
PARAMETRIC_REPRESENTATION_CONTEXT() REPRESENTATION_CONTEXT('2D SPACE',''
  ) );
#5338 = PCURVE('',#1949,#5339);
#5339 = DEFINITIONAL_REPRESENTATION('',(#5340),#5344);
#5340 = LINE('',#5341,#5342);
#5341 = CARTESIAN_POINT('',(0.,0.));
#5342 = VECTOR('',#5343,1.);
#5343 = DIRECTION('',(1.,0.));
#5344 = ( GEOMETRIC_REPRESENTATION_CONTEXT(2) 
PARAMETRIC_REPRESENTATION_CONTEXT() REPRESENTATION_CONTEXT('2D SPACE',''
  ) );
#5345 = ORIENTED_EDGE('',*,*,#1908,.F.);
#5346 = ADVANCED_FACE('',(#5347),#1949,.F.);
#5347 = FACE_BOUND('',#5348,.F.);
#5348 = EDGE_LOOP('',(#5349,#5350,#5371,#5372));
#5349 = ORIENTED_EDGE('',*,*,#5276,.F.);
#5350 = ORIENTED_EDGE('',*,*,#5351,.F.);
#5351 = EDGE_CURVE('',#5303,#5254,#5352,.T.);
#5352 = SURFACE_CURVE('',#5353,(#5357,#5364),.PCURVE_S1.);
#5353 = LINE('',#5354,#5355);
#5354 = CARTESIAN_POINT('',(-13.165,-2.925,2.));
#5355 = VECTOR('',#5356,1.);
#5356 = DIRECTION('',(1.,0.,0.));
#5357 = PCURVE('',#1949,#5358);
#5358 = DEFINITIONAL_REPRESENTATION('',(#5359),#5363);
#5359 = LINE('',#5360,#5361);
#5360 = CARTESIAN_POINT('',(0.,0.));
#5361 = VECTOR('',#5362,1.);
#5362 = DIRECTION('',(0.,1.));
#5363 = ( GEOMETRIC_REPRESENTATION_CONTEXT(2) 
PARAMETRIC_REPRESENTATION_CONTEXT() REPRESENTATION_CONTEXT('2D SPACE',''
  ) );
#5364 = PCURVE('',#5215,#5365);
#5365 = DEFINITIONAL_REPRESENTATION('',(#5366),#5370);
#5366 = LINE('',#5367,#5368);
#5367 = CARTESIAN_POINT('',(0.,0.6));
#5368 = VECTOR('',#5369,1.);
#5369 = DIRECTION('',(1.,0.));
#5370 = ( GEOMETRIC_REPRESENTATION_CONTEXT(2) 
PARAMETRIC_REPRESENTATION_CONTEXT() REPRESENTATION_CONTEXT('2D SPACE',''
  ) );
#5371 = ORIENTED_EDGE('',*,*,#5325,.T.);
#5372 = ORIENTED_EDGE('',*,*,#1934,.F.);
#5373 = ADVANCED_FACE('',(#5374),#2003,.T.);
#5374 = FACE_BOUND('',#5375,.T.);
#5375 = EDGE_LOOP('',(#5376,#5399,#5427,#5448));
#5376 = ORIENTED_EDGE('',*,*,#5377,.F.);
#5377 = EDGE_CURVE('',#5378,#1987,#5380,.T.);
#5378 = VERTEX_POINT('',#5379);
#5379 = CARTESIAN_POINT('',(-12.565,-2.255,2.));
#5380 = SURFACE_CURVE('',#5381,(#5385,#5392),.PCURVE_S1.);
#5381 = LINE('',#5382,#5383);
#5382 = CARTESIAN_POINT('',(-12.565,-2.255,2.));
#5383 = VECTOR('',#5384,1.);
#5384 = DIRECTION('',(0.,0.,1.));
#5385 = PCURVE('',#2003,#5386);
#5386 = DEFINITIONAL_REPRESENTATION('',(#5387),#5391);
#5387 = LINE('',#5388,#5389);
#5388 = CARTESIAN_POINT('',(0.,0.6));
#5389 = VECTOR('',#5390,1.);
#5390 = DIRECTION('',(1.,0.));
#5391 = ( GEOMETRIC_REPRESENTATION_CONTEXT(2) 
PARAMETRIC_REPRESENTATION_CONTEXT() REPRESENTATION_CONTEXT('2D SPACE',''
  ) );
#5392 = PCURVE('',#2079,#5393);
#5393 = DEFINITIONAL_REPRESENTATION('',(#5394),#5398);
#5394 = LINE('',#5395,#5396);
#5395 = CARTESIAN_POINT('',(0.,0.));
#5396 = VECTOR('',#5397,1.);
#5397 = DIRECTION('',(1.,0.));
#5398 = ( GEOMETRIC_REPRESENTATION_CONTEXT(2) 
PARAMETRIC_REPRESENTATION_CONTEXT() REPRESENTATION_CONTEXT('2D SPACE',''
  ) );
#5399 = ORIENTED_EDGE('',*,*,#5400,.F.);
#5400 = EDGE_CURVE('',#5401,#5378,#5403,.T.);
#5401 = VERTEX_POINT('',#5402);
#5402 = CARTESIAN_POINT('',(-13.165,-2.255,2.));
#5403 = SURFACE_CURVE('',#5404,(#5408,#5415),.PCURVE_S1.);
#5404 = LINE('',#5405,#5406);
#5405 = CARTESIAN_POINT('',(-13.165,-2.255,2.));
#5406 = VECTOR('',#5407,1.);
#5407 = DIRECTION('',(1.,0.,0.));
#5408 = PCURVE('',#2003,#5409);
#5409 = DEFINITIONAL_REPRESENTATION('',(#5410),#5414);
#5410 = LINE('',#5411,#5412);
#5411 = CARTESIAN_POINT('',(0.,0.));
#5412 = VECTOR('',#5413,1.);
#5413 = DIRECTION('',(0.,1.));
#5414 = ( GEOMETRIC_REPRESENTATION_CONTEXT(2) 
PARAMETRIC_REPRESENTATION_CONTEXT() REPRESENTATION_CONTEXT('2D SPACE',''
  ) );
#5415 = PCURVE('',#5416,#5421);
#5416 = PLANE('',#5417);
#5417 = AXIS2_PLACEMENT_3D('',#5418,#5419,#5420);
#5418 = CARTESIAN_POINT('',(-13.165,-2.255,2.));
#5419 = DIRECTION('',(0.,0.,1.));
#5420 = DIRECTION('',(1.,0.,0.));
#5421 = DEFINITIONAL_REPRESENTATION('',(#5422),#5426);
#5422 = LINE('',#5423,#5424);
#5423 = CARTESIAN_POINT('',(0.,0.));
#5424 = VECTOR('',#5425,1.);
#5425 = DIRECTION('',(1.,0.));
#5426 = ( GEOMETRIC_REPRESENTATION_CONTEXT(2) 
PARAMETRIC_REPRESENTATION_CONTEXT() REPRESENTATION_CONTEXT('2D SPACE',''
  ) );
#5427 = ORIENTED_EDGE('',*,*,#5428,.T.);
#5428 = EDGE_CURVE('',#5401,#1989,#5429,.T.);
#5429 = SURFACE_CURVE('',#5430,(#5434,#5441),.PCURVE_S1.);
#5430 = LINE('',#5431,#5432);
#5431 = CARTESIAN_POINT('',(-13.165,-2.255,2.));
#5432 = VECTOR('',#5433,1.);
#5433 = DIRECTION('',(0.,0.,1.));
#5434 = PCURVE('',#2003,#5435);
#5435 = DEFINITIONAL_REPRESENTATION('',(#5436),#5440);
#5436 = LINE('',#5437,#5438);
#5437 = CARTESIAN_POINT('',(0.,0.));
#5438 = VECTOR('',#5439,1.);
#5439 = DIRECTION('',(1.,0.));
#5440 = ( GEOMETRIC_REPRESENTATION_CONTEXT(2) 
PARAMETRIC_REPRESENTATION_CONTEXT() REPRESENTATION_CONTEXT('2D SPACE',''
  ) );
#5441 = PCURVE('',#2029,#5442);
#5442 = DEFINITIONAL_REPRESENTATION('',(#5443),#5447);
#5443 = LINE('',#5444,#5445);
#5444 = CARTESIAN_POINT('',(0.,0.));
#5445 = VECTOR('',#5446,1.);
#5446 = DIRECTION('',(1.,0.));
#5447 = ( GEOMETRIC_REPRESENTATION_CONTEXT(2) 
PARAMETRIC_REPRESENTATION_CONTEXT() REPRESENTATION_CONTEXT('2D SPACE',''
  ) );
#5448 = ORIENTED_EDGE('',*,*,#1986,.F.);
#5449 = ADVANCED_FACE('',(#5450),#2079,.F.);
#5450 = FACE_BOUND('',#5451,.F.);
#5451 = EDGE_LOOP('',(#5452,#5453,#5476,#5497));
#5452 = ORIENTED_EDGE('',*,*,#5377,.F.);
#5453 = ORIENTED_EDGE('',*,*,#5454,.T.);
#5454 = EDGE_CURVE('',#5378,#5455,#5457,.T.);
#5455 = VERTEX_POINT('',#5456);
#5456 = CARTESIAN_POINT('',(-12.565,-1.655,2.));
#5457 = SURFACE_CURVE('',#5458,(#5462,#5469),.PCURVE_S1.);
#5458 = LINE('',#5459,#5460);
#5459 = CARTESIAN_POINT('',(-12.565,-2.255,2.));
#5460 = VECTOR('',#5461,1.);
#5461 = DIRECTION('',(0.,1.,0.));
#5462 = PCURVE('',#2079,#5463);
#5463 = DEFINITIONAL_REPRESENTATION('',(#5464),#5468);
#5464 = LINE('',#5465,#5466);
#5465 = CARTESIAN_POINT('',(0.,0.));
#5466 = VECTOR('',#5467,1.);
#5467 = DIRECTION('',(0.,-1.));
#5468 = ( GEOMETRIC_REPRESENTATION_CONTEXT(2) 
PARAMETRIC_REPRESENTATION_CONTEXT() REPRESENTATION_CONTEXT('2D SPACE',''
  ) );
#5469 = PCURVE('',#5416,#5470);
#5470 = DEFINITIONAL_REPRESENTATION('',(#5471),#5475);
#5471 = LINE('',#5472,#5473);
#5472 = CARTESIAN_POINT('',(0.6,0.));
#5473 = VECTOR('',#5474,1.);
#5474 = DIRECTION('',(0.,1.));
#5475 = ( GEOMETRIC_REPRESENTATION_CONTEXT(2) 
PARAMETRIC_REPRESENTATION_CONTEXT() REPRESENTATION_CONTEXT('2D SPACE',''
  ) );
#5476 = ORIENTED_EDGE('',*,*,#5477,.T.);
#5477 = EDGE_CURVE('',#5455,#2041,#5478,.T.);
#5478 = SURFACE_CURVE('',#5479,(#5483,#5490),.PCURVE_S1.);
#5479 = LINE('',#5480,#5481);
#5480 = CARTESIAN_POINT('',(-12.565,-1.655,2.));
#5481 = VECTOR('',#5482,1.);
#5482 = DIRECTION('',(0.,0.,1.));
#5483 = PCURVE('',#2079,#5484);
#5484 = DEFINITIONAL_REPRESENTATION('',(#5485),#5489);
#5485 = LINE('',#5486,#5487);
#5486 = CARTESIAN_POINT('',(0.,-0.6));
#5487 = VECTOR('',#5488,1.);
#5488 = DIRECTION('',(1.,0.));
#5489 = ( GEOMETRIC_REPRESENTATION_CONTEXT(2) 
PARAMETRIC_REPRESENTATION_CONTEXT() REPRESENTATION_CONTEXT('2D SPACE',''
  ) );
#5490 = PCURVE('',#2055,#5491);
#5491 = DEFINITIONAL_REPRESENTATION('',(#5492),#5496);
#5492 = LINE('',#5493,#5494);
#5493 = CARTESIAN_POINT('',(0.,0.6));
#5494 = VECTOR('',#5495,1.);
#5495 = DIRECTION('',(1.,0.));
#5496 = ( GEOMETRIC_REPRESENTATION_CONTEXT(2) 
PARAMETRIC_REPRESENTATION_CONTEXT() REPRESENTATION_CONTEXT('2D SPACE',''
  ) );
#5497 = ORIENTED_EDGE('',*,*,#2066,.F.);
#5498 = ADVANCED_FACE('',(#5499),#2029,.T.);
#5499 = FACE_BOUND('',#5500,.T.);
#5500 = EDGE_LOOP('',(#5501,#5502,#5525,#5546));
#5501 = ORIENTED_EDGE('',*,*,#5428,.F.);
#5502 = ORIENTED_EDGE('',*,*,#5503,.T.);
#5503 = EDGE_CURVE('',#5401,#5504,#5506,.T.);
#5504 = VERTEX_POINT('',#5505);
#5505 = CARTESIAN_POINT('',(-13.165,-1.655,2.));
#5506 = SURFACE_CURVE('',#5507,(#5511,#5518),.PCURVE_S1.);
#5507 = LINE('',#5508,#5509);
#5508 = CARTESIAN_POINT('',(-13.165,-2.255,2.));
#5509 = VECTOR('',#5510,1.);
#5510 = DIRECTION('',(0.,1.,0.));
#5511 = PCURVE('',#2029,#5512);
#5512 = DEFINITIONAL_REPRESENTATION('',(#5513),#5517);
#5513 = LINE('',#5514,#5515);
#5514 = CARTESIAN_POINT('',(0.,0.));
#5515 = VECTOR('',#5516,1.);
#5516 = DIRECTION('',(0.,-1.));
#5517 = ( GEOMETRIC_REPRESENTATION_CONTEXT(2) 
PARAMETRIC_REPRESENTATION_CONTEXT() REPRESENTATION_CONTEXT('2D SPACE',''
  ) );
#5518 = PCURVE('',#5416,#5519);
#5519 = DEFINITIONAL_REPRESENTATION('',(#5520),#5524);
#5520 = LINE('',#5521,#5522);
#5521 = CARTESIAN_POINT('',(0.,0.));
#5522 = VECTOR('',#5523,1.);
#5523 = DIRECTION('',(0.,1.));
#5524 = ( GEOMETRIC_REPRESENTATION_CONTEXT(2) 
PARAMETRIC_REPRESENTATION_CONTEXT() REPRESENTATION_CONTEXT('2D SPACE',''
  ) );
#5525 = ORIENTED_EDGE('',*,*,#5526,.T.);
#5526 = EDGE_CURVE('',#5504,#2015,#5527,.T.);
#5527 = SURFACE_CURVE('',#5528,(#5532,#5539),.PCURVE_S1.);
#5528 = LINE('',#5529,#5530);
#5529 = CARTESIAN_POINT('',(-13.165,-1.655,2.));
#5530 = VECTOR('',#5531,1.);
#5531 = DIRECTION('',(0.,0.,1.));
#5532 = PCURVE('',#2029,#5533);
#5533 = DEFINITIONAL_REPRESENTATION('',(#5534),#5538);
#5534 = LINE('',#5535,#5536);
#5535 = CARTESIAN_POINT('',(0.,-0.6));
#5536 = VECTOR('',#5537,1.);
#5537 = DIRECTION('',(1.,0.));
#5538 = ( GEOMETRIC_REPRESENTATION_CONTEXT(2) 
PARAMETRIC_REPRESENTATION_CONTEXT() REPRESENTATION_CONTEXT('2D SPACE',''
  ) );
#5539 = PCURVE('',#2055,#5540);
#5540 = DEFINITIONAL_REPRESENTATION('',(#5541),#5545);
#5541 = LINE('',#5542,#5543);
#5542 = CARTESIAN_POINT('',(0.,0.));
#5543 = VECTOR('',#5544,1.);
#5544 = DIRECTION('',(1.,0.));
#5545 = ( GEOMETRIC_REPRESENTATION_CONTEXT(2) 
PARAMETRIC_REPRESENTATION_CONTEXT() REPRESENTATION_CONTEXT('2D SPACE',''
  ) );
#5546 = ORIENTED_EDGE('',*,*,#2014,.F.);
#5547 = ADVANCED_FACE('',(#5548),#2055,.F.);
#5548 = FACE_BOUND('',#5549,.F.);
#5549 = EDGE_LOOP('',(#5550,#5551,#5572,#5573));
#5550 = ORIENTED_EDGE('',*,*,#5477,.F.);
#5551 = ORIENTED_EDGE('',*,*,#5552,.F.);
#5552 = EDGE_CURVE('',#5504,#5455,#5553,.T.);
#5553 = SURFACE_CURVE('',#5554,(#5558,#5565),.PCURVE_S1.);
#5554 = LINE('',#5555,#5556);
#5555 = CARTESIAN_POINT('',(-13.165,-1.655,2.));
#5556 = VECTOR('',#5557,1.);
#5557 = DIRECTION('',(1.,0.,0.));
#5558 = PCURVE('',#2055,#5559);
#5559 = DEFINITIONAL_REPRESENTATION('',(#5560),#5564);
#5560 = LINE('',#5561,#5562);
#5561 = CARTESIAN_POINT('',(0.,0.));
#5562 = VECTOR('',#5563,1.);
#5563 = DIRECTION('',(0.,1.));
#5564 = ( GEOMETRIC_REPRESENTATION_CONTEXT(2) 
PARAMETRIC_REPRESENTATION_CONTEXT() REPRESENTATION_CONTEXT('2D SPACE',''
  ) );
#5565 = PCURVE('',#5416,#5566);
#5566 = DEFINITIONAL_REPRESENTATION('',(#5567),#5571);
#5567 = LINE('',#5568,#5569);
#5568 = CARTESIAN_POINT('',(0.,0.6));
#5569 = VECTOR('',#5570,1.);
#5570 = DIRECTION('',(1.,0.));
#5571 = ( GEOMETRIC_REPRESENTATION_CONTEXT(2) 
PARAMETRIC_REPRESENTATION_CONTEXT() REPRESENTATION_CONTEXT('2D SPACE',''
  ) );
#5572 = ORIENTED_EDGE('',*,*,#5526,.T.);
#5573 = ORIENTED_EDGE('',*,*,#2040,.F.);
#5574 = ADVANCED_FACE('',(#5575),#2109,.T.);
#5575 = FACE_BOUND('',#5576,.T.);
#5576 = EDGE_LOOP('',(#5577,#5600,#5628,#5649));
#5577 = ORIENTED_EDGE('',*,*,#5578,.F.);
#5578 = EDGE_CURVE('',#5579,#2093,#5581,.T.);
#5579 = VERTEX_POINT('',#5580);
#5580 = CARTESIAN_POINT('',(-12.565,-0.985,2.));
#5581 = SURFACE_CURVE('',#5582,(#5586,#5593),.PCURVE_S1.);
#5582 = LINE('',#5583,#5584);
#5583 = CARTESIAN_POINT('',(-12.565,-0.985,2.));
#5584 = VECTOR('',#5585,1.);
#5585 = DIRECTION('',(0.,0.,1.));
#5586 = PCURVE('',#2109,#5587);
#5587 = DEFINITIONAL_REPRESENTATION('',(#5588),#5592);
#5588 = LINE('',#5589,#5590);
#5589 = CARTESIAN_POINT('',(0.,0.6));
#5590 = VECTOR('',#5591,1.);
#5591 = DIRECTION('',(1.,0.));
#5592 = ( GEOMETRIC_REPRESENTATION_CONTEXT(2) 
PARAMETRIC_REPRESENTATION_CONTEXT() REPRESENTATION_CONTEXT('2D SPACE',''
  ) );
#5593 = PCURVE('',#2185,#5594);
#5594 = DEFINITIONAL_REPRESENTATION('',(#5595),#5599);
#5595 = LINE('',#5596,#5597);
#5596 = CARTESIAN_POINT('',(0.,0.));
#5597 = VECTOR('',#5598,1.);
#5598 = DIRECTION('',(1.,0.));
#5599 = ( GEOMETRIC_REPRESENTATION_CONTEXT(2) 
PARAMETRIC_REPRESENTATION_CONTEXT() REPRESENTATION_CONTEXT('2D SPACE',''
  ) );
#5600 = ORIENTED_EDGE('',*,*,#5601,.F.);
#5601 = EDGE_CURVE('',#5602,#5579,#5604,.T.);
#5602 = VERTEX_POINT('',#5603);
#5603 = CARTESIAN_POINT('',(-13.165,-0.985,2.));
#5604 = SURFACE_CURVE('',#5605,(#5609,#5616),.PCURVE_S1.);
#5605 = LINE('',#5606,#5607);
#5606 = CARTESIAN_POINT('',(-13.165,-0.985,2.));
#5607 = VECTOR('',#5608,1.);
#5608 = DIRECTION('',(1.,0.,0.));
#5609 = PCURVE('',#2109,#5610);
#5610 = DEFINITIONAL_REPRESENTATION('',(#5611),#5615);
#5611 = LINE('',#5612,#5613);
#5612 = CARTESIAN_POINT('',(0.,0.));
#5613 = VECTOR('',#5614,1.);
#5614 = DIRECTION('',(0.,1.));
#5615 = ( GEOMETRIC_REPRESENTATION_CONTEXT(2) 
PARAMETRIC_REPRESENTATION_CONTEXT() REPRESENTATION_CONTEXT('2D SPACE',''
  ) );
#5616 = PCURVE('',#5617,#5622);
#5617 = PLANE('',#5618);
#5618 = AXIS2_PLACEMENT_3D('',#5619,#5620,#5621);
#5619 = CARTESIAN_POINT('',(-13.165,-0.985,2.));
#5620 = DIRECTION('',(0.,0.,1.));
#5621 = DIRECTION('',(1.,0.,0.));
#5622 = DEFINITIONAL_REPRESENTATION('',(#5623),#5627);
#5623 = LINE('',#5624,#5625);
#5624 = CARTESIAN_POINT('',(0.,0.));
#5625 = VECTOR('',#5626,1.);
#5626 = DIRECTION('',(1.,0.));
#5627 = ( GEOMETRIC_REPRESENTATION_CONTEXT(2) 
PARAMETRIC_REPRESENTATION_CONTEXT() REPRESENTATION_CONTEXT('2D SPACE',''
  ) );
#5628 = ORIENTED_EDGE('',*,*,#5629,.T.);
#5629 = EDGE_CURVE('',#5602,#2095,#5630,.T.);
#5630 = SURFACE_CURVE('',#5631,(#5635,#5642),.PCURVE_S1.);
#5631 = LINE('',#5632,#5633);
#5632 = CARTESIAN_POINT('',(-13.165,-0.985,2.));
#5633 = VECTOR('',#5634,1.);
#5634 = DIRECTION('',(0.,0.,1.));
#5635 = PCURVE('',#2109,#5636);
#5636 = DEFINITIONAL_REPRESENTATION('',(#5637),#5641);
#5637 = LINE('',#5638,#5639);
#5638 = CARTESIAN_POINT('',(0.,0.));
#5639 = VECTOR('',#5640,1.);
#5640 = DIRECTION('',(1.,0.));
#5641 = ( GEOMETRIC_REPRESENTATION_CONTEXT(2) 
PARAMETRIC_REPRESENTATION_CONTEXT() REPRESENTATION_CONTEXT('2D SPACE',''
  ) );
#5642 = PCURVE('',#2135,#5643);
#5643 = DEFINITIONAL_REPRESENTATION('',(#5644),#5648);
#5644 = LINE('',#5645,#5646);
#5645 = CARTESIAN_POINT('',(0.,0.));
#5646 = VECTOR('',#5647,1.);
#5647 = DIRECTION('',(1.,0.));
#5648 = ( GEOMETRIC_REPRESENTATION_CONTEXT(2) 
PARAMETRIC_REPRESENTATION_CONTEXT() REPRESENTATION_CONTEXT('2D SPACE',''
  ) );
#5649 = ORIENTED_EDGE('',*,*,#2092,.F.);
#5650 = ADVANCED_FACE('',(#5651),#2185,.F.);
#5651 = FACE_BOUND('',#5652,.F.);
#5652 = EDGE_LOOP('',(#5653,#5654,#5677,#5698));
#5653 = ORIENTED_EDGE('',*,*,#5578,.F.);
#5654 = ORIENTED_EDGE('',*,*,#5655,.T.);
#5655 = EDGE_CURVE('',#5579,#5656,#5658,.T.);
#5656 = VERTEX_POINT('',#5657);
#5657 = CARTESIAN_POINT('',(-12.565,-0.385,2.));
#5658 = SURFACE_CURVE('',#5659,(#5663,#5670),.PCURVE_S1.);
#5659 = LINE('',#5660,#5661);
#5660 = CARTESIAN_POINT('',(-12.565,-0.985,2.));
#5661 = VECTOR('',#5662,1.);
#5662 = DIRECTION('',(0.,1.,0.));
#5663 = PCURVE('',#2185,#5664);
#5664 = DEFINITIONAL_REPRESENTATION('',(#5665),#5669);
#5665 = LINE('',#5666,#5667);
#5666 = CARTESIAN_POINT('',(0.,0.));
#5667 = VECTOR('',#5668,1.);
#5668 = DIRECTION('',(0.,-1.));
#5669 = ( GEOMETRIC_REPRESENTATION_CONTEXT(2) 
PARAMETRIC_REPRESENTATION_CONTEXT() REPRESENTATION_CONTEXT('2D SPACE',''
  ) );
#5670 = PCURVE('',#5617,#5671);
#5671 = DEFINITIONAL_REPRESENTATION('',(#5672),#5676);
#5672 = LINE('',#5673,#5674);
#5673 = CARTESIAN_POINT('',(0.6,0.));
#5674 = VECTOR('',#5675,1.);
#5675 = DIRECTION('',(0.,1.));
#5676 = ( GEOMETRIC_REPRESENTATION_CONTEXT(2) 
PARAMETRIC_REPRESENTATION_CONTEXT() REPRESENTATION_CONTEXT('2D SPACE',''
  ) );
#5677 = ORIENTED_EDGE('',*,*,#5678,.T.);
#5678 = EDGE_CURVE('',#5656,#2147,#5679,.T.);
#5679 = SURFACE_CURVE('',#5680,(#5684,#5691),.PCURVE_S1.);
#5680 = LINE('',#5681,#5682);
#5681 = CARTESIAN_POINT('',(-12.565,-0.385,2.));
#5682 = VECTOR('',#5683,1.);
#5683 = DIRECTION('',(0.,0.,1.));
#5684 = PCURVE('',#2185,#5685);
#5685 = DEFINITIONAL_REPRESENTATION('',(#5686),#5690);
#5686 = LINE('',#5687,#5688);
#5687 = CARTESIAN_POINT('',(0.,-0.6));
#5688 = VECTOR('',#5689,1.);
#5689 = DIRECTION('',(1.,0.));
#5690 = ( GEOMETRIC_REPRESENTATION_CONTEXT(2) 
PARAMETRIC_REPRESENTATION_CONTEXT() REPRESENTATION_CONTEXT('2D SPACE',''
  ) );
#5691 = PCURVE('',#2161,#5692);
#5692 = DEFINITIONAL_REPRESENTATION('',(#5693),#5697);
#5693 = LINE('',#5694,#5695);
#5694 = CARTESIAN_POINT('',(0.,0.6));
#5695 = VECTOR('',#5696,1.);
#5696 = DIRECTION('',(1.,0.));
#5697 = ( GEOMETRIC_REPRESENTATION_CONTEXT(2) 
PARAMETRIC_REPRESENTATION_CONTEXT() REPRESENTATION_CONTEXT('2D SPACE',''
  ) );
#5698 = ORIENTED_EDGE('',*,*,#2172,.F.);
#5699 = ADVANCED_FACE('',(#5700),#2135,.T.);
#5700 = FACE_BOUND('',#5701,.T.);
#5701 = EDGE_LOOP('',(#5702,#5703,#5726,#5747));
#5702 = ORIENTED_EDGE('',*,*,#5629,.F.);
#5703 = ORIENTED_EDGE('',*,*,#5704,.T.);
#5704 = EDGE_CURVE('',#5602,#5705,#5707,.T.);
#5705 = VERTEX_POINT('',#5706);
#5706 = CARTESIAN_POINT('',(-13.165,-0.385,2.));
#5707 = SURFACE_CURVE('',#5708,(#5712,#5719),.PCURVE_S1.);
#5708 = LINE('',#5709,#5710);
#5709 = CARTESIAN_POINT('',(-13.165,-0.985,2.));
#5710 = VECTOR('',#5711,1.);
#5711 = DIRECTION('',(0.,1.,0.));
#5712 = PCURVE('',#2135,#5713);
#5713 = DEFINITIONAL_REPRESENTATION('',(#5714),#5718);
#5714 = LINE('',#5715,#5716);
#5715 = CARTESIAN_POINT('',(0.,0.));
#5716 = VECTOR('',#5717,1.);
#5717 = DIRECTION('',(0.,-1.));
#5718 = ( GEOMETRIC_REPRESENTATION_CONTEXT(2) 
PARAMETRIC_REPRESENTATION_CONTEXT() REPRESENTATION_CONTEXT('2D SPACE',''
  ) );
#5719 = PCURVE('',#5617,#5720);
#5720 = DEFINITIONAL_REPRESENTATION('',(#5721),#5725);
#5721 = LINE('',#5722,#5723);
#5722 = CARTESIAN_POINT('',(0.,0.));
#5723 = VECTOR('',#5724,1.);
#5724 = DIRECTION('',(0.,1.));
#5725 = ( GEOMETRIC_REPRESENTATION_CONTEXT(2) 
PARAMETRIC_REPRESENTATION_CONTEXT() REPRESENTATION_CONTEXT('2D SPACE',''
  ) );
#5726 = ORIENTED_EDGE('',*,*,#5727,.T.);
#5727 = EDGE_CURVE('',#5705,#2121,#5728,.T.);
#5728 = SURFACE_CURVE('',#5729,(#5733,#5740),.PCURVE_S1.);
#5729 = LINE('',#5730,#5731);
#5730 = CARTESIAN_POINT('',(-13.165,-0.385,2.));
#5731 = VECTOR('',#5732,1.);
#5732 = DIRECTION('',(0.,0.,1.));
#5733 = PCURVE('',#2135,#5734);
#5734 = DEFINITIONAL_REPRESENTATION('',(#5735),#5739);
#5735 = LINE('',#5736,#5737);
#5736 = CARTESIAN_POINT('',(0.,-0.6));
#5737 = VECTOR('',#5738,1.);
#5738 = DIRECTION('',(1.,0.));
#5739 = ( GEOMETRIC_REPRESENTATION_CONTEXT(2) 
PARAMETRIC_REPRESENTATION_CONTEXT() REPRESENTATION_CONTEXT('2D SPACE',''
  ) );
#5740 = PCURVE('',#2161,#5741);
#5741 = DEFINITIONAL_REPRESENTATION('',(#5742),#5746);
#5742 = LINE('',#5743,#5744);
#5743 = CARTESIAN_POINT('',(0.,0.));
#5744 = VECTOR('',#5745,1.);
#5745 = DIRECTION('',(1.,0.));
#5746 = ( GEOMETRIC_REPRESENTATION_CONTEXT(2) 
PARAMETRIC_REPRESENTATION_CONTEXT() REPRESENTATION_CONTEXT('2D SPACE',''
  ) );
#5747 = ORIENTED_EDGE('',*,*,#2120,.F.);
#5748 = ADVANCED_FACE('',(#5749),#2161,.F.);
#5749 = FACE_BOUND('',#5750,.F.);
#5750 = EDGE_LOOP('',(#5751,#5752,#5773,#5774));
#5751 = ORIENTED_EDGE('',*,*,#5678,.F.);
#5752 = ORIENTED_EDGE('',*,*,#5753,.F.);
#5753 = EDGE_CURVE('',#5705,#5656,#5754,.T.);
#5754 = SURFACE_CURVE('',#5755,(#5759,#5766),.PCURVE_S1.);
#5755 = LINE('',#5756,#5757);
#5756 = CARTESIAN_POINT('',(-13.165,-0.385,2.));
#5757 = VECTOR('',#5758,1.);
#5758 = DIRECTION('',(1.,0.,0.));
#5759 = PCURVE('',#2161,#5760);
#5760 = DEFINITIONAL_REPRESENTATION('',(#5761),#5765);
#5761 = LINE('',#5762,#5763);
#5762 = CARTESIAN_POINT('',(0.,0.));
#5763 = VECTOR('',#5764,1.);
#5764 = DIRECTION('',(0.,1.));
#5765 = ( GEOMETRIC_REPRESENTATION_CONTEXT(2) 
PARAMETRIC_REPRESENTATION_CONTEXT() REPRESENTATION_CONTEXT('2D SPACE',''
  ) );
#5766 = PCURVE('',#5617,#5767);
#5767 = DEFINITIONAL_REPRESENTATION('',(#5768),#5772);
#5768 = LINE('',#5769,#5770);
#5769 = CARTESIAN_POINT('',(0.,0.6));
#5770 = VECTOR('',#5771,1.);
#5771 = DIRECTION('',(1.,0.));
#5772 = ( GEOMETRIC_REPRESENTATION_CONTEXT(2) 
PARAMETRIC_REPRESENTATION_CONTEXT() REPRESENTATION_CONTEXT('2D SPACE',''
  ) );
#5773 = ORIENTED_EDGE('',*,*,#5727,.T.);
#5774 = ORIENTED_EDGE('',*,*,#2146,.F.);
#5775 = ADVANCED_FACE('',(#5776),#2215,.T.);
#5776 = FACE_BOUND('',#5777,.T.);
#5777 = EDGE_LOOP('',(#5778,#5801,#5829,#5850));
#5778 = ORIENTED_EDGE('',*,*,#5779,.F.);
#5779 = EDGE_CURVE('',#5780,#2199,#5782,.T.);
#5780 = VERTEX_POINT('',#5781);
#5781 = CARTESIAN_POINT('',(-13.835,0.285,2.));
#5782 = SURFACE_CURVE('',#5783,(#5787,#5794),.PCURVE_S1.);
#5783 = LINE('',#5784,#5785);
#5784 = CARTESIAN_POINT('',(-13.835,0.285,2.));
#5785 = VECTOR('',#5786,1.);
#5786 = DIRECTION('',(0.,0.,1.));
#5787 = PCURVE('',#2215,#5788);
#5788 = DEFINITIONAL_REPRESENTATION('',(#5789),#5793);
#5789 = LINE('',#5790,#5791);
#5790 = CARTESIAN_POINT('',(0.,0.6));
#5791 = VECTOR('',#5792,1.);
#5792 = DIRECTION('',(1.,0.));
#5793 = ( GEOMETRIC_REPRESENTATION_CONTEXT(2) 
PARAMETRIC_REPRESENTATION_CONTEXT() REPRESENTATION_CONTEXT('2D SPACE',''
  ) );
#5794 = PCURVE('',#2291,#5795);
#5795 = DEFINITIONAL_REPRESENTATION('',(#5796),#5800);
#5796 = LINE('',#5797,#5798);
#5797 = CARTESIAN_POINT('',(0.,0.));
#5798 = VECTOR('',#5799,1.);
#5799 = DIRECTION('',(1.,0.));
#5800 = ( GEOMETRIC_REPRESENTATION_CONTEXT(2) 
PARAMETRIC_REPRESENTATION_CONTEXT() REPRESENTATION_CONTEXT('2D SPACE',''
  ) );
#5801 = ORIENTED_EDGE('',*,*,#5802,.F.);
#5802 = EDGE_CURVE('',#5803,#5780,#5805,.T.);
#5803 = VERTEX_POINT('',#5804);
#5804 = CARTESIAN_POINT('',(-14.435,0.285,2.));
#5805 = SURFACE_CURVE('',#5806,(#5810,#5817),.PCURVE_S1.);
#5806 = LINE('',#5807,#5808);
#5807 = CARTESIAN_POINT('',(-14.435,0.285,2.));
#5808 = VECTOR('',#5809,1.);
#5809 = DIRECTION('',(1.,0.,0.));
#5810 = PCURVE('',#2215,#5811);
#5811 = DEFINITIONAL_REPRESENTATION('',(#5812),#5816);
#5812 = LINE('',#5813,#5814);
#5813 = CARTESIAN_POINT('',(0.,0.));
#5814 = VECTOR('',#5815,1.);
#5815 = DIRECTION('',(0.,1.));
#5816 = ( GEOMETRIC_REPRESENTATION_CONTEXT(2) 
PARAMETRIC_REPRESENTATION_CONTEXT() REPRESENTATION_CONTEXT('2D SPACE',''
  ) );
#5817 = PCURVE('',#5818,#5823);
#5818 = PLANE('',#5819);
#5819 = AXIS2_PLACEMENT_3D('',#5820,#5821,#5822);
#5820 = CARTESIAN_POINT('',(-14.435,0.285,2.));
#5821 = DIRECTION('',(0.,0.,1.));
#5822 = DIRECTION('',(1.,0.,0.));
#5823 = DEFINITIONAL_REPRESENTATION('',(#5824),#5828);
#5824 = LINE('',#5825,#5826);
#5825 = CARTESIAN_POINT('',(0.,0.));
#5826 = VECTOR('',#5827,1.);
#5827 = DIRECTION('',(1.,0.));
#5828 = ( GEOMETRIC_REPRESENTATION_CONTEXT(2) 
PARAMETRIC_REPRESENTATION_CONTEXT() REPRESENTATION_CONTEXT('2D SPACE',''
  ) );
#5829 = ORIENTED_EDGE('',*,*,#5830,.T.);
#5830 = EDGE_CURVE('',#5803,#2201,#5831,.T.);
#5831 = SURFACE_CURVE('',#5832,(#5836,#5843),.PCURVE_S1.);
#5832 = LINE('',#5833,#5834);
#5833 = CARTESIAN_POINT('',(-14.435,0.285,2.));
#5834 = VECTOR('',#5835,1.);
#5835 = DIRECTION('',(0.,0.,1.));
#5836 = PCURVE('',#2215,#5837);
#5837 = DEFINITIONAL_REPRESENTATION('',(#5838),#5842);
#5838 = LINE('',#5839,#5840);
#5839 = CARTESIAN_POINT('',(0.,0.));
#5840 = VECTOR('',#5841,1.);
#5841 = DIRECTION('',(1.,0.));
#5842 = ( GEOMETRIC_REPRESENTATION_CONTEXT(2) 
PARAMETRIC_REPRESENTATION_CONTEXT() REPRESENTATION_CONTEXT('2D SPACE',''
  ) );
#5843 = PCURVE('',#2241,#5844);
#5844 = DEFINITIONAL_REPRESENTATION('',(#5845),#5849);
#5845 = LINE('',#5846,#5847);
#5846 = CARTESIAN_POINT('',(0.,0.));
#5847 = VECTOR('',#5848,1.);
#5848 = DIRECTION('',(1.,0.));
#5849 = ( GEOMETRIC_REPRESENTATION_CONTEXT(2) 
PARAMETRIC_REPRESENTATION_CONTEXT() REPRESENTATION_CONTEXT('2D SPACE',''
  ) );
#5850 = ORIENTED_EDGE('',*,*,#2198,.F.);
#5851 = ADVANCED_FACE('',(#5852),#2291,.F.);
#5852 = FACE_BOUND('',#5853,.F.);
#5853 = EDGE_LOOP('',(#5854,#5855,#5878,#5899));
#5854 = ORIENTED_EDGE('',*,*,#5779,.F.);
#5855 = ORIENTED_EDGE('',*,*,#5856,.T.);
#5856 = EDGE_CURVE('',#5780,#5857,#5859,.T.);
#5857 = VERTEX_POINT('',#5858);
#5858 = CARTESIAN_POINT('',(-13.835,0.885,2.));
#5859 = SURFACE_CURVE('',#5860,(#5864,#5871),.PCURVE_S1.);
#5860 = LINE('',#5861,#5862);
#5861 = CARTESIAN_POINT('',(-13.835,0.285,2.));
#5862 = VECTOR('',#5863,1.);
#5863 = DIRECTION('',(0.,1.,0.));
#5864 = PCURVE('',#2291,#5865);
#5865 = DEFINITIONAL_REPRESENTATION('',(#5866),#5870);
#5866 = LINE('',#5867,#5868);
#5867 = CARTESIAN_POINT('',(0.,0.));
#5868 = VECTOR('',#5869,1.);
#5869 = DIRECTION('',(0.,-1.));
#5870 = ( GEOMETRIC_REPRESENTATION_CONTEXT(2) 
PARAMETRIC_REPRESENTATION_CONTEXT() REPRESENTATION_CONTEXT('2D SPACE',''
  ) );
#5871 = PCURVE('',#5818,#5872);
#5872 = DEFINITIONAL_REPRESENTATION('',(#5873),#5877);
#5873 = LINE('',#5874,#5875);
#5874 = CARTESIAN_POINT('',(0.6,0.));
#5875 = VECTOR('',#5876,1.);
#5876 = DIRECTION('',(0.,1.));
#5877 = ( GEOMETRIC_REPRESENTATION_CONTEXT(2) 
PARAMETRIC_REPRESENTATION_CONTEXT() REPRESENTATION_CONTEXT('2D SPACE',''
  ) );
#5878 = ORIENTED_EDGE('',*,*,#5879,.T.);
#5879 = EDGE_CURVE('',#5857,#2253,#5880,.T.);
#5880 = SURFACE_CURVE('',#5881,(#5885,#5892),.PCURVE_S1.);
#5881 = LINE('',#5882,#5883);
#5882 = CARTESIAN_POINT('',(-13.835,0.885,2.));
#5883 = VECTOR('',#5884,1.);
#5884 = DIRECTION('',(0.,0.,1.));
#5885 = PCURVE('',#2291,#5886);
#5886 = DEFINITIONAL_REPRESENTATION('',(#5887),#5891);
#5887 = LINE('',#5888,#5889);
#5888 = CARTESIAN_POINT('',(0.,-0.6));
#5889 = VECTOR('',#5890,1.);
#5890 = DIRECTION('',(1.,0.));
#5891 = ( GEOMETRIC_REPRESENTATION_CONTEXT(2) 
PARAMETRIC_REPRESENTATION_CONTEXT() REPRESENTATION_CONTEXT('2D SPACE',''
  ) );
#5892 = PCURVE('',#2267,#5893);
#5893 = DEFINITIONAL_REPRESENTATION('',(#5894),#5898);
#5894 = LINE('',#5895,#5896);
#5895 = CARTESIAN_POINT('',(0.,0.6));
#5896 = VECTOR('',#5897,1.);
#5897 = DIRECTION('',(1.,0.));
#5898 = ( GEOMETRIC_REPRESENTATION_CONTEXT(2) 
PARAMETRIC_REPRESENTATION_CONTEXT() REPRESENTATION_CONTEXT('2D SPACE',''
  ) );
#5899 = ORIENTED_EDGE('',*,*,#2278,.F.);
#5900 = ADVANCED_FACE('',(#5901),#2241,.T.);
#5901 = FACE_BOUND('',#5902,.T.);
#5902 = EDGE_LOOP('',(#5903,#5904,#5927,#5948));
#5903 = ORIENTED_EDGE('',*,*,#5830,.F.);
#5904 = ORIENTED_EDGE('',*,*,#5905,.T.);
#5905 = EDGE_CURVE('',#5803,#5906,#5908,.T.);
#5906 = VERTEX_POINT('',#5907);
#5907 = CARTESIAN_POINT('',(-14.435,0.885,2.));
#5908 = SURFACE_CURVE('',#5909,(#5913,#5920),.PCURVE_S1.);
#5909 = LINE('',#5910,#5911);
#5910 = CARTESIAN_POINT('',(-14.435,0.285,2.));
#5911 = VECTOR('',#5912,1.);
#5912 = DIRECTION('',(0.,1.,0.));
#5913 = PCURVE('',#2241,#5914);
#5914 = DEFINITIONAL_REPRESENTATION('',(#5915),#5919);
#5915 = LINE('',#5916,#5917);
#5916 = CARTESIAN_POINT('',(0.,0.));
#5917 = VECTOR('',#5918,1.);
#5918 = DIRECTION('',(0.,-1.));
#5919 = ( GEOMETRIC_REPRESENTATION_CONTEXT(2) 
PARAMETRIC_REPRESENTATION_CONTEXT() REPRESENTATION_CONTEXT('2D SPACE',''
  ) );
#5920 = PCURVE('',#5818,#5921);
#5921 = DEFINITIONAL_REPRESENTATION('',(#5922),#5926);
#5922 = LINE('',#5923,#5924);
#5923 = CARTESIAN_POINT('',(0.,0.));
#5924 = VECTOR('',#5925,1.);
#5925 = DIRECTION('',(0.,1.));
#5926 = ( GEOMETRIC_REPRESENTATION_CONTEXT(2) 
PARAMETRIC_REPRESENTATION_CONTEXT() REPRESENTATION_CONTEXT('2D SPACE',''
  ) );
#5927 = ORIENTED_EDGE('',*,*,#5928,.T.);
#5928 = EDGE_CURVE('',#5906,#2227,#5929,.T.);
#5929 = SURFACE_CURVE('',#5930,(#5934,#5941),.PCURVE_S1.);
#5930 = LINE('',#5931,#5932);
#5931 = CARTESIAN_POINT('',(-14.435,0.885,2.));
#5932 = VECTOR('',#5933,1.);
#5933 = DIRECTION('',(0.,0.,1.));
#5934 = PCURVE('',#2241,#5935);
#5935 = DEFINITIONAL_REPRESENTATION('',(#5936),#5940);
#5936 = LINE('',#5937,#5938);
#5937 = CARTESIAN_POINT('',(0.,-0.6));
#5938 = VECTOR('',#5939,1.);
#5939 = DIRECTION('',(1.,0.));
#5940 = ( GEOMETRIC_REPRESENTATION_CONTEXT(2) 
PARAMETRIC_REPRESENTATION_CONTEXT() REPRESENTATION_CONTEXT('2D SPACE',''
  ) );
#5941 = PCURVE('',#2267,#5942);
#5942 = DEFINITIONAL_REPRESENTATION('',(#5943),#5947);
#5943 = LINE('',#5944,#5945);
#5944 = CARTESIAN_POINT('',(0.,0.));
#5945 = VECTOR('',#5946,1.);
#5946 = DIRECTION('',(1.,0.));
#5947 = ( GEOMETRIC_REPRESENTATION_CONTEXT(2) 
PARAMETRIC_REPRESENTATION_CONTEXT() REPRESENTATION_CONTEXT('2D SPACE',''
  ) );
#5948 = ORIENTED_EDGE('',*,*,#2226,.F.);
#5949 = ADVANCED_FACE('',(#5950),#2267,.F.);
#5950 = FACE_BOUND('',#5951,.F.);
#5951 = EDGE_LOOP('',(#5952,#5953,#5974,#5975));
#5952 = ORIENTED_EDGE('',*,*,#5879,.F.);
#5953 = ORIENTED_EDGE('',*,*,#5954,.F.);
#5954 = EDGE_CURVE('',#5906,#5857,#5955,.T.);
#5955 = SURFACE_CURVE('',#5956,(#5960,#5967),.PCURVE_S1.);
#5956 = LINE('',#5957,#5958);
#5957 = CARTESIAN_POINT('',(-14.435,0.885,2.));
#5958 = VECTOR('',#5959,1.);
#5959 = DIRECTION('',(1.,0.,0.));
#5960 = PCURVE('',#2267,#5961);
#5961 = DEFINITIONAL_REPRESENTATION('',(#5962),#5966);
#5962 = LINE('',#5963,#5964);
#5963 = CARTESIAN_POINT('',(0.,0.));
#5964 = VECTOR('',#5965,1.);
#5965 = DIRECTION('',(0.,1.));
#5966 = ( GEOMETRIC_REPRESENTATION_CONTEXT(2) 
PARAMETRIC_REPRESENTATION_CONTEXT() REPRESENTATION_CONTEXT('2D SPACE',''
  ) );
#5967 = PCURVE('',#5818,#5968);
#5968 = DEFINITIONAL_REPRESENTATION('',(#5969),#5973);
#5969 = LINE('',#5970,#5971);
#5970 = CARTESIAN_POINT('',(0.,0.6));
#5971 = VECTOR('',#5972,1.);
#5972 = DIRECTION('',(1.,0.));
#5973 = ( GEOMETRIC_REPRESENTATION_CONTEXT(2) 
PARAMETRIC_REPRESENTATION_CONTEXT() REPRESENTATION_CONTEXT('2D SPACE',''
  ) );
#5974 = ORIENTED_EDGE('',*,*,#5928,.T.);
#5975 = ORIENTED_EDGE('',*,*,#2252,.F.);
#5976 = ADVANCED_FACE('',(#5977),#2321,.T.);
#5977 = FACE_BOUND('',#5978,.T.);
#5978 = EDGE_LOOP('',(#5979,#6002,#6030,#6051));
#5979 = ORIENTED_EDGE('',*,*,#5980,.F.);
#5980 = EDGE_CURVE('',#5981,#2305,#5983,.T.);
#5981 = VERTEX_POINT('',#5982);
#5982 = CARTESIAN_POINT('',(-13.835,1.555,2.));
#5983 = SURFACE_CURVE('',#5984,(#5988,#5995),.PCURVE_S1.);
#5984 = LINE('',#5985,#5986);
#5985 = CARTESIAN_POINT('',(-13.835,1.555,2.));
#5986 = VECTOR('',#5987,1.);
#5987 = DIRECTION('',(0.,0.,1.));
#5988 = PCURVE('',#2321,#5989);
#5989 = DEFINITIONAL_REPRESENTATION('',(#5990),#5994);
#5990 = LINE('',#5991,#5992);
#5991 = CARTESIAN_POINT('',(0.,0.6));
#5992 = VECTOR('',#5993,1.);
#5993 = DIRECTION('',(1.,0.));
#5994 = ( GEOMETRIC_REPRESENTATION_CONTEXT(2) 
PARAMETRIC_REPRESENTATION_CONTEXT() REPRESENTATION_CONTEXT('2D SPACE',''
  ) );
#5995 = PCURVE('',#2397,#5996);
#5996 = DEFINITIONAL_REPRESENTATION('',(#5997),#6001);
#5997 = LINE('',#5998,#5999);
#5998 = CARTESIAN_POINT('',(0.,0.));
#5999 = VECTOR('',#6000,1.);
#6000 = DIRECTION('',(1.,0.));
#6001 = ( GEOMETRIC_REPRESENTATION_CONTEXT(2) 
PARAMETRIC_REPRESENTATION_CONTEXT() REPRESENTATION_CONTEXT('2D SPACE',''
  ) );
#6002 = ORIENTED_EDGE('',*,*,#6003,.F.);
#6003 = EDGE_CURVE('',#6004,#5981,#6006,.T.);
#6004 = VERTEX_POINT('',#6005);
#6005 = CARTESIAN_POINT('',(-14.435,1.555,2.));
#6006 = SURFACE_CURVE('',#6007,(#6011,#6018),.PCURVE_S1.);
#6007 = LINE('',#6008,#6009);
#6008 = CARTESIAN_POINT('',(-14.435,1.555,2.));
#6009 = VECTOR('',#6010,1.);
#6010 = DIRECTION('',(1.,0.,0.));
#6011 = PCURVE('',#2321,#6012);
#6012 = DEFINITIONAL_REPRESENTATION('',(#6013),#6017);
#6013 = LINE('',#6014,#6015);
#6014 = CARTESIAN_POINT('',(0.,0.));
#6015 = VECTOR('',#6016,1.);
#6016 = DIRECTION('',(0.,1.));
#6017 = ( GEOMETRIC_REPRESENTATION_CONTEXT(2) 
PARAMETRIC_REPRESENTATION_CONTEXT() REPRESENTATION_CONTEXT('2D SPACE',''
  ) );
#6018 = PCURVE('',#6019,#6024);
#6019 = PLANE('',#6020);
#6020 = AXIS2_PLACEMENT_3D('',#6021,#6022,#6023);
#6021 = CARTESIAN_POINT('',(-14.435,1.555,2.));
#6022 = DIRECTION('',(0.,0.,1.));
#6023 = DIRECTION('',(1.,0.,0.));
#6024 = DEFINITIONAL_REPRESENTATION('',(#6025),#6029);
#6025 = LINE('',#6026,#6027);
#6026 = CARTESIAN_POINT('',(0.,0.));
#6027 = VECTOR('',#6028,1.);
#6028 = DIRECTION('',(1.,0.));
#6029 = ( GEOMETRIC_REPRESENTATION_CONTEXT(2) 
PARAMETRIC_REPRESENTATION_CONTEXT() REPRESENTATION_CONTEXT('2D SPACE',''
  ) );
#6030 = ORIENTED_EDGE('',*,*,#6031,.T.);
#6031 = EDGE_CURVE('',#6004,#2307,#6032,.T.);
#6032 = SURFACE_CURVE('',#6033,(#6037,#6044),.PCURVE_S1.);
#6033 = LINE('',#6034,#6035);
#6034 = CARTESIAN_POINT('',(-14.435,1.555,2.));
#6035 = VECTOR('',#6036,1.);
#6036 = DIRECTION('',(0.,0.,1.));
#6037 = PCURVE('',#2321,#6038);
#6038 = DEFINITIONAL_REPRESENTATION('',(#6039),#6043);
#6039 = LINE('',#6040,#6041);
#6040 = CARTESIAN_POINT('',(0.,0.));
#6041 = VECTOR('',#6042,1.);
#6042 = DIRECTION('',(1.,0.));
#6043 = ( GEOMETRIC_REPRESENTATION_CONTEXT(2) 
PARAMETRIC_REPRESENTATION_CONTEXT() REPRESENTATION_CONTEXT('2D SPACE',''
  ) );
#6044 = PCURVE('',#2347,#6045);
#6045 = DEFINITIONAL_REPRESENTATION('',(#6046),#6050);
#6046 = LINE('',#6047,#6048);
#6047 = CARTESIAN_POINT('',(0.,0.));
#6048 = VECTOR('',#6049,1.);
#6049 = DIRECTION('',(1.,0.));
#6050 = ( GEOMETRIC_REPRESENTATION_CONTEXT(2) 
PARAMETRIC_REPRESENTATION_CONTEXT() REPRESENTATION_CONTEXT('2D SPACE',''
  ) );
#6051 = ORIENTED_EDGE('',*,*,#2304,.F.);
#6052 = ADVANCED_FACE('',(#6053),#2397,.F.);
#6053 = FACE_BOUND('',#6054,.F.);
#6054 = EDGE_LOOP('',(#6055,#6056,#6079,#6100));
#6055 = ORIENTED_EDGE('',*,*,#5980,.F.);
#6056 = ORIENTED_EDGE('',*,*,#6057,.T.);
#6057 = EDGE_CURVE('',#5981,#6058,#6060,.T.);
#6058 = VERTEX_POINT('',#6059);
#6059 = CARTESIAN_POINT('',(-13.835,2.155,2.));
#6060 = SURFACE_CURVE('',#6061,(#6065,#6072),.PCURVE_S1.);
#6061 = LINE('',#6062,#6063);
#6062 = CARTESIAN_POINT('',(-13.835,1.555,2.));
#6063 = VECTOR('',#6064,1.);
#6064 = DIRECTION('',(0.,1.,0.));
#6065 = PCURVE('',#2397,#6066);
#6066 = DEFINITIONAL_REPRESENTATION('',(#6067),#6071);
#6067 = LINE('',#6068,#6069);
#6068 = CARTESIAN_POINT('',(0.,0.));
#6069 = VECTOR('',#6070,1.);
#6070 = DIRECTION('',(0.,-1.));
#6071 = ( GEOMETRIC_REPRESENTATION_CONTEXT(2) 
PARAMETRIC_REPRESENTATION_CONTEXT() REPRESENTATION_CONTEXT('2D SPACE',''
  ) );
#6072 = PCURVE('',#6019,#6073);
#6073 = DEFINITIONAL_REPRESENTATION('',(#6074),#6078);
#6074 = LINE('',#6075,#6076);
#6075 = CARTESIAN_POINT('',(0.6,0.));
#6076 = VECTOR('',#6077,1.);
#6077 = DIRECTION('',(0.,1.));
#6078 = ( GEOMETRIC_REPRESENTATION_CONTEXT(2) 
PARAMETRIC_REPRESENTATION_CONTEXT() REPRESENTATION_CONTEXT('2D SPACE',''
  ) );
#6079 = ORIENTED_EDGE('',*,*,#6080,.T.);
#6080 = EDGE_CURVE('',#6058,#2359,#6081,.T.);
#6081 = SURFACE_CURVE('',#6082,(#6086,#6093),.PCURVE_S1.);
#6082 = LINE('',#6083,#6084);
#6083 = CARTESIAN_POINT('',(-13.835,2.155,2.));
#6084 = VECTOR('',#6085,1.);
#6085 = DIRECTION('',(0.,0.,1.));
#6086 = PCURVE('',#2397,#6087);
#6087 = DEFINITIONAL_REPRESENTATION('',(#6088),#6092);
#6088 = LINE('',#6089,#6090);
#6089 = CARTESIAN_POINT('',(0.,-0.6));
#6090 = VECTOR('',#6091,1.);
#6091 = DIRECTION('',(1.,0.));
#6092 = ( GEOMETRIC_REPRESENTATION_CONTEXT(2) 
PARAMETRIC_REPRESENTATION_CONTEXT() REPRESENTATION_CONTEXT('2D SPACE',''
  ) );
#6093 = PCURVE('',#2373,#6094);
#6094 = DEFINITIONAL_REPRESENTATION('',(#6095),#6099);
#6095 = LINE('',#6096,#6097);
#6096 = CARTESIAN_POINT('',(0.,0.6));
#6097 = VECTOR('',#6098,1.);
#6098 = DIRECTION('',(1.,0.));
#6099 = ( GEOMETRIC_REPRESENTATION_CONTEXT(2) 
PARAMETRIC_REPRESENTATION_CONTEXT() REPRESENTATION_CONTEXT('2D SPACE',''
  ) );
#6100 = ORIENTED_EDGE('',*,*,#2384,.F.);
#6101 = ADVANCED_FACE('',(#6102),#2347,.T.);
#6102 = FACE_BOUND('',#6103,.T.);
#6103 = EDGE_LOOP('',(#6104,#6105,#6128,#6149));
#6104 = ORIENTED_EDGE('',*,*,#6031,.F.);
#6105 = ORIENTED_EDGE('',*,*,#6106,.T.);
#6106 = EDGE_CURVE('',#6004,#6107,#6109,.T.);
#6107 = VERTEX_POINT('',#6108);
#6108 = CARTESIAN_POINT('',(-14.435,2.155,2.));
#6109 = SURFACE_CURVE('',#6110,(#6114,#6121),.PCURVE_S1.);
#6110 = LINE('',#6111,#6112);
#6111 = CARTESIAN_POINT('',(-14.435,1.555,2.));
#6112 = VECTOR('',#6113,1.);
#6113 = DIRECTION('',(0.,1.,0.));
#6114 = PCURVE('',#2347,#6115);
#6115 = DEFINITIONAL_REPRESENTATION('',(#6116),#6120);
#6116 = LINE('',#6117,#6118);
#6117 = CARTESIAN_POINT('',(0.,0.));
#6118 = VECTOR('',#6119,1.);
#6119 = DIRECTION('',(0.,-1.));
#6120 = ( GEOMETRIC_REPRESENTATION_CONTEXT(2) 
PARAMETRIC_REPRESENTATION_CONTEXT() REPRESENTATION_CONTEXT('2D SPACE',''
  ) );
#6121 = PCURVE('',#6019,#6122);
#6122 = DEFINITIONAL_REPRESENTATION('',(#6123),#6127);
#6123 = LINE('',#6124,#6125);
#6124 = CARTESIAN_POINT('',(0.,0.));
#6125 = VECTOR('',#6126,1.);
#6126 = DIRECTION('',(0.,1.));
#6127 = ( GEOMETRIC_REPRESENTATION_CONTEXT(2) 
PARAMETRIC_REPRESENTATION_CONTEXT() REPRESENTATION_CONTEXT('2D SPACE',''
  ) );
#6128 = ORIENTED_EDGE('',*,*,#6129,.T.);
#6129 = EDGE_CURVE('',#6107,#2333,#6130,.T.);
#6130 = SURFACE_CURVE('',#6131,(#6135,#6142),.PCURVE_S1.);
#6131 = LINE('',#6132,#6133);
#6132 = CARTESIAN_POINT('',(-14.435,2.155,2.));
#6133 = VECTOR('',#6134,1.);
#6134 = DIRECTION('',(0.,0.,1.));
#6135 = PCURVE('',#2347,#6136);
#6136 = DEFINITIONAL_REPRESENTATION('',(#6137),#6141);
#6137 = LINE('',#6138,#6139);
#6138 = CARTESIAN_POINT('',(0.,-0.6));
#6139 = VECTOR('',#6140,1.);
#6140 = DIRECTION('',(1.,0.));
#6141 = ( GEOMETRIC_REPRESENTATION_CONTEXT(2) 
PARAMETRIC_REPRESENTATION_CONTEXT() REPRESENTATION_CONTEXT('2D SPACE',''
  ) );
#6142 = PCURVE('',#2373,#6143);
#6143 = DEFINITIONAL_REPRESENTATION('',(#6144),#6148);
#6144 = LINE('',#6145,#6146);
#6145 = CARTESIAN_POINT('',(0.,0.));
#6146 = VECTOR('',#6147,1.);
#6147 = DIRECTION('',(1.,0.));
#6148 = ( GEOMETRIC_REPRESENTATION_CONTEXT(2) 
PARAMETRIC_REPRESENTATION_CONTEXT() REPRESENTATION_CONTEXT('2D SPACE',''
  ) );
#6149 = ORIENTED_EDGE('',*,*,#2332,.F.);
#6150 = ADVANCED_FACE('',(#6151),#2373,.F.);
#6151 = FACE_BOUND('',#6152,.F.);
#6152 = EDGE_LOOP('',(#6153,#6154,#6175,#6176));
#6153 = ORIENTED_EDGE('',*,*,#6080,.F.);
#6154 = ORIENTED_EDGE('',*,*,#6155,.F.);
#6155 = EDGE_CURVE('',#6107,#6058,#6156,.T.);
#6156 = SURFACE_CURVE('',#6157,(#6161,#6168),.PCURVE_S1.);
#6157 = LINE('',#6158,#6159);
#6158 = CARTESIAN_POINT('',(-14.435,2.155,2.));
#6159 = VECTOR('',#6160,1.);
#6160 = DIRECTION('',(1.,0.,0.));
#6161 = PCURVE('',#2373,#6162);
#6162 = DEFINITIONAL_REPRESENTATION('',(#6163),#6167);
#6163 = LINE('',#6164,#6165);
#6164 = CARTESIAN_POINT('',(0.,0.));
#6165 = VECTOR('',#6166,1.);
#6166 = DIRECTION('',(0.,1.));
#6167 = ( GEOMETRIC_REPRESENTATION_CONTEXT(2) 
PARAMETRIC_REPRESENTATION_CONTEXT() REPRESENTATION_CONTEXT('2D SPACE',''
  ) );
#6168 = PCURVE('',#6019,#6169);
#6169 = DEFINITIONAL_REPRESENTATION('',(#6170),#6174);
#6170 = LINE('',#6171,#6172);
#6171 = CARTESIAN_POINT('',(0.,0.6));
#6172 = VECTOR('',#6173,1.);
#6173 = DIRECTION('',(1.,0.));
#6174 = ( GEOMETRIC_REPRESENTATION_CONTEXT(2) 
PARAMETRIC_REPRESENTATION_CONTEXT() REPRESENTATION_CONTEXT('2D SPACE',''
  ) );
#6175 = ORIENTED_EDGE('',*,*,#6129,.T.);
#6176 = ORIENTED_EDGE('',*,*,#2358,.F.);
#6177 = ADVANCED_FACE('',(#6178),#2427,.T.);
#6178 = FACE_BOUND('',#6179,.T.);
#6179 = EDGE_LOOP('',(#6180,#6203,#6231,#6252));
#6180 = ORIENTED_EDGE('',*,*,#6181,.F.);
#6181 = EDGE_CURVE('',#6182,#2411,#6184,.T.);
#6182 = VERTEX_POINT('',#6183);
#6183 = CARTESIAN_POINT('',(-13.835,2.825,2.));
#6184 = SURFACE_CURVE('',#6185,(#6189,#6196),.PCURVE_S1.);
#6185 = LINE('',#6186,#6187);
#6186 = CARTESIAN_POINT('',(-13.835,2.825,2.));
#6187 = VECTOR('',#6188,1.);
#6188 = DIRECTION('',(0.,0.,1.));
#6189 = PCURVE('',#2427,#6190);
#6190 = DEFINITIONAL_REPRESENTATION('',(#6191),#6195);
#6191 = LINE('',#6192,#6193);
#6192 = CARTESIAN_POINT('',(0.,0.6));
#6193 = VECTOR('',#6194,1.);
#6194 = DIRECTION('',(1.,0.));
#6195 = ( GEOMETRIC_REPRESENTATION_CONTEXT(2) 
PARAMETRIC_REPRESENTATION_CONTEXT() REPRESENTATION_CONTEXT('2D SPACE',''
  ) );
#6196 = PCURVE('',#2503,#6197);
#6197 = DEFINITIONAL_REPRESENTATION('',(#6198),#6202);
#6198 = LINE('',#6199,#6200);
#6199 = CARTESIAN_POINT('',(0.,0.));
#6200 = VECTOR('',#6201,1.);
#6201 = DIRECTION('',(1.,0.));
#6202 = ( GEOMETRIC_REPRESENTATION_CONTEXT(2) 
PARAMETRIC_REPRESENTATION_CONTEXT() REPRESENTATION_CONTEXT('2D SPACE',''
  ) );
#6203 = ORIENTED_EDGE('',*,*,#6204,.F.);
#6204 = EDGE_CURVE('',#6205,#6182,#6207,.T.);
#6205 = VERTEX_POINT('',#6206);
#6206 = CARTESIAN_POINT('',(-14.435,2.825,2.));
#6207 = SURFACE_CURVE('',#6208,(#6212,#6219),.PCURVE_S1.);
#6208 = LINE('',#6209,#6210);
#6209 = CARTESIAN_POINT('',(-14.435,2.825,2.));
#6210 = VECTOR('',#6211,1.);
#6211 = DIRECTION('',(1.,0.,0.));
#6212 = PCURVE('',#2427,#6213);
#6213 = DEFINITIONAL_REPRESENTATION('',(#6214),#6218);
#6214 = LINE('',#6215,#6216);
#6215 = CARTESIAN_POINT('',(0.,0.));
#6216 = VECTOR('',#6217,1.);
#6217 = DIRECTION('',(0.,1.));
#6218 = ( GEOMETRIC_REPRESENTATION_CONTEXT(2) 
PARAMETRIC_REPRESENTATION_CONTEXT() REPRESENTATION_CONTEXT('2D SPACE',''
  ) );
#6219 = PCURVE('',#6220,#6225);
#6220 = PLANE('',#6221);
#6221 = AXIS2_PLACEMENT_3D('',#6222,#6223,#6224);
#6222 = CARTESIAN_POINT('',(-14.435,2.825,2.));
#6223 = DIRECTION('',(0.,0.,1.));
#6224 = DIRECTION('',(1.,0.,0.));
#6225 = DEFINITIONAL_REPRESENTATION('',(#6226),#6230);
#6226 = LINE('',#6227,#6228);
#6227 = CARTESIAN_POINT('',(0.,0.));
#6228 = VECTOR('',#6229,1.);
#6229 = DIRECTION('',(1.,0.));
#6230 = ( GEOMETRIC_REPRESENTATION_CONTEXT(2) 
PARAMETRIC_REPRESENTATION_CONTEXT() REPRESENTATION_CONTEXT('2D SPACE',''
  ) );
#6231 = ORIENTED_EDGE('',*,*,#6232,.T.);
#6232 = EDGE_CURVE('',#6205,#2413,#6233,.T.);
#6233 = SURFACE_CURVE('',#6234,(#6238,#6245),.PCURVE_S1.);
#6234 = LINE('',#6235,#6236);
#6235 = CARTESIAN_POINT('',(-14.435,2.825,2.));
#6236 = VECTOR('',#6237,1.);
#6237 = DIRECTION('',(0.,0.,1.));
#6238 = PCURVE('',#2427,#6239);
#6239 = DEFINITIONAL_REPRESENTATION('',(#6240),#6244);
#6240 = LINE('',#6241,#6242);
#6241 = CARTESIAN_POINT('',(0.,0.));
#6242 = VECTOR('',#6243,1.);
#6243 = DIRECTION('',(1.,0.));
#6244 = ( GEOMETRIC_REPRESENTATION_CONTEXT(2) 
PARAMETRIC_REPRESENTATION_CONTEXT() REPRESENTATION_CONTEXT('2D SPACE',''
  ) );
#6245 = PCURVE('',#2453,#6246);
#6246 = DEFINITIONAL_REPRESENTATION('',(#6247),#6251);
#6247 = LINE('',#6248,#6249);
#6248 = CARTESIAN_POINT('',(0.,0.));
#6249 = VECTOR('',#6250,1.);
#6250 = DIRECTION('',(1.,0.));
#6251 = ( GEOMETRIC_REPRESENTATION_CONTEXT(2) 
PARAMETRIC_REPRESENTATION_CONTEXT() REPRESENTATION_CONTEXT('2D SPACE',''
  ) );
#6252 = ORIENTED_EDGE('',*,*,#2410,.F.);
#6253 = ADVANCED_FACE('',(#6254),#2503,.F.);
#6254 = FACE_BOUND('',#6255,.F.);
#6255 = EDGE_LOOP('',(#6256,#6257,#6280,#6301));
#6256 = ORIENTED_EDGE('',*,*,#6181,.F.);
#6257 = ORIENTED_EDGE('',*,*,#6258,.T.);
#6258 = EDGE_CURVE('',#6182,#6259,#6261,.T.);
#6259 = VERTEX_POINT('',#6260);
#6260 = CARTESIAN_POINT('',(-13.835,3.425,2.));
#6261 = SURFACE_CURVE('',#6262,(#6266,#6273),.PCURVE_S1.);
#6262 = LINE('',#6263,#6264);
#6263 = CARTESIAN_POINT('',(-13.835,2.825,2.));
#6264 = VECTOR('',#6265,1.);
#6265 = DIRECTION('',(0.,1.,0.));
#6266 = PCURVE('',#2503,#6267);
#6267 = DEFINITIONAL_REPRESENTATION('',(#6268),#6272);
#6268 = LINE('',#6269,#6270);
#6269 = CARTESIAN_POINT('',(0.,0.));
#6270 = VECTOR('',#6271,1.);
#6271 = DIRECTION('',(0.,-1.));
#6272 = ( GEOMETRIC_REPRESENTATION_CONTEXT(2) 
PARAMETRIC_REPRESENTATION_CONTEXT() REPRESENTATION_CONTEXT('2D SPACE',''
  ) );
#6273 = PCURVE('',#6220,#6274);
#6274 = DEFINITIONAL_REPRESENTATION('',(#6275),#6279);
#6275 = LINE('',#6276,#6277);
#6276 = CARTESIAN_POINT('',(0.6,0.));
#6277 = VECTOR('',#6278,1.);
#6278 = DIRECTION('',(0.,1.));
#6279 = ( GEOMETRIC_REPRESENTATION_CONTEXT(2) 
PARAMETRIC_REPRESENTATION_CONTEXT() REPRESENTATION_CONTEXT('2D SPACE',''
  ) );
#6280 = ORIENTED_EDGE('',*,*,#6281,.T.);
#6281 = EDGE_CURVE('',#6259,#2465,#6282,.T.);
#6282 = SURFACE_CURVE('',#6283,(#6287,#6294),.PCURVE_S1.);
#6283 = LINE('',#6284,#6285);
#6284 = CARTESIAN_POINT('',(-13.835,3.425,2.));
#6285 = VECTOR('',#6286,1.);
#6286 = DIRECTION('',(0.,0.,1.));
#6287 = PCURVE('',#2503,#6288);
#6288 = DEFINITIONAL_REPRESENTATION('',(#6289),#6293);
#6289 = LINE('',#6290,#6291);
#6290 = CARTESIAN_POINT('',(0.,-0.6));
#6291 = VECTOR('',#6292,1.);
#6292 = DIRECTION('',(1.,0.));
#6293 = ( GEOMETRIC_REPRESENTATION_CONTEXT(2) 
PARAMETRIC_REPRESENTATION_CONTEXT() REPRESENTATION_CONTEXT('2D SPACE',''
  ) );
#6294 = PCURVE('',#2479,#6295);
#6295 = DEFINITIONAL_REPRESENTATION('',(#6296),#6300);
#6296 = LINE('',#6297,#6298);
#6297 = CARTESIAN_POINT('',(0.,0.6));
#6298 = VECTOR('',#6299,1.);
#6299 = DIRECTION('',(1.,0.));
#6300 = ( GEOMETRIC_REPRESENTATION_CONTEXT(2) 
PARAMETRIC_REPRESENTATION_CONTEXT() REPRESENTATION_CONTEXT('2D SPACE',''
  ) );
#6301 = ORIENTED_EDGE('',*,*,#2490,.F.);
#6302 = ADVANCED_FACE('',(#6303),#2453,.T.);
#6303 = FACE_BOUND('',#6304,.T.);
#6304 = EDGE_LOOP('',(#6305,#6306,#6329,#6350));
#6305 = ORIENTED_EDGE('',*,*,#6232,.F.);
#6306 = ORIENTED_EDGE('',*,*,#6307,.T.);
#6307 = EDGE_CURVE('',#6205,#6308,#6310,.T.);
#6308 = VERTEX_POINT('',#6309);
#6309 = CARTESIAN_POINT('',(-14.435,3.425,2.));
#6310 = SURFACE_CURVE('',#6311,(#6315,#6322),.PCURVE_S1.);
#6311 = LINE('',#6312,#6313);
#6312 = CARTESIAN_POINT('',(-14.435,2.825,2.));
#6313 = VECTOR('',#6314,1.);
#6314 = DIRECTION('',(0.,1.,0.));
#6315 = PCURVE('',#2453,#6316);
#6316 = DEFINITIONAL_REPRESENTATION('',(#6317),#6321);
#6317 = LINE('',#6318,#6319);
#6318 = CARTESIAN_POINT('',(0.,0.));
#6319 = VECTOR('',#6320,1.);
#6320 = DIRECTION('',(0.,-1.));
#6321 = ( GEOMETRIC_REPRESENTATION_CONTEXT(2) 
PARAMETRIC_REPRESENTATION_CONTEXT() REPRESENTATION_CONTEXT('2D SPACE',''
  ) );
#6322 = PCURVE('',#6220,#6323);
#6323 = DEFINITIONAL_REPRESENTATION('',(#6324),#6328);
#6324 = LINE('',#6325,#6326);
#6325 = CARTESIAN_POINT('',(0.,0.));
#6326 = VECTOR('',#6327,1.);
#6327 = DIRECTION('',(0.,1.));
#6328 = ( GEOMETRIC_REPRESENTATION_CONTEXT(2) 
PARAMETRIC_REPRESENTATION_CONTEXT() REPRESENTATION_CONTEXT('2D SPACE',''
  ) );
#6329 = ORIENTED_EDGE('',*,*,#6330,.T.);
#6330 = EDGE_CURVE('',#6308,#2439,#6331,.T.);
#6331 = SURFACE_CURVE('',#6332,(#6336,#6343),.PCURVE_S1.);
#6332 = LINE('',#6333,#6334);
#6333 = CARTESIAN_POINT('',(-14.435,3.425,2.));
#6334 = VECTOR('',#6335,1.);
#6335 = DIRECTION('',(0.,0.,1.));
#6336 = PCURVE('',#2453,#6337);
#6337 = DEFINITIONAL_REPRESENTATION('',(#6338),#6342);
#6338 = LINE('',#6339,#6340);
#6339 = CARTESIAN_POINT('',(0.,-0.6));
#6340 = VECTOR('',#6341,1.);
#6341 = DIRECTION('',(1.,0.));
#6342 = ( GEOMETRIC_REPRESENTATION_CONTEXT(2) 
PARAMETRIC_REPRESENTATION_CONTEXT() REPRESENTATION_CONTEXT('2D SPACE',''
  ) );
#6343 = PCURVE('',#2479,#6344);
#6344 = DEFINITIONAL_REPRESENTATION('',(#6345),#6349);
#6345 = LINE('',#6346,#6347);
#6346 = CARTESIAN_POINT('',(0.,0.));
#6347 = VECTOR('',#6348,1.);
#6348 = DIRECTION('',(1.,0.));
#6349 = ( GEOMETRIC_REPRESENTATION_CONTEXT(2) 
PARAMETRIC_REPRESENTATION_CONTEXT() REPRESENTATION_CONTEXT('2D SPACE',''
  ) );
#6350 = ORIENTED_EDGE('',*,*,#2438,.F.);
#6351 = ADVANCED_FACE('',(#6352),#2479,.F.);
#6352 = FACE_BOUND('',#6353,.F.);
#6353 = EDGE_LOOP('',(#6354,#6355,#6376,#6377));
#6354 = ORIENTED_EDGE('',*,*,#6281,.F.);
#6355 = ORIENTED_EDGE('',*,*,#6356,.F.);
#6356 = EDGE_CURVE('',#6308,#6259,#6357,.T.);
#6357 = SURFACE_CURVE('',#6358,(#6362,#6369),.PCURVE_S1.);
#6358 = LINE('',#6359,#6360);
#6359 = CARTESIAN_POINT('',(-14.435,3.425,2.));
#6360 = VECTOR('',#6361,1.);
#6361 = DIRECTION('',(1.,0.,0.));
#6362 = PCURVE('',#2479,#6363);
#6363 = DEFINITIONAL_REPRESENTATION('',(#6364),#6368);
#6364 = LINE('',#6365,#6366);
#6365 = CARTESIAN_POINT('',(0.,0.));
#6366 = VECTOR('',#6367,1.);
#6367 = DIRECTION('',(0.,1.));
#6368 = ( GEOMETRIC_REPRESENTATION_CONTEXT(2) 
PARAMETRIC_REPRESENTATION_CONTEXT() REPRESENTATION_CONTEXT('2D SPACE',''
  ) );
#6369 = PCURVE('',#6220,#6370);
#6370 = DEFINITIONAL_REPRESENTATION('',(#6371),#6375);
#6371 = LINE('',#6372,#6373);
#6372 = CARTESIAN_POINT('',(0.,0.6));
#6373 = VECTOR('',#6374,1.);
#6374 = DIRECTION('',(1.,0.));
#6375 = ( GEOMETRIC_REPRESENTATION_CONTEXT(2) 
PARAMETRIC_REPRESENTATION_CONTEXT() REPRESENTATION_CONTEXT('2D SPACE',''
  ) );
#6376 = ORIENTED_EDGE('',*,*,#6330,.T.);
#6377 = ORIENTED_EDGE('',*,*,#2464,.F.);
#6378 = ADVANCED_FACE('',(#6379),#2533,.T.);
#6379 = FACE_BOUND('',#6380,.T.);
#6380 = EDGE_LOOP('',(#6381,#6404,#6432,#6453));
#6381 = ORIENTED_EDGE('',*,*,#6382,.F.);
#6382 = EDGE_CURVE('',#6383,#2517,#6385,.T.);
#6383 = VERTEX_POINT('',#6384);
#6384 = CARTESIAN_POINT('',(-13.835,4.095,2.));
#6385 = SURFACE_CURVE('',#6386,(#6390,#6397),.PCURVE_S1.);
#6386 = LINE('',#6387,#6388);
#6387 = CARTESIAN_POINT('',(-13.835,4.095,2.));
#6388 = VECTOR('',#6389,1.);
#6389 = DIRECTION('',(0.,0.,1.));
#6390 = PCURVE('',#2533,#6391);
#6391 = DEFINITIONAL_REPRESENTATION('',(#6392),#6396);
#6392 = LINE('',#6393,#6394);
#6393 = CARTESIAN_POINT('',(0.,0.6));
#6394 = VECTOR('',#6395,1.);
#6395 = DIRECTION('',(1.,0.));
#6396 = ( GEOMETRIC_REPRESENTATION_CONTEXT(2) 
PARAMETRIC_REPRESENTATION_CONTEXT() REPRESENTATION_CONTEXT('2D SPACE',''
  ) );
#6397 = PCURVE('',#2609,#6398);
#6398 = DEFINITIONAL_REPRESENTATION('',(#6399),#6403);
#6399 = LINE('',#6400,#6401);
#6400 = CARTESIAN_POINT('',(0.,0.));
#6401 = VECTOR('',#6402,1.);
#6402 = DIRECTION('',(1.,0.));
#6403 = ( GEOMETRIC_REPRESENTATION_CONTEXT(2) 
PARAMETRIC_REPRESENTATION_CONTEXT() REPRESENTATION_CONTEXT('2D SPACE',''
  ) );
#6404 = ORIENTED_EDGE('',*,*,#6405,.F.);
#6405 = EDGE_CURVE('',#6406,#6383,#6408,.T.);
#6406 = VERTEX_POINT('',#6407);
#6407 = CARTESIAN_POINT('',(-14.435,4.095,2.));
#6408 = SURFACE_CURVE('',#6409,(#6413,#6420),.PCURVE_S1.);
#6409 = LINE('',#6410,#6411);
#6410 = CARTESIAN_POINT('',(-14.435,4.095,2.));
#6411 = VECTOR('',#6412,1.);
#6412 = DIRECTION('',(1.,0.,0.));
#6413 = PCURVE('',#2533,#6414);
#6414 = DEFINITIONAL_REPRESENTATION('',(#6415),#6419);
#6415 = LINE('',#6416,#6417);
#6416 = CARTESIAN_POINT('',(0.,0.));
#6417 = VECTOR('',#6418,1.);
#6418 = DIRECTION('',(0.,1.));
#6419 = ( GEOMETRIC_REPRESENTATION_CONTEXT(2) 
PARAMETRIC_REPRESENTATION_CONTEXT() REPRESENTATION_CONTEXT('2D SPACE',''
  ) );
#6420 = PCURVE('',#6421,#6426);
#6421 = PLANE('',#6422);
#6422 = AXIS2_PLACEMENT_3D('',#6423,#6424,#6425);
#6423 = CARTESIAN_POINT('',(-14.435,4.095,2.));
#6424 = DIRECTION('',(0.,0.,1.));
#6425 = DIRECTION('',(1.,0.,0.));
#6426 = DEFINITIONAL_REPRESENTATION('',(#6427),#6431);
#6427 = LINE('',#6428,#6429);
#6428 = CARTESIAN_POINT('',(0.,0.));
#6429 = VECTOR('',#6430,1.);
#6430 = DIRECTION('',(1.,0.));
#6431 = ( GEOMETRIC_REPRESENTATION_CONTEXT(2) 
PARAMETRIC_REPRESENTATION_CONTEXT() REPRESENTATION_CONTEXT('2D SPACE',''
  ) );
#6432 = ORIENTED_EDGE('',*,*,#6433,.T.);
#6433 = EDGE_CURVE('',#6406,#2519,#6434,.T.);
#6434 = SURFACE_CURVE('',#6435,(#6439,#6446),.PCURVE_S1.);
#6435 = LINE('',#6436,#6437);
#6436 = CARTESIAN_POINT('',(-14.435,4.095,2.));
#6437 = VECTOR('',#6438,1.);
#6438 = DIRECTION('',(0.,0.,1.));
#6439 = PCURVE('',#2533,#6440);
#6440 = DEFINITIONAL_REPRESENTATION('',(#6441),#6445);
#6441 = LINE('',#6442,#6443);
#6442 = CARTESIAN_POINT('',(0.,0.));
#6443 = VECTOR('',#6444,1.);
#6444 = DIRECTION('',(1.,0.));
#6445 = ( GEOMETRIC_REPRESENTATION_CONTEXT(2) 
PARAMETRIC_REPRESENTATION_CONTEXT() REPRESENTATION_CONTEXT('2D SPACE',''
  ) );
#6446 = PCURVE('',#2559,#6447);
#6447 = DEFINITIONAL_REPRESENTATION('',(#6448),#6452);
#6448 = LINE('',#6449,#6450);
#6449 = CARTESIAN_POINT('',(0.,0.));
#6450 = VECTOR('',#6451,1.);
#6451 = DIRECTION('',(1.,0.));
#6452 = ( GEOMETRIC_REPRESENTATION_CONTEXT(2) 
PARAMETRIC_REPRESENTATION_CONTEXT() REPRESENTATION_CONTEXT('2D SPACE',''
  ) );
#6453 = ORIENTED_EDGE('',*,*,#2516,.F.);
#6454 = ADVANCED_FACE('',(#6455),#2609,.F.);
#6455 = FACE_BOUND('',#6456,.F.);
#6456 = EDGE_LOOP('',(#6457,#6458,#6481,#6502));
#6457 = ORIENTED_EDGE('',*,*,#6382,.F.);
#6458 = ORIENTED_EDGE('',*,*,#6459,.T.);
#6459 = EDGE_CURVE('',#6383,#6460,#6462,.T.);
#6460 = VERTEX_POINT('',#6461);
#6461 = CARTESIAN_POINT('',(-13.835,4.695,2.));
#6462 = SURFACE_CURVE('',#6463,(#6467,#6474),.PCURVE_S1.);
#6463 = LINE('',#6464,#6465);
#6464 = CARTESIAN_POINT('',(-13.835,4.095,2.));
#6465 = VECTOR('',#6466,1.);
#6466 = DIRECTION('',(0.,1.,0.));
#6467 = PCURVE('',#2609,#6468);
#6468 = DEFINITIONAL_REPRESENTATION('',(#6469),#6473);
#6469 = LINE('',#6470,#6471);
#6470 = CARTESIAN_POINT('',(0.,0.));
#6471 = VECTOR('',#6472,1.);
#6472 = DIRECTION('',(0.,-1.));
#6473 = ( GEOMETRIC_REPRESENTATION_CONTEXT(2) 
PARAMETRIC_REPRESENTATION_CONTEXT() REPRESENTATION_CONTEXT('2D SPACE',''
  ) );
#6474 = PCURVE('',#6421,#6475);
#6475 = DEFINITIONAL_REPRESENTATION('',(#6476),#6480);
#6476 = LINE('',#6477,#6478);
#6477 = CARTESIAN_POINT('',(0.6,0.));
#6478 = VECTOR('',#6479,1.);
#6479 = DIRECTION('',(0.,1.));
#6480 = ( GEOMETRIC_REPRESENTATION_CONTEXT(2) 
PARAMETRIC_REPRESENTATION_CONTEXT() REPRESENTATION_CONTEXT('2D SPACE',''
  ) );
#6481 = ORIENTED_EDGE('',*,*,#6482,.T.);
#6482 = EDGE_CURVE('',#6460,#2571,#6483,.T.);
#6483 = SURFACE_CURVE('',#6484,(#6488,#6495),.PCURVE_S1.);
#6484 = LINE('',#6485,#6486);
#6485 = CARTESIAN_POINT('',(-13.835,4.695,2.));
#6486 = VECTOR('',#6487,1.);
#6487 = DIRECTION('',(0.,0.,1.));
#6488 = PCURVE('',#2609,#6489);
#6489 = DEFINITIONAL_REPRESENTATION('',(#6490),#6494);
#6490 = LINE('',#6491,#6492);
#6491 = CARTESIAN_POINT('',(0.,-0.6));
#6492 = VECTOR('',#6493,1.);
#6493 = DIRECTION('',(1.,0.));
#6494 = ( GEOMETRIC_REPRESENTATION_CONTEXT(2) 
PARAMETRIC_REPRESENTATION_CONTEXT() REPRESENTATION_CONTEXT('2D SPACE',''
  ) );
#6495 = PCURVE('',#2585,#6496);
#6496 = DEFINITIONAL_REPRESENTATION('',(#6497),#6501);
#6497 = LINE('',#6498,#6499);
#6498 = CARTESIAN_POINT('',(0.,0.6));
#6499 = VECTOR('',#6500,1.);
#6500 = DIRECTION('',(1.,0.));
#6501 = ( GEOMETRIC_REPRESENTATION_CONTEXT(2) 
PARAMETRIC_REPRESENTATION_CONTEXT() REPRESENTATION_CONTEXT('2D SPACE',''
  ) );
#6502 = ORIENTED_EDGE('',*,*,#2596,.F.);
#6503 = ADVANCED_FACE('',(#6504),#2559,.T.);
#6504 = FACE_BOUND('',#6505,.T.);
#6505 = EDGE_LOOP('',(#6506,#6507,#6530,#6551));
#6506 = ORIENTED_EDGE('',*,*,#6433,.F.);
#6507 = ORIENTED_EDGE('',*,*,#6508,.T.);
#6508 = EDGE_CURVE('',#6406,#6509,#6511,.T.);
#6509 = VERTEX_POINT('',#6510);
#6510 = CARTESIAN_POINT('',(-14.435,4.695,2.));
#6511 = SURFACE_CURVE('',#6512,(#6516,#6523),.PCURVE_S1.);
#6512 = LINE('',#6513,#6514);
#6513 = CARTESIAN_POINT('',(-14.435,4.095,2.));
#6514 = VECTOR('',#6515,1.);
#6515 = DIRECTION('',(0.,1.,0.));
#6516 = PCURVE('',#2559,#6517);
#6517 = DEFINITIONAL_REPRESENTATION('',(#6518),#6522);
#6518 = LINE('',#6519,#6520);
#6519 = CARTESIAN_POINT('',(0.,0.));
#6520 = VECTOR('',#6521,1.);
#6521 = DIRECTION('',(0.,-1.));
#6522 = ( GEOMETRIC_REPRESENTATION_CONTEXT(2) 
PARAMETRIC_REPRESENTATION_CONTEXT() REPRESENTATION_CONTEXT('2D SPACE',''
  ) );
#6523 = PCURVE('',#6421,#6524);
#6524 = DEFINITIONAL_REPRESENTATION('',(#6525),#6529);
#6525 = LINE('',#6526,#6527);
#6526 = CARTESIAN_POINT('',(0.,0.));
#6527 = VECTOR('',#6528,1.);
#6528 = DIRECTION('',(0.,1.));
#6529 = ( GEOMETRIC_REPRESENTATION_CONTEXT(2) 
PARAMETRIC_REPRESENTATION_CONTEXT() REPRESENTATION_CONTEXT('2D SPACE',''
  ) );
#6530 = ORIENTED_EDGE('',*,*,#6531,.T.);
#6531 = EDGE_CURVE('',#6509,#2545,#6532,.T.);
#6532 = SURFACE_CURVE('',#6533,(#6537,#6544),.PCURVE_S1.);
#6533 = LINE('',#6534,#6535);
#6534 = CARTESIAN_POINT('',(-14.435,4.695,2.));
#6535 = VECTOR('',#6536,1.);
#6536 = DIRECTION('',(0.,0.,1.));
#6537 = PCURVE('',#2559,#6538);
#6538 = DEFINITIONAL_REPRESENTATION('',(#6539),#6543);
#6539 = LINE('',#6540,#6541);
#6540 = CARTESIAN_POINT('',(0.,-0.6));
#6541 = VECTOR('',#6542,1.);
#6542 = DIRECTION('',(1.,0.));
#6543 = ( GEOMETRIC_REPRESENTATION_CONTEXT(2) 
PARAMETRIC_REPRESENTATION_CONTEXT() REPRESENTATION_CONTEXT('2D SPACE',''
  ) );
#6544 = PCURVE('',#2585,#6545);
#6545 = DEFINITIONAL_REPRESENTATION('',(#6546),#6550);
#6546 = LINE('',#6547,#6548);
#6547 = CARTESIAN_POINT('',(0.,0.));
#6548 = VECTOR('',#6549,1.);
#6549 = DIRECTION('',(1.,0.));
#6550 = ( GEOMETRIC_REPRESENTATION_CONTEXT(2) 
PARAMETRIC_REPRESENTATION_CONTEXT() REPRESENTATION_CONTEXT('2D SPACE',''
  ) );
#6551 = ORIENTED_EDGE('',*,*,#2544,.F.);
#6552 = ADVANCED_FACE('',(#6553),#2585,.F.);
#6553 = FACE_BOUND('',#6554,.F.);
#6554 = EDGE_LOOP('',(#6555,#6556,#6577,#6578));
#6555 = ORIENTED_EDGE('',*,*,#6482,.F.);
#6556 = ORIENTED_EDGE('',*,*,#6557,.F.);
#6557 = EDGE_CURVE('',#6509,#6460,#6558,.T.);
#6558 = SURFACE_CURVE('',#6559,(#6563,#6570),.PCURVE_S1.);
#6559 = LINE('',#6560,#6561);
#6560 = CARTESIAN_POINT('',(-14.435,4.695,2.));
#6561 = VECTOR('',#6562,1.);
#6562 = DIRECTION('',(1.,0.,0.));
#6563 = PCURVE('',#2585,#6564);
#6564 = DEFINITIONAL_REPRESENTATION('',(#6565),#6569);
#6565 = LINE('',#6566,#6567);
#6566 = CARTESIAN_POINT('',(0.,0.));
#6567 = VECTOR('',#6568,1.);
#6568 = DIRECTION('',(0.,1.));
#6569 = ( GEOMETRIC_REPRESENTATION_CONTEXT(2) 
PARAMETRIC_REPRESENTATION_CONTEXT() REPRESENTATION_CONTEXT('2D SPACE',''
  ) );
#6570 = PCURVE('',#6421,#6571);
#6571 = DEFINITIONAL_REPRESENTATION('',(#6572),#6576);
#6572 = LINE('',#6573,#6574);
#6573 = CARTESIAN_POINT('',(0.,0.6));
#6574 = VECTOR('',#6575,1.);
#6575 = DIRECTION('',(1.,0.));
#6576 = ( GEOMETRIC_REPRESENTATION_CONTEXT(2) 
PARAMETRIC_REPRESENTATION_CONTEXT() REPRESENTATION_CONTEXT('2D SPACE',''
  ) );
#6577 = ORIENTED_EDGE('',*,*,#6531,.T.);
#6578 = ORIENTED_EDGE('',*,*,#2570,.F.);
#6579 = ADVANCED_FACE('',(#6580),#2639,.T.);
#6580 = FACE_BOUND('',#6581,.T.);
#6581 = EDGE_LOOP('',(#6582,#6605,#6633,#6654));
#6582 = ORIENTED_EDGE('',*,*,#6583,.F.);
#6583 = EDGE_CURVE('',#6584,#2623,#6586,.T.);
#6584 = VERTEX_POINT('',#6585);
#6585 = CARTESIAN_POINT('',(-13.835,5.365,2.));
#6586 = SURFACE_CURVE('',#6587,(#6591,#6598),.PCURVE_S1.);
#6587 = LINE('',#6588,#6589);
#6588 = CARTESIAN_POINT('',(-13.835,5.365,2.));
#6589 = VECTOR('',#6590,1.);
#6590 = DIRECTION('',(0.,0.,1.));
#6591 = PCURVE('',#2639,#6592);
#6592 = DEFINITIONAL_REPRESENTATION('',(#6593),#6597);
#6593 = LINE('',#6594,#6595);
#6594 = CARTESIAN_POINT('',(0.,0.6));
#6595 = VECTOR('',#6596,1.);
#6596 = DIRECTION('',(1.,0.));
#6597 = ( GEOMETRIC_REPRESENTATION_CONTEXT(2) 
PARAMETRIC_REPRESENTATION_CONTEXT() REPRESENTATION_CONTEXT('2D SPACE',''
  ) );
#6598 = PCURVE('',#2715,#6599);
#6599 = DEFINITIONAL_REPRESENTATION('',(#6600),#6604);
#6600 = LINE('',#6601,#6602);
#6601 = CARTESIAN_POINT('',(0.,0.));
#6602 = VECTOR('',#6603,1.);
#6603 = DIRECTION('',(1.,0.));
#6604 = ( GEOMETRIC_REPRESENTATION_CONTEXT(2) 
PARAMETRIC_REPRESENTATION_CONTEXT() REPRESENTATION_CONTEXT('2D SPACE',''
  ) );
#6605 = ORIENTED_EDGE('',*,*,#6606,.F.);
#6606 = EDGE_CURVE('',#6607,#6584,#6609,.T.);
#6607 = VERTEX_POINT('',#6608);
#6608 = CARTESIAN_POINT('',(-14.435,5.365,2.));
#6609 = SURFACE_CURVE('',#6610,(#6614,#6621),.PCURVE_S1.);
#6610 = LINE('',#6611,#6612);
#6611 = CARTESIAN_POINT('',(-14.435,5.365,2.));
#6612 = VECTOR('',#6613,1.);
#6613 = DIRECTION('',(1.,0.,0.));
#6614 = PCURVE('',#2639,#6615);
#6615 = DEFINITIONAL_REPRESENTATION('',(#6616),#6620);
#6616 = LINE('',#6617,#6618);
#6617 = CARTESIAN_POINT('',(0.,0.));
#6618 = VECTOR('',#6619,1.);
#6619 = DIRECTION('',(0.,1.));
#6620 = ( GEOMETRIC_REPRESENTATION_CONTEXT(2) 
PARAMETRIC_REPRESENTATION_CONTEXT() REPRESENTATION_CONTEXT('2D SPACE',''
  ) );
#6621 = PCURVE('',#6622,#6627);
#6622 = PLANE('',#6623);
#6623 = AXIS2_PLACEMENT_3D('',#6624,#6625,#6626);
#6624 = CARTESIAN_POINT('',(-14.435,5.365,2.));
#6625 = DIRECTION('',(0.,0.,1.));
#6626 = DIRECTION('',(1.,0.,0.));
#6627 = DEFINITIONAL_REPRESENTATION('',(#6628),#6632);
#6628 = LINE('',#6629,#6630);
#6629 = CARTESIAN_POINT('',(0.,0.));
#6630 = VECTOR('',#6631,1.);
#6631 = DIRECTION('',(1.,0.));
#6632 = ( GEOMETRIC_REPRESENTATION_CONTEXT(2) 
PARAMETRIC_REPRESENTATION_CONTEXT() REPRESENTATION_CONTEXT('2D SPACE',''
  ) );
#6633 = ORIENTED_EDGE('',*,*,#6634,.T.);
#6634 = EDGE_CURVE('',#6607,#2625,#6635,.T.);
#6635 = SURFACE_CURVE('',#6636,(#6640,#6647),.PCURVE_S1.);
#6636 = LINE('',#6637,#6638);
#6637 = CARTESIAN_POINT('',(-14.435,5.365,2.));
#6638 = VECTOR('',#6639,1.);
#6639 = DIRECTION('',(0.,0.,1.));
#6640 = PCURVE('',#2639,#6641);
#6641 = DEFINITIONAL_REPRESENTATION('',(#6642),#6646);
#6642 = LINE('',#6643,#6644);
#6643 = CARTESIAN_POINT('',(0.,0.));
#6644 = VECTOR('',#6645,1.);
#6645 = DIRECTION('',(1.,0.));
#6646 = ( GEOMETRIC_REPRESENTATION_CONTEXT(2) 
PARAMETRIC_REPRESENTATION_CONTEXT() REPRESENTATION_CONTEXT('2D SPACE',''
  ) );
#6647 = PCURVE('',#2665,#6648);
#6648 = DEFINITIONAL_REPRESENTATION('',(#6649),#6653);
#6649 = LINE('',#6650,#6651);
#6650 = CARTESIAN_POINT('',(0.,0.));
#6651 = VECTOR('',#6652,1.);
#6652 = DIRECTION('',(1.,0.));
#6653 = ( GEOMETRIC_REPRESENTATION_CONTEXT(2) 
PARAMETRIC_REPRESENTATION_CONTEXT() REPRESENTATION_CONTEXT('2D SPACE',''
  ) );
#6654 = ORIENTED_EDGE('',*,*,#2622,.F.);
#6655 = ADVANCED_FACE('',(#6656),#2715,.F.);
#6656 = FACE_BOUND('',#6657,.F.);
#6657 = EDGE_LOOP('',(#6658,#6659,#6682,#6703));
#6658 = ORIENTED_EDGE('',*,*,#6583,.F.);
#6659 = ORIENTED_EDGE('',*,*,#6660,.T.);
#6660 = EDGE_CURVE('',#6584,#6661,#6663,.T.);
#6661 = VERTEX_POINT('',#6662);
#6662 = CARTESIAN_POINT('',(-13.835,5.965,2.));
#6663 = SURFACE_CURVE('',#6664,(#6668,#6675),.PCURVE_S1.);
#6664 = LINE('',#6665,#6666);
#6665 = CARTESIAN_POINT('',(-13.835,5.365,2.));
#6666 = VECTOR('',#6667,1.);
#6667 = DIRECTION('',(0.,1.,0.));
#6668 = PCURVE('',#2715,#6669);
#6669 = DEFINITIONAL_REPRESENTATION('',(#6670),#6674);
#6670 = LINE('',#6671,#6672);
#6671 = CARTESIAN_POINT('',(0.,0.));
#6672 = VECTOR('',#6673,1.);
#6673 = DIRECTION('',(0.,-1.));
#6674 = ( GEOMETRIC_REPRESENTATION_CONTEXT(2) 
PARAMETRIC_REPRESENTATION_CONTEXT() REPRESENTATION_CONTEXT('2D SPACE',''
  ) );
#6675 = PCURVE('',#6622,#6676);
#6676 = DEFINITIONAL_REPRESENTATION('',(#6677),#6681);
#6677 = LINE('',#6678,#6679);
#6678 = CARTESIAN_POINT('',(0.6,0.));
#6679 = VECTOR('',#6680,1.);
#6680 = DIRECTION('',(0.,1.));
#6681 = ( GEOMETRIC_REPRESENTATION_CONTEXT(2) 
PARAMETRIC_REPRESENTATION_CONTEXT() REPRESENTATION_CONTEXT('2D SPACE',''
  ) );
#6682 = ORIENTED_EDGE('',*,*,#6683,.T.);
#6683 = EDGE_CURVE('',#6661,#2677,#6684,.T.);
#6684 = SURFACE_CURVE('',#6685,(#6689,#6696),.PCURVE_S1.);
#6685 = LINE('',#6686,#6687);
#6686 = CARTESIAN_POINT('',(-13.835,5.965,2.));
#6687 = VECTOR('',#6688,1.);
#6688 = DIRECTION('',(0.,0.,1.));
#6689 = PCURVE('',#2715,#6690);
#6690 = DEFINITIONAL_REPRESENTATION('',(#6691),#6695);
#6691 = LINE('',#6692,#6693);
#6692 = CARTESIAN_POINT('',(0.,-0.6));
#6693 = VECTOR('',#6694,1.);
#6694 = DIRECTION('',(1.,0.));
#6695 = ( GEOMETRIC_REPRESENTATION_CONTEXT(2) 
PARAMETRIC_REPRESENTATION_CONTEXT() REPRESENTATION_CONTEXT('2D SPACE',''
  ) );
#6696 = PCURVE('',#2691,#6697);
#6697 = DEFINITIONAL_REPRESENTATION('',(#6698),#6702);
#6698 = LINE('',#6699,#6700);
#6699 = CARTESIAN_POINT('',(0.,0.6));
#6700 = VECTOR('',#6701,1.);
#6701 = DIRECTION('',(1.,0.));
#6702 = ( GEOMETRIC_REPRESENTATION_CONTEXT(2) 
PARAMETRIC_REPRESENTATION_CONTEXT() REPRESENTATION_CONTEXT('2D SPACE',''
  ) );
#6703 = ORIENTED_EDGE('',*,*,#2702,.F.);
#6704 = ADVANCED_FACE('',(#6705),#2665,.T.);
#6705 = FACE_BOUND('',#6706,.T.);
#6706 = EDGE_LOOP('',(#6707,#6708,#6731,#6752));
#6707 = ORIENTED_EDGE('',*,*,#6634,.F.);
#6708 = ORIENTED_EDGE('',*,*,#6709,.T.);
#6709 = EDGE_CURVE('',#6607,#6710,#6712,.T.);
#6710 = VERTEX_POINT('',#6711);
#6711 = CARTESIAN_POINT('',(-14.435,5.965,2.));
#6712 = SURFACE_CURVE('',#6713,(#6717,#6724),.PCURVE_S1.);
#6713 = LINE('',#6714,#6715);
#6714 = CARTESIAN_POINT('',(-14.435,5.365,2.));
#6715 = VECTOR('',#6716,1.);
#6716 = DIRECTION('',(0.,1.,0.));
#6717 = PCURVE('',#2665,#6718);
#6718 = DEFINITIONAL_REPRESENTATION('',(#6719),#6723);
#6719 = LINE('',#6720,#6721);
#6720 = CARTESIAN_POINT('',(0.,0.));
#6721 = VECTOR('',#6722,1.);
#6722 = DIRECTION('',(0.,-1.));
#6723 = ( GEOMETRIC_REPRESENTATION_CONTEXT(2) 
PARAMETRIC_REPRESENTATION_CONTEXT() REPRESENTATION_CONTEXT('2D SPACE',''
  ) );
#6724 = PCURVE('',#6622,#6725);
#6725 = DEFINITIONAL_REPRESENTATION('',(#6726),#6730);
#6726 = LINE('',#6727,#6728);
#6727 = CARTESIAN_POINT('',(0.,0.));
#6728 = VECTOR('',#6729,1.);
#6729 = DIRECTION('',(0.,1.));
#6730 = ( GEOMETRIC_REPRESENTATION_CONTEXT(2) 
PARAMETRIC_REPRESENTATION_CONTEXT() REPRESENTATION_CONTEXT('2D SPACE',''
  ) );
#6731 = ORIENTED_EDGE('',*,*,#6732,.T.);
#6732 = EDGE_CURVE('',#6710,#2651,#6733,.T.);
#6733 = SURFACE_CURVE('',#6734,(#6738,#6745),.PCURVE_S1.);
#6734 = LINE('',#6735,#6736);
#6735 = CARTESIAN_POINT('',(-14.435,5.965,2.));
#6736 = VECTOR('',#6737,1.);
#6737 = DIRECTION('',(0.,0.,1.));
#6738 = PCURVE('',#2665,#6739);
#6739 = DEFINITIONAL_REPRESENTATION('',(#6740),#6744);
#6740 = LINE('',#6741,#6742);
#6741 = CARTESIAN_POINT('',(0.,-0.6));
#6742 = VECTOR('',#6743,1.);
#6743 = DIRECTION('',(1.,0.));
#6744 = ( GEOMETRIC_REPRESENTATION_CONTEXT(2) 
PARAMETRIC_REPRESENTATION_CONTEXT() REPRESENTATION_CONTEXT('2D SPACE',''
  ) );
#6745 = PCURVE('',#2691,#6746);
#6746 = DEFINITIONAL_REPRESENTATION('',(#6747),#6751);
#6747 = LINE('',#6748,#6749);
#6748 = CARTESIAN_POINT('',(0.,0.));
#6749 = VECTOR('',#6750,1.);
#6750 = DIRECTION('',(1.,0.));
#6751 = ( GEOMETRIC_REPRESENTATION_CONTEXT(2) 
PARAMETRIC_REPRESENTATION_CONTEXT() REPRESENTATION_CONTEXT('2D SPACE',''
  ) );
#6752 = ORIENTED_EDGE('',*,*,#2650,.F.);
#6753 = ADVANCED_FACE('',(#6754),#2691,.F.);
#6754 = FACE_BOUND('',#6755,.F.);
#6755 = EDGE_LOOP('',(#6756,#6757,#6778,#6779));
#6756 = ORIENTED_EDGE('',*,*,#6683,.F.);
#6757 = ORIENTED_EDGE('',*,*,#6758,.F.);
#6758 = EDGE_CURVE('',#6710,#6661,#6759,.T.);
#6759 = SURFACE_CURVE('',#6760,(#6764,#6771),.PCURVE_S1.);
#6760 = LINE('',#6761,#6762);
#6761 = CARTESIAN_POINT('',(-14.435,5.965,2.));
#6762 = VECTOR('',#6763,1.);
#6763 = DIRECTION('',(1.,0.,0.));
#6764 = PCURVE('',#2691,#6765);
#6765 = DEFINITIONAL_REPRESENTATION('',(#6766),#6770);
#6766 = LINE('',#6767,#6768);
#6767 = CARTESIAN_POINT('',(0.,0.));
#6768 = VECTOR('',#6769,1.);
#6769 = DIRECTION('',(0.,1.));
#6770 = ( GEOMETRIC_REPRESENTATION_CONTEXT(2) 
PARAMETRIC_REPRESENTATION_CONTEXT() REPRESENTATION_CONTEXT('2D SPACE',''
  ) );
#6771 = PCURVE('',#6622,#6772);
#6772 = DEFINITIONAL_REPRESENTATION('',(#6773),#6777);
#6773 = LINE('',#6774,#6775);
#6774 = CARTESIAN_POINT('',(0.,0.6));
#6775 = VECTOR('',#6776,1.);
#6776 = DIRECTION('',(1.,0.));
#6777 = ( GEOMETRIC_REPRESENTATION_CONTEXT(2) 
PARAMETRIC_REPRESENTATION_CONTEXT() REPRESENTATION_CONTEXT('2D SPACE',''
  ) );
#6778 = ORIENTED_EDGE('',*,*,#6732,.T.);
#6779 = ORIENTED_EDGE('',*,*,#2676,.F.);
#6780 = ADVANCED_FACE('',(#6781),#2745,.T.);
#6781 = FACE_BOUND('',#6782,.T.);
#6782 = EDGE_LOOP('',(#6783,#6806,#6834,#6855));
#6783 = ORIENTED_EDGE('',*,*,#6784,.F.);
#6784 = EDGE_CURVE('',#6785,#2729,#6787,.T.);
#6785 = VERTEX_POINT('',#6786);
#6786 = CARTESIAN_POINT('',(-12.565,0.285,2.));
#6787 = SURFACE_CURVE('',#6788,(#6792,#6799),.PCURVE_S1.);
#6788 = LINE('',#6789,#6790);
#6789 = CARTESIAN_POINT('',(-12.565,0.285,2.));
#6790 = VECTOR('',#6791,1.);
#6791 = DIRECTION('',(0.,0.,1.));
#6792 = PCURVE('',#2745,#6793);
#6793 = DEFINITIONAL_REPRESENTATION('',(#6794),#6798);
#6794 = LINE('',#6795,#6796);
#6795 = CARTESIAN_POINT('',(0.,0.6));
#6796 = VECTOR('',#6797,1.);
#6797 = DIRECTION('',(1.,0.));
#6798 = ( GEOMETRIC_REPRESENTATION_CONTEXT(2) 
PARAMETRIC_REPRESENTATION_CONTEXT() REPRESENTATION_CONTEXT('2D SPACE',''
  ) );
#6799 = PCURVE('',#2821,#6800);
#6800 = DEFINITIONAL_REPRESENTATION('',(#6801),#6805);
#6801 = LINE('',#6802,#6803);
#6802 = CARTESIAN_POINT('',(0.,0.));
#6803 = VECTOR('',#6804,1.);
#6804 = DIRECTION('',(1.,0.));
#6805 = ( GEOMETRIC_REPRESENTATION_CONTEXT(2) 
PARAMETRIC_REPRESENTATION_CONTEXT() REPRESENTATION_CONTEXT('2D SPACE',''
  ) );
#6806 = ORIENTED_EDGE('',*,*,#6807,.F.);
#6807 = EDGE_CURVE('',#6808,#6785,#6810,.T.);
#6808 = VERTEX_POINT('',#6809);
#6809 = CARTESIAN_POINT('',(-13.165,0.285,2.));
#6810 = SURFACE_CURVE('',#6811,(#6815,#6822),.PCURVE_S1.);
#6811 = LINE('',#6812,#6813);
#6812 = CARTESIAN_POINT('',(-13.165,0.285,2.));
#6813 = VECTOR('',#6814,1.);
#6814 = DIRECTION('',(1.,0.,0.));
#6815 = PCURVE('',#2745,#6816);
#6816 = DEFINITIONAL_REPRESENTATION('',(#6817),#6821);
#6817 = LINE('',#6818,#6819);
#6818 = CARTESIAN_POINT('',(0.,0.));
#6819 = VECTOR('',#6820,1.);
#6820 = DIRECTION('',(0.,1.));
#6821 = ( GEOMETRIC_REPRESENTATION_CONTEXT(2) 
PARAMETRIC_REPRESENTATION_CONTEXT() REPRESENTATION_CONTEXT('2D SPACE',''
  ) );
#6822 = PCURVE('',#6823,#6828);
#6823 = PLANE('',#6824);
#6824 = AXIS2_PLACEMENT_3D('',#6825,#6826,#6827);
#6825 = CARTESIAN_POINT('',(-13.165,0.285,2.));
#6826 = DIRECTION('',(0.,0.,1.));
#6827 = DIRECTION('',(1.,0.,0.));
#6828 = DEFINITIONAL_REPRESENTATION('',(#6829),#6833);
#6829 = LINE('',#6830,#6831);
#6830 = CARTESIAN_POINT('',(0.,0.));
#6831 = VECTOR('',#6832,1.);
#6832 = DIRECTION('',(1.,0.));
#6833 = ( GEOMETRIC_REPRESENTATION_CONTEXT(2) 
PARAMETRIC_REPRESENTATION_CONTEXT() REPRESENTATION_CONTEXT('2D SPACE',''
  ) );
#6834 = ORIENTED_EDGE('',*,*,#6835,.T.);
#6835 = EDGE_CURVE('',#6808,#2731,#6836,.T.);
#6836 = SURFACE_CURVE('',#6837,(#6841,#6848),.PCURVE_S1.);
#6837 = LINE('',#6838,#6839);
#6838 = CARTESIAN_POINT('',(-13.165,0.285,2.));
#6839 = VECTOR('',#6840,1.);
#6840 = DIRECTION('',(0.,0.,1.));
#6841 = PCURVE('',#2745,#6842);
#6842 = DEFINITIONAL_REPRESENTATION('',(#6843),#6847);
#6843 = LINE('',#6844,#6845);
#6844 = CARTESIAN_POINT('',(0.,0.));
#6845 = VECTOR('',#6846,1.);
#6846 = DIRECTION('',(1.,0.));
#6847 = ( GEOMETRIC_REPRESENTATION_CONTEXT(2) 
PARAMETRIC_REPRESENTATION_CONTEXT() REPRESENTATION_CONTEXT('2D SPACE',''
  ) );
#6848 = PCURVE('',#2771,#6849);
#6849 = DEFINITIONAL_REPRESENTATION('',(#6850),#6854);
#6850 = LINE('',#6851,#6852);
#6851 = CARTESIAN_POINT('',(0.,0.));
#6852 = VECTOR('',#6853,1.);
#6853 = DIRECTION('',(1.,0.));
#6854 = ( GEOMETRIC_REPRESENTATION_CONTEXT(2) 
PARAMETRIC_REPRESENTATION_CONTEXT() REPRESENTATION_CONTEXT('2D SPACE',''
  ) );
#6855 = ORIENTED_EDGE('',*,*,#2728,.F.);
#6856 = ADVANCED_FACE('',(#6857),#2821,.F.);
#6857 = FACE_BOUND('',#6858,.F.);
#6858 = EDGE_LOOP('',(#6859,#6860,#6883,#6904));
#6859 = ORIENTED_EDGE('',*,*,#6784,.F.);
#6860 = ORIENTED_EDGE('',*,*,#6861,.T.);
#6861 = EDGE_CURVE('',#6785,#6862,#6864,.T.);
#6862 = VERTEX_POINT('',#6863);
#6863 = CARTESIAN_POINT('',(-12.565,0.885,2.));
#6864 = SURFACE_CURVE('',#6865,(#6869,#6876),.PCURVE_S1.);
#6865 = LINE('',#6866,#6867);
#6866 = CARTESIAN_POINT('',(-12.565,0.285,2.));
#6867 = VECTOR('',#6868,1.);
#6868 = DIRECTION('',(0.,1.,0.));
#6869 = PCURVE('',#2821,#6870);
#6870 = DEFINITIONAL_REPRESENTATION('',(#6871),#6875);
#6871 = LINE('',#6872,#6873);
#6872 = CARTESIAN_POINT('',(0.,0.));
#6873 = VECTOR('',#6874,1.);
#6874 = DIRECTION('',(0.,-1.));
#6875 = ( GEOMETRIC_REPRESENTATION_CONTEXT(2) 
PARAMETRIC_REPRESENTATION_CONTEXT() REPRESENTATION_CONTEXT('2D SPACE',''
  ) );
#6876 = PCURVE('',#6823,#6877);
#6877 = DEFINITIONAL_REPRESENTATION('',(#6878),#6882);
#6878 = LINE('',#6879,#6880);
#6879 = CARTESIAN_POINT('',(0.6,0.));
#6880 = VECTOR('',#6881,1.);
#6881 = DIRECTION('',(0.,1.));
#6882 = ( GEOMETRIC_REPRESENTATION_CONTEXT(2) 
PARAMETRIC_REPRESENTATION_CONTEXT() REPRESENTATION_CONTEXT('2D SPACE',''
  ) );
#6883 = ORIENTED_EDGE('',*,*,#6884,.T.);
#6884 = EDGE_CURVE('',#6862,#2783,#6885,.T.);
#6885 = SURFACE_CURVE('',#6886,(#6890,#6897),.PCURVE_S1.);
#6886 = LINE('',#6887,#6888);
#6887 = CARTESIAN_POINT('',(-12.565,0.885,2.));
#6888 = VECTOR('',#6889,1.);
#6889 = DIRECTION('',(0.,0.,1.));
#6890 = PCURVE('',#2821,#6891);
#6891 = DEFINITIONAL_REPRESENTATION('',(#6892),#6896);
#6892 = LINE('',#6893,#6894);
#6893 = CARTESIAN_POINT('',(0.,-0.6));
#6894 = VECTOR('',#6895,1.);
#6895 = DIRECTION('',(1.,0.));
#6896 = ( GEOMETRIC_REPRESENTATION_CONTEXT(2) 
PARAMETRIC_REPRESENTATION_CONTEXT() REPRESENTATION_CONTEXT('2D SPACE',''
  ) );
#6897 = PCURVE('',#2797,#6898);
#6898 = DEFINITIONAL_REPRESENTATION('',(#6899),#6903);
#6899 = LINE('',#6900,#6901);
#6900 = CARTESIAN_POINT('',(0.,0.6));
#6901 = VECTOR('',#6902,1.);
#6902 = DIRECTION('',(1.,0.));
#6903 = ( GEOMETRIC_REPRESENTATION_CONTEXT(2) 
PARAMETRIC_REPRESENTATION_CONTEXT() REPRESENTATION_CONTEXT('2D SPACE',''
  ) );
#6904 = ORIENTED_EDGE('',*,*,#2808,.F.);
#6905 = ADVANCED_FACE('',(#6906),#2771,.T.);
#6906 = FACE_BOUND('',#6907,.T.);
#6907 = EDGE_LOOP('',(#6908,#6909,#6932,#6953));
#6908 = ORIENTED_EDGE('',*,*,#6835,.F.);
#6909 = ORIENTED_EDGE('',*,*,#6910,.T.);
#6910 = EDGE_CURVE('',#6808,#6911,#6913,.T.);
#6911 = VERTEX_POINT('',#6912);
#6912 = CARTESIAN_POINT('',(-13.165,0.885,2.));
#6913 = SURFACE_CURVE('',#6914,(#6918,#6925),.PCURVE_S1.);
#6914 = LINE('',#6915,#6916);
#6915 = CARTESIAN_POINT('',(-13.165,0.285,2.));
#6916 = VECTOR('',#6917,1.);
#6917 = DIRECTION('',(0.,1.,0.));
#6918 = PCURVE('',#2771,#6919);
#6919 = DEFINITIONAL_REPRESENTATION('',(#6920),#6924);
#6920 = LINE('',#6921,#6922);
#6921 = CARTESIAN_POINT('',(0.,0.));
#6922 = VECTOR('',#6923,1.);
#6923 = DIRECTION('',(0.,-1.));
#6924 = ( GEOMETRIC_REPRESENTATION_CONTEXT(2) 
PARAMETRIC_REPRESENTATION_CONTEXT() REPRESENTATION_CONTEXT('2D SPACE',''
  ) );
#6925 = PCURVE('',#6823,#6926);
#6926 = DEFINITIONAL_REPRESENTATION('',(#6927),#6931);
#6927 = LINE('',#6928,#6929);
#6928 = CARTESIAN_POINT('',(0.,0.));
#6929 = VECTOR('',#6930,1.);
#6930 = DIRECTION('',(0.,1.));
#6931 = ( GEOMETRIC_REPRESENTATION_CONTEXT(2) 
PARAMETRIC_REPRESENTATION_CONTEXT() REPRESENTATION_CONTEXT('2D SPACE',''
  ) );
#6932 = ORIENTED_EDGE('',*,*,#6933,.T.);
#6933 = EDGE_CURVE('',#6911,#2757,#6934,.T.);
#6934 = SURFACE_CURVE('',#6935,(#6939,#6946),.PCURVE_S1.);
#6935 = LINE('',#6936,#6937);
#6936 = CARTESIAN_POINT('',(-13.165,0.885,2.));
#6937 = VECTOR('',#6938,1.);
#6938 = DIRECTION('',(0.,0.,1.));
#6939 = PCURVE('',#2771,#6940);
#6940 = DEFINITIONAL_REPRESENTATION('',(#6941),#6945);
#6941 = LINE('',#6942,#6943);
#6942 = CARTESIAN_POINT('',(0.,-0.6));
#6943 = VECTOR('',#6944,1.);
#6944 = DIRECTION('',(1.,0.));
#6945 = ( GEOMETRIC_REPRESENTATION_CONTEXT(2) 
PARAMETRIC_REPRESENTATION_CONTEXT() REPRESENTATION_CONTEXT('2D SPACE',''
  ) );
#6946 = PCURVE('',#2797,#6947);
#6947 = DEFINITIONAL_REPRESENTATION('',(#6948),#6952);
#6948 = LINE('',#6949,#6950);
#6949 = CARTESIAN_POINT('',(0.,0.));
#6950 = VECTOR('',#6951,1.);
#6951 = DIRECTION('',(1.,0.));
#6952 = ( GEOMETRIC_REPRESENTATION_CONTEXT(2) 
PARAMETRIC_REPRESENTATION_CONTEXT() REPRESENTATION_CONTEXT('2D SPACE',''
  ) );
#6953 = ORIENTED_EDGE('',*,*,#2756,.F.);
#6954 = ADVANCED_FACE('',(#6955),#2797,.F.);
#6955 = FACE_BOUND('',#6956,.F.);
#6956 = EDGE_LOOP('',(#6957,#6958,#6979,#6980));
#6957 = ORIENTED_EDGE('',*,*,#6884,.F.);
#6958 = ORIENTED_EDGE('',*,*,#6959,.F.);
#6959 = EDGE_CURVE('',#6911,#6862,#6960,.T.);
#6960 = SURFACE_CURVE('',#6961,(#6965,#6972),.PCURVE_S1.);
#6961 = LINE('',#6962,#6963);
#6962 = CARTESIAN_POINT('',(-13.165,0.885,2.));
#6963 = VECTOR('',#6964,1.);
#6964 = DIRECTION('',(1.,0.,0.));
#6965 = PCURVE('',#2797,#6966);
#6966 = DEFINITIONAL_REPRESENTATION('',(#6967),#6971);
#6967 = LINE('',#6968,#6969);
#6968 = CARTESIAN_POINT('',(0.,0.));
#6969 = VECTOR('',#6970,1.);
#6970 = DIRECTION('',(0.,1.));
#6971 = ( GEOMETRIC_REPRESENTATION_CONTEXT(2) 
PARAMETRIC_REPRESENTATION_CONTEXT() REPRESENTATION_CONTEXT('2D SPACE',''
  ) );
#6972 = PCURVE('',#6823,#6973);
#6973 = DEFINITIONAL_REPRESENTATION('',(#6974),#6978);
#6974 = LINE('',#6975,#6976);
#6975 = CARTESIAN_POINT('',(0.,0.6));
#6976 = VECTOR('',#6977,1.);
#6977 = DIRECTION('',(1.,0.));
#6978 = ( GEOMETRIC_REPRESENTATION_CONTEXT(2) 
PARAMETRIC_REPRESENTATION_CONTEXT() REPRESENTATION_CONTEXT('2D SPACE',''
  ) );
#6979 = ORIENTED_EDGE('',*,*,#6933,.T.);
#6980 = ORIENTED_EDGE('',*,*,#2782,.F.);
#6981 = ADVANCED_FACE('',(#6982),#2851,.T.);
#6982 = FACE_BOUND('',#6983,.T.);
#6983 = EDGE_LOOP('',(#6984,#7007,#7035,#7056));
#6984 = ORIENTED_EDGE('',*,*,#6985,.F.);
#6985 = EDGE_CURVE('',#6986,#2835,#6988,.T.);
#6986 = VERTEX_POINT('',#6987);
#6987 = CARTESIAN_POINT('',(-12.565,1.555,2.));
#6988 = SURFACE_CURVE('',#6989,(#6993,#7000),.PCURVE_S1.);
#6989 = LINE('',#6990,#6991);
#6990 = CARTESIAN_POINT('',(-12.565,1.555,2.));
#6991 = VECTOR('',#6992,1.);
#6992 = DIRECTION('',(0.,0.,1.));
#6993 = PCURVE('',#2851,#6994);
#6994 = DEFINITIONAL_REPRESENTATION('',(#6995),#6999);
#6995 = LINE('',#6996,#6997);
#6996 = CARTESIAN_POINT('',(0.,0.6));
#6997 = VECTOR('',#6998,1.);
#6998 = DIRECTION('',(1.,0.));
#6999 = ( GEOMETRIC_REPRESENTATION_CONTEXT(2) 
PARAMETRIC_REPRESENTATION_CONTEXT() REPRESENTATION_CONTEXT('2D SPACE',''
  ) );
#7000 = PCURVE('',#2927,#7001);
#7001 = DEFINITIONAL_REPRESENTATION('',(#7002),#7006);
#7002 = LINE('',#7003,#7004);
#7003 = CARTESIAN_POINT('',(0.,0.));
#7004 = VECTOR('',#7005,1.);
#7005 = DIRECTION('',(1.,0.));
#7006 = ( GEOMETRIC_REPRESENTATION_CONTEXT(2) 
PARAMETRIC_REPRESENTATION_CONTEXT() REPRESENTATION_CONTEXT('2D SPACE',''
  ) );
#7007 = ORIENTED_EDGE('',*,*,#7008,.F.);
#7008 = EDGE_CURVE('',#7009,#6986,#7011,.T.);
#7009 = VERTEX_POINT('',#7010);
#7010 = CARTESIAN_POINT('',(-13.165,1.555,2.));
#7011 = SURFACE_CURVE('',#7012,(#7016,#7023),.PCURVE_S1.);
#7012 = LINE('',#7013,#7014);
#7013 = CARTESIAN_POINT('',(-13.165,1.555,2.));
#7014 = VECTOR('',#7015,1.);
#7015 = DIRECTION('',(1.,0.,0.));
#7016 = PCURVE('',#2851,#7017);
#7017 = DEFINITIONAL_REPRESENTATION('',(#7018),#7022);
#7018 = LINE('',#7019,#7020);
#7019 = CARTESIAN_POINT('',(0.,0.));
#7020 = VECTOR('',#7021,1.);
#7021 = DIRECTION('',(0.,1.));
#7022 = ( GEOMETRIC_REPRESENTATION_CONTEXT(2) 
PARAMETRIC_REPRESENTATION_CONTEXT() REPRESENTATION_CONTEXT('2D SPACE',''
  ) );
#7023 = PCURVE('',#7024,#7029);
#7024 = PLANE('',#7025);
#7025 = AXIS2_PLACEMENT_3D('',#7026,#7027,#7028);
#7026 = CARTESIAN_POINT('',(-13.165,1.555,2.));
#7027 = DIRECTION('',(0.,0.,1.));
#7028 = DIRECTION('',(1.,0.,0.));
#7029 = DEFINITIONAL_REPRESENTATION('',(#7030),#7034);
#7030 = LINE('',#7031,#7032);
#7031 = CARTESIAN_POINT('',(0.,0.));
#7032 = VECTOR('',#7033,1.);
#7033 = DIRECTION('',(1.,0.));
#7034 = ( GEOMETRIC_REPRESENTATION_CONTEXT(2) 
PARAMETRIC_REPRESENTATION_CONTEXT() REPRESENTATION_CONTEXT('2D SPACE',''
  ) );
#7035 = ORIENTED_EDGE('',*,*,#7036,.T.);
#7036 = EDGE_CURVE('',#7009,#2837,#7037,.T.);
#7037 = SURFACE_CURVE('',#7038,(#7042,#7049),.PCURVE_S1.);
#7038 = LINE('',#7039,#7040);
#7039 = CARTESIAN_POINT('',(-13.165,1.555,2.));
#7040 = VECTOR('',#7041,1.);
#7041 = DIRECTION('',(0.,0.,1.));
#7042 = PCURVE('',#2851,#7043);
#7043 = DEFINITIONAL_REPRESENTATION('',(#7044),#7048);
#7044 = LINE('',#7045,#7046);
#7045 = CARTESIAN_POINT('',(0.,0.));
#7046 = VECTOR('',#7047,1.);
#7047 = DIRECTION('',(1.,0.));
#7048 = ( GEOMETRIC_REPRESENTATION_CONTEXT(2) 
PARAMETRIC_REPRESENTATION_CONTEXT() REPRESENTATION_CONTEXT('2D SPACE',''
  ) );
#7049 = PCURVE('',#2877,#7050);
#7050 = DEFINITIONAL_REPRESENTATION('',(#7051),#7055);
#7051 = LINE('',#7052,#7053);
#7052 = CARTESIAN_POINT('',(0.,0.));
#7053 = VECTOR('',#7054,1.);
#7054 = DIRECTION('',(1.,0.));
#7055 = ( GEOMETRIC_REPRESENTATION_CONTEXT(2) 
PARAMETRIC_REPRESENTATION_CONTEXT() REPRESENTATION_CONTEXT('2D SPACE',''
  ) );
#7056 = ORIENTED_EDGE('',*,*,#2834,.F.);
#7057 = ADVANCED_FACE('',(#7058),#2927,.F.);
#7058 = FACE_BOUND('',#7059,.F.);
#7059 = EDGE_LOOP('',(#7060,#7061,#7084,#7105));
#7060 = ORIENTED_EDGE('',*,*,#6985,.F.);
#7061 = ORIENTED_EDGE('',*,*,#7062,.T.);
#7062 = EDGE_CURVE('',#6986,#7063,#7065,.T.);
#7063 = VERTEX_POINT('',#7064);
#7064 = CARTESIAN_POINT('',(-12.565,2.155,2.));
#7065 = SURFACE_CURVE('',#7066,(#7070,#7077),.PCURVE_S1.);
#7066 = LINE('',#7067,#7068);
#7067 = CARTESIAN_POINT('',(-12.565,1.555,2.));
#7068 = VECTOR('',#7069,1.);
#7069 = DIRECTION('',(0.,1.,0.));
#7070 = PCURVE('',#2927,#7071);
#7071 = DEFINITIONAL_REPRESENTATION('',(#7072),#7076);
#7072 = LINE('',#7073,#7074);
#7073 = CARTESIAN_POINT('',(0.,0.));
#7074 = VECTOR('',#7075,1.);
#7075 = DIRECTION('',(0.,-1.));
#7076 = ( GEOMETRIC_REPRESENTATION_CONTEXT(2) 
PARAMETRIC_REPRESENTATION_CONTEXT() REPRESENTATION_CONTEXT('2D SPACE',''
  ) );
#7077 = PCURVE('',#7024,#7078);
#7078 = DEFINITIONAL_REPRESENTATION('',(#7079),#7083);
#7079 = LINE('',#7080,#7081);
#7080 = CARTESIAN_POINT('',(0.6,0.));
#7081 = VECTOR('',#7082,1.);
#7082 = DIRECTION('',(0.,1.));
#7083 = ( GEOMETRIC_REPRESENTATION_CONTEXT(2) 
PARAMETRIC_REPRESENTATION_CONTEXT() REPRESENTATION_CONTEXT('2D SPACE',''
  ) );
#7084 = ORIENTED_EDGE('',*,*,#7085,.T.);
#7085 = EDGE_CURVE('',#7063,#2889,#7086,.T.);
#7086 = SURFACE_CURVE('',#7087,(#7091,#7098),.PCURVE_S1.);
#7087 = LINE('',#7088,#7089);
#7088 = CARTESIAN_POINT('',(-12.565,2.155,2.));
#7089 = VECTOR('',#7090,1.);
#7090 = DIRECTION('',(0.,0.,1.));
#7091 = PCURVE('',#2927,#7092);
#7092 = DEFINITIONAL_REPRESENTATION('',(#7093),#7097);
#7093 = LINE('',#7094,#7095);
#7094 = CARTESIAN_POINT('',(0.,-0.6));
#7095 = VECTOR('',#7096,1.);
#7096 = DIRECTION('',(1.,0.));
#7097 = ( GEOMETRIC_REPRESENTATION_CONTEXT(2) 
PARAMETRIC_REPRESENTATION_CONTEXT() REPRESENTATION_CONTEXT('2D SPACE',''
  ) );
#7098 = PCURVE('',#2903,#7099);
#7099 = DEFINITIONAL_REPRESENTATION('',(#7100),#7104);
#7100 = LINE('',#7101,#7102);
#7101 = CARTESIAN_POINT('',(0.,0.6));
#7102 = VECTOR('',#7103,1.);
#7103 = DIRECTION('',(1.,0.));
#7104 = ( GEOMETRIC_REPRESENTATION_CONTEXT(2) 
PARAMETRIC_REPRESENTATION_CONTEXT() REPRESENTATION_CONTEXT('2D SPACE',''
  ) );
#7105 = ORIENTED_EDGE('',*,*,#2914,.F.);
#7106 = ADVANCED_FACE('',(#7107),#2877,.T.);
#7107 = FACE_BOUND('',#7108,.T.);
#7108 = EDGE_LOOP('',(#7109,#7110,#7133,#7154));
#7109 = ORIENTED_EDGE('',*,*,#7036,.F.);
#7110 = ORIENTED_EDGE('',*,*,#7111,.T.);
#7111 = EDGE_CURVE('',#7009,#7112,#7114,.T.);
#7112 = VERTEX_POINT('',#7113);
#7113 = CARTESIAN_POINT('',(-13.165,2.155,2.));
#7114 = SURFACE_CURVE('',#7115,(#7119,#7126),.PCURVE_S1.);
#7115 = LINE('',#7116,#7117);
#7116 = CARTESIAN_POINT('',(-13.165,1.555,2.));
#7117 = VECTOR('',#7118,1.);
#7118 = DIRECTION('',(0.,1.,0.));
#7119 = PCURVE('',#2877,#7120);
#7120 = DEFINITIONAL_REPRESENTATION('',(#7121),#7125);
#7121 = LINE('',#7122,#7123);
#7122 = CARTESIAN_POINT('',(0.,0.));
#7123 = VECTOR('',#7124,1.);
#7124 = DIRECTION('',(0.,-1.));
#7125 = ( GEOMETRIC_REPRESENTATION_CONTEXT(2) 
PARAMETRIC_REPRESENTATION_CONTEXT() REPRESENTATION_CONTEXT('2D SPACE',''
  ) );
#7126 = PCURVE('',#7024,#7127);
#7127 = DEFINITIONAL_REPRESENTATION('',(#7128),#7132);
#7128 = LINE('',#7129,#7130);
#7129 = CARTESIAN_POINT('',(0.,0.));
#7130 = VECTOR('',#7131,1.);
#7131 = DIRECTION('',(0.,1.));
#7132 = ( GEOMETRIC_REPRESENTATION_CONTEXT(2) 
PARAMETRIC_REPRESENTATION_CONTEXT() REPRESENTATION_CONTEXT('2D SPACE',''
  ) );
#7133 = ORIENTED_EDGE('',*,*,#7134,.T.);
#7134 = EDGE_CURVE('',#7112,#2863,#7135,.T.);
#7135 = SURFACE_CURVE('',#7136,(#7140,#7147),.PCURVE_S1.);
#7136 = LINE('',#7137,#7138);
#7137 = CARTESIAN_POINT('',(-13.165,2.155,2.));
#7138 = VECTOR('',#7139,1.);
#7139 = DIRECTION('',(0.,0.,1.));
#7140 = PCURVE('',#2877,#7141);
#7141 = DEFINITIONAL_REPRESENTATION('',(#7142),#7146);
#7142 = LINE('',#7143,#7144);
#7143 = CARTESIAN_POINT('',(0.,-0.6));
#7144 = VECTOR('',#7145,1.);
#7145 = DIRECTION('',(1.,0.));
#7146 = ( GEOMETRIC_REPRESENTATION_CONTEXT(2) 
PARAMETRIC_REPRESENTATION_CONTEXT() REPRESENTATION_CONTEXT('2D SPACE',''
  ) );
#7147 = PCURVE('',#2903,#7148);
#7148 = DEFINITIONAL_REPRESENTATION('',(#7149),#7153);
#7149 = LINE('',#7150,#7151);
#7150 = CARTESIAN_POINT('',(0.,0.));
#7151 = VECTOR('',#7152,1.);
#7152 = DIRECTION('',(1.,0.));
#7153 = ( GEOMETRIC_REPRESENTATION_CONTEXT(2) 
PARAMETRIC_REPRESENTATION_CONTEXT() REPRESENTATION_CONTEXT('2D SPACE',''
  ) );
#7154 = ORIENTED_EDGE('',*,*,#2862,.F.);
#7155 = ADVANCED_FACE('',(#7156),#2903,.F.);
#7156 = FACE_BOUND('',#7157,.F.);
#7157 = EDGE_LOOP('',(#7158,#7159,#7180,#7181));
#7158 = ORIENTED_EDGE('',*,*,#7085,.F.);
#7159 = ORIENTED_EDGE('',*,*,#7160,.F.);
#7160 = EDGE_CURVE('',#7112,#7063,#7161,.T.);
#7161 = SURFACE_CURVE('',#7162,(#7166,#7173),.PCURVE_S1.);
#7162 = LINE('',#7163,#7164);
#7163 = CARTESIAN_POINT('',(-13.165,2.155,2.));
#7164 = VECTOR('',#7165,1.);
#7165 = DIRECTION('',(1.,0.,0.));
#7166 = PCURVE('',#2903,#7167);
#7167 = DEFINITIONAL_REPRESENTATION('',(#7168),#7172);
#7168 = LINE('',#7169,#7170);
#7169 = CARTESIAN_POINT('',(0.,0.));
#7170 = VECTOR('',#7171,1.);
#7171 = DIRECTION('',(0.,1.));
#7172 = ( GEOMETRIC_REPRESENTATION_CONTEXT(2) 
PARAMETRIC_REPRESENTATION_CONTEXT() REPRESENTATION_CONTEXT('2D SPACE',''
  ) );
#7173 = PCURVE('',#7024,#7174);
#7174 = DEFINITIONAL_REPRESENTATION('',(#7175),#7179);
#7175 = LINE('',#7176,#7177);
#7176 = CARTESIAN_POINT('',(0.,0.6));
#7177 = VECTOR('',#7178,1.);
#7178 = DIRECTION('',(1.,0.));
#7179 = ( GEOMETRIC_REPRESENTATION_CONTEXT(2) 
PARAMETRIC_REPRESENTATION_CONTEXT() REPRESENTATION_CONTEXT('2D SPACE',''
  ) );
#7180 = ORIENTED_EDGE('',*,*,#7134,.T.);
#7181 = ORIENTED_EDGE('',*,*,#2888,.F.);
#7182 = ADVANCED_FACE('',(#7183),#2957,.T.);
#7183 = FACE_BOUND('',#7184,.T.);
#7184 = EDGE_LOOP('',(#7185,#7208,#7236,#7257));
#7185 = ORIENTED_EDGE('',*,*,#7186,.F.);
#7186 = EDGE_CURVE('',#7187,#2941,#7189,.T.);
#7187 = VERTEX_POINT('',#7188);
#7188 = CARTESIAN_POINT('',(-12.565,2.825,2.));
#7189 = SURFACE_CURVE('',#7190,(#7194,#7201),.PCURVE_S1.);
#7190 = LINE('',#7191,#7192);
#7191 = CARTESIAN_POINT('',(-12.565,2.825,2.));
#7192 = VECTOR('',#7193,1.);
#7193 = DIRECTION('',(0.,0.,1.));
#7194 = PCURVE('',#2957,#7195);
#7195 = DEFINITIONAL_REPRESENTATION('',(#7196),#7200);
#7196 = LINE('',#7197,#7198);
#7197 = CARTESIAN_POINT('',(0.,0.6));
#7198 = VECTOR('',#7199,1.);
#7199 = DIRECTION('',(1.,0.));
#7200 = ( GEOMETRIC_REPRESENTATION_CONTEXT(2) 
PARAMETRIC_REPRESENTATION_CONTEXT() REPRESENTATION_CONTEXT('2D SPACE',''
  ) );
#7201 = PCURVE('',#3033,#7202);
#7202 = DEFINITIONAL_REPRESENTATION('',(#7203),#7207);
#7203 = LINE('',#7204,#7205);
#7204 = CARTESIAN_POINT('',(0.,0.));
#7205 = VECTOR('',#7206,1.);
#7206 = DIRECTION('',(1.,0.));
#7207 = ( GEOMETRIC_REPRESENTATION_CONTEXT(2) 
PARAMETRIC_REPRESENTATION_CONTEXT() REPRESENTATION_CONTEXT('2D SPACE',''
  ) );
#7208 = ORIENTED_EDGE('',*,*,#7209,.F.);
#7209 = EDGE_CURVE('',#7210,#7187,#7212,.T.);
#7210 = VERTEX_POINT('',#7211);
#7211 = CARTESIAN_POINT('',(-13.165,2.825,2.));
#7212 = SURFACE_CURVE('',#7213,(#7217,#7224),.PCURVE_S1.);
#7213 = LINE('',#7214,#7215);
#7214 = CARTESIAN_POINT('',(-13.165,2.825,2.));
#7215 = VECTOR('',#7216,1.);
#7216 = DIRECTION('',(1.,0.,0.));
#7217 = PCURVE('',#2957,#7218);
#7218 = DEFINITIONAL_REPRESENTATION('',(#7219),#7223);
#7219 = LINE('',#7220,#7221);
#7220 = CARTESIAN_POINT('',(0.,0.));
#7221 = VECTOR('',#7222,1.);
#7222 = DIRECTION('',(0.,1.));
#7223 = ( GEOMETRIC_REPRESENTATION_CONTEXT(2) 
PARAMETRIC_REPRESENTATION_CONTEXT() REPRESENTATION_CONTEXT('2D SPACE',''
  ) );
#7224 = PCURVE('',#7225,#7230);
#7225 = PLANE('',#7226);
#7226 = AXIS2_PLACEMENT_3D('',#7227,#7228,#7229);
#7227 = CARTESIAN_POINT('',(-13.165,2.825,2.));
#7228 = DIRECTION('',(0.,0.,1.));
#7229 = DIRECTION('',(1.,0.,0.));
#7230 = DEFINITIONAL_REPRESENTATION('',(#7231),#7235);
#7231 = LINE('',#7232,#7233);
#7232 = CARTESIAN_POINT('',(0.,0.));
#7233 = VECTOR('',#7234,1.);
#7234 = DIRECTION('',(1.,0.));
#7235 = ( GEOMETRIC_REPRESENTATION_CONTEXT(2) 
PARAMETRIC_REPRESENTATION_CONTEXT() REPRESENTATION_CONTEXT('2D SPACE',''
  ) );
#7236 = ORIENTED_EDGE('',*,*,#7237,.T.);
#7237 = EDGE_CURVE('',#7210,#2943,#7238,.T.);
#7238 = SURFACE_CURVE('',#7239,(#7243,#7250),.PCURVE_S1.);
#7239 = LINE('',#7240,#7241);
#7240 = CARTESIAN_POINT('',(-13.165,2.825,2.));
#7241 = VECTOR('',#7242,1.);
#7242 = DIRECTION('',(0.,0.,1.));
#7243 = PCURVE('',#2957,#7244);
#7244 = DEFINITIONAL_REPRESENTATION('',(#7245),#7249);
#7245 = LINE('',#7246,#7247);
#7246 = CARTESIAN_POINT('',(0.,0.));
#7247 = VECTOR('',#7248,1.);
#7248 = DIRECTION('',(1.,0.));
#7249 = ( GEOMETRIC_REPRESENTATION_CONTEXT(2) 
PARAMETRIC_REPRESENTATION_CONTEXT() REPRESENTATION_CONTEXT('2D SPACE',''
  ) );
#7250 = PCURVE('',#2983,#7251);
#7251 = DEFINITIONAL_REPRESENTATION('',(#7252),#7256);
#7252 = LINE('',#7253,#7254);
#7253 = CARTESIAN_POINT('',(0.,0.));
#7254 = VECTOR('',#7255,1.);
#7255 = DIRECTION('',(1.,0.));
#7256 = ( GEOMETRIC_REPRESENTATION_CONTEXT(2) 
PARAMETRIC_REPRESENTATION_CONTEXT() REPRESENTATION_CONTEXT('2D SPACE',''
  ) );
#7257 = ORIENTED_EDGE('',*,*,#2940,.F.);
#7258 = ADVANCED_FACE('',(#7259),#3033,.F.);
#7259 = FACE_BOUND('',#7260,.F.);
#7260 = EDGE_LOOP('',(#7261,#7262,#7285,#7306));
#7261 = ORIENTED_EDGE('',*,*,#7186,.F.);
#7262 = ORIENTED_EDGE('',*,*,#7263,.T.);
#7263 = EDGE_CURVE('',#7187,#7264,#7266,.T.);
#7264 = VERTEX_POINT('',#7265);
#7265 = CARTESIAN_POINT('',(-12.565,3.425,2.));
#7266 = SURFACE_CURVE('',#7267,(#7271,#7278),.PCURVE_S1.);
#7267 = LINE('',#7268,#7269);
#7268 = CARTESIAN_POINT('',(-12.565,2.825,2.));
#7269 = VECTOR('',#7270,1.);
#7270 = DIRECTION('',(0.,1.,0.));
#7271 = PCURVE('',#3033,#7272);
#7272 = DEFINITIONAL_REPRESENTATION('',(#7273),#7277);
#7273 = LINE('',#7274,#7275);
#7274 = CARTESIAN_POINT('',(0.,0.));
#7275 = VECTOR('',#7276,1.);
#7276 = DIRECTION('',(0.,-1.));
#7277 = ( GEOMETRIC_REPRESENTATION_CONTEXT(2) 
PARAMETRIC_REPRESENTATION_CONTEXT() REPRESENTATION_CONTEXT('2D SPACE',''
  ) );
#7278 = PCURVE('',#7225,#7279);
#7279 = DEFINITIONAL_REPRESENTATION('',(#7280),#7284);
#7280 = LINE('',#7281,#7282);
#7281 = CARTESIAN_POINT('',(0.6,0.));
#7282 = VECTOR('',#7283,1.);
#7283 = DIRECTION('',(0.,1.));
#7284 = ( GEOMETRIC_REPRESENTATION_CONTEXT(2) 
PARAMETRIC_REPRESENTATION_CONTEXT() REPRESENTATION_CONTEXT('2D SPACE',''
  ) );
#7285 = ORIENTED_EDGE('',*,*,#7286,.T.);
#7286 = EDGE_CURVE('',#7264,#2995,#7287,.T.);
#7287 = SURFACE_CURVE('',#7288,(#7292,#7299),.PCURVE_S1.);
#7288 = LINE('',#7289,#7290);
#7289 = CARTESIAN_POINT('',(-12.565,3.425,2.));
#7290 = VECTOR('',#7291,1.);
#7291 = DIRECTION('',(0.,0.,1.));
#7292 = PCURVE('',#3033,#7293);
#7293 = DEFINITIONAL_REPRESENTATION('',(#7294),#7298);
#7294 = LINE('',#7295,#7296);
#7295 = CARTESIAN_POINT('',(0.,-0.6));
#7296 = VECTOR('',#7297,1.);
#7297 = DIRECTION('',(1.,0.));
#7298 = ( GEOMETRIC_REPRESENTATION_CONTEXT(2) 
PARAMETRIC_REPRESENTATION_CONTEXT() REPRESENTATION_CONTEXT('2D SPACE',''
  ) );
#7299 = PCURVE('',#3009,#7300);
#7300 = DEFINITIONAL_REPRESENTATION('',(#7301),#7305);
#7301 = LINE('',#7302,#7303);
#7302 = CARTESIAN_POINT('',(0.,0.6));
#7303 = VECTOR('',#7304,1.);
#7304 = DIRECTION('',(1.,0.));
#7305 = ( GEOMETRIC_REPRESENTATION_CONTEXT(2) 
PARAMETRIC_REPRESENTATION_CONTEXT() REPRESENTATION_CONTEXT('2D SPACE',''
  ) );
#7306 = ORIENTED_EDGE('',*,*,#3020,.F.);
#7307 = ADVANCED_FACE('',(#7308),#2983,.T.);
#7308 = FACE_BOUND('',#7309,.T.);
#7309 = EDGE_LOOP('',(#7310,#7311,#7334,#7355));
#7310 = ORIENTED_EDGE('',*,*,#7237,.F.);
#7311 = ORIENTED_EDGE('',*,*,#7312,.T.);
#7312 = EDGE_CURVE('',#7210,#7313,#7315,.T.);
#7313 = VERTEX_POINT('',#7314);
#7314 = CARTESIAN_POINT('',(-13.165,3.425,2.));
#7315 = SURFACE_CURVE('',#7316,(#7320,#7327),.PCURVE_S1.);
#7316 = LINE('',#7317,#7318);
#7317 = CARTESIAN_POINT('',(-13.165,2.825,2.));
#7318 = VECTOR('',#7319,1.);
#7319 = DIRECTION('',(0.,1.,0.));
#7320 = PCURVE('',#2983,#7321);
#7321 = DEFINITIONAL_REPRESENTATION('',(#7322),#7326);
#7322 = LINE('',#7323,#7324);
#7323 = CARTESIAN_POINT('',(0.,0.));
#7324 = VECTOR('',#7325,1.);
#7325 = DIRECTION('',(0.,-1.));
#7326 = ( GEOMETRIC_REPRESENTATION_CONTEXT(2) 
PARAMETRIC_REPRESENTATION_CONTEXT() REPRESENTATION_CONTEXT('2D SPACE',''
  ) );
#7327 = PCURVE('',#7225,#7328);
#7328 = DEFINITIONAL_REPRESENTATION('',(#7329),#7333);
#7329 = LINE('',#7330,#7331);
#7330 = CARTESIAN_POINT('',(0.,0.));
#7331 = VECTOR('',#7332,1.);
#7332 = DIRECTION('',(0.,1.));
#7333 = ( GEOMETRIC_REPRESENTATION_CONTEXT(2) 
PARAMETRIC_REPRESENTATION_CONTEXT() REPRESENTATION_CONTEXT('2D SPACE',''
  ) );
#7334 = ORIENTED_EDGE('',*,*,#7335,.T.);
#7335 = EDGE_CURVE('',#7313,#2969,#7336,.T.);
#7336 = SURFACE_CURVE('',#7337,(#7341,#7348),.PCURVE_S1.);
#7337 = LINE('',#7338,#7339);
#7338 = CARTESIAN_POINT('',(-13.165,3.425,2.));
#7339 = VECTOR('',#7340,1.);
#7340 = DIRECTION('',(0.,0.,1.));
#7341 = PCURVE('',#2983,#7342);
#7342 = DEFINITIONAL_REPRESENTATION('',(#7343),#7347);
#7343 = LINE('',#7344,#7345);
#7344 = CARTESIAN_POINT('',(0.,-0.6));
#7345 = VECTOR('',#7346,1.);
#7346 = DIRECTION('',(1.,0.));
#7347 = ( GEOMETRIC_REPRESENTATION_CONTEXT(2) 
PARAMETRIC_REPRESENTATION_CONTEXT() REPRESENTATION_CONTEXT('2D SPACE',''
  ) );
#7348 = PCURVE('',#3009,#7349);
#7349 = DEFINITIONAL_REPRESENTATION('',(#7350),#7354);
#7350 = LINE('',#7351,#7352);
#7351 = CARTESIAN_POINT('',(0.,0.));
#7352 = VECTOR('',#7353,1.);
#7353 = DIRECTION('',(1.,0.));
#7354 = ( GEOMETRIC_REPRESENTATION_CONTEXT(2) 
PARAMETRIC_REPRESENTATION_CONTEXT() REPRESENTATION_CONTEXT('2D SPACE',''
  ) );
#7355 = ORIENTED_EDGE('',*,*,#2968,.F.);
#7356 = ADVANCED_FACE('',(#7357),#3009,.F.);
#7357 = FACE_BOUND('',#7358,.F.);
#7358 = EDGE_LOOP('',(#7359,#7360,#7381,#7382));
#7359 = ORIENTED_EDGE('',*,*,#7286,.F.);
#7360 = ORIENTED_EDGE('',*,*,#7361,.F.);
#7361 = EDGE_CURVE('',#7313,#7264,#7362,.T.);
#7362 = SURFACE_CURVE('',#7363,(#7367,#7374),.PCURVE_S1.);
#7363 = LINE('',#7364,#7365);
#7364 = CARTESIAN_POINT('',(-13.165,3.425,2.));
#7365 = VECTOR('',#7366,1.);
#7366 = DIRECTION('',(1.,0.,0.));
#7367 = PCURVE('',#3009,#7368);
#7368 = DEFINITIONAL_REPRESENTATION('',(#7369),#7373);
#7369 = LINE('',#7370,#7371);
#7370 = CARTESIAN_POINT('',(0.,0.));
#7371 = VECTOR('',#7372,1.);
#7372 = DIRECTION('',(0.,1.));
#7373 = ( GEOMETRIC_REPRESENTATION_CONTEXT(2) 
PARAMETRIC_REPRESENTATION_CONTEXT() REPRESENTATION_CONTEXT('2D SPACE',''
  ) );
#7374 = PCURVE('',#7225,#7375);
#7375 = DEFINITIONAL_REPRESENTATION('',(#7376),#7380);
#7376 = LINE('',#7377,#7378);
#7377 = CARTESIAN_POINT('',(0.,0.6));
#7378 = VECTOR('',#7379,1.);
#7379 = DIRECTION('',(1.,0.));
#7380 = ( GEOMETRIC_REPRESENTATION_CONTEXT(2) 
PARAMETRIC_REPRESENTATION_CONTEXT() REPRESENTATION_CONTEXT('2D SPACE',''
  ) );
#7381 = ORIENTED_EDGE('',*,*,#7335,.T.);
#7382 = ORIENTED_EDGE('',*,*,#2994,.F.);
#7383 = ADVANCED_FACE('',(#7384),#3063,.T.);
#7384 = FACE_BOUND('',#7385,.T.);
#7385 = EDGE_LOOP('',(#7386,#7409,#7437,#7458));
#7386 = ORIENTED_EDGE('',*,*,#7387,.F.);
#7387 = EDGE_CURVE('',#7388,#3047,#7390,.T.);
#7388 = VERTEX_POINT('',#7389);
#7389 = CARTESIAN_POINT('',(-12.565,4.095,2.));
#7390 = SURFACE_CURVE('',#7391,(#7395,#7402),.PCURVE_S1.);
#7391 = LINE('',#7392,#7393);
#7392 = CARTESIAN_POINT('',(-12.565,4.095,2.));
#7393 = VECTOR('',#7394,1.);
#7394 = DIRECTION('',(0.,0.,1.));
#7395 = PCURVE('',#3063,#7396);
#7396 = DEFINITIONAL_REPRESENTATION('',(#7397),#7401);
#7397 = LINE('',#7398,#7399);
#7398 = CARTESIAN_POINT('',(0.,0.6));
#7399 = VECTOR('',#7400,1.);
#7400 = DIRECTION('',(1.,0.));
#7401 = ( GEOMETRIC_REPRESENTATION_CONTEXT(2) 
PARAMETRIC_REPRESENTATION_CONTEXT() REPRESENTATION_CONTEXT('2D SPACE',''
  ) );
#7402 = PCURVE('',#3139,#7403);
#7403 = DEFINITIONAL_REPRESENTATION('',(#7404),#7408);
#7404 = LINE('',#7405,#7406);
#7405 = CARTESIAN_POINT('',(0.,0.));
#7406 = VECTOR('',#7407,1.);
#7407 = DIRECTION('',(1.,0.));
#7408 = ( GEOMETRIC_REPRESENTATION_CONTEXT(2) 
PARAMETRIC_REPRESENTATION_CONTEXT() REPRESENTATION_CONTEXT('2D SPACE',''
  ) );
#7409 = ORIENTED_EDGE('',*,*,#7410,.F.);
#7410 = EDGE_CURVE('',#7411,#7388,#7413,.T.);
#7411 = VERTEX_POINT('',#7412);
#7412 = CARTESIAN_POINT('',(-13.165,4.095,2.));
#7413 = SURFACE_CURVE('',#7414,(#7418,#7425),.PCURVE_S1.);
#7414 = LINE('',#7415,#7416);
#7415 = CARTESIAN_POINT('',(-13.165,4.095,2.));
#7416 = VECTOR('',#7417,1.);
#7417 = DIRECTION('',(1.,0.,0.));
#7418 = PCURVE('',#3063,#7419);
#7419 = DEFINITIONAL_REPRESENTATION('',(#7420),#7424);
#7420 = LINE('',#7421,#7422);
#7421 = CARTESIAN_POINT('',(0.,0.));
#7422 = VECTOR('',#7423,1.);
#7423 = DIRECTION('',(0.,1.));
#7424 = ( GEOMETRIC_REPRESENTATION_CONTEXT(2) 
PARAMETRIC_REPRESENTATION_CONTEXT() REPRESENTATION_CONTEXT('2D SPACE',''
  ) );
#7425 = PCURVE('',#7426,#7431);
#7426 = PLANE('',#7427);
#7427 = AXIS2_PLACEMENT_3D('',#7428,#7429,#7430);
#7428 = CARTESIAN_POINT('',(-13.165,4.095,2.));
#7429 = DIRECTION('',(0.,0.,1.));
#7430 = DIRECTION('',(1.,0.,0.));
#7431 = DEFINITIONAL_REPRESENTATION('',(#7432),#7436);
#7432 = LINE('',#7433,#7434);
#7433 = CARTESIAN_POINT('',(0.,0.));
#7434 = VECTOR('',#7435,1.);
#7435 = DIRECTION('',(1.,0.));
#7436 = ( GEOMETRIC_REPRESENTATION_CONTEXT(2) 
PARAMETRIC_REPRESENTATION_CONTEXT() REPRESENTATION_CONTEXT('2D SPACE',''
  ) );
#7437 = ORIENTED_EDGE('',*,*,#7438,.T.);
#7438 = EDGE_CURVE('',#7411,#3049,#7439,.T.);
#7439 = SURFACE_CURVE('',#7440,(#7444,#7451),.PCURVE_S1.);
#7440 = LINE('',#7441,#7442);
#7441 = CARTESIAN_POINT('',(-13.165,4.095,2.));
#7442 = VECTOR('',#7443,1.);
#7443 = DIRECTION('',(0.,0.,1.));
#7444 = PCURVE('',#3063,#7445);
#7445 = DEFINITIONAL_REPRESENTATION('',(#7446),#7450);
#7446 = LINE('',#7447,#7448);
#7447 = CARTESIAN_POINT('',(0.,0.));
#7448 = VECTOR('',#7449,1.);
#7449 = DIRECTION('',(1.,0.));
#7450 = ( GEOMETRIC_REPRESENTATION_CONTEXT(2) 
PARAMETRIC_REPRESENTATION_CONTEXT() REPRESENTATION_CONTEXT('2D SPACE',''
  ) );
#7451 = PCURVE('',#3089,#7452);
#7452 = DEFINITIONAL_REPRESENTATION('',(#7453),#7457);
#7453 = LINE('',#7454,#7455);
#7454 = CARTESIAN_POINT('',(0.,0.));
#7455 = VECTOR('',#7456,1.);
#7456 = DIRECTION('',(1.,0.));
#7457 = ( GEOMETRIC_REPRESENTATION_CONTEXT(2) 
PARAMETRIC_REPRESENTATION_CONTEXT() REPRESENTATION_CONTEXT('2D SPACE',''
  ) );
#7458 = ORIENTED_EDGE('',*,*,#3046,.F.);
#7459 = ADVANCED_FACE('',(#7460),#3139,.F.);
#7460 = FACE_BOUND('',#7461,.F.);
#7461 = EDGE_LOOP('',(#7462,#7463,#7486,#7507));
#7462 = ORIENTED_EDGE('',*,*,#7387,.F.);
#7463 = ORIENTED_EDGE('',*,*,#7464,.T.);
#7464 = EDGE_CURVE('',#7388,#7465,#7467,.T.);
#7465 = VERTEX_POINT('',#7466);
#7466 = CARTESIAN_POINT('',(-12.565,4.695,2.));
#7467 = SURFACE_CURVE('',#7468,(#7472,#7479),.PCURVE_S1.);
#7468 = LINE('',#7469,#7470);
#7469 = CARTESIAN_POINT('',(-12.565,4.095,2.));
#7470 = VECTOR('',#7471,1.);
#7471 = DIRECTION('',(0.,1.,0.));
#7472 = PCURVE('',#3139,#7473);
#7473 = DEFINITIONAL_REPRESENTATION('',(#7474),#7478);
#7474 = LINE('',#7475,#7476);
#7475 = CARTESIAN_POINT('',(0.,0.));
#7476 = VECTOR('',#7477,1.);
#7477 = DIRECTION('',(0.,-1.));
#7478 = ( GEOMETRIC_REPRESENTATION_CONTEXT(2) 
PARAMETRIC_REPRESENTATION_CONTEXT() REPRESENTATION_CONTEXT('2D SPACE',''
  ) );
#7479 = PCURVE('',#7426,#7480);
#7480 = DEFINITIONAL_REPRESENTATION('',(#7481),#7485);
#7481 = LINE('',#7482,#7483);
#7482 = CARTESIAN_POINT('',(0.6,0.));
#7483 = VECTOR('',#7484,1.);
#7484 = DIRECTION('',(0.,1.));
#7485 = ( GEOMETRIC_REPRESENTATION_CONTEXT(2) 
PARAMETRIC_REPRESENTATION_CONTEXT() REPRESENTATION_CONTEXT('2D SPACE',''
  ) );
#7486 = ORIENTED_EDGE('',*,*,#7487,.T.);
#7487 = EDGE_CURVE('',#7465,#3101,#7488,.T.);
#7488 = SURFACE_CURVE('',#7489,(#7493,#7500),.PCURVE_S1.);
#7489 = LINE('',#7490,#7491);
#7490 = CARTESIAN_POINT('',(-12.565,4.695,2.));
#7491 = VECTOR('',#7492,1.);
#7492 = DIRECTION('',(0.,0.,1.));
#7493 = PCURVE('',#3139,#7494);
#7494 = DEFINITIONAL_REPRESENTATION('',(#7495),#7499);
#7495 = LINE('',#7496,#7497);
#7496 = CARTESIAN_POINT('',(0.,-0.6));
#7497 = VECTOR('',#7498,1.);
#7498 = DIRECTION('',(1.,0.));
#7499 = ( GEOMETRIC_REPRESENTATION_CONTEXT(2) 
PARAMETRIC_REPRESENTATION_CONTEXT() REPRESENTATION_CONTEXT('2D SPACE',''
  ) );
#7500 = PCURVE('',#3115,#7501);
#7501 = DEFINITIONAL_REPRESENTATION('',(#7502),#7506);
#7502 = LINE('',#7503,#7504);
#7503 = CARTESIAN_POINT('',(0.,0.6));
#7504 = VECTOR('',#7505,1.);
#7505 = DIRECTION('',(1.,0.));
#7506 = ( GEOMETRIC_REPRESENTATION_CONTEXT(2) 
PARAMETRIC_REPRESENTATION_CONTEXT() REPRESENTATION_CONTEXT('2D SPACE',''
  ) );
#7507 = ORIENTED_EDGE('',*,*,#3126,.F.);
#7508 = ADVANCED_FACE('',(#7509),#3089,.T.);
#7509 = FACE_BOUND('',#7510,.T.);
#7510 = EDGE_LOOP('',(#7511,#7512,#7535,#7556));
#7511 = ORIENTED_EDGE('',*,*,#7438,.F.);
#7512 = ORIENTED_EDGE('',*,*,#7513,.T.);
#7513 = EDGE_CURVE('',#7411,#7514,#7516,.T.);
#7514 = VERTEX_POINT('',#7515);
#7515 = CARTESIAN_POINT('',(-13.165,4.695,2.));
#7516 = SURFACE_CURVE('',#7517,(#7521,#7528),.PCURVE_S1.);
#7517 = LINE('',#7518,#7519);
#7518 = CARTESIAN_POINT('',(-13.165,4.095,2.));
#7519 = VECTOR('',#7520,1.);
#7520 = DIRECTION('',(0.,1.,0.));
#7521 = PCURVE('',#3089,#7522);
#7522 = DEFINITIONAL_REPRESENTATION('',(#7523),#7527);
#7523 = LINE('',#7524,#7525);
#7524 = CARTESIAN_POINT('',(0.,0.));
#7525 = VECTOR('',#7526,1.);
#7526 = DIRECTION('',(0.,-1.));
#7527 = ( GEOMETRIC_REPRESENTATION_CONTEXT(2) 
PARAMETRIC_REPRESENTATION_CONTEXT() REPRESENTATION_CONTEXT('2D SPACE',''
  ) );
#7528 = PCURVE('',#7426,#7529);
#7529 = DEFINITIONAL_REPRESENTATION('',(#7530),#7534);
#7530 = LINE('',#7531,#7532);
#7531 = CARTESIAN_POINT('',(0.,0.));
#7532 = VECTOR('',#7533,1.);
#7533 = DIRECTION('',(0.,1.));
#7534 = ( GEOMETRIC_REPRESENTATION_CONTEXT(2) 
PARAMETRIC_REPRESENTATION_CONTEXT() REPRESENTATION_CONTEXT('2D SPACE',''
  ) );
#7535 = ORIENTED_EDGE('',*,*,#7536,.T.);
#7536 = EDGE_CURVE('',#7514,#3075,#7537,.T.);
#7537 = SURFACE_CURVE('',#7538,(#7542,#7549),.PCURVE_S1.);
#7538 = LINE('',#7539,#7540);
#7539 = CARTESIAN_POINT('',(-13.165,4.695,2.));
#7540 = VECTOR('',#7541,1.);
#7541 = DIRECTION('',(0.,0.,1.));
#7542 = PCURVE('',#3089,#7543);
#7543 = DEFINITIONAL_REPRESENTATION('',(#7544),#7548);
#7544 = LINE('',#7545,#7546);
#7545 = CARTESIAN_POINT('',(0.,-0.6));
#7546 = VECTOR('',#7547,1.);
#7547 = DIRECTION('',(1.,0.));
#7548 = ( GEOMETRIC_REPRESENTATION_CONTEXT(2) 
PARAMETRIC_REPRESENTATION_CONTEXT() REPRESENTATION_CONTEXT('2D SPACE',''
  ) );
#7549 = PCURVE('',#3115,#7550);
#7550 = DEFINITIONAL_REPRESENTATION('',(#7551),#7555);
#7551 = LINE('',#7552,#7553);
#7552 = CARTESIAN_POINT('',(0.,0.));
#7553 = VECTOR('',#7554,1.);
#7554 = DIRECTION('',(1.,0.));
#7555 = ( GEOMETRIC_REPRESENTATION_CONTEXT(2) 
PARAMETRIC_REPRESENTATION_CONTEXT() REPRESENTATION_CONTEXT('2D SPACE',''
  ) );
#7556 = ORIENTED_EDGE('',*,*,#3074,.F.);
#7557 = ADVANCED_FACE('',(#7558),#3115,.F.);
#7558 = FACE_BOUND('',#7559,.F.);
#7559 = EDGE_LOOP('',(#7560,#7561,#7582,#7583));
#7560 = ORIENTED_EDGE('',*,*,#7487,.F.);
#7561 = ORIENTED_EDGE('',*,*,#7562,.F.);
#7562 = EDGE_CURVE('',#7514,#7465,#7563,.T.);
#7563 = SURFACE_CURVE('',#7564,(#7568,#7575),.PCURVE_S1.);
#7564 = LINE('',#7565,#7566);
#7565 = CARTESIAN_POINT('',(-13.165,4.695,2.));
#7566 = VECTOR('',#7567,1.);
#7567 = DIRECTION('',(1.,0.,0.));
#7568 = PCURVE('',#3115,#7569);
#7569 = DEFINITIONAL_REPRESENTATION('',(#7570),#7574);
#7570 = LINE('',#7571,#7572);
#7571 = CARTESIAN_POINT('',(0.,0.));
#7572 = VECTOR('',#7573,1.);
#7573 = DIRECTION('',(0.,1.));
#7574 = ( GEOMETRIC_REPRESENTATION_CONTEXT(2) 
PARAMETRIC_REPRESENTATION_CONTEXT() REPRESENTATION_CONTEXT('2D SPACE',''
  ) );
#7575 = PCURVE('',#7426,#7576);
#7576 = DEFINITIONAL_REPRESENTATION('',(#7577),#7581);
#7577 = LINE('',#7578,#7579);
#7578 = CARTESIAN_POINT('',(0.,0.6));
#7579 = VECTOR('',#7580,1.);
#7580 = DIRECTION('',(1.,0.));
#7581 = ( GEOMETRIC_REPRESENTATION_CONTEXT(2) 
PARAMETRIC_REPRESENTATION_CONTEXT() REPRESENTATION_CONTEXT('2D SPACE',''
  ) );
#7582 = ORIENTED_EDGE('',*,*,#7536,.T.);
#7583 = ORIENTED_EDGE('',*,*,#3100,.F.);
#7584 = ADVANCED_FACE('',(#7585),#3169,.T.);
#7585 = FACE_BOUND('',#7586,.T.);
#7586 = EDGE_LOOP('',(#7587,#7610,#7638,#7659));
#7587 = ORIENTED_EDGE('',*,*,#7588,.F.);
#7588 = EDGE_CURVE('',#7589,#3153,#7591,.T.);
#7589 = VERTEX_POINT('',#7590);
#7590 = CARTESIAN_POINT('',(-12.565,5.365,2.));
#7591 = SURFACE_CURVE('',#7592,(#7596,#7603),.PCURVE_S1.);
#7592 = LINE('',#7593,#7594);
#7593 = CARTESIAN_POINT('',(-12.565,5.365,2.));
#7594 = VECTOR('',#7595,1.);
#7595 = DIRECTION('',(0.,0.,1.));
#7596 = PCURVE('',#3169,#7597);
#7597 = DEFINITIONAL_REPRESENTATION('',(#7598),#7602);
#7598 = LINE('',#7599,#7600);
#7599 = CARTESIAN_POINT('',(0.,0.6));
#7600 = VECTOR('',#7601,1.);
#7601 = DIRECTION('',(1.,0.));
#7602 = ( GEOMETRIC_REPRESENTATION_CONTEXT(2) 
PARAMETRIC_REPRESENTATION_CONTEXT() REPRESENTATION_CONTEXT('2D SPACE',''
  ) );
#7603 = PCURVE('',#3245,#7604);
#7604 = DEFINITIONAL_REPRESENTATION('',(#7605),#7609);
#7605 = LINE('',#7606,#7607);
#7606 = CARTESIAN_POINT('',(0.,0.));
#7607 = VECTOR('',#7608,1.);
#7608 = DIRECTION('',(1.,0.));
#7609 = ( GEOMETRIC_REPRESENTATION_CONTEXT(2) 
PARAMETRIC_REPRESENTATION_CONTEXT() REPRESENTATION_CONTEXT('2D SPACE',''
  ) );
#7610 = ORIENTED_EDGE('',*,*,#7611,.F.);
#7611 = EDGE_CURVE('',#7612,#7589,#7614,.T.);
#7612 = VERTEX_POINT('',#7613);
#7613 = CARTESIAN_POINT('',(-13.165,5.365,2.));
#7614 = SURFACE_CURVE('',#7615,(#7619,#7626),.PCURVE_S1.);
#7615 = LINE('',#7616,#7617);
#7616 = CARTESIAN_POINT('',(-13.165,5.365,2.));
#7617 = VECTOR('',#7618,1.);
#7618 = DIRECTION('',(1.,0.,0.));
#7619 = PCURVE('',#3169,#7620);
#7620 = DEFINITIONAL_REPRESENTATION('',(#7621),#7625);
#7621 = LINE('',#7622,#7623);
#7622 = CARTESIAN_POINT('',(0.,0.));
#7623 = VECTOR('',#7624,1.);
#7624 = DIRECTION('',(0.,1.));
#7625 = ( GEOMETRIC_REPRESENTATION_CONTEXT(2) 
PARAMETRIC_REPRESENTATION_CONTEXT() REPRESENTATION_CONTEXT('2D SPACE',''
  ) );
#7626 = PCURVE('',#7627,#7632);
#7627 = PLANE('',#7628);
#7628 = AXIS2_PLACEMENT_3D('',#7629,#7630,#7631);
#7629 = CARTESIAN_POINT('',(-13.165,5.365,2.));
#7630 = DIRECTION('',(0.,0.,1.));
#7631 = DIRECTION('',(1.,0.,0.));
#7632 = DEFINITIONAL_REPRESENTATION('',(#7633),#7637);
#7633 = LINE('',#7634,#7635);
#7634 = CARTESIAN_POINT('',(0.,0.));
#7635 = VECTOR('',#7636,1.);
#7636 = DIRECTION('',(1.,0.));
#7637 = ( GEOMETRIC_REPRESENTATION_CONTEXT(2) 
PARAMETRIC_REPRESENTATION_CONTEXT() REPRESENTATION_CONTEXT('2D SPACE',''
  ) );
#7638 = ORIENTED_EDGE('',*,*,#7639,.T.);
#7639 = EDGE_CURVE('',#7612,#3155,#7640,.T.);
#7640 = SURFACE_CURVE('',#7641,(#7645,#7652),.PCURVE_S1.);
#7641 = LINE('',#7642,#7643);
#7642 = CARTESIAN_POINT('',(-13.165,5.365,2.));
#7643 = VECTOR('',#7644,1.);
#7644 = DIRECTION('',(0.,0.,1.));
#7645 = PCURVE('',#3169,#7646);
#7646 = DEFINITIONAL_REPRESENTATION('',(#7647),#7651);
#7647 = LINE('',#7648,#7649);
#7648 = CARTESIAN_POINT('',(0.,0.));
#7649 = VECTOR('',#7650,1.);
#7650 = DIRECTION('',(1.,0.));
#7651 = ( GEOMETRIC_REPRESENTATION_CONTEXT(2) 
PARAMETRIC_REPRESENTATION_CONTEXT() REPRESENTATION_CONTEXT('2D SPACE',''
  ) );
#7652 = PCURVE('',#3195,#7653);
#7653 = DEFINITIONAL_REPRESENTATION('',(#7654),#7658);
#7654 = LINE('',#7655,#7656);
#7655 = CARTESIAN_POINT('',(0.,0.));
#7656 = VECTOR('',#7657,1.);
#7657 = DIRECTION('',(1.,0.));
#7658 = ( GEOMETRIC_REPRESENTATION_CONTEXT(2) 
PARAMETRIC_REPRESENTATION_CONTEXT() REPRESENTATION_CONTEXT('2D SPACE',''
  ) );
#7659 = ORIENTED_EDGE('',*,*,#3152,.F.);
#7660 = ADVANCED_FACE('',(#7661),#3245,.F.);
#7661 = FACE_BOUND('',#7662,.F.);
#7662 = EDGE_LOOP('',(#7663,#7664,#7687,#7708));
#7663 = ORIENTED_EDGE('',*,*,#7588,.F.);
#7664 = ORIENTED_EDGE('',*,*,#7665,.T.);
#7665 = EDGE_CURVE('',#7589,#7666,#7668,.T.);
#7666 = VERTEX_POINT('',#7667);
#7667 = CARTESIAN_POINT('',(-12.565,5.965,2.));
#7668 = SURFACE_CURVE('',#7669,(#7673,#7680),.PCURVE_S1.);
#7669 = LINE('',#7670,#7671);
#7670 = CARTESIAN_POINT('',(-12.565,5.365,2.));
#7671 = VECTOR('',#7672,1.);
#7672 = DIRECTION('',(0.,1.,0.));
#7673 = PCURVE('',#3245,#7674);
#7674 = DEFINITIONAL_REPRESENTATION('',(#7675),#7679);
#7675 = LINE('',#7676,#7677);
#7676 = CARTESIAN_POINT('',(0.,0.));
#7677 = VECTOR('',#7678,1.);
#7678 = DIRECTION('',(0.,-1.));
#7679 = ( GEOMETRIC_REPRESENTATION_CONTEXT(2) 
PARAMETRIC_REPRESENTATION_CONTEXT() REPRESENTATION_CONTEXT('2D SPACE',''
  ) );
#7680 = PCURVE('',#7627,#7681);
#7681 = DEFINITIONAL_REPRESENTATION('',(#7682),#7686);
#7682 = LINE('',#7683,#7684);
#7683 = CARTESIAN_POINT('',(0.6,0.));
#7684 = VECTOR('',#7685,1.);
#7685 = DIRECTION('',(0.,1.));
#7686 = ( GEOMETRIC_REPRESENTATION_CONTEXT(2) 
PARAMETRIC_REPRESENTATION_CONTEXT() REPRESENTATION_CONTEXT('2D SPACE',''
  ) );
#7687 = ORIENTED_EDGE('',*,*,#7688,.T.);
#7688 = EDGE_CURVE('',#7666,#3207,#7689,.T.);
#7689 = SURFACE_CURVE('',#7690,(#7694,#7701),.PCURVE_S1.);
#7690 = LINE('',#7691,#7692);
#7691 = CARTESIAN_POINT('',(-12.565,5.965,2.));
#7692 = VECTOR('',#7693,1.);
#7693 = DIRECTION('',(0.,0.,1.));
#7694 = PCURVE('',#3245,#7695);
#7695 = DEFINITIONAL_REPRESENTATION('',(#7696),#7700);
#7696 = LINE('',#7697,#7698);
#7697 = CARTESIAN_POINT('',(0.,-0.6));
#7698 = VECTOR('',#7699,1.);
#7699 = DIRECTION('',(1.,0.));
#7700 = ( GEOMETRIC_REPRESENTATION_CONTEXT(2) 
PARAMETRIC_REPRESENTATION_CONTEXT() REPRESENTATION_CONTEXT('2D SPACE',''
  ) );
#7701 = PCURVE('',#3221,#7702);
#7702 = DEFINITIONAL_REPRESENTATION('',(#7703),#7707);
#7703 = LINE('',#7704,#7705);
#7704 = CARTESIAN_POINT('',(0.,0.6));
#7705 = VECTOR('',#7706,1.);
#7706 = DIRECTION('',(1.,0.));
#7707 = ( GEOMETRIC_REPRESENTATION_CONTEXT(2) 
PARAMETRIC_REPRESENTATION_CONTEXT() REPRESENTATION_CONTEXT('2D SPACE',''
  ) );
#7708 = ORIENTED_EDGE('',*,*,#3232,.F.);
#7709 = ADVANCED_FACE('',(#7710),#3195,.T.);
#7710 = FACE_BOUND('',#7711,.T.);
#7711 = EDGE_LOOP('',(#7712,#7713,#7736,#7757));
#7712 = ORIENTED_EDGE('',*,*,#7639,.F.);
#7713 = ORIENTED_EDGE('',*,*,#7714,.T.);
#7714 = EDGE_CURVE('',#7612,#7715,#7717,.T.);
#7715 = VERTEX_POINT('',#7716);
#7716 = CARTESIAN_POINT('',(-13.165,5.965,2.));
#7717 = SURFACE_CURVE('',#7718,(#7722,#7729),.PCURVE_S1.);
#7718 = LINE('',#7719,#7720);
#7719 = CARTESIAN_POINT('',(-13.165,5.365,2.));
#7720 = VECTOR('',#7721,1.);
#7721 = DIRECTION('',(0.,1.,0.));
#7722 = PCURVE('',#3195,#7723);
#7723 = DEFINITIONAL_REPRESENTATION('',(#7724),#7728);
#7724 = LINE('',#7725,#7726);
#7725 = CARTESIAN_POINT('',(0.,0.));
#7726 = VECTOR('',#7727,1.);
#7727 = DIRECTION('',(0.,-1.));
#7728 = ( GEOMETRIC_REPRESENTATION_CONTEXT(2) 
PARAMETRIC_REPRESENTATION_CONTEXT() REPRESENTATION_CONTEXT('2D SPACE',''
  ) );
#7729 = PCURVE('',#7627,#7730);
#7730 = DEFINITIONAL_REPRESENTATION('',(#7731),#7735);
#7731 = LINE('',#7732,#7733);
#7732 = CARTESIAN_POINT('',(0.,0.));
#7733 = VECTOR('',#7734,1.);
#7734 = DIRECTION('',(0.,1.));
#7735 = ( GEOMETRIC_REPRESENTATION_CONTEXT(2) 
PARAMETRIC_REPRESENTATION_CONTEXT() REPRESENTATION_CONTEXT('2D SPACE',''
  ) );
#7736 = ORIENTED_EDGE('',*,*,#7737,.T.);
#7737 = EDGE_CURVE('',#7715,#3181,#7738,.T.);
#7738 = SURFACE_CURVE('',#7739,(#7743,#7750),.PCURVE_S1.);
#7739 = LINE('',#7740,#7741);
#7740 = CARTESIAN_POINT('',(-13.165,5.965,2.));
#7741 = VECTOR('',#7742,1.);
#7742 = DIRECTION('',(0.,0.,1.));
#7743 = PCURVE('',#3195,#7744);
#7744 = DEFINITIONAL_REPRESENTATION('',(#7745),#7749);
#7745 = LINE('',#7746,#7747);
#7746 = CARTESIAN_POINT('',(0.,-0.6));
#7747 = VECTOR('',#7748,1.);
#7748 = DIRECTION('',(1.,0.));
#7749 = ( GEOMETRIC_REPRESENTATION_CONTEXT(2) 
PARAMETRIC_REPRESENTATION_CONTEXT() REPRESENTATION_CONTEXT('2D SPACE',''
  ) );
#7750 = PCURVE('',#3221,#7751);
#7751 = DEFINITIONAL_REPRESENTATION('',(#7752),#7756);
#7752 = LINE('',#7753,#7754);
#7753 = CARTESIAN_POINT('',(0.,0.));
#7754 = VECTOR('',#7755,1.);
#7755 = DIRECTION('',(1.,0.));
#7756 = ( GEOMETRIC_REPRESENTATION_CONTEXT(2) 
PARAMETRIC_REPRESENTATION_CONTEXT() REPRESENTATION_CONTEXT('2D SPACE',''
  ) );
#7757 = ORIENTED_EDGE('',*,*,#3180,.F.);
#7758 = ADVANCED_FACE('',(#7759),#3221,.F.);
#7759 = FACE_BOUND('',#7760,.F.);
#7760 = EDGE_LOOP('',(#7761,#7762,#7783,#7784));
#7761 = ORIENTED_EDGE('',*,*,#7688,.F.);
#7762 = ORIENTED_EDGE('',*,*,#7763,.F.);
#7763 = EDGE_CURVE('',#7715,#7666,#7764,.T.);
#7764 = SURFACE_CURVE('',#7765,(#7769,#7776),.PCURVE_S1.);
#7765 = LINE('',#7766,#7767);
#7766 = CARTESIAN_POINT('',(-13.165,5.965,2.));
#7767 = VECTOR('',#7768,1.);
#7768 = DIRECTION('',(1.,0.,0.));
#7769 = PCURVE('',#3221,#7770);
#7770 = DEFINITIONAL_REPRESENTATION('',(#7771),#7775);
#7771 = LINE('',#7772,#7773);
#7772 = CARTESIAN_POINT('',(0.,0.));
#7773 = VECTOR('',#7774,1.);
#7774 = DIRECTION('',(0.,1.));
#7775 = ( GEOMETRIC_REPRESENTATION_CONTEXT(2) 
PARAMETRIC_REPRESENTATION_CONTEXT() REPRESENTATION_CONTEXT('2D SPACE',''
  ) );
#7776 = PCURVE('',#7627,#7777);
#7777 = DEFINITIONAL_REPRESENTATION('',(#7778),#7782);
#7778 = LINE('',#7779,#7780);
#7779 = CARTESIAN_POINT('',(0.,0.6));
#7780 = VECTOR('',#7781,1.);
#7781 = DIRECTION('',(1.,0.));
#7782 = ( GEOMETRIC_REPRESENTATION_CONTEXT(2) 
PARAMETRIC_REPRESENTATION_CONTEXT() REPRESENTATION_CONTEXT('2D SPACE',''
  ) );
#7783 = ORIENTED_EDGE('',*,*,#7737,.T.);
#7784 = ORIENTED_EDGE('',*,*,#3206,.F.);
#7785 = ADVANCED_FACE('',(#7786),#3501,.F.);
#7786 = FACE_BOUND('',#7787,.F.);
#7787 = EDGE_LOOP('',(#7788,#7789,#7790,#7791));
#7788 = ORIENTED_EDGE('',*,*,#3636,.F.);
#7789 = ORIENTED_EDGE('',*,*,#3485,.T.);
#7790 = ORIENTED_EDGE('',*,*,#3538,.T.);
#7791 = ORIENTED_EDGE('',*,*,#3586,.F.);
#7792 = ADVANCED_FACE('',(#7793),#3427,.T.);
#7793 = FACE_BOUND('',#7794,.T.);
#7794 = EDGE_LOOP('',(#7795,#7796,#7797,#7820));
#7795 = ORIENTED_EDGE('',*,*,#3411,.F.);
#7796 = ORIENTED_EDGE('',*,*,#3743,.T.);
#7797 = ORIENTED_EDGE('',*,*,#7798,.T.);
#7798 = EDGE_CURVE('',#3716,#7799,#7801,.T.);
#7799 = VERTEX_POINT('',#7800);
#7800 = CARTESIAN_POINT('',(-10.9,6.3,0.25));
#7801 = SURFACE_CURVE('',#7802,(#7806,#7813),.PCURVE_S1.);
#7802 = LINE('',#7803,#7804);
#7803 = CARTESIAN_POINT('',(-12.,6.3,0.25));
#7804 = VECTOR('',#7805,1.);
#7805 = DIRECTION('',(1.,0.,0.));
#7806 = PCURVE('',#3427,#7807);
#7807 = DEFINITIONAL_REPRESENTATION('',(#7808),#7812);
#7808 = LINE('',#7809,#7810);
#7809 = CARTESIAN_POINT('',(0.25,0.));
#7810 = VECTOR('',#7811,1.);
#7811 = DIRECTION('',(0.,1.));
#7812 = ( GEOMETRIC_REPRESENTATION_CONTEXT(2) 
PARAMETRIC_REPRESENTATION_CONTEXT() REPRESENTATION_CONTEXT('2D SPACE',''
  ) );
#7813 = PCURVE('',#3731,#7814);
#7814 = DEFINITIONAL_REPRESENTATION('',(#7815),#7819);
#7815 = LINE('',#7816,#7817);
#7816 = CARTESIAN_POINT('',(0.,12.7));
#7817 = VECTOR('',#7818,1.);
#7818 = DIRECTION('',(1.,0.));
#7819 = ( GEOMETRIC_REPRESENTATION_CONTEXT(2) 
PARAMETRIC_REPRESENTATION_CONTEXT() REPRESENTATION_CONTEXT('2D SPACE',''
  ) );
#7820 = ORIENTED_EDGE('',*,*,#7821,.F.);
#7821 = EDGE_CURVE('',#3384,#7799,#7822,.T.);
#7822 = SURFACE_CURVE('',#7823,(#7827,#7834),.PCURVE_S1.);
#7823 = LINE('',#7824,#7825);
#7824 = CARTESIAN_POINT('',(-10.9,6.3,0.));
#7825 = VECTOR('',#7826,1.);
#7826 = DIRECTION('',(0.,0.,1.));
#7827 = PCURVE('',#3427,#7828);
#7828 = DEFINITIONAL_REPRESENTATION('',(#7829),#7833);
#7829 = LINE('',#7830,#7831);
#7830 = CARTESIAN_POINT('',(0.,1.1));
#7831 = VECTOR('',#7832,1.);
#7832 = DIRECTION('',(1.,0.));
#7833 = ( GEOMETRIC_REPRESENTATION_CONTEXT(2) 
PARAMETRIC_REPRESENTATION_CONTEXT() REPRESENTATION_CONTEXT('2D SPACE',''
  ) );
#7834 = PCURVE('',#3399,#7835);
#7835 = DEFINITIONAL_REPRESENTATION('',(#7836),#7840);
#7836 = LINE('',#7837,#7838);
#7837 = CARTESIAN_POINT('',(0.,-12.7));
#7838 = VECTOR('',#7839,1.);
#7839 = DIRECTION('',(1.,0.));
#7840 = ( GEOMETRIC_REPRESENTATION_CONTEXT(2) 
PARAMETRIC_REPRESENTATION_CONTEXT() REPRESENTATION_CONTEXT('2D SPACE',''
  ) );
#7841 = ADVANCED_FACE('',(#7842),#3731,.T.);
#7842 = FACE_BOUND('',#7843,.T.);
#7843 = EDGE_LOOP('',(#7844,#7845,#7868,#7889));
#7844 = ORIENTED_EDGE('',*,*,#3715,.F.);
#7845 = ORIENTED_EDGE('',*,*,#7846,.T.);
#7846 = EDGE_CURVE('',#3693,#7847,#7849,.T.);
#7847 = VERTEX_POINT('',#7848);
#7848 = CARTESIAN_POINT('',(-10.9,-6.4,0.25));
#7849 = SURFACE_CURVE('',#7850,(#7854,#7861),.PCURVE_S1.);
#7850 = LINE('',#7851,#7852);
#7851 = CARTESIAN_POINT('',(-12.,-6.4,0.25));
#7852 = VECTOR('',#7853,1.);
#7853 = DIRECTION('',(1.,0.,0.));
#7854 = PCURVE('',#3731,#7855);
#7855 = DEFINITIONAL_REPRESENTATION('',(#7856),#7860);
#7856 = LINE('',#7857,#7858);
#7857 = CARTESIAN_POINT('',(0.,0.));
#7858 = VECTOR('',#7859,1.);
#7859 = DIRECTION('',(1.,0.));
#7860 = ( GEOMETRIC_REPRESENTATION_CONTEXT(2) 
PARAMETRIC_REPRESENTATION_CONTEXT() REPRESENTATION_CONTEXT('2D SPACE',''
  ) );
#7861 = PCURVE('',#3371,#7862);
#7862 = DEFINITIONAL_REPRESENTATION('',(#7863),#7867);
#7863 = LINE('',#7864,#7865);
#7864 = CARTESIAN_POINT('',(0.25,0.));
#7865 = VECTOR('',#7866,1.);
#7866 = DIRECTION('',(0.,1.));
#7867 = ( GEOMETRIC_REPRESENTATION_CONTEXT(2) 
PARAMETRIC_REPRESENTATION_CONTEXT() REPRESENTATION_CONTEXT('2D SPACE',''
  ) );
#7868 = ORIENTED_EDGE('',*,*,#7869,.T.);
#7869 = EDGE_CURVE('',#7847,#7799,#7870,.T.);
#7870 = SURFACE_CURVE('',#7871,(#7875,#7882),.PCURVE_S1.);
#7871 = LINE('',#7872,#7873);
#7872 = CARTESIAN_POINT('',(-10.9,-6.4,0.25));
#7873 = VECTOR('',#7874,1.);
#7874 = DIRECTION('',(0.,1.,0.));
#7875 = PCURVE('',#3731,#7876);
#7876 = DEFINITIONAL_REPRESENTATION('',(#7877),#7881);
#7877 = LINE('',#7878,#7879);
#7878 = CARTESIAN_POINT('',(1.1,0.));
#7879 = VECTOR('',#7880,1.);
#7880 = DIRECTION('',(0.,1.));
#7881 = ( GEOMETRIC_REPRESENTATION_CONTEXT(2) 
PARAMETRIC_REPRESENTATION_CONTEXT() REPRESENTATION_CONTEXT('2D SPACE',''
  ) );
#7882 = PCURVE('',#3399,#7883);
#7883 = DEFINITIONAL_REPRESENTATION('',(#7884),#7888);
#7884 = LINE('',#7885,#7886);
#7885 = CARTESIAN_POINT('',(0.25,0.));
#7886 = VECTOR('',#7887,1.);
#7887 = DIRECTION('',(0.,-1.));
#7888 = ( GEOMETRIC_REPRESENTATION_CONTEXT(2) 
PARAMETRIC_REPRESENTATION_CONTEXT() REPRESENTATION_CONTEXT('2D SPACE',''
  ) );
#7889 = ORIENTED_EDGE('',*,*,#7798,.F.);
#7890 = ADVANCED_FACE('',(#7891),#3371,.F.);
#7891 = FACE_BOUND('',#7892,.F.);
#7892 = EDGE_LOOP('',(#7893,#7894,#7895,#7896));
#7893 = ORIENTED_EDGE('',*,*,#3355,.F.);
#7894 = ORIENTED_EDGE('',*,*,#3692,.T.);
#7895 = ORIENTED_EDGE('',*,*,#7846,.T.);
#7896 = ORIENTED_EDGE('',*,*,#7897,.F.);
#7897 = EDGE_CURVE('',#3356,#7847,#7898,.T.);
#7898 = SURFACE_CURVE('',#7899,(#7903,#7910),.PCURVE_S1.);
#7899 = LINE('',#7900,#7901);
#7900 = CARTESIAN_POINT('',(-10.9,-6.4,0.));
#7901 = VECTOR('',#7902,1.);
#7902 = DIRECTION('',(0.,0.,1.));
#7903 = PCURVE('',#3371,#7904);
#7904 = DEFINITIONAL_REPRESENTATION('',(#7905),#7909);
#7905 = LINE('',#7906,#7907);
#7906 = CARTESIAN_POINT('',(0.,1.1));
#7907 = VECTOR('',#7908,1.);
#7908 = DIRECTION('',(1.,0.));
#7909 = ( GEOMETRIC_REPRESENTATION_CONTEXT(2) 
PARAMETRIC_REPRESENTATION_CONTEXT() REPRESENTATION_CONTEXT('2D SPACE',''
  ) );
#7910 = PCURVE('',#3399,#7911);
#7911 = DEFINITIONAL_REPRESENTATION('',(#7912),#7916);
#7912 = LINE('',#7913,#7914);
#7913 = CARTESIAN_POINT('',(0.,0.));
#7914 = VECTOR('',#7915,1.);
#7915 = DIRECTION('',(1.,0.));
#7916 = ( GEOMETRIC_REPRESENTATION_CONTEXT(2) 
PARAMETRIC_REPRESENTATION_CONTEXT() REPRESENTATION_CONTEXT('2D SPACE',''
  ) );
#7917 = ADVANCED_FACE('',(#7918),#3808,.T.);
#7918 = FACE_BOUND('',#7919,.T.);
#7919 = EDGE_LOOP('',(#7920,#7921,#7922,#7923));
#7920 = ORIENTED_EDGE('',*,*,#3895,.F.);
#7921 = ORIENTED_EDGE('',*,*,#3792,.T.);
#7922 = ORIENTED_EDGE('',*,*,#3846,.T.);
#7923 = ORIENTED_EDGE('',*,*,#3944,.F.);
#7924 = ADVANCED_FACE('',(#7925),#4009,.T.);
#7925 = FACE_BOUND('',#7926,.T.);
#7926 = EDGE_LOOP('',(#7927,#7928,#7929,#7930));
#7927 = ORIENTED_EDGE('',*,*,#4096,.F.);
#7928 = ORIENTED_EDGE('',*,*,#3993,.T.);
#7929 = ORIENTED_EDGE('',*,*,#4047,.T.);
#7930 = ORIENTED_EDGE('',*,*,#4145,.F.);
#7931 = ADVANCED_FACE('',(#7932),#4210,.T.);
#7932 = FACE_BOUND('',#7933,.T.);
#7933 = EDGE_LOOP('',(#7934,#7935,#7936,#7937));
#7934 = ORIENTED_EDGE('',*,*,#4297,.F.);
#7935 = ORIENTED_EDGE('',*,*,#4194,.T.);
#7936 = ORIENTED_EDGE('',*,*,#4248,.T.);
#7937 = ORIENTED_EDGE('',*,*,#4346,.F.);
#7938 = ADVANCED_FACE('',(#7939),#4411,.T.);
#7939 = FACE_BOUND('',#7940,.T.);
#7940 = EDGE_LOOP('',(#7941,#7942,#7943,#7944));
#7941 = ORIENTED_EDGE('',*,*,#4498,.F.);
#7942 = ORIENTED_EDGE('',*,*,#4395,.T.);
#7943 = ORIENTED_EDGE('',*,*,#4449,.T.);
#7944 = ORIENTED_EDGE('',*,*,#4547,.F.);
#7945 = ADVANCED_FACE('',(#7946),#4612,.T.);
#7946 = FACE_BOUND('',#7947,.T.);
#7947 = EDGE_LOOP('',(#7948,#7949,#7950,#7951));
#7948 = ORIENTED_EDGE('',*,*,#4699,.F.);
#7949 = ORIENTED_EDGE('',*,*,#4596,.T.);
#7950 = ORIENTED_EDGE('',*,*,#4650,.T.);
#7951 = ORIENTED_EDGE('',*,*,#4748,.F.);
#7952 = ADVANCED_FACE('',(#7953),#4813,.T.);
#7953 = FACE_BOUND('',#7954,.T.);
#7954 = EDGE_LOOP('',(#7955,#7956,#7957,#7958));
#7955 = ORIENTED_EDGE('',*,*,#4949,.F.);
#7956 = ORIENTED_EDGE('',*,*,#4797,.T.);
#7957 = ORIENTED_EDGE('',*,*,#4851,.T.);
#7958 = ORIENTED_EDGE('',*,*,#4900,.F.);
#7959 = ADVANCED_FACE('',(#7960),#5014,.T.);
#7960 = FACE_BOUND('',#7961,.T.);
#7961 = EDGE_LOOP('',(#7962,#7963,#7964,#7965));
#7962 = ORIENTED_EDGE('',*,*,#5101,.F.);
#7963 = ORIENTED_EDGE('',*,*,#4998,.T.);
#7964 = ORIENTED_EDGE('',*,*,#5052,.T.);
#7965 = ORIENTED_EDGE('',*,*,#5150,.F.);
#7966 = ADVANCED_FACE('',(#7967),#5215,.T.);
#7967 = FACE_BOUND('',#7968,.T.);
#7968 = EDGE_LOOP('',(#7969,#7970,#7971,#7972));
#7969 = ORIENTED_EDGE('',*,*,#5302,.F.);
#7970 = ORIENTED_EDGE('',*,*,#5199,.T.);
#7971 = ORIENTED_EDGE('',*,*,#5253,.T.);
#7972 = ORIENTED_EDGE('',*,*,#5351,.F.);
#7973 = ADVANCED_FACE('',(#7974),#5416,.T.);
#7974 = FACE_BOUND('',#7975,.T.);
#7975 = EDGE_LOOP('',(#7976,#7977,#7978,#7979));
#7976 = ORIENTED_EDGE('',*,*,#5503,.F.);
#7977 = ORIENTED_EDGE('',*,*,#5400,.T.);
#7978 = ORIENTED_EDGE('',*,*,#5454,.T.);
#7979 = ORIENTED_EDGE('',*,*,#5552,.F.);
#7980 = ADVANCED_FACE('',(#7981),#5617,.T.);
#7981 = FACE_BOUND('',#7982,.T.);
#7982 = EDGE_LOOP('',(#7983,#7984,#7985,#7986));
#7983 = ORIENTED_EDGE('',*,*,#5704,.F.);
#7984 = ORIENTED_EDGE('',*,*,#5601,.T.);
#7985 = ORIENTED_EDGE('',*,*,#5655,.T.);
#7986 = ORIENTED_EDGE('',*,*,#5753,.F.);
#7987 = ADVANCED_FACE('',(#7988),#5818,.T.);
#7988 = FACE_BOUND('',#7989,.T.);
#7989 = EDGE_LOOP('',(#7990,#7991,#7992,#7993));
#7990 = ORIENTED_EDGE('',*,*,#5905,.F.);
#7991 = ORIENTED_EDGE('',*,*,#5802,.T.);
#7992 = ORIENTED_EDGE('',*,*,#5856,.T.);
#7993 = ORIENTED_EDGE('',*,*,#5954,.F.);
#7994 = ADVANCED_FACE('',(#7995),#6019,.T.);
#7995 = FACE_BOUND('',#7996,.T.);
#7996 = EDGE_LOOP('',(#7997,#7998,#7999,#8000));
#7997 = ORIENTED_EDGE('',*,*,#6106,.F.);
#7998 = ORIENTED_EDGE('',*,*,#6003,.T.);
#7999 = ORIENTED_EDGE('',*,*,#6057,.T.);
#8000 = ORIENTED_EDGE('',*,*,#6155,.F.);
#8001 = ADVANCED_FACE('',(#8002),#6220,.T.);
#8002 = FACE_BOUND('',#8003,.T.);
#8003 = EDGE_LOOP('',(#8004,#8005,#8006,#8007));
#8004 = ORIENTED_EDGE('',*,*,#6307,.F.);
#8005 = ORIENTED_EDGE('',*,*,#6204,.T.);
#8006 = ORIENTED_EDGE('',*,*,#6258,.T.);
#8007 = ORIENTED_EDGE('',*,*,#6356,.F.);
#8008 = ADVANCED_FACE('',(#8009),#6421,.T.);
#8009 = FACE_BOUND('',#8010,.T.);
#8010 = EDGE_LOOP('',(#8011,#8012,#8013,#8014));
#8011 = ORIENTED_EDGE('',*,*,#6508,.F.);
#8012 = ORIENTED_EDGE('',*,*,#6405,.T.);
#8013 = ORIENTED_EDGE('',*,*,#6459,.T.);
#8014 = ORIENTED_EDGE('',*,*,#6557,.F.);
#8015 = ADVANCED_FACE('',(#8016),#6622,.T.);
#8016 = FACE_BOUND('',#8017,.T.);
#8017 = EDGE_LOOP('',(#8018,#8019,#8020,#8021));
#8018 = ORIENTED_EDGE('',*,*,#6709,.F.);
#8019 = ORIENTED_EDGE('',*,*,#6606,.T.);
#8020 = ORIENTED_EDGE('',*,*,#6660,.T.);
#8021 = ORIENTED_EDGE('',*,*,#6758,.F.);
#8022 = ADVANCED_FACE('',(#8023),#6823,.T.);
#8023 = FACE_BOUND('',#8024,.T.);
#8024 = EDGE_LOOP('',(#8025,#8026,#8027,#8028));
#8025 = ORIENTED_EDGE('',*,*,#6910,.F.);
#8026 = ORIENTED_EDGE('',*,*,#6807,.T.);
#8027 = ORIENTED_EDGE('',*,*,#6861,.T.);
#8028 = ORIENTED_EDGE('',*,*,#6959,.F.);
#8029 = ADVANCED_FACE('',(#8030),#7024,.T.);
#8030 = FACE_BOUND('',#8031,.T.);
#8031 = EDGE_LOOP('',(#8032,#8033,#8034,#8035));
#8032 = ORIENTED_EDGE('',*,*,#7111,.F.);
#8033 = ORIENTED_EDGE('',*,*,#7008,.T.);
#8034 = ORIENTED_EDGE('',*,*,#7062,.T.);
#8035 = ORIENTED_EDGE('',*,*,#7160,.F.);
#8036 = ADVANCED_FACE('',(#8037),#7225,.T.);
#8037 = FACE_BOUND('',#8038,.T.);
#8038 = EDGE_LOOP('',(#8039,#8040,#8041,#8042));
#8039 = ORIENTED_EDGE('',*,*,#7312,.F.);
#8040 = ORIENTED_EDGE('',*,*,#7209,.T.);
#8041 = ORIENTED_EDGE('',*,*,#7263,.T.);
#8042 = ORIENTED_EDGE('',*,*,#7361,.F.);
#8043 = ADVANCED_FACE('',(#8044),#7426,.T.);
#8044 = FACE_BOUND('',#8045,.T.);
#8045 = EDGE_LOOP('',(#8046,#8047,#8048,#8049));
#8046 = ORIENTED_EDGE('',*,*,#7513,.F.);
#8047 = ORIENTED_EDGE('',*,*,#7410,.T.);
#8048 = ORIENTED_EDGE('',*,*,#7464,.T.);
#8049 = ORIENTED_EDGE('',*,*,#7562,.F.);
#8050 = ADVANCED_FACE('',(#8051),#7627,.T.);
#8051 = FACE_BOUND('',#8052,.T.);
#8052 = EDGE_LOOP('',(#8053,#8054,#8055,#8056));
#8053 = ORIENTED_EDGE('',*,*,#7714,.F.);
#8054 = ORIENTED_EDGE('',*,*,#7611,.T.);
#8055 = ORIENTED_EDGE('',*,*,#7665,.T.);
#8056 = ORIENTED_EDGE('',*,*,#7763,.F.);
#8057 = ADVANCED_FACE('',(#8058),#3399,.T.);
#8058 = FACE_BOUND('',#8059,.T.);
#8059 = EDGE_LOOP('',(#8060,#8061,#8062,#8063));
#8060 = ORIENTED_EDGE('',*,*,#7897,.F.);
#8061 = ORIENTED_EDGE('',*,*,#3383,.T.);
#8062 = ORIENTED_EDGE('',*,*,#7821,.T.);
#8063 = ORIENTED_EDGE('',*,*,#7869,.F.);
#8064 = ( GEOMETRIC_REPRESENTATION_CONTEXT(3) 
GLOBAL_UNCERTAINTY_ASSIGNED_CONTEXT((#8068)) 
GLOBAL_UNIT_ASSIGNED_CONTEXT((#8065,#8066,#8067)) REPRESENTATION_CONTEXT
('Context #1','3D Context with UNIT and UNCERTAINTY') );
#8065 = ( LENGTH_UNIT() NAMED_UNIT(*) SI_UNIT(.MILLI.,.METRE.) );
#8066 = ( NAMED_UNIT(*) PLANE_ANGLE_UNIT() SI_UNIT($,.RADIAN.) );
#8067 = ( NAMED_UNIT(*) SI_UNIT($,.STERADIAN.) SOLID_ANGLE_UNIT() );
#8068 = UNCERTAINTY_MEASURE_WITH_UNIT(LENGTH_MEASURE(1.E-07),#8065,
  'distance_accuracy_value','confusion accuracy');
#8069 = CONTEXT_DEPENDENT_SHAPE_REPRESENTATION(#8070,#8072);
#8070 = ( REPRESENTATION_RELATIONSHIP('','',#829,#10) 
REPRESENTATION_RELATIONSHIP_WITH_TRANSFORMATION(#8071) 
SHAPE_REPRESENTATION_RELATIONSHIP() );
#8071 = ITEM_DEFINED_TRANSFORMATION('','',#11,#27);
#8072 = PRODUCT_DEFINITION_SHAPE('Placement','Placement of an item',
  #8073);
#8073 = NEXT_ASSEMBLY_USAGE_OCCURRENCE('4','hdr_h1','',#5,#824,$);
#8074 = PRODUCT_RELATED_PRODUCT_CATEGORY('part',$,(#826));
#8075 = SHAPE_DEFINITION_REPRESENTATION(#8076,#8082);
#8076 = PRODUCT_DEFINITION_SHAPE('','',#8077);
#8077 = PRODUCT_DEFINITION('design','',#8078,#8081);
#8078 = PRODUCT_DEFINITION_FORMATION('','',#8079);
#8079 = PRODUCT('hdr_h2','hdr_h2','',(#8080));
#8080 = PRODUCT_CONTEXT('',#2,'mechanical');
#8081 = PRODUCT_DEFINITION_CONTEXT('part definition',#2,'design');
#8082 = ADVANCED_BREP_SHAPE_REPRESENTATION('',(#11,#8083),#15317);
#8083 = MANIFOLD_SOLID_BREP('',#8084);
#8084 = CLOSED_SHELL('',(#8085,#8312,#10508,#10557,#10786,#10835,#10884,
    #10911,#10938,#11018,#11094,#11143,#11192,#11219,#11295,#11344,
    #11393,#11420,#11496,#11545,#11594,#11621,#11697,#11746,#11795,
    #11822,#11898,#11947,#11996,#12023,#12099,#12148,#12197,#12224,
    #12300,#12349,#12398,#12425,#12501,#12550,#12599,#12626,#12702,
    #12751,#12800,#12827,#12903,#12952,#13001,#13028,#13104,#13153,
    #13202,#13229,#13305,#13354,#13403,#13430,#13506,#13555,#13604,
    #13631,#13707,#13756,#13805,#13832,#13908,#13957,#14006,#14033,
    #14109,#14158,#14207,#14234,#14310,#14359,#14408,#14435,#14511,
    #14560,#14609,#14636,#14712,#14761,#14810,#14837,#14913,#14962,
    #15011,#15038,#15045,#15094,#15143,#15170,#15177,#15184,#15191,
    #15198,#15205,#15212,#15219,#15226,#15233,#15240,#15247,#15254,
    #15261,#15268,#15275,#15282,#15289,#15296,#15303,#15310));
#8085 = ADVANCED_FACE('',(#8086),#8100,.F.);
#8086 = FACE_BOUND('',#8087,.F.);
#8087 = EDGE_LOOP('',(#8088,#8123,#8151,#8179,#8207,#8235,#8263,#8286));
#8088 = ORIENTED_EDGE('',*,*,#8089,.F.);
#8089 = EDGE_CURVE('',#8090,#8092,#8094,.T.);
#8090 = VERTEX_POINT('',#8091);
#8091 = CARTESIAN_POINT('',(12.,-6.6,4.5));
#8092 = VERTEX_POINT('',#8093);
#8093 = CARTESIAN_POINT('',(12.,6.5,4.5));
#8094 = SURFACE_CURVE('',#8095,(#8099,#8111),.PCURVE_S1.);
#8095 = LINE('',#8096,#8097);
#8096 = CARTESIAN_POINT('',(12.,-6.6,4.5));
#8097 = VECTOR('',#8098,1.);
#8098 = DIRECTION('',(0.,1.,0.));
#8099 = PCURVE('',#8100,#8105);
#8100 = PLANE('',#8101);
#8101 = AXIS2_PLACEMENT_3D('',#8102,#8103,#8104);
#8102 = CARTESIAN_POINT('',(12.,-6.6,0.));
#8103 = DIRECTION('',(1.,0.,0.));
#8104 = DIRECTION('',(0.,0.,1.));
#8105 = DEFINITIONAL_REPRESENTATION('',(#8106),#8110);
#8106 = LINE('',#8107,#8108);
#8107 = CARTESIAN_POINT('',(4.5,0.));
#8108 = VECTOR('',#8109,1.);
#8109 = DIRECTION('',(0.,-1.));
#8110 = ( GEOMETRIC_REPRESENTATION_CONTEXT(2) 
PARAMETRIC_REPRESENTATION_CONTEXT() REPRESENTATION_CONTEXT('2D SPACE',''
  ) );
#8111 = PCURVE('',#8112,#8117);
#8112 = PLANE('',#8113);
#8113 = AXIS2_PLACEMENT_3D('',#8114,#8115,#8116);
#8114 = CARTESIAN_POINT('',(12.,-6.6,4.5));
#8115 = DIRECTION('',(0.,0.,1.));
#8116 = DIRECTION('',(1.,0.,0.));
#8117 = DEFINITIONAL_REPRESENTATION('',(#8118),#8122);
#8118 = LINE('',#8119,#8120);
#8119 = CARTESIAN_POINT('',(0.,0.));
#8120 = VECTOR('',#8121,1.);
#8121 = DIRECTION('',(0.,1.));
#8122 = ( GEOMETRIC_REPRESENTATION_CONTEXT(2) 
PARAMETRIC_REPRESENTATION_CONTEXT() REPRESENTATION_CONTEXT('2D SPACE',''
  ) );
#8123 = ORIENTED_EDGE('',*,*,#8124,.F.);
#8124 = EDGE_CURVE('',#8125,#8090,#8127,.T.);
#8125 = VERTEX_POINT('',#8126);
#8126 = CARTESIAN_POINT('',(12.,-6.6,0.));
#8127 = SURFACE_CURVE('',#8128,(#8132,#8139),.PCURVE_S1.);
#8128 = LINE('',#8129,#8130);
#8129 = CARTESIAN_POINT('',(12.,-6.6,0.));
#8130 = VECTOR('',#8131,1.);
#8131 = DIRECTION('',(0.,0.,1.));
#8132 = PCURVE('',#8100,#8133);
#8133 = DEFINITIONAL_REPRESENTATION('',(#8134),#8138);
#8134 = LINE('',#8135,#8136);
#8135 = CARTESIAN_POINT('',(0.,0.));
#8136 = VECTOR('',#8137,1.);
#8137 = DIRECTION('',(1.,0.));
#8138 = ( GEOMETRIC_REPRESENTATION_CONTEXT(2) 
PARAMETRIC_REPRESENTATION_CONTEXT() REPRESENTATION_CONTEXT('2D SPACE',''
  ) );
#8139 = PCURVE('',#8140,#8145);
#8140 = PLANE('',#8141);
#8141 = AXIS2_PLACEMENT_3D('',#8142,#8143,#8144);
#8142 = CARTESIAN_POINT('',(12.,-6.6,0.));
#8143 = DIRECTION('',(0.,1.,0.));
#8144 = DIRECTION('',(0.,0.,1.));
#8145 = DEFINITIONAL_REPRESENTATION('',(#8146),#8150);
#8146 = LINE('',#8147,#8148);
#8147 = CARTESIAN_POINT('',(0.,0.));
#8148 = VECTOR('',#8149,1.);
#8149 = DIRECTION('',(1.,0.));
#8150 = ( GEOMETRIC_REPRESENTATION_CONTEXT(2) 
PARAMETRIC_REPRESENTATION_CONTEXT() REPRESENTATION_CONTEXT('2D SPACE',''
  ) );
#8151 = ORIENTED_EDGE('',*,*,#8152,.T.);
#8152 = EDGE_CURVE('',#8125,#8153,#8155,.T.);
#8153 = VERTEX_POINT('',#8154);
#8154 = CARTESIAN_POINT('',(12.,-6.4,0.));
#8155 = SURFACE_CURVE('',#8156,(#8160,#8167),.PCURVE_S1.);
#8156 = LINE('',#8157,#8158);
#8157 = CARTESIAN_POINT('',(12.,-6.6,0.));
#8158 = VECTOR('',#8159,1.);
#8159 = DIRECTION('',(0.,1.,0.));
#8160 = PCURVE('',#8100,#8161);
#8161 = DEFINITIONAL_REPRESENTATION('',(#8162),#8166);
#8162 = LINE('',#8163,#8164);
#8163 = CARTESIAN_POINT('',(0.,0.));
#8164 = VECTOR('',#8165,1.);
#8165 = DIRECTION('',(0.,-1.));
#8166 = ( GEOMETRIC_REPRESENTATION_CONTEXT(2) 
PARAMETRIC_REPRESENTATION_CONTEXT() REPRESENTATION_CONTEXT('2D SPACE',''
  ) );
#8167 = PCURVE('',#8168,#8173);
#8168 = PLANE('',#8169);
#8169 = AXIS2_PLACEMENT_3D('',#8170,#8171,#8172);
#8170 = CARTESIAN_POINT('',(12.,-6.6,0.));
#8171 = DIRECTION('',(0.,0.,1.));
#8172 = DIRECTION('',(1.,0.,0.));
#8173 = DEFINITIONAL_REPRESENTATION('',(#8174),#8178);
#8174 = LINE('',#8175,#8176);
#8175 = CARTESIAN_POINT('',(0.,0.));
#8176 = VECTOR('',#8177,1.);
#8177 = DIRECTION('',(0.,1.));
#8178 = ( GEOMETRIC_REPRESENTATION_CONTEXT(2) 
PARAMETRIC_REPRESENTATION_CONTEXT() REPRESENTATION_CONTEXT('2D SPACE',''
  ) );
#8179 = ORIENTED_EDGE('',*,*,#8180,.T.);
#8180 = EDGE_CURVE('',#8153,#8181,#8183,.T.);
#8181 = VERTEX_POINT('',#8182);
#8182 = CARTESIAN_POINT('',(12.,-6.4,0.25));
#8183 = SURFACE_CURVE('',#8184,(#8188,#8195),.PCURVE_S1.);
#8184 = LINE('',#8185,#8186);
#8185 = CARTESIAN_POINT('',(12.,-6.4,0.));
#8186 = VECTOR('',#8187,1.);
#8187 = DIRECTION('',(0.,0.,1.));
#8188 = PCURVE('',#8100,#8189);
#8189 = DEFINITIONAL_REPRESENTATION('',(#8190),#8194);
#8190 = LINE('',#8191,#8192);
#8191 = CARTESIAN_POINT('',(0.,-0.2));
#8192 = VECTOR('',#8193,1.);
#8193 = DIRECTION('',(1.,0.));
#8194 = ( GEOMETRIC_REPRESENTATION_CONTEXT(2) 
PARAMETRIC_REPRESENTATION_CONTEXT() REPRESENTATION_CONTEXT('2D SPACE',''
  ) );
#8195 = PCURVE('',#8196,#8201);
#8196 = PLANE('',#8197);
#8197 = AXIS2_PLACEMENT_3D('',#8198,#8199,#8200);
#8198 = CARTESIAN_POINT('',(10.9,-6.4,0.));
#8199 = DIRECTION('',(0.,1.,0.));
#8200 = DIRECTION('',(0.,0.,1.));
#8201 = DEFINITIONAL_REPRESENTATION('',(#8202),#8206);
#8202 = LINE('',#8203,#8204);
#8203 = CARTESIAN_POINT('',(0.,1.1));
#8204 = VECTOR('',#8205,1.);
#8205 = DIRECTION('',(1.,0.));
#8206 = ( GEOMETRIC_REPRESENTATION_CONTEXT(2) 
PARAMETRIC_REPRESENTATION_CONTEXT() REPRESENTATION_CONTEXT('2D SPACE',''
  ) );
#8207 = ORIENTED_EDGE('',*,*,#8208,.T.);
#8208 = EDGE_CURVE('',#8181,#8209,#8211,.T.);
#8209 = VERTEX_POINT('',#8210);
#8210 = CARTESIAN_POINT('',(12.,6.3,0.25));
#8211 = SURFACE_CURVE('',#8212,(#8216,#8223),.PCURVE_S1.);
#8212 = LINE('',#8213,#8214);
#8213 = CARTESIAN_POINT('',(12.,-6.4,0.25));
#8214 = VECTOR('',#8215,1.);
#8215 = DIRECTION('',(0.,1.,0.));
#8216 = PCURVE('',#8100,#8217);
#8217 = DEFINITIONAL_REPRESENTATION('',(#8218),#8222);
#8218 = LINE('',#8219,#8220);
#8219 = CARTESIAN_POINT('',(0.25,-0.2));
#8220 = VECTOR('',#8221,1.);
#8221 = DIRECTION('',(0.,-1.));
#8222 = ( GEOMETRIC_REPRESENTATION_CONTEXT(2) 
PARAMETRIC_REPRESENTATION_CONTEXT() REPRESENTATION_CONTEXT('2D SPACE',''
  ) );
#8223 = PCURVE('',#8224,#8229);
#8224 = PLANE('',#8225);
#8225 = AXIS2_PLACEMENT_3D('',#8226,#8227,#8228);
#8226 = CARTESIAN_POINT('',(10.9,-6.4,0.25));
#8227 = DIRECTION('',(0.,0.,1.));
#8228 = DIRECTION('',(1.,0.,0.));
#8229 = DEFINITIONAL_REPRESENTATION('',(#8230),#8234);
#8230 = LINE('',#8231,#8232);
#8231 = CARTESIAN_POINT('',(1.1,0.));
#8232 = VECTOR('',#8233,1.);
#8233 = DIRECTION('',(0.,1.));
#8234 = ( GEOMETRIC_REPRESENTATION_CONTEXT(2) 
PARAMETRIC_REPRESENTATION_CONTEXT() REPRESENTATION_CONTEXT('2D SPACE',''
  ) );
#8235 = ORIENTED_EDGE('',*,*,#8236,.F.);
#8236 = EDGE_CURVE('',#8237,#8209,#8239,.T.);
#8237 = VERTEX_POINT('',#8238);
#8238 = CARTESIAN_POINT('',(12.,6.3,0.));
#8239 = SURFACE_CURVE('',#8240,(#8244,#8251),.PCURVE_S1.);
#8240 = LINE('',#8241,#8242);
#8241 = CARTESIAN_POINT('',(12.,6.3,0.));
#8242 = VECTOR('',#8243,1.);
#8243 = DIRECTION('',(0.,0.,1.));
#8244 = PCURVE('',#8100,#8245);
#8245 = DEFINITIONAL_REPRESENTATION('',(#8246),#8250);
#8246 = LINE('',#8247,#8248);
#8247 = CARTESIAN_POINT('',(0.,-12.9));
#8248 = VECTOR('',#8249,1.);
#8249 = DIRECTION('',(1.,0.));
#8250 = ( GEOMETRIC_REPRESENTATION_CONTEXT(2) 
PARAMETRIC_REPRESENTATION_CONTEXT() REPRESENTATION_CONTEXT('2D SPACE',''
  ) );
#8251 = PCURVE('',#8252,#8257);
#8252 = PLANE('',#8253);
#8253 = AXIS2_PLACEMENT_3D('',#8254,#8255,#8256);
#8254 = CARTESIAN_POINT('',(10.9,6.3,0.));
#8255 = DIRECTION('',(0.,1.,0.));
#8256 = DIRECTION('',(0.,0.,1.));
#8257 = DEFINITIONAL_REPRESENTATION('',(#8258),#8262);
#8258 = LINE('',#8259,#8260);
#8259 = CARTESIAN_POINT('',(0.,1.1));
#8260 = VECTOR('',#8261,1.);
#8261 = DIRECTION('',(1.,0.));
#8262 = ( GEOMETRIC_REPRESENTATION_CONTEXT(2) 
PARAMETRIC_REPRESENTATION_CONTEXT() REPRESENTATION_CONTEXT('2D SPACE',''
  ) );
#8263 = ORIENTED_EDGE('',*,*,#8264,.T.);
#8264 = EDGE_CURVE('',#8237,#8265,#8267,.T.);
#8265 = VERTEX_POINT('',#8266);
#8266 = CARTESIAN_POINT('',(12.,6.5,0.));
#8267 = SURFACE_CURVE('',#8268,(#8272,#8279),.PCURVE_S1.);
#8268 = LINE('',#8269,#8270);
#8269 = CARTESIAN_POINT('',(12.,-6.6,0.));
#8270 = VECTOR('',#8271,1.);
#8271 = DIRECTION('',(0.,1.,0.));
#8272 = PCURVE('',#8100,#8273);
#8273 = DEFINITIONAL_REPRESENTATION('',(#8274),#8278);
#8274 = LINE('',#8275,#8276);
#8275 = CARTESIAN_POINT('',(0.,0.));
#8276 = VECTOR('',#8277,1.);
#8277 = DIRECTION('',(0.,-1.));
#8278 = ( GEOMETRIC_REPRESENTATION_CONTEXT(2) 
PARAMETRIC_REPRESENTATION_CONTEXT() REPRESENTATION_CONTEXT('2D SPACE',''
  ) );
#8279 = PCURVE('',#8168,#8280);
#8280 = DEFINITIONAL_REPRESENTATION('',(#8281),#8285);
#8281 = LINE('',#8282,#8283);
#8282 = CARTESIAN_POINT('',(0.,0.));
#8283 = VECTOR('',#8284,1.);
#8284 = DIRECTION('',(0.,1.));
#8285 = ( GEOMETRIC_REPRESENTATION_CONTEXT(2) 
PARAMETRIC_REPRESENTATION_CONTEXT() REPRESENTATION_CONTEXT('2D SPACE',''
  ) );
#8286 = ORIENTED_EDGE('',*,*,#8287,.T.);
#8287 = EDGE_CURVE('',#8265,#8092,#8288,.T.);
#8288 = SURFACE_CURVE('',#8289,(#8293,#8300),.PCURVE_S1.);
#8289 = LINE('',#8290,#8291);
#8290 = CARTESIAN_POINT('',(12.,6.5,0.));
#8291 = VECTOR('',#8292,1.);
#8292 = DIRECTION('',(0.,0.,1.));
#8293 = PCURVE('',#8100,#8294);
#8294 = DEFINITIONAL_REPRESENTATION('',(#8295),#8299);
#8295 = LINE('',#8296,#8297);
#8296 = CARTESIAN_POINT('',(0.,-13.1));
#8297 = VECTOR('',#8298,1.);
#8298 = DIRECTION('',(1.,0.));
#8299 = ( GEOMETRIC_REPRESENTATION_CONTEXT(2) 
PARAMETRIC_REPRESENTATION_CONTEXT() REPRESENTATION_CONTEXT('2D SPACE',''
  ) );
#8300 = PCURVE('',#8301,#8306);
#8301 = PLANE('',#8302);
#8302 = AXIS2_PLACEMENT_3D('',#8303,#8304,#8305);
#8303 = CARTESIAN_POINT('',(12.,6.5,0.));
#8304 = DIRECTION('',(0.,1.,0.));
#8305 = DIRECTION('',(0.,0.,1.));
#8306 = DEFINITIONAL_REPRESENTATION('',(#8307),#8311);
#8307 = LINE('',#8308,#8309);
#8308 = CARTESIAN_POINT('',(0.,0.));
#8309 = VECTOR('',#8310,1.);
#8310 = DIRECTION('',(1.,0.));
#8311 = ( GEOMETRIC_REPRESENTATION_CONTEXT(2) 
PARAMETRIC_REPRESENTATION_CONTEXT() REPRESENTATION_CONTEXT('2D SPACE',''
  ) );
#8312 = ADVANCED_FACE('',(#8313,#8388,#8494,#8600,#8706,#8812,#8918,
    #9024,#9130,#9236,#9342,#9448,#9554,#9660,#9766,#9872,#9978,#10084,
    #10190,#10296,#10402),#8112,.T.);
#8313 = FACE_BOUND('',#8314,.T.);
#8314 = EDGE_LOOP('',(#8315,#8316,#8339,#8367));
#8315 = ORIENTED_EDGE('',*,*,#8089,.F.);
#8316 = ORIENTED_EDGE('',*,*,#8317,.T.);
#8317 = EDGE_CURVE('',#8090,#8318,#8320,.T.);
#8318 = VERTEX_POINT('',#8319);
#8319 = CARTESIAN_POINT('',(15.,-6.6,4.5));
#8320 = SURFACE_CURVE('',#8321,(#8325,#8332),.PCURVE_S1.);
#8321 = LINE('',#8322,#8323);
#8322 = CARTESIAN_POINT('',(12.,-6.6,4.5));
#8323 = VECTOR('',#8324,1.);
#8324 = DIRECTION('',(1.,0.,0.));
#8325 = PCURVE('',#8112,#8326);
#8326 = DEFINITIONAL_REPRESENTATION('',(#8327),#8331);
#8327 = LINE('',#8328,#8329);
#8328 = CARTESIAN_POINT('',(0.,0.));
#8329 = VECTOR('',#8330,1.);
#8330 = DIRECTION('',(1.,0.));
#8331 = ( GEOMETRIC_REPRESENTATION_CONTEXT(2) 
PARAMETRIC_REPRESENTATION_CONTEXT() REPRESENTATION_CONTEXT('2D SPACE',''
  ) );
#8332 = PCURVE('',#8140,#8333);
#8333 = DEFINITIONAL_REPRESENTATION('',(#8334),#8338);
#8334 = LINE('',#8335,#8336);
#8335 = CARTESIAN_POINT('',(4.5,0.));
#8336 = VECTOR('',#8337,1.);
#8337 = DIRECTION('',(0.,1.));
#8338 = ( GEOMETRIC_REPRESENTATION_CONTEXT(2) 
PARAMETRIC_REPRESENTATION_CONTEXT() REPRESENTATION_CONTEXT('2D SPACE',''
  ) );
#8339 = ORIENTED_EDGE('',*,*,#8340,.T.);
#8340 = EDGE_CURVE('',#8318,#8341,#8343,.T.);
#8341 = VERTEX_POINT('',#8342);
#8342 = CARTESIAN_POINT('',(15.,6.5,4.5));
#8343 = SURFACE_CURVE('',#8344,(#8348,#8355),.PCURVE_S1.);
#8344 = LINE('',#8345,#8346);
#8345 = CARTESIAN_POINT('',(15.,-6.6,4.5));
#8346 = VECTOR('',#8347,1.);
#8347 = DIRECTION('',(0.,1.,0.));
#8348 = PCURVE('',#8112,#8349);
#8349 = DEFINITIONAL_REPRESENTATION('',(#8350),#8354);
#8350 = LINE('',#8351,#8352);
#8351 = CARTESIAN_POINT('',(3.,0.));
#8352 = VECTOR('',#8353,1.);
#8353 = DIRECTION('',(0.,1.));
#8354 = ( GEOMETRIC_REPRESENTATION_CONTEXT(2) 
PARAMETRIC_REPRESENTATION_CONTEXT() REPRESENTATION_CONTEXT('2D SPACE',''
  ) );
#8355 = PCURVE('',#8356,#8361);
#8356 = PLANE('',#8357);
#8357 = AXIS2_PLACEMENT_3D('',#8358,#8359,#8360);
#8358 = CARTESIAN_POINT('',(15.,-6.6,0.));
#8359 = DIRECTION('',(1.,0.,0.));
#8360 = DIRECTION('',(0.,0.,1.));
#8361 = DEFINITIONAL_REPRESENTATION('',(#8362),#8366);
#8362 = LINE('',#8363,#8364);
#8363 = CARTESIAN_POINT('',(4.5,0.));
#8364 = VECTOR('',#8365,1.);
#8365 = DIRECTION('',(0.,-1.));
#8366 = ( GEOMETRIC_REPRESENTATION_CONTEXT(2) 
PARAMETRIC_REPRESENTATION_CONTEXT() REPRESENTATION_CONTEXT('2D SPACE',''
  ) );
#8367 = ORIENTED_EDGE('',*,*,#8368,.F.);
#8368 = EDGE_CURVE('',#8092,#8341,#8369,.T.);
#8369 = SURFACE_CURVE('',#8370,(#8374,#8381),.PCURVE_S1.);
#8370 = LINE('',#8371,#8372);
#8371 = CARTESIAN_POINT('',(12.,6.5,4.5));
#8372 = VECTOR('',#8373,1.);
#8373 = DIRECTION('',(1.,0.,0.));
#8374 = PCURVE('',#8112,#8375);
#8375 = DEFINITIONAL_REPRESENTATION('',(#8376),#8380);
#8376 = LINE('',#8377,#8378);
#8377 = CARTESIAN_POINT('',(0.,13.1));
#8378 = VECTOR('',#8379,1.);
#8379 = DIRECTION('',(1.,0.));
#8380 = ( GEOMETRIC_REPRESENTATION_CONTEXT(2) 
PARAMETRIC_REPRESENTATION_CONTEXT() REPRESENTATION_CONTEXT('2D SPACE',''
  ) );
#8381 = PCURVE('',#8301,#8382);
#8382 = DEFINITIONAL_REPRESENTATION('',(#8383),#8387);
#8383 = LINE('',#8384,#8385);
#8384 = CARTESIAN_POINT('',(4.5,0.));
#8385 = VECTOR('',#8386,1.);
#8386 = DIRECTION('',(0.,1.));
#8387 = ( GEOMETRIC_REPRESENTATION_CONTEXT(2) 
PARAMETRIC_REPRESENTATION_CONTEXT() REPRESENTATION_CONTEXT('2D SPACE',''
  ) );
#8388 = FACE_BOUND('',#8389,.T.);
#8389 = EDGE_LOOP('',(#8390,#8418,#8444,#8470));
#8390 = ORIENTED_EDGE('',*,*,#8391,.T.);
#8391 = EDGE_CURVE('',#8392,#8394,#8396,.T.);
#8392 = VERTEX_POINT('',#8393);
#8393 = CARTESIAN_POINT('',(13.165,-6.065,4.5));
#8394 = VERTEX_POINT('',#8395);
#8395 = CARTESIAN_POINT('',(12.565,-6.065,4.5));
#8396 = SURFACE_CURVE('',#8397,(#8401,#8407),.PCURVE_S1.);
#8397 = LINE('',#8398,#8399);
#8398 = CARTESIAN_POINT('',(12.2825,-6.065,4.5));
#8399 = VECTOR('',#8400,1.);
#8400 = DIRECTION('',(-1.,0.,0.));
#8401 = PCURVE('',#8112,#8402);
#8402 = DEFINITIONAL_REPRESENTATION('',(#8403),#8406);
#8403 = B_SPLINE_CURVE_WITH_KNOTS('',1,(#8404,#8405),.UNSPECIFIED.,.F.,
  .F.,(2,2),(-0.8825,-0.2825),.PIECEWISE_BEZIER_KNOTS.);
#8404 = CARTESIAN_POINT('',(1.165,0.535));
#8405 = CARTESIAN_POINT('',(0.565,0.535));
#8406 = ( GEOMETRIC_REPRESENTATION_CONTEXT(2) 
PARAMETRIC_REPRESENTATION_CONTEXT() REPRESENTATION_CONTEXT('2D SPACE',''
  ) );
#8407 = PCURVE('',#8408,#8413);
#8408 = PLANE('',#8409);
#8409 = AXIS2_PLACEMENT_3D('',#8410,#8411,#8412);
#8410 = CARTESIAN_POINT('',(12.565,-6.065,2.));
#8411 = DIRECTION('',(0.,1.,0.));
#8412 = DIRECTION('',(0.,0.,1.));
#8413 = DEFINITIONAL_REPRESENTATION('',(#8414),#8417);
#8414 = B_SPLINE_CURVE_WITH_KNOTS('',1,(#8415,#8416),.UNSPECIFIED.,.F.,
  .F.,(2,2),(-0.8825,-0.2825),.PIECEWISE_BEZIER_KNOTS.);
#8415 = CARTESIAN_POINT('',(2.5,0.6));
#8416 = CARTESIAN_POINT('',(2.5,0.));
#8417 = ( GEOMETRIC_REPRESENTATION_CONTEXT(2) 
PARAMETRIC_REPRESENTATION_CONTEXT() REPRESENTATION_CONTEXT('2D SPACE',''
  ) );
#8418 = ORIENTED_EDGE('',*,*,#8419,.T.);
#8419 = EDGE_CURVE('',#8394,#8420,#8422,.T.);
#8420 = VERTEX_POINT('',#8421);
#8421 = CARTESIAN_POINT('',(12.565,-5.465,4.5));
#8422 = SURFACE_CURVE('',#8423,(#8427,#8433),.PCURVE_S1.);
#8423 = LINE('',#8424,#8425);
#8424 = CARTESIAN_POINT('',(12.565,-6.3325,4.5));
#8425 = VECTOR('',#8426,1.);
#8426 = DIRECTION('',(0.,1.,0.));
#8427 = PCURVE('',#8112,#8428);
#8428 = DEFINITIONAL_REPRESENTATION('',(#8429),#8432);
#8429 = B_SPLINE_CURVE_WITH_KNOTS('',1,(#8430,#8431),.UNSPECIFIED.,.F.,
  .F.,(2,2),(0.2675,0.8675),.PIECEWISE_BEZIER_KNOTS.);
#8430 = CARTESIAN_POINT('',(0.565,0.535));
#8431 = CARTESIAN_POINT('',(0.565,1.135));
#8432 = ( GEOMETRIC_REPRESENTATION_CONTEXT(2) 
PARAMETRIC_REPRESENTATION_CONTEXT() REPRESENTATION_CONTEXT('2D SPACE',''
  ) );
#8433 = PCURVE('',#8434,#8439);
#8434 = PLANE('',#8435);
#8435 = AXIS2_PLACEMENT_3D('',#8436,#8437,#8438);
#8436 = CARTESIAN_POINT('',(12.565,-6.065,2.));
#8437 = DIRECTION('',(1.,0.,0.));
#8438 = DIRECTION('',(0.,0.,1.));
#8439 = DEFINITIONAL_REPRESENTATION('',(#8440),#8443);
#8440 = B_SPLINE_CURVE_WITH_KNOTS('',1,(#8441,#8442),.UNSPECIFIED.,.F.,
  .F.,(2,2),(0.2675,0.8675),.PIECEWISE_BEZIER_KNOTS.);
#8441 = CARTESIAN_POINT('',(2.5,0.));
#8442 = CARTESIAN_POINT('',(2.5,-0.6));
#8443 = ( GEOMETRIC_REPRESENTATION_CONTEXT(2) 
PARAMETRIC_REPRESENTATION_CONTEXT() REPRESENTATION_CONTEXT('2D SPACE',''
  ) );
#8444 = ORIENTED_EDGE('',*,*,#8445,.F.);
#8445 = EDGE_CURVE('',#8446,#8420,#8448,.T.);
#8446 = VERTEX_POINT('',#8447);
#8447 = CARTESIAN_POINT('',(13.165,-5.465,4.5));
#8448 = SURFACE_CURVE('',#8449,(#8453,#8459),.PCURVE_S1.);
#8449 = LINE('',#8450,#8451);
#8450 = CARTESIAN_POINT('',(12.2825,-5.465,4.5));
#8451 = VECTOR('',#8452,1.);
#8452 = DIRECTION('',(-1.,0.,0.));
#8453 = PCURVE('',#8112,#8454);
#8454 = DEFINITIONAL_REPRESENTATION('',(#8455),#8458);
#8455 = B_SPLINE_CURVE_WITH_KNOTS('',1,(#8456,#8457),.UNSPECIFIED.,.F.,
  .F.,(2,2),(-0.8825,-0.2825),.PIECEWISE_BEZIER_KNOTS.);
#8456 = CARTESIAN_POINT('',(1.165,1.135));
#8457 = CARTESIAN_POINT('',(0.565,1.135));
#8458 = ( GEOMETRIC_REPRESENTATION_CONTEXT(2) 
PARAMETRIC_REPRESENTATION_CONTEXT() REPRESENTATION_CONTEXT('2D SPACE',''
  ) );
#8459 = PCURVE('',#8460,#8465);
#8460 = PLANE('',#8461);
#8461 = AXIS2_PLACEMENT_3D('',#8462,#8463,#8464);
#8462 = CARTESIAN_POINT('',(12.565,-5.465,2.));
#8463 = DIRECTION('',(0.,1.,0.));
#8464 = DIRECTION('',(0.,0.,1.));
#8465 = DEFINITIONAL_REPRESENTATION('',(#8466),#8469);
#8466 = B_SPLINE_CURVE_WITH_KNOTS('',1,(#8467,#8468),.UNSPECIFIED.,.F.,
  .F.,(2,2),(-0.8825,-0.2825),.PIECEWISE_BEZIER_KNOTS.);
#8467 = CARTESIAN_POINT('',(2.5,0.6));
#8468 = CARTESIAN_POINT('',(2.5,0.));
#8469 = ( GEOMETRIC_REPRESENTATION_CONTEXT(2) 
PARAMETRIC_REPRESENTATION_CONTEXT() REPRESENTATION_CONTEXT('2D SPACE',''
  ) );
#8470 = ORIENTED_EDGE('',*,*,#8471,.F.);
#8471 = EDGE_CURVE('',#8392,#8446,#8472,.T.);
#8472 = SURFACE_CURVE('',#8473,(#8477,#8483),.PCURVE_S1.);
#8473 = LINE('',#8474,#8475);
#8474 = CARTESIAN_POINT('',(13.165,-6.3325,4.5));
#8475 = VECTOR('',#8476,1.);
#8476 = DIRECTION('',(0.,1.,0.));
#8477 = PCURVE('',#8112,#8478);
#8478 = DEFINITIONAL_REPRESENTATION('',(#8479),#8482);
#8479 = B_SPLINE_CURVE_WITH_KNOTS('',1,(#8480,#8481),.UNSPECIFIED.,.F.,
  .F.,(2,2),(0.2675,0.8675),.PIECEWISE_BEZIER_KNOTS.);
#8480 = CARTESIAN_POINT('',(1.165,0.535));
#8481 = CARTESIAN_POINT('',(1.165,1.135));
#8482 = ( GEOMETRIC_REPRESENTATION_CONTEXT(2) 
PARAMETRIC_REPRESENTATION_CONTEXT() REPRESENTATION_CONTEXT('2D SPACE',''
  ) );
#8483 = PCURVE('',#8484,#8489);
#8484 = PLANE('',#8485);
#8485 = AXIS2_PLACEMENT_3D('',#8486,#8487,#8488);
#8486 = CARTESIAN_POINT('',(13.165,-6.065,2.));
#8487 = DIRECTION('',(1.,0.,0.));
#8488 = DIRECTION('',(0.,0.,1.));
#8489 = DEFINITIONAL_REPRESENTATION('',(#8490),#8493);
#8490 = B_SPLINE_CURVE_WITH_KNOTS('',1,(#8491,#8492),.UNSPECIFIED.,.F.,
  .F.,(2,2),(0.2675,0.8675),.PIECEWISE_BEZIER_KNOTS.);
#8491 = CARTESIAN_POINT('',(2.5,0.));
#8492 = CARTESIAN_POINT('',(2.5,-0.6));
#8493 = ( GEOMETRIC_REPRESENTATION_CONTEXT(2) 
PARAMETRIC_REPRESENTATION_CONTEXT() REPRESENTATION_CONTEXT('2D SPACE',''
  ) );
#8494 = FACE_BOUND('',#8495,.T.);
#8495 = EDGE_LOOP('',(#8496,#8524,#8550,#8576));
#8496 = ORIENTED_EDGE('',*,*,#8497,.T.);
#8497 = EDGE_CURVE('',#8498,#8500,#8502,.T.);
#8498 = VERTEX_POINT('',#8499);
#8499 = CARTESIAN_POINT('',(13.165,-4.795,4.5));
#8500 = VERTEX_POINT('',#8501);
#8501 = CARTESIAN_POINT('',(12.565,-4.795,4.5));
#8502 = SURFACE_CURVE('',#8503,(#8507,#8513),.PCURVE_S1.);
#8503 = LINE('',#8504,#8505);
#8504 = CARTESIAN_POINT('',(12.2825,-4.795,4.5));
#8505 = VECTOR('',#8506,1.);
#8506 = DIRECTION('',(-1.,0.,0.));
#8507 = PCURVE('',#8112,#8508);
#8508 = DEFINITIONAL_REPRESENTATION('',(#8509),#8512);
#8509 = B_SPLINE_CURVE_WITH_KNOTS('',1,(#8510,#8511),.UNSPECIFIED.,.F.,
  .F.,(2,2),(-0.8825,-0.2825),.PIECEWISE_BEZIER_KNOTS.);
#8510 = CARTESIAN_POINT('',(1.165,1.805));
#8511 = CARTESIAN_POINT('',(0.565,1.805));
#8512 = ( GEOMETRIC_REPRESENTATION_CONTEXT(2) 
PARAMETRIC_REPRESENTATION_CONTEXT() REPRESENTATION_CONTEXT('2D SPACE',''
  ) );
#8513 = PCURVE('',#8514,#8519);
#8514 = PLANE('',#8515);
#8515 = AXIS2_PLACEMENT_3D('',#8516,#8517,#8518);
#8516 = CARTESIAN_POINT('',(12.565,-4.795,2.));
#8517 = DIRECTION('',(0.,1.,0.));
#8518 = DIRECTION('',(0.,0.,1.));
#8519 = DEFINITIONAL_REPRESENTATION('',(#8520),#8523);
#8520 = B_SPLINE_CURVE_WITH_KNOTS('',1,(#8521,#8522),.UNSPECIFIED.,.F.,
  .F.,(2,2),(-0.8825,-0.2825),.PIECEWISE_BEZIER_KNOTS.);
#8521 = CARTESIAN_POINT('',(2.5,0.6));
#8522 = CARTESIAN_POINT('',(2.5,0.));
#8523 = ( GEOMETRIC_REPRESENTATION_CONTEXT(2) 
PARAMETRIC_REPRESENTATION_CONTEXT() REPRESENTATION_CONTEXT('2D SPACE',''
  ) );
#8524 = ORIENTED_EDGE('',*,*,#8525,.T.);
#8525 = EDGE_CURVE('',#8500,#8526,#8528,.T.);
#8526 = VERTEX_POINT('',#8527);
#8527 = CARTESIAN_POINT('',(12.565,-4.195,4.5));
#8528 = SURFACE_CURVE('',#8529,(#8533,#8539),.PCURVE_S1.);
#8529 = LINE('',#8530,#8531);
#8530 = CARTESIAN_POINT('',(12.565,-5.6975,4.5));
#8531 = VECTOR('',#8532,1.);
#8532 = DIRECTION('',(0.,1.,0.));
#8533 = PCURVE('',#8112,#8534);
#8534 = DEFINITIONAL_REPRESENTATION('',(#8535),#8538);
#8535 = B_SPLINE_CURVE_WITH_KNOTS('',1,(#8536,#8537),.UNSPECIFIED.,.F.,
  .F.,(2,2),(0.9025,1.5025),.PIECEWISE_BEZIER_KNOTS.);
#8536 = CARTESIAN_POINT('',(0.565,1.805));
#8537 = CARTESIAN_POINT('',(0.565,2.405));
#8538 = ( GEOMETRIC_REPRESENTATION_CONTEXT(2) 
PARAMETRIC_REPRESENTATION_CONTEXT() REPRESENTATION_CONTEXT('2D SPACE',''
  ) );
#8539 = PCURVE('',#8540,#8545);
#8540 = PLANE('',#8541);
#8541 = AXIS2_PLACEMENT_3D('',#8542,#8543,#8544);
#8542 = CARTESIAN_POINT('',(12.565,-4.795,2.));
#8543 = DIRECTION('',(1.,0.,0.));
#8544 = DIRECTION('',(0.,0.,1.));
#8545 = DEFINITIONAL_REPRESENTATION('',(#8546),#8549);
#8546 = B_SPLINE_CURVE_WITH_KNOTS('',1,(#8547,#8548),.UNSPECIFIED.,.F.,
  .F.,(2,2),(0.9025,1.5025),.PIECEWISE_BEZIER_KNOTS.);
#8547 = CARTESIAN_POINT('',(2.5,0.));
#8548 = CARTESIAN_POINT('',(2.5,-0.6));
#8549 = ( GEOMETRIC_REPRESENTATION_CONTEXT(2) 
PARAMETRIC_REPRESENTATION_CONTEXT() REPRESENTATION_CONTEXT('2D SPACE',''
  ) );
#8550 = ORIENTED_EDGE('',*,*,#8551,.F.);
#8551 = EDGE_CURVE('',#8552,#8526,#8554,.T.);
#8552 = VERTEX_POINT('',#8553);
#8553 = CARTESIAN_POINT('',(13.165,-4.195,4.5));
#8554 = SURFACE_CURVE('',#8555,(#8559,#8565),.PCURVE_S1.);
#8555 = LINE('',#8556,#8557);
#8556 = CARTESIAN_POINT('',(12.2825,-4.195,4.5));
#8557 = VECTOR('',#8558,1.);
#8558 = DIRECTION('',(-1.,0.,0.));
#8559 = PCURVE('',#8112,#8560);
#8560 = DEFINITIONAL_REPRESENTATION('',(#8561),#8564);
#8561 = B_SPLINE_CURVE_WITH_KNOTS('',1,(#8562,#8563),.UNSPECIFIED.,.F.,
  .F.,(2,2),(-0.8825,-0.2825),.PIECEWISE_BEZIER_KNOTS.);
#8562 = CARTESIAN_POINT('',(1.165,2.405));
#8563 = CARTESIAN_POINT('',(0.565,2.405));
#8564 = ( GEOMETRIC_REPRESENTATION_CONTEXT(2) 
PARAMETRIC_REPRESENTATION_CONTEXT() REPRESENTATION_CONTEXT('2D SPACE',''
  ) );
#8565 = PCURVE('',#8566,#8571);
#8566 = PLANE('',#8567);
#8567 = AXIS2_PLACEMENT_3D('',#8568,#8569,#8570);
#8568 = CARTESIAN_POINT('',(12.565,-4.195,2.));
#8569 = DIRECTION('',(0.,1.,0.));
#8570 = DIRECTION('',(0.,0.,1.));
#8571 = DEFINITIONAL_REPRESENTATION('',(#8572),#8575);
#8572 = B_SPLINE_CURVE_WITH_KNOTS('',1,(#8573,#8574),.UNSPECIFIED.,.F.,
  .F.,(2,2),(-0.8825,-0.2825),.PIECEWISE_BEZIER_KNOTS.);
#8573 = CARTESIAN_POINT('',(2.5,0.6));
#8574 = CARTESIAN_POINT('',(2.5,0.));
#8575 = ( GEOMETRIC_REPRESENTATION_CONTEXT(2) 
PARAMETRIC_REPRESENTATION_CONTEXT() REPRESENTATION_CONTEXT('2D SPACE',''
  ) );
#8576 = ORIENTED_EDGE('',*,*,#8577,.F.);
#8577 = EDGE_CURVE('',#8498,#8552,#8578,.T.);
#8578 = SURFACE_CURVE('',#8579,(#8583,#8589),.PCURVE_S1.);
#8579 = LINE('',#8580,#8581);
#8580 = CARTESIAN_POINT('',(13.165,-5.6975,4.5));
#8581 = VECTOR('',#8582,1.);
#8582 = DIRECTION('',(0.,1.,0.));
#8583 = PCURVE('',#8112,#8584);
#8584 = DEFINITIONAL_REPRESENTATION('',(#8585),#8588);
#8585 = B_SPLINE_CURVE_WITH_KNOTS('',1,(#8586,#8587),.UNSPECIFIED.,.F.,
  .F.,(2,2),(0.9025,1.5025),.PIECEWISE_BEZIER_KNOTS.);
#8586 = CARTESIAN_POINT('',(1.165,1.805));
#8587 = CARTESIAN_POINT('',(1.165,2.405));
#8588 = ( GEOMETRIC_REPRESENTATION_CONTEXT(2) 
PARAMETRIC_REPRESENTATION_CONTEXT() REPRESENTATION_CONTEXT('2D SPACE',''
  ) );
#8589 = PCURVE('',#8590,#8595);
#8590 = PLANE('',#8591);
#8591 = AXIS2_PLACEMENT_3D('',#8592,#8593,#8594);
#8592 = CARTESIAN_POINT('',(13.165,-4.795,2.));
#8593 = DIRECTION('',(1.,0.,0.));
#8594 = DIRECTION('',(0.,0.,1.));
#8595 = DEFINITIONAL_REPRESENTATION('',(#8596),#8599);
#8596 = B_SPLINE_CURVE_WITH_KNOTS('',1,(#8597,#8598),.UNSPECIFIED.,.F.,
  .F.,(2,2),(0.9025,1.5025),.PIECEWISE_BEZIER_KNOTS.);
#8597 = CARTESIAN_POINT('',(2.5,0.));
#8598 = CARTESIAN_POINT('',(2.5,-0.6));
#8599 = ( GEOMETRIC_REPRESENTATION_CONTEXT(2) 
PARAMETRIC_REPRESENTATION_CONTEXT() REPRESENTATION_CONTEXT('2D SPACE',''
  ) );
#8600 = FACE_BOUND('',#8601,.T.);
#8601 = EDGE_LOOP('',(#8602,#8630,#8656,#8682));
#8602 = ORIENTED_EDGE('',*,*,#8603,.T.);
#8603 = EDGE_CURVE('',#8604,#8606,#8608,.T.);
#8604 = VERTEX_POINT('',#8605);
#8605 = CARTESIAN_POINT('',(13.165,-3.525,4.5));
#8606 = VERTEX_POINT('',#8607);
#8607 = CARTESIAN_POINT('',(12.565,-3.525,4.5));
#8608 = SURFACE_CURVE('',#8609,(#8613,#8619),.PCURVE_S1.);
#8609 = LINE('',#8610,#8611);
#8610 = CARTESIAN_POINT('',(12.2825,-3.525,4.5));
#8611 = VECTOR('',#8612,1.);
#8612 = DIRECTION('',(-1.,0.,0.));
#8613 = PCURVE('',#8112,#8614);
#8614 = DEFINITIONAL_REPRESENTATION('',(#8615),#8618);
#8615 = B_SPLINE_CURVE_WITH_KNOTS('',1,(#8616,#8617),.UNSPECIFIED.,.F.,
  .F.,(2,2),(-0.8825,-0.2825),.PIECEWISE_BEZIER_KNOTS.);
#8616 = CARTESIAN_POINT('',(1.165,3.075));
#8617 = CARTESIAN_POINT('',(0.565,3.075));
#8618 = ( GEOMETRIC_REPRESENTATION_CONTEXT(2) 
PARAMETRIC_REPRESENTATION_CONTEXT() REPRESENTATION_CONTEXT('2D SPACE',''
  ) );
#8619 = PCURVE('',#8620,#8625);
#8620 = PLANE('',#8621);
#8621 = AXIS2_PLACEMENT_3D('',#8622,#8623,#8624);
#8622 = CARTESIAN_POINT('',(12.565,-3.525,2.));
#8623 = DIRECTION('',(0.,1.,0.));
#8624 = DIRECTION('',(0.,0.,1.));
#8625 = DEFINITIONAL_REPRESENTATION('',(#8626),#8629);
#8626 = B_SPLINE_CURVE_WITH_KNOTS('',1,(#8627,#8628),.UNSPECIFIED.,.F.,
  .F.,(2,2),(-0.8825,-0.2825),.PIECEWISE_BEZIER_KNOTS.);
#8627 = CARTESIAN_POINT('',(2.5,0.6));
#8628 = CARTESIAN_POINT('',(2.5,0.));
#8629 = ( GEOMETRIC_REPRESENTATION_CONTEXT(2) 
PARAMETRIC_REPRESENTATION_CONTEXT() REPRESENTATION_CONTEXT('2D SPACE',''
  ) );
#8630 = ORIENTED_EDGE('',*,*,#8631,.T.);
#8631 = EDGE_CURVE('',#8606,#8632,#8634,.T.);
#8632 = VERTEX_POINT('',#8633);
#8633 = CARTESIAN_POINT('',(12.565,-2.925,4.5));
#8634 = SURFACE_CURVE('',#8635,(#8639,#8645),.PCURVE_S1.);
#8635 = LINE('',#8636,#8637);
#8636 = CARTESIAN_POINT('',(12.565,-5.0625,4.5));
#8637 = VECTOR('',#8638,1.);
#8638 = DIRECTION('',(0.,1.,0.));
#8639 = PCURVE('',#8112,#8640);
#8640 = DEFINITIONAL_REPRESENTATION('',(#8641),#8644);
#8641 = B_SPLINE_CURVE_WITH_KNOTS('',1,(#8642,#8643),.UNSPECIFIED.,.F.,
  .F.,(2,2),(1.5375,2.1375),.PIECEWISE_BEZIER_KNOTS.);
#8642 = CARTESIAN_POINT('',(0.565,3.075));
#8643 = CARTESIAN_POINT('',(0.565,3.675));
#8644 = ( GEOMETRIC_REPRESENTATION_CONTEXT(2) 
PARAMETRIC_REPRESENTATION_CONTEXT() REPRESENTATION_CONTEXT('2D SPACE',''
  ) );
#8645 = PCURVE('',#8646,#8651);
#8646 = PLANE('',#8647);
#8647 = AXIS2_PLACEMENT_3D('',#8648,#8649,#8650);
#8648 = CARTESIAN_POINT('',(12.565,-3.525,2.));
#8649 = DIRECTION('',(1.,0.,0.));
#8650 = DIRECTION('',(0.,0.,1.));
#8651 = DEFINITIONAL_REPRESENTATION('',(#8652),#8655);
#8652 = B_SPLINE_CURVE_WITH_KNOTS('',1,(#8653,#8654),.UNSPECIFIED.,.F.,
  .F.,(2,2),(1.5375,2.1375),.PIECEWISE_BEZIER_KNOTS.);
#8653 = CARTESIAN_POINT('',(2.5,0.));
#8654 = CARTESIAN_POINT('',(2.5,-0.6));
#8655 = ( GEOMETRIC_REPRESENTATION_CONTEXT(2) 
PARAMETRIC_REPRESENTATION_CONTEXT() REPRESENTATION_CONTEXT('2D SPACE',''
  ) );
#8656 = ORIENTED_EDGE('',*,*,#8657,.F.);
#8657 = EDGE_CURVE('',#8658,#8632,#8660,.T.);
#8658 = VERTEX_POINT('',#8659);
#8659 = CARTESIAN_POINT('',(13.165,-2.925,4.5));
#8660 = SURFACE_CURVE('',#8661,(#8665,#8671),.PCURVE_S1.);
#8661 = LINE('',#8662,#8663);
#8662 = CARTESIAN_POINT('',(12.2825,-2.925,4.5));
#8663 = VECTOR('',#8664,1.);
#8664 = DIRECTION('',(-1.,0.,0.));
#8665 = PCURVE('',#8112,#8666);
#8666 = DEFINITIONAL_REPRESENTATION('',(#8667),#8670);
#8667 = B_SPLINE_CURVE_WITH_KNOTS('',1,(#8668,#8669),.UNSPECIFIED.,.F.,
  .F.,(2,2),(-0.8825,-0.2825),.PIECEWISE_BEZIER_KNOTS.);
#8668 = CARTESIAN_POINT('',(1.165,3.675));
#8669 = CARTESIAN_POINT('',(0.565,3.675));
#8670 = ( GEOMETRIC_REPRESENTATION_CONTEXT(2) 
PARAMETRIC_REPRESENTATION_CONTEXT() REPRESENTATION_CONTEXT('2D SPACE',''
  ) );
#8671 = PCURVE('',#8672,#8677);
#8672 = PLANE('',#8673);
#8673 = AXIS2_PLACEMENT_3D('',#8674,#8675,#8676);
#8674 = CARTESIAN_POINT('',(12.565,-2.925,2.));
#8675 = DIRECTION('',(0.,1.,0.));
#8676 = DIRECTION('',(0.,0.,1.));
#8677 = DEFINITIONAL_REPRESENTATION('',(#8678),#8681);
#8678 = B_SPLINE_CURVE_WITH_KNOTS('',1,(#8679,#8680),.UNSPECIFIED.,.F.,
  .F.,(2,2),(-0.8825,-0.2825),.PIECEWISE_BEZIER_KNOTS.);
#8679 = CARTESIAN_POINT('',(2.5,0.6));
#8680 = CARTESIAN_POINT('',(2.5,0.));
#8681 = ( GEOMETRIC_REPRESENTATION_CONTEXT(2) 
PARAMETRIC_REPRESENTATION_CONTEXT() REPRESENTATION_CONTEXT('2D SPACE',''
  ) );
#8682 = ORIENTED_EDGE('',*,*,#8683,.F.);
#8683 = EDGE_CURVE('',#8604,#8658,#8684,.T.);
#8684 = SURFACE_CURVE('',#8685,(#8689,#8695),.PCURVE_S1.);
#8685 = LINE('',#8686,#8687);
#8686 = CARTESIAN_POINT('',(13.165,-5.0625,4.5));
#8687 = VECTOR('',#8688,1.);
#8688 = DIRECTION('',(0.,1.,0.));
#8689 = PCURVE('',#8112,#8690);
#8690 = DEFINITIONAL_REPRESENTATION('',(#8691),#8694);
#8691 = B_SPLINE_CURVE_WITH_KNOTS('',1,(#8692,#8693),.UNSPECIFIED.,.F.,
  .F.,(2,2),(1.5375,2.1375),.PIECEWISE_BEZIER_KNOTS.);
#8692 = CARTESIAN_POINT('',(1.165,3.075));
#8693 = CARTESIAN_POINT('',(1.165,3.675));
#8694 = ( GEOMETRIC_REPRESENTATION_CONTEXT(2) 
PARAMETRIC_REPRESENTATION_CONTEXT() REPRESENTATION_CONTEXT('2D SPACE',''
  ) );
#8695 = PCURVE('',#8696,#8701);
#8696 = PLANE('',#8697);
#8697 = AXIS2_PLACEMENT_3D('',#8698,#8699,#8700);
#8698 = CARTESIAN_POINT('',(13.165,-3.525,2.));
#8699 = DIRECTION('',(1.,0.,0.));
#8700 = DIRECTION('',(0.,0.,1.));
#8701 = DEFINITIONAL_REPRESENTATION('',(#8702),#8705);
#8702 = B_SPLINE_CURVE_WITH_KNOTS('',1,(#8703,#8704),.UNSPECIFIED.,.F.,
  .F.,(2,2),(1.5375,2.1375),.PIECEWISE_BEZIER_KNOTS.);
#8703 = CARTESIAN_POINT('',(2.5,0.));
#8704 = CARTESIAN_POINT('',(2.5,-0.6));
#8705 = ( GEOMETRIC_REPRESENTATION_CONTEXT(2) 
PARAMETRIC_REPRESENTATION_CONTEXT() REPRESENTATION_CONTEXT('2D SPACE',''
  ) );
#8706 = FACE_BOUND('',#8707,.T.);
#8707 = EDGE_LOOP('',(#8708,#8736,#8762,#8788));
#8708 = ORIENTED_EDGE('',*,*,#8709,.T.);
#8709 = EDGE_CURVE('',#8710,#8712,#8714,.T.);
#8710 = VERTEX_POINT('',#8711);
#8711 = CARTESIAN_POINT('',(13.165,-2.255,4.5));
#8712 = VERTEX_POINT('',#8713);
#8713 = CARTESIAN_POINT('',(12.565,-2.255,4.5));
#8714 = SURFACE_CURVE('',#8715,(#8719,#8725),.PCURVE_S1.);
#8715 = LINE('',#8716,#8717);
#8716 = CARTESIAN_POINT('',(12.2825,-2.255,4.5));
#8717 = VECTOR('',#8718,1.);
#8718 = DIRECTION('',(-1.,0.,0.));
#8719 = PCURVE('',#8112,#8720);
#8720 = DEFINITIONAL_REPRESENTATION('',(#8721),#8724);
#8721 = B_SPLINE_CURVE_WITH_KNOTS('',1,(#8722,#8723),.UNSPECIFIED.,.F.,
  .F.,(2,2),(-0.8825,-0.2825),.PIECEWISE_BEZIER_KNOTS.);
#8722 = CARTESIAN_POINT('',(1.165,4.345));
#8723 = CARTESIAN_POINT('',(0.565,4.345));
#8724 = ( GEOMETRIC_REPRESENTATION_CONTEXT(2) 
PARAMETRIC_REPRESENTATION_CONTEXT() REPRESENTATION_CONTEXT('2D SPACE',''
  ) );
#8725 = PCURVE('',#8726,#8731);
#8726 = PLANE('',#8727);
#8727 = AXIS2_PLACEMENT_3D('',#8728,#8729,#8730);
#8728 = CARTESIAN_POINT('',(12.565,-2.255,2.));
#8729 = DIRECTION('',(0.,1.,0.));
#8730 = DIRECTION('',(0.,0.,1.));
#8731 = DEFINITIONAL_REPRESENTATION('',(#8732),#8735);
#8732 = B_SPLINE_CURVE_WITH_KNOTS('',1,(#8733,#8734),.UNSPECIFIED.,.F.,
  .F.,(2,2),(-0.8825,-0.2825),.PIECEWISE_BEZIER_KNOTS.);
#8733 = CARTESIAN_POINT('',(2.5,0.6));
#8734 = CARTESIAN_POINT('',(2.5,0.));
#8735 = ( GEOMETRIC_REPRESENTATION_CONTEXT(2) 
PARAMETRIC_REPRESENTATION_CONTEXT() REPRESENTATION_CONTEXT('2D SPACE',''
  ) );
#8736 = ORIENTED_EDGE('',*,*,#8737,.T.);
#8737 = EDGE_CURVE('',#8712,#8738,#8740,.T.);
#8738 = VERTEX_POINT('',#8739);
#8739 = CARTESIAN_POINT('',(12.565,-1.655,4.5));
#8740 = SURFACE_CURVE('',#8741,(#8745,#8751),.PCURVE_S1.);
#8741 = LINE('',#8742,#8743);
#8742 = CARTESIAN_POINT('',(12.565,-4.4275,4.5));
#8743 = VECTOR('',#8744,1.);
#8744 = DIRECTION('',(0.,1.,0.));
#8745 = PCURVE('',#8112,#8746);
#8746 = DEFINITIONAL_REPRESENTATION('',(#8747),#8750);
#8747 = B_SPLINE_CURVE_WITH_KNOTS('',1,(#8748,#8749),.UNSPECIFIED.,.F.,
  .F.,(2,2),(2.1725,2.7725),.PIECEWISE_BEZIER_KNOTS.);
#8748 = CARTESIAN_POINT('',(0.565,4.345));
#8749 = CARTESIAN_POINT('',(0.565,4.945));
#8750 = ( GEOMETRIC_REPRESENTATION_CONTEXT(2) 
PARAMETRIC_REPRESENTATION_CONTEXT() REPRESENTATION_CONTEXT('2D SPACE',''
  ) );
#8751 = PCURVE('',#8752,#8757);
#8752 = PLANE('',#8753);
#8753 = AXIS2_PLACEMENT_3D('',#8754,#8755,#8756);
#8754 = CARTESIAN_POINT('',(12.565,-2.255,2.));
#8755 = DIRECTION('',(1.,0.,0.));
#8756 = DIRECTION('',(0.,0.,1.));
#8757 = DEFINITIONAL_REPRESENTATION('',(#8758),#8761);
#8758 = B_SPLINE_CURVE_WITH_KNOTS('',1,(#8759,#8760),.UNSPECIFIED.,.F.,
  .F.,(2,2),(2.1725,2.7725),.PIECEWISE_BEZIER_KNOTS.);
#8759 = CARTESIAN_POINT('',(2.5,0.));
#8760 = CARTESIAN_POINT('',(2.5,-0.6));
#8761 = ( GEOMETRIC_REPRESENTATION_CONTEXT(2) 
PARAMETRIC_REPRESENTATION_CONTEXT() REPRESENTATION_CONTEXT('2D SPACE',''
  ) );
#8762 = ORIENTED_EDGE('',*,*,#8763,.F.);
#8763 = EDGE_CURVE('',#8764,#8738,#8766,.T.);
#8764 = VERTEX_POINT('',#8765);
#8765 = CARTESIAN_POINT('',(13.165,-1.655,4.5));
#8766 = SURFACE_CURVE('',#8767,(#8771,#8777),.PCURVE_S1.);
#8767 = LINE('',#8768,#8769);
#8768 = CARTESIAN_POINT('',(12.2825,-1.655,4.5));
#8769 = VECTOR('',#8770,1.);
#8770 = DIRECTION('',(-1.,0.,0.));
#8771 = PCURVE('',#8112,#8772);
#8772 = DEFINITIONAL_REPRESENTATION('',(#8773),#8776);
#8773 = B_SPLINE_CURVE_WITH_KNOTS('',1,(#8774,#8775),.UNSPECIFIED.,.F.,
  .F.,(2,2),(-0.8825,-0.2825),.PIECEWISE_BEZIER_KNOTS.);
#8774 = CARTESIAN_POINT('',(1.165,4.945));
#8775 = CARTESIAN_POINT('',(0.565,4.945));
#8776 = ( GEOMETRIC_REPRESENTATION_CONTEXT(2) 
PARAMETRIC_REPRESENTATION_CONTEXT() REPRESENTATION_CONTEXT('2D SPACE',''
  ) );
#8777 = PCURVE('',#8778,#8783);
#8778 = PLANE('',#8779);
#8779 = AXIS2_PLACEMENT_3D('',#8780,#8781,#8782);
#8780 = CARTESIAN_POINT('',(12.565,-1.655,2.));
#8781 = DIRECTION('',(0.,1.,0.));
#8782 = DIRECTION('',(0.,0.,1.));
#8783 = DEFINITIONAL_REPRESENTATION('',(#8784),#8787);
#8784 = B_SPLINE_CURVE_WITH_KNOTS('',1,(#8785,#8786),.UNSPECIFIED.,.F.,
  .F.,(2,2),(-0.8825,-0.2825),.PIECEWISE_BEZIER_KNOTS.);
#8785 = CARTESIAN_POINT('',(2.5,0.6));
#8786 = CARTESIAN_POINT('',(2.5,0.));
#8787 = ( GEOMETRIC_REPRESENTATION_CONTEXT(2) 
PARAMETRIC_REPRESENTATION_CONTEXT() REPRESENTATION_CONTEXT('2D SPACE',''
  ) );
#8788 = ORIENTED_EDGE('',*,*,#8789,.F.);
#8789 = EDGE_CURVE('',#8710,#8764,#8790,.T.);
#8790 = SURFACE_CURVE('',#8791,(#8795,#8801),.PCURVE_S1.);
#8791 = LINE('',#8792,#8793);
#8792 = CARTESIAN_POINT('',(13.165,-4.4275,4.5));
#8793 = VECTOR('',#8794,1.);
#8794 = DIRECTION('',(0.,1.,0.));
#8795 = PCURVE('',#8112,#8796);
#8796 = DEFINITIONAL_REPRESENTATION('',(#8797),#8800);
#8797 = B_SPLINE_CURVE_WITH_KNOTS('',1,(#8798,#8799),.UNSPECIFIED.,.F.,
  .F.,(2,2),(2.1725,2.7725),.PIECEWISE_BEZIER_KNOTS.);
#8798 = CARTESIAN_POINT('',(1.165,4.345));
#8799 = CARTESIAN_POINT('',(1.165,4.945));
#8800 = ( GEOMETRIC_REPRESENTATION_CONTEXT(2) 
PARAMETRIC_REPRESENTATION_CONTEXT() REPRESENTATION_CONTEXT('2D SPACE',''
  ) );
#8801 = PCURVE('',#8802,#8807);
#8802 = PLANE('',#8803);
#8803 = AXIS2_PLACEMENT_3D('',#8804,#8805,#8806);
#8804 = CARTESIAN_POINT('',(13.165,-2.255,2.));
#8805 = DIRECTION('',(1.,0.,0.));
#8806 = DIRECTION('',(0.,0.,1.));
#8807 = DEFINITIONAL_REPRESENTATION('',(#8808),#8811);
#8808 = B_SPLINE_CURVE_WITH_KNOTS('',1,(#8809,#8810),.UNSPECIFIED.,.F.,
  .F.,(2,2),(2.1725,2.7725),.PIECEWISE_BEZIER_KNOTS.);
#8809 = CARTESIAN_POINT('',(2.5,0.));
#8810 = CARTESIAN_POINT('',(2.5,-0.6));
#8811 = ( GEOMETRIC_REPRESENTATION_CONTEXT(2) 
PARAMETRIC_REPRESENTATION_CONTEXT() REPRESENTATION_CONTEXT('2D SPACE',''
  ) );
#8812 = FACE_BOUND('',#8813,.T.);
#8813 = EDGE_LOOP('',(#8814,#8842,#8868,#8894));
#8814 = ORIENTED_EDGE('',*,*,#8815,.T.);
#8815 = EDGE_CURVE('',#8816,#8818,#8820,.T.);
#8816 = VERTEX_POINT('',#8817);
#8817 = CARTESIAN_POINT('',(13.165,-0.985,4.5));
#8818 = VERTEX_POINT('',#8819);
#8819 = CARTESIAN_POINT('',(12.565,-0.985,4.5));
#8820 = SURFACE_CURVE('',#8821,(#8825,#8831),.PCURVE_S1.);
#8821 = LINE('',#8822,#8823);
#8822 = CARTESIAN_POINT('',(12.2825,-0.985,4.5));
#8823 = VECTOR('',#8824,1.);
#8824 = DIRECTION('',(-1.,0.,0.));
#8825 = PCURVE('',#8112,#8826);
#8826 = DEFINITIONAL_REPRESENTATION('',(#8827),#8830);
#8827 = B_SPLINE_CURVE_WITH_KNOTS('',1,(#8828,#8829),.UNSPECIFIED.,.F.,
  .F.,(2,2),(-0.8825,-0.2825),.PIECEWISE_BEZIER_KNOTS.);
#8828 = CARTESIAN_POINT('',(1.165,5.615));
#8829 = CARTESIAN_POINT('',(0.565,5.615));
#8830 = ( GEOMETRIC_REPRESENTATION_CONTEXT(2) 
PARAMETRIC_REPRESENTATION_CONTEXT() REPRESENTATION_CONTEXT('2D SPACE',''
  ) );
#8831 = PCURVE('',#8832,#8837);
#8832 = PLANE('',#8833);
#8833 = AXIS2_PLACEMENT_3D('',#8834,#8835,#8836);
#8834 = CARTESIAN_POINT('',(12.565,-0.985,2.));
#8835 = DIRECTION('',(0.,1.,0.));
#8836 = DIRECTION('',(0.,0.,1.));
#8837 = DEFINITIONAL_REPRESENTATION('',(#8838),#8841);
#8838 = B_SPLINE_CURVE_WITH_KNOTS('',1,(#8839,#8840),.UNSPECIFIED.,.F.,
  .F.,(2,2),(-0.8825,-0.2825),.PIECEWISE_BEZIER_KNOTS.);
#8839 = CARTESIAN_POINT('',(2.5,0.6));
#8840 = CARTESIAN_POINT('',(2.5,0.));
#8841 = ( GEOMETRIC_REPRESENTATION_CONTEXT(2) 
PARAMETRIC_REPRESENTATION_CONTEXT() REPRESENTATION_CONTEXT('2D SPACE',''
  ) );
#8842 = ORIENTED_EDGE('',*,*,#8843,.T.);
#8843 = EDGE_CURVE('',#8818,#8844,#8846,.T.);
#8844 = VERTEX_POINT('',#8845);
#8845 = CARTESIAN_POINT('',(12.565,-0.385,4.5));
#8846 = SURFACE_CURVE('',#8847,(#8851,#8857),.PCURVE_S1.);
#8847 = LINE('',#8848,#8849);
#8848 = CARTESIAN_POINT('',(12.565,-3.7925,4.5));
#8849 = VECTOR('',#8850,1.);
#8850 = DIRECTION('',(0.,1.,0.));
#8851 = PCURVE('',#8112,#8852);
#8852 = DEFINITIONAL_REPRESENTATION('',(#8853),#8856);
#8853 = B_SPLINE_CURVE_WITH_KNOTS('',1,(#8854,#8855),.UNSPECIFIED.,.F.,
  .F.,(2,2),(2.8075,3.4075),.PIECEWISE_BEZIER_KNOTS.);
#8854 = CARTESIAN_POINT('',(0.565,5.615));
#8855 = CARTESIAN_POINT('',(0.565,6.215));
#8856 = ( GEOMETRIC_REPRESENTATION_CONTEXT(2) 
PARAMETRIC_REPRESENTATION_CONTEXT() REPRESENTATION_CONTEXT('2D SPACE',''
  ) );
#8857 = PCURVE('',#8858,#8863);
#8858 = PLANE('',#8859);
#8859 = AXIS2_PLACEMENT_3D('',#8860,#8861,#8862);
#8860 = CARTESIAN_POINT('',(12.565,-0.985,2.));
#8861 = DIRECTION('',(1.,0.,0.));
#8862 = DIRECTION('',(0.,0.,1.));
#8863 = DEFINITIONAL_REPRESENTATION('',(#8864),#8867);
#8864 = B_SPLINE_CURVE_WITH_KNOTS('',1,(#8865,#8866),.UNSPECIFIED.,.F.,
  .F.,(2,2),(2.8075,3.4075),.PIECEWISE_BEZIER_KNOTS.);
#8865 = CARTESIAN_POINT('',(2.5,0.));
#8866 = CARTESIAN_POINT('',(2.5,-0.6));
#8867 = ( GEOMETRIC_REPRESENTATION_CONTEXT(2) 
PARAMETRIC_REPRESENTATION_CONTEXT() REPRESENTATION_CONTEXT('2D SPACE',''
  ) );
#8868 = ORIENTED_EDGE('',*,*,#8869,.F.);
#8869 = EDGE_CURVE('',#8870,#8844,#8872,.T.);
#8870 = VERTEX_POINT('',#8871);
#8871 = CARTESIAN_POINT('',(13.165,-0.385,4.5));
#8872 = SURFACE_CURVE('',#8873,(#8877,#8883),.PCURVE_S1.);
#8873 = LINE('',#8874,#8875);
#8874 = CARTESIAN_POINT('',(12.2825,-0.385,4.5));
#8875 = VECTOR('',#8876,1.);
#8876 = DIRECTION('',(-1.,0.,0.));
#8877 = PCURVE('',#8112,#8878);
#8878 = DEFINITIONAL_REPRESENTATION('',(#8879),#8882);
#8879 = B_SPLINE_CURVE_WITH_KNOTS('',1,(#8880,#8881),.UNSPECIFIED.,.F.,
  .F.,(2,2),(-0.8825,-0.2825),.PIECEWISE_BEZIER_KNOTS.);
#8880 = CARTESIAN_POINT('',(1.165,6.215));
#8881 = CARTESIAN_POINT('',(0.565,6.215));
#8882 = ( GEOMETRIC_REPRESENTATION_CONTEXT(2) 
PARAMETRIC_REPRESENTATION_CONTEXT() REPRESENTATION_CONTEXT('2D SPACE',''
  ) );
#8883 = PCURVE('',#8884,#8889);
#8884 = PLANE('',#8885);
#8885 = AXIS2_PLACEMENT_3D('',#8886,#8887,#8888);
#8886 = CARTESIAN_POINT('',(12.565,-0.385,2.));
#8887 = DIRECTION('',(0.,1.,0.));
#8888 = DIRECTION('',(0.,0.,1.));
#8889 = DEFINITIONAL_REPRESENTATION('',(#8890),#8893);
#8890 = B_SPLINE_CURVE_WITH_KNOTS('',1,(#8891,#8892),.UNSPECIFIED.,.F.,
  .F.,(2,2),(-0.8825,-0.2825),.PIECEWISE_BEZIER_KNOTS.);
#8891 = CARTESIAN_POINT('',(2.5,0.6));
#8892 = CARTESIAN_POINT('',(2.5,0.));
#8893 = ( GEOMETRIC_REPRESENTATION_CONTEXT(2) 
PARAMETRIC_REPRESENTATION_CONTEXT() REPRESENTATION_CONTEXT('2D SPACE',''
  ) );
#8894 = ORIENTED_EDGE('',*,*,#8895,.F.);
#8895 = EDGE_CURVE('',#8816,#8870,#8896,.T.);
#8896 = SURFACE_CURVE('',#8897,(#8901,#8907),.PCURVE_S1.);
#8897 = LINE('',#8898,#8899);
#8898 = CARTESIAN_POINT('',(13.165,-3.7925,4.5));
#8899 = VECTOR('',#8900,1.);
#8900 = DIRECTION('',(0.,1.,0.));
#8901 = PCURVE('',#8112,#8902);
#8902 = DEFINITIONAL_REPRESENTATION('',(#8903),#8906);
#8903 = B_SPLINE_CURVE_WITH_KNOTS('',1,(#8904,#8905),.UNSPECIFIED.,.F.,
  .F.,(2,2),(2.8075,3.4075),.PIECEWISE_BEZIER_KNOTS.);
#8904 = CARTESIAN_POINT('',(1.165,5.615));
#8905 = CARTESIAN_POINT('',(1.165,6.215));
#8906 = ( GEOMETRIC_REPRESENTATION_CONTEXT(2) 
PARAMETRIC_REPRESENTATION_CONTEXT() REPRESENTATION_CONTEXT('2D SPACE',''
  ) );
#8907 = PCURVE('',#8908,#8913);
#8908 = PLANE('',#8909);
#8909 = AXIS2_PLACEMENT_3D('',#8910,#8911,#8912);
#8910 = CARTESIAN_POINT('',(13.165,-0.985,2.));
#8911 = DIRECTION('',(1.,0.,0.));
#8912 = DIRECTION('',(0.,0.,1.));
#8913 = DEFINITIONAL_REPRESENTATION('',(#8914),#8917);
#8914 = B_SPLINE_CURVE_WITH_KNOTS('',1,(#8915,#8916),.UNSPECIFIED.,.F.,
  .F.,(2,2),(2.8075,3.4075),.PIECEWISE_BEZIER_KNOTS.);
#8915 = CARTESIAN_POINT('',(2.5,0.));
#8916 = CARTESIAN_POINT('',(2.5,-0.6));
#8917 = ( GEOMETRIC_REPRESENTATION_CONTEXT(2) 
PARAMETRIC_REPRESENTATION_CONTEXT() REPRESENTATION_CONTEXT('2D SPACE',''
  ) );
#8918 = FACE_BOUND('',#8919,.T.);
#8919 = EDGE_LOOP('',(#8920,#8948,#8974,#9000));
#8920 = ORIENTED_EDGE('',*,*,#8921,.T.);
#8921 = EDGE_CURVE('',#8922,#8924,#8926,.T.);
#8922 = VERTEX_POINT('',#8923);
#8923 = CARTESIAN_POINT('',(14.435,-6.065,4.5));
#8924 = VERTEX_POINT('',#8925);
#8925 = CARTESIAN_POINT('',(13.835,-6.065,4.5));
#8926 = SURFACE_CURVE('',#8927,(#8931,#8937),.PCURVE_S1.);
#8927 = LINE('',#8928,#8929);
#8928 = CARTESIAN_POINT('',(12.9175,-6.065,4.5));
#8929 = VECTOR('',#8930,1.);
#8930 = DIRECTION('',(-1.,0.,0.));
#8931 = PCURVE('',#8112,#8932);
#8932 = DEFINITIONAL_REPRESENTATION('',(#8933),#8936);
#8933 = B_SPLINE_CURVE_WITH_KNOTS('',1,(#8934,#8935),.UNSPECIFIED.,.F.,
  .F.,(2,2),(-1.5175,-0.9175),.PIECEWISE_BEZIER_KNOTS.);
#8934 = CARTESIAN_POINT('',(2.435,0.535));
#8935 = CARTESIAN_POINT('',(1.835,0.535));
#8936 = ( GEOMETRIC_REPRESENTATION_CONTEXT(2) 
PARAMETRIC_REPRESENTATION_CONTEXT() REPRESENTATION_CONTEXT('2D SPACE',''
  ) );
#8937 = PCURVE('',#8938,#8943);
#8938 = PLANE('',#8939);
#8939 = AXIS2_PLACEMENT_3D('',#8940,#8941,#8942);
#8940 = CARTESIAN_POINT('',(13.835,-6.065,2.));
#8941 = DIRECTION('',(0.,1.,0.));
#8942 = DIRECTION('',(0.,0.,1.));
#8943 = DEFINITIONAL_REPRESENTATION('',(#8944),#8947);
#8944 = B_SPLINE_CURVE_WITH_KNOTS('',1,(#8945,#8946),.UNSPECIFIED.,.F.,
  .F.,(2,2),(-1.5175,-0.9175),.PIECEWISE_BEZIER_KNOTS.);
#8945 = CARTESIAN_POINT('',(2.5,0.6));
#8946 = CARTESIAN_POINT('',(2.5,0.));
#8947 = ( GEOMETRIC_REPRESENTATION_CONTEXT(2) 
PARAMETRIC_REPRESENTATION_CONTEXT() REPRESENTATION_CONTEXT('2D SPACE',''
  ) );
#8948 = ORIENTED_EDGE('',*,*,#8949,.T.);
#8949 = EDGE_CURVE('',#8924,#8950,#8952,.T.);
#8950 = VERTEX_POINT('',#8951);
#8951 = CARTESIAN_POINT('',(13.835,-5.465,4.5));
#8952 = SURFACE_CURVE('',#8953,(#8957,#8963),.PCURVE_S1.);
#8953 = LINE('',#8954,#8955);
#8954 = CARTESIAN_POINT('',(13.835,-6.3325,4.5));
#8955 = VECTOR('',#8956,1.);
#8956 = DIRECTION('',(0.,1.,0.));
#8957 = PCURVE('',#8112,#8958);
#8958 = DEFINITIONAL_REPRESENTATION('',(#8959),#8962);
#8959 = B_SPLINE_CURVE_WITH_KNOTS('',1,(#8960,#8961),.UNSPECIFIED.,.F.,
  .F.,(2,2),(0.2675,0.8675),.PIECEWISE_BEZIER_KNOTS.);
#8960 = CARTESIAN_POINT('',(1.835,0.535));
#8961 = CARTESIAN_POINT('',(1.835,1.135));
#8962 = ( GEOMETRIC_REPRESENTATION_CONTEXT(2) 
PARAMETRIC_REPRESENTATION_CONTEXT() REPRESENTATION_CONTEXT('2D SPACE',''
  ) );
#8963 = PCURVE('',#8964,#8969);
#8964 = PLANE('',#8965);
#8965 = AXIS2_PLACEMENT_3D('',#8966,#8967,#8968);
#8966 = CARTESIAN_POINT('',(13.835,-6.065,2.));
#8967 = DIRECTION('',(1.,0.,0.));
#8968 = DIRECTION('',(0.,0.,1.));
#8969 = DEFINITIONAL_REPRESENTATION('',(#8970),#8973);
#8970 = B_SPLINE_CURVE_WITH_KNOTS('',1,(#8971,#8972),.UNSPECIFIED.,.F.,
  .F.,(2,2),(0.2675,0.8675),.PIECEWISE_BEZIER_KNOTS.);
#8971 = CARTESIAN_POINT('',(2.5,0.));
#8972 = CARTESIAN_POINT('',(2.5,-0.6));
#8973 = ( GEOMETRIC_REPRESENTATION_CONTEXT(2) 
PARAMETRIC_REPRESENTATION_CONTEXT() REPRESENTATION_CONTEXT('2D SPACE',''
  ) );
#8974 = ORIENTED_EDGE('',*,*,#8975,.F.);
#8975 = EDGE_CURVE('',#8976,#8950,#8978,.T.);
#8976 = VERTEX_POINT('',#8977);
#8977 = CARTESIAN_POINT('',(14.435,-5.465,4.5));
#8978 = SURFACE_CURVE('',#8979,(#8983,#8989),.PCURVE_S1.);
#8979 = LINE('',#8980,#8981);
#8980 = CARTESIAN_POINT('',(12.9175,-5.465,4.5));
#8981 = VECTOR('',#8982,1.);
#8982 = DIRECTION('',(-1.,0.,0.));
#8983 = PCURVE('',#8112,#8984);
#8984 = DEFINITIONAL_REPRESENTATION('',(#8985),#8988);
#8985 = B_SPLINE_CURVE_WITH_KNOTS('',1,(#8986,#8987),.UNSPECIFIED.,.F.,
  .F.,(2,2),(-1.5175,-0.9175),.PIECEWISE_BEZIER_KNOTS.);
#8986 = CARTESIAN_POINT('',(2.435,1.135));
#8987 = CARTESIAN_POINT('',(1.835,1.135));
#8988 = ( GEOMETRIC_REPRESENTATION_CONTEXT(2) 
PARAMETRIC_REPRESENTATION_CONTEXT() REPRESENTATION_CONTEXT('2D SPACE',''
  ) );
#8989 = PCURVE('',#8990,#8995);
#8990 = PLANE('',#8991);
#8991 = AXIS2_PLACEMENT_3D('',#8992,#8993,#8994);
#8992 = CARTESIAN_POINT('',(13.835,-5.465,2.));
#8993 = DIRECTION('',(0.,1.,0.));
#8994 = DIRECTION('',(0.,0.,1.));
#8995 = DEFINITIONAL_REPRESENTATION('',(#8996),#8999);
#8996 = B_SPLINE_CURVE_WITH_KNOTS('',1,(#8997,#8998),.UNSPECIFIED.,.F.,
  .F.,(2,2),(-1.5175,-0.9175),.PIECEWISE_BEZIER_KNOTS.);
#8997 = CARTESIAN_POINT('',(2.5,0.6));
#8998 = CARTESIAN_POINT('',(2.5,0.));
#8999 = ( GEOMETRIC_REPRESENTATION_CONTEXT(2) 
PARAMETRIC_REPRESENTATION_CONTEXT() REPRESENTATION_CONTEXT('2D SPACE',''
  ) );
#9000 = ORIENTED_EDGE('',*,*,#9001,.F.);
#9001 = EDGE_CURVE('',#8922,#8976,#9002,.T.);
#9002 = SURFACE_CURVE('',#9003,(#9007,#9013),.PCURVE_S1.);
#9003 = LINE('',#9004,#9005);
#9004 = CARTESIAN_POINT('',(14.435,-6.3325,4.5));
#9005 = VECTOR('',#9006,1.);
#9006 = DIRECTION('',(0.,1.,0.));
#9007 = PCURVE('',#8112,#9008);
#9008 = DEFINITIONAL_REPRESENTATION('',(#9009),#9012);
#9009 = B_SPLINE_CURVE_WITH_KNOTS('',1,(#9010,#9011),.UNSPECIFIED.,.F.,
  .F.,(2,2),(0.2675,0.8675),.PIECEWISE_BEZIER_KNOTS.);
#9010 = CARTESIAN_POINT('',(2.435,0.535));
#9011 = CARTESIAN_POINT('',(2.435,1.135));
#9012 = ( GEOMETRIC_REPRESENTATION_CONTEXT(2) 
PARAMETRIC_REPRESENTATION_CONTEXT() REPRESENTATION_CONTEXT('2D SPACE',''
  ) );
#9013 = PCURVE('',#9014,#9019);
#9014 = PLANE('',#9015);
#9015 = AXIS2_PLACEMENT_3D('',#9016,#9017,#9018);
#9016 = CARTESIAN_POINT('',(14.435,-6.065,2.));
#9017 = DIRECTION('',(1.,0.,0.));
#9018 = DIRECTION('',(0.,0.,1.));
#9019 = DEFINITIONAL_REPRESENTATION('',(#9020),#9023);
#9020 = B_SPLINE_CURVE_WITH_KNOTS('',1,(#9021,#9022),.UNSPECIFIED.,.F.,
  .F.,(2,2),(0.2675,0.8675),.PIECEWISE_BEZIER_KNOTS.);
#9021 = CARTESIAN_POINT('',(2.5,0.));
#9022 = CARTESIAN_POINT('',(2.5,-0.6));
#9023 = ( GEOMETRIC_REPRESENTATION_CONTEXT(2) 
PARAMETRIC_REPRESENTATION_CONTEXT() REPRESENTATION_CONTEXT('2D SPACE',''
  ) );
#9024 = FACE_BOUND('',#9025,.T.);
#9025 = EDGE_LOOP('',(#9026,#9054,#9080,#9106));
#9026 = ORIENTED_EDGE('',*,*,#9027,.T.);
#9027 = EDGE_CURVE('',#9028,#9030,#9032,.T.);
#9028 = VERTEX_POINT('',#9029);
#9029 = CARTESIAN_POINT('',(14.435,-4.795,4.5));
#9030 = VERTEX_POINT('',#9031);
#9031 = CARTESIAN_POINT('',(13.835,-4.795,4.5));
#9032 = SURFACE_CURVE('',#9033,(#9037,#9043),.PCURVE_S1.);
#9033 = LINE('',#9034,#9035);
#9034 = CARTESIAN_POINT('',(12.9175,-4.795,4.5));
#9035 = VECTOR('',#9036,1.);
#9036 = DIRECTION('',(-1.,0.,0.));
#9037 = PCURVE('',#8112,#9038);
#9038 = DEFINITIONAL_REPRESENTATION('',(#9039),#9042);
#9039 = B_SPLINE_CURVE_WITH_KNOTS('',1,(#9040,#9041),.UNSPECIFIED.,.F.,
  .F.,(2,2),(-1.5175,-0.9175),.PIECEWISE_BEZIER_KNOTS.);
#9040 = CARTESIAN_POINT('',(2.435,1.805));
#9041 = CARTESIAN_POINT('',(1.835,1.805));
#9042 = ( GEOMETRIC_REPRESENTATION_CONTEXT(2) 
PARAMETRIC_REPRESENTATION_CONTEXT() REPRESENTATION_CONTEXT('2D SPACE',''
  ) );
#9043 = PCURVE('',#9044,#9049);
#9044 = PLANE('',#9045);
#9045 = AXIS2_PLACEMENT_3D('',#9046,#9047,#9048);
#9046 = CARTESIAN_POINT('',(13.835,-4.795,2.));
#9047 = DIRECTION('',(0.,1.,0.));
#9048 = DIRECTION('',(0.,0.,1.));
#9049 = DEFINITIONAL_REPRESENTATION('',(#9050),#9053);
#9050 = B_SPLINE_CURVE_WITH_KNOTS('',1,(#9051,#9052),.UNSPECIFIED.,.F.,
  .F.,(2,2),(-1.5175,-0.9175),.PIECEWISE_BEZIER_KNOTS.);
#9051 = CARTESIAN_POINT('',(2.5,0.6));
#9052 = CARTESIAN_POINT('',(2.5,0.));
#9053 = ( GEOMETRIC_REPRESENTATION_CONTEXT(2) 
PARAMETRIC_REPRESENTATION_CONTEXT() REPRESENTATION_CONTEXT('2D SPACE',''
  ) );
#9054 = ORIENTED_EDGE('',*,*,#9055,.T.);
#9055 = EDGE_CURVE('',#9030,#9056,#9058,.T.);
#9056 = VERTEX_POINT('',#9057);
#9057 = CARTESIAN_POINT('',(13.835,-4.195,4.5));
#9058 = SURFACE_CURVE('',#9059,(#9063,#9069),.PCURVE_S1.);
#9059 = LINE('',#9060,#9061);
#9060 = CARTESIAN_POINT('',(13.835,-5.6975,4.5));
#9061 = VECTOR('',#9062,1.);
#9062 = DIRECTION('',(0.,1.,0.));
#9063 = PCURVE('',#8112,#9064);
#9064 = DEFINITIONAL_REPRESENTATION('',(#9065),#9068);
#9065 = B_SPLINE_CURVE_WITH_KNOTS('',1,(#9066,#9067),.UNSPECIFIED.,.F.,
  .F.,(2,2),(0.9025,1.5025),.PIECEWISE_BEZIER_KNOTS.);
#9066 = CARTESIAN_POINT('',(1.835,1.805));
#9067 = CARTESIAN_POINT('',(1.835,2.405));
#9068 = ( GEOMETRIC_REPRESENTATION_CONTEXT(2) 
PARAMETRIC_REPRESENTATION_CONTEXT() REPRESENTATION_CONTEXT('2D SPACE',''
  ) );
#9069 = PCURVE('',#9070,#9075);
#9070 = PLANE('',#9071);
#9071 = AXIS2_PLACEMENT_3D('',#9072,#9073,#9074);
#9072 = CARTESIAN_POINT('',(13.835,-4.795,2.));
#9073 = DIRECTION('',(1.,0.,0.));
#9074 = DIRECTION('',(0.,0.,1.));
#9075 = DEFINITIONAL_REPRESENTATION('',(#9076),#9079);
#9076 = B_SPLINE_CURVE_WITH_KNOTS('',1,(#9077,#9078),.UNSPECIFIED.,.F.,
  .F.,(2,2),(0.9025,1.5025),.PIECEWISE_BEZIER_KNOTS.);
#9077 = CARTESIAN_POINT('',(2.5,0.));
#9078 = CARTESIAN_POINT('',(2.5,-0.6));
#9079 = ( GEOMETRIC_REPRESENTATION_CONTEXT(2) 
PARAMETRIC_REPRESENTATION_CONTEXT() REPRESENTATION_CONTEXT('2D SPACE',''
  ) );
#9080 = ORIENTED_EDGE('',*,*,#9081,.F.);
#9081 = EDGE_CURVE('',#9082,#9056,#9084,.T.);
#9082 = VERTEX_POINT('',#9083);
#9083 = CARTESIAN_POINT('',(14.435,-4.195,4.5));
#9084 = SURFACE_CURVE('',#9085,(#9089,#9095),.PCURVE_S1.);
#9085 = LINE('',#9086,#9087);
#9086 = CARTESIAN_POINT('',(12.9175,-4.195,4.5));
#9087 = VECTOR('',#9088,1.);
#9088 = DIRECTION('',(-1.,0.,0.));
#9089 = PCURVE('',#8112,#9090);
#9090 = DEFINITIONAL_REPRESENTATION('',(#9091),#9094);
#9091 = B_SPLINE_CURVE_WITH_KNOTS('',1,(#9092,#9093),.UNSPECIFIED.,.F.,
  .F.,(2,2),(-1.5175,-0.9175),.PIECEWISE_BEZIER_KNOTS.);
#9092 = CARTESIAN_POINT('',(2.435,2.405));
#9093 = CARTESIAN_POINT('',(1.835,2.405));
#9094 = ( GEOMETRIC_REPRESENTATION_CONTEXT(2) 
PARAMETRIC_REPRESENTATION_CONTEXT() REPRESENTATION_CONTEXT('2D SPACE',''
  ) );
#9095 = PCURVE('',#9096,#9101);
#9096 = PLANE('',#9097);
#9097 = AXIS2_PLACEMENT_3D('',#9098,#9099,#9100);
#9098 = CARTESIAN_POINT('',(13.835,-4.195,2.));
#9099 = DIRECTION('',(0.,1.,0.));
#9100 = DIRECTION('',(0.,0.,1.));
#9101 = DEFINITIONAL_REPRESENTATION('',(#9102),#9105);
#9102 = B_SPLINE_CURVE_WITH_KNOTS('',1,(#9103,#9104),.UNSPECIFIED.,.F.,
  .F.,(2,2),(-1.5175,-0.9175),.PIECEWISE_BEZIER_KNOTS.);
#9103 = CARTESIAN_POINT('',(2.5,0.6));
#9104 = CARTESIAN_POINT('',(2.5,0.));
#9105 = ( GEOMETRIC_REPRESENTATION_CONTEXT(2) 
PARAMETRIC_REPRESENTATION_CONTEXT() REPRESENTATION_CONTEXT('2D SPACE',''
  ) );
#9106 = ORIENTED_EDGE('',*,*,#9107,.F.);
#9107 = EDGE_CURVE('',#9028,#9082,#9108,.T.);
#9108 = SURFACE_CURVE('',#9109,(#9113,#9119),.PCURVE_S1.);
#9109 = LINE('',#9110,#9111);
#9110 = CARTESIAN_POINT('',(14.435,-5.6975,4.5));
#9111 = VECTOR('',#9112,1.);
#9112 = DIRECTION('',(0.,1.,0.));
#9113 = PCURVE('',#8112,#9114);
#9114 = DEFINITIONAL_REPRESENTATION('',(#9115),#9118);
#9115 = B_SPLINE_CURVE_WITH_KNOTS('',1,(#9116,#9117),.UNSPECIFIED.,.F.,
  .F.,(2,2),(0.9025,1.5025),.PIECEWISE_BEZIER_KNOTS.);
#9116 = CARTESIAN_POINT('',(2.435,1.805));
#9117 = CARTESIAN_POINT('',(2.435,2.405));
#9118 = ( GEOMETRIC_REPRESENTATION_CONTEXT(2) 
PARAMETRIC_REPRESENTATION_CONTEXT() REPRESENTATION_CONTEXT('2D SPACE',''
  ) );
#9119 = PCURVE('',#9120,#9125);
#9120 = PLANE('',#9121);
#9121 = AXIS2_PLACEMENT_3D('',#9122,#9123,#9124);
#9122 = CARTESIAN_POINT('',(14.435,-4.795,2.));
#9123 = DIRECTION('',(1.,0.,0.));
#9124 = DIRECTION('',(0.,0.,1.));
#9125 = DEFINITIONAL_REPRESENTATION('',(#9126),#9129);
#9126 = B_SPLINE_CURVE_WITH_KNOTS('',1,(#9127,#9128),.UNSPECIFIED.,.F.,
  .F.,(2,2),(0.9025,1.5025),.PIECEWISE_BEZIER_KNOTS.);
#9127 = CARTESIAN_POINT('',(2.5,0.));
#9128 = CARTESIAN_POINT('',(2.5,-0.6));
#9129 = ( GEOMETRIC_REPRESENTATION_CONTEXT(2) 
PARAMETRIC_REPRESENTATION_CONTEXT() REPRESENTATION_CONTEXT('2D SPACE',''
  ) );
#9130 = FACE_BOUND('',#9131,.T.);
#9131 = EDGE_LOOP('',(#9132,#9160,#9186,#9212));
#9132 = ORIENTED_EDGE('',*,*,#9133,.T.);
#9133 = EDGE_CURVE('',#9134,#9136,#9138,.T.);
#9134 = VERTEX_POINT('',#9135);
#9135 = CARTESIAN_POINT('',(14.435,-3.525,4.5));
#9136 = VERTEX_POINT('',#9137);
#9137 = CARTESIAN_POINT('',(13.835,-3.525,4.5));
#9138 = SURFACE_CURVE('',#9139,(#9143,#9149),.PCURVE_S1.);
#9139 = LINE('',#9140,#9141);
#9140 = CARTESIAN_POINT('',(12.9175,-3.525,4.5));
#9141 = VECTOR('',#9142,1.);
#9142 = DIRECTION('',(-1.,0.,0.));
#9143 = PCURVE('',#8112,#9144);
#9144 = DEFINITIONAL_REPRESENTATION('',(#9145),#9148);
#9145 = B_SPLINE_CURVE_WITH_KNOTS('',1,(#9146,#9147),.UNSPECIFIED.,.F.,
  .F.,(2,2),(-1.5175,-0.9175),.PIECEWISE_BEZIER_KNOTS.);
#9146 = CARTESIAN_POINT('',(2.435,3.075));
#9147 = CARTESIAN_POINT('',(1.835,3.075));
#9148 = ( GEOMETRIC_REPRESENTATION_CONTEXT(2) 
PARAMETRIC_REPRESENTATION_CONTEXT() REPRESENTATION_CONTEXT('2D SPACE',''
  ) );
#9149 = PCURVE('',#9150,#9155);
#9150 = PLANE('',#9151);
#9151 = AXIS2_PLACEMENT_3D('',#9152,#9153,#9154);
#9152 = CARTESIAN_POINT('',(13.835,-3.525,2.));
#9153 = DIRECTION('',(0.,1.,0.));
#9154 = DIRECTION('',(0.,0.,1.));
#9155 = DEFINITIONAL_REPRESENTATION('',(#9156),#9159);
#9156 = B_SPLINE_CURVE_WITH_KNOTS('',1,(#9157,#9158),.UNSPECIFIED.,.F.,
  .F.,(2,2),(-1.5175,-0.9175),.PIECEWISE_BEZIER_KNOTS.);
#9157 = CARTESIAN_POINT('',(2.5,0.6));
#9158 = CARTESIAN_POINT('',(2.5,0.));
#9159 = ( GEOMETRIC_REPRESENTATION_CONTEXT(2) 
PARAMETRIC_REPRESENTATION_CONTEXT() REPRESENTATION_CONTEXT('2D SPACE',''
  ) );
#9160 = ORIENTED_EDGE('',*,*,#9161,.T.);
#9161 = EDGE_CURVE('',#9136,#9162,#9164,.T.);
#9162 = VERTEX_POINT('',#9163);
#9163 = CARTESIAN_POINT('',(13.835,-2.925,4.5));
#9164 = SURFACE_CURVE('',#9165,(#9169,#9175),.PCURVE_S1.);
#9165 = LINE('',#9166,#9167);
#9166 = CARTESIAN_POINT('',(13.835,-5.0625,4.5));
#9167 = VECTOR('',#9168,1.);
#9168 = DIRECTION('',(0.,1.,0.));
#9169 = PCURVE('',#8112,#9170);
#9170 = DEFINITIONAL_REPRESENTATION('',(#9171),#9174);
#9171 = B_SPLINE_CURVE_WITH_KNOTS('',1,(#9172,#9173),.UNSPECIFIED.,.F.,
  .F.,(2,2),(1.5375,2.1375),.PIECEWISE_BEZIER_KNOTS.);
#9172 = CARTESIAN_POINT('',(1.835,3.075));
#9173 = CARTESIAN_POINT('',(1.835,3.675));
#9174 = ( GEOMETRIC_REPRESENTATION_CONTEXT(2) 
PARAMETRIC_REPRESENTATION_CONTEXT() REPRESENTATION_CONTEXT('2D SPACE',''
  ) );
#9175 = PCURVE('',#9176,#9181);
#9176 = PLANE('',#9177);
#9177 = AXIS2_PLACEMENT_3D('',#9178,#9179,#9180);
#9178 = CARTESIAN_POINT('',(13.835,-3.525,2.));
#9179 = DIRECTION('',(1.,0.,0.));
#9180 = DIRECTION('',(0.,0.,1.));
#9181 = DEFINITIONAL_REPRESENTATION('',(#9182),#9185);
#9182 = B_SPLINE_CURVE_WITH_KNOTS('',1,(#9183,#9184),.UNSPECIFIED.,.F.,
  .F.,(2,2),(1.5375,2.1375),.PIECEWISE_BEZIER_KNOTS.);
#9183 = CARTESIAN_POINT('',(2.5,0.));
#9184 = CARTESIAN_POINT('',(2.5,-0.6));
#9185 = ( GEOMETRIC_REPRESENTATION_CONTEXT(2) 
PARAMETRIC_REPRESENTATION_CONTEXT() REPRESENTATION_CONTEXT('2D SPACE',''
  ) );
#9186 = ORIENTED_EDGE('',*,*,#9187,.F.);
#9187 = EDGE_CURVE('',#9188,#9162,#9190,.T.);
#9188 = VERTEX_POINT('',#9189);
#9189 = CARTESIAN_POINT('',(14.435,-2.925,4.5));
#9190 = SURFACE_CURVE('',#9191,(#9195,#9201),.PCURVE_S1.);
#9191 = LINE('',#9192,#9193);
#9192 = CARTESIAN_POINT('',(12.9175,-2.925,4.5));
#9193 = VECTOR('',#9194,1.);
#9194 = DIRECTION('',(-1.,0.,0.));
#9195 = PCURVE('',#8112,#9196);
#9196 = DEFINITIONAL_REPRESENTATION('',(#9197),#9200);
#9197 = B_SPLINE_CURVE_WITH_KNOTS('',1,(#9198,#9199),.UNSPECIFIED.,.F.,
  .F.,(2,2),(-1.5175,-0.9175),.PIECEWISE_BEZIER_KNOTS.);
#9198 = CARTESIAN_POINT('',(2.435,3.675));
#9199 = CARTESIAN_POINT('',(1.835,3.675));
#9200 = ( GEOMETRIC_REPRESENTATION_CONTEXT(2) 
PARAMETRIC_REPRESENTATION_CONTEXT() REPRESENTATION_CONTEXT('2D SPACE',''
  ) );
#9201 = PCURVE('',#9202,#9207);
#9202 = PLANE('',#9203);
#9203 = AXIS2_PLACEMENT_3D('',#9204,#9205,#9206);
#9204 = CARTESIAN_POINT('',(13.835,-2.925,2.));
#9205 = DIRECTION('',(0.,1.,0.));
#9206 = DIRECTION('',(0.,0.,1.));
#9207 = DEFINITIONAL_REPRESENTATION('',(#9208),#9211);
#9208 = B_SPLINE_CURVE_WITH_KNOTS('',1,(#9209,#9210),.UNSPECIFIED.,.F.,
  .F.,(2,2),(-1.5175,-0.9175),.PIECEWISE_BEZIER_KNOTS.);
#9209 = CARTESIAN_POINT('',(2.5,0.6));
#9210 = CARTESIAN_POINT('',(2.5,0.));
#9211 = ( GEOMETRIC_REPRESENTATION_CONTEXT(2) 
PARAMETRIC_REPRESENTATION_CONTEXT() REPRESENTATION_CONTEXT('2D SPACE',''
  ) );
#9212 = ORIENTED_EDGE('',*,*,#9213,.F.);
#9213 = EDGE_CURVE('',#9134,#9188,#9214,.T.);
#9214 = SURFACE_CURVE('',#9215,(#9219,#9225),.PCURVE_S1.);
#9215 = LINE('',#9216,#9217);
#9216 = CARTESIAN_POINT('',(14.435,-5.0625,4.5));
#9217 = VECTOR('',#9218,1.);
#9218 = DIRECTION('',(0.,1.,0.));
#9219 = PCURVE('',#8112,#9220);
#9220 = DEFINITIONAL_REPRESENTATION('',(#9221),#9224);
#9221 = B_SPLINE_CURVE_WITH_KNOTS('',1,(#9222,#9223),.UNSPECIFIED.,.F.,
  .F.,(2,2),(1.5375,2.1375),.PIECEWISE_BEZIER_KNOTS.);
#9222 = CARTESIAN_POINT('',(2.435,3.075));
#9223 = CARTESIAN_POINT('',(2.435,3.675));
#9224 = ( GEOMETRIC_REPRESENTATION_CONTEXT(2) 
PARAMETRIC_REPRESENTATION_CONTEXT() REPRESENTATION_CONTEXT('2D SPACE',''
  ) );
#9225 = PCURVE('',#9226,#9231);
#9226 = PLANE('',#9227);
#9227 = AXIS2_PLACEMENT_3D('',#9228,#9229,#9230);
#9228 = CARTESIAN_POINT('',(14.435,-3.525,2.));
#9229 = DIRECTION('',(1.,0.,0.));
#9230 = DIRECTION('',(0.,0.,1.));
#9231 = DEFINITIONAL_REPRESENTATION('',(#9232),#9235);
#9232 = B_SPLINE_CURVE_WITH_KNOTS('',1,(#9233,#9234),.UNSPECIFIED.,.F.,
  .F.,(2,2),(1.5375,2.1375),.PIECEWISE_BEZIER_KNOTS.);
#9233 = CARTESIAN_POINT('',(2.5,0.));
#9234 = CARTESIAN_POINT('',(2.5,-0.6));
#9235 = ( GEOMETRIC_REPRESENTATION_CONTEXT(2) 
PARAMETRIC_REPRESENTATION_CONTEXT() REPRESENTATION_CONTEXT('2D SPACE',''
  ) );
#9236 = FACE_BOUND('',#9237,.T.);
#9237 = EDGE_LOOP('',(#9238,#9266,#9292,#9318));
#9238 = ORIENTED_EDGE('',*,*,#9239,.T.);
#9239 = EDGE_CURVE('',#9240,#9242,#9244,.T.);
#9240 = VERTEX_POINT('',#9241);
#9241 = CARTESIAN_POINT('',(14.435,-2.255,4.5));
#9242 = VERTEX_POINT('',#9243);
#9243 = CARTESIAN_POINT('',(13.835,-2.255,4.5));
#9244 = SURFACE_CURVE('',#9245,(#9249,#9255),.PCURVE_S1.);
#9245 = LINE('',#9246,#9247);
#9246 = CARTESIAN_POINT('',(12.9175,-2.255,4.5));
#9247 = VECTOR('',#9248,1.);
#9248 = DIRECTION('',(-1.,0.,0.));
#9249 = PCURVE('',#8112,#9250);
#9250 = DEFINITIONAL_REPRESENTATION('',(#9251),#9254);
#9251 = B_SPLINE_CURVE_WITH_KNOTS('',1,(#9252,#9253),.UNSPECIFIED.,.F.,
  .F.,(2,2),(-1.5175,-0.9175),.PIECEWISE_BEZIER_KNOTS.);
#9252 = CARTESIAN_POINT('',(2.435,4.345));
#9253 = CARTESIAN_POINT('',(1.835,4.345));
#9254 = ( GEOMETRIC_REPRESENTATION_CONTEXT(2) 
PARAMETRIC_REPRESENTATION_CONTEXT() REPRESENTATION_CONTEXT('2D SPACE',''
  ) );
#9255 = PCURVE('',#9256,#9261);
#9256 = PLANE('',#9257);
#9257 = AXIS2_PLACEMENT_3D('',#9258,#9259,#9260);
#9258 = CARTESIAN_POINT('',(13.835,-2.255,2.));
#9259 = DIRECTION('',(0.,1.,0.));
#9260 = DIRECTION('',(0.,0.,1.));
#9261 = DEFINITIONAL_REPRESENTATION('',(#9262),#9265);
#9262 = B_SPLINE_CURVE_WITH_KNOTS('',1,(#9263,#9264),.UNSPECIFIED.,.F.,
  .F.,(2,2),(-1.5175,-0.9175),.PIECEWISE_BEZIER_KNOTS.);
#9263 = CARTESIAN_POINT('',(2.5,0.6));
#9264 = CARTESIAN_POINT('',(2.5,0.));
#9265 = ( GEOMETRIC_REPRESENTATION_CONTEXT(2) 
PARAMETRIC_REPRESENTATION_CONTEXT() REPRESENTATION_CONTEXT('2D SPACE',''
  ) );
#9266 = ORIENTED_EDGE('',*,*,#9267,.T.);
#9267 = EDGE_CURVE('',#9242,#9268,#9270,.T.);
#9268 = VERTEX_POINT('',#9269);
#9269 = CARTESIAN_POINT('',(13.835,-1.655,4.5));
#9270 = SURFACE_CURVE('',#9271,(#9275,#9281),.PCURVE_S1.);
#9271 = LINE('',#9272,#9273);
#9272 = CARTESIAN_POINT('',(13.835,-4.4275,4.5));
#9273 = VECTOR('',#9274,1.);
#9274 = DIRECTION('',(0.,1.,0.));
#9275 = PCURVE('',#8112,#9276);
#9276 = DEFINITIONAL_REPRESENTATION('',(#9277),#9280);
#9277 = B_SPLINE_CURVE_WITH_KNOTS('',1,(#9278,#9279),.UNSPECIFIED.,.F.,
  .F.,(2,2),(2.1725,2.7725),.PIECEWISE_BEZIER_KNOTS.);
#9278 = CARTESIAN_POINT('',(1.835,4.345));
#9279 = CARTESIAN_POINT('',(1.835,4.945));
#9280 = ( GEOMETRIC_REPRESENTATION_CONTEXT(2) 
PARAMETRIC_REPRESENTATION_CONTEXT() REPRESENTATION_CONTEXT('2D SPACE',''
  ) );
#9281 = PCURVE('',#9282,#9287);
#9282 = PLANE('',#9283);
#9283 = AXIS2_PLACEMENT_3D('',#9284,#9285,#9286);
#9284 = CARTESIAN_POINT('',(13.835,-2.255,2.));
#9285 = DIRECTION('',(1.,0.,0.));
#9286 = DIRECTION('',(0.,0.,1.));
#9287 = DEFINITIONAL_REPRESENTATION('',(#9288),#9291);
#9288 = B_SPLINE_CURVE_WITH_KNOTS('',1,(#9289,#9290),.UNSPECIFIED.,.F.,
  .F.,(2,2),(2.1725,2.7725),.PIECEWISE_BEZIER_KNOTS.);
#9289 = CARTESIAN_POINT('',(2.5,0.));
#9290 = CARTESIAN_POINT('',(2.5,-0.6));
#9291 = ( GEOMETRIC_REPRESENTATION_CONTEXT(2) 
PARAMETRIC_REPRESENTATION_CONTEXT() REPRESENTATION_CONTEXT('2D SPACE',''
  ) );
#9292 = ORIENTED_EDGE('',*,*,#9293,.F.);
#9293 = EDGE_CURVE('',#9294,#9268,#9296,.T.);
#9294 = VERTEX_POINT('',#9295);
#9295 = CARTESIAN_POINT('',(14.435,-1.655,4.5));
#9296 = SURFACE_CURVE('',#9297,(#9301,#9307),.PCURVE_S1.);
#9297 = LINE('',#9298,#9299);
#9298 = CARTESIAN_POINT('',(12.9175,-1.655,4.5));
#9299 = VECTOR('',#9300,1.);
#9300 = DIRECTION('',(-1.,0.,0.));
#9301 = PCURVE('',#8112,#9302);
#9302 = DEFINITIONAL_REPRESENTATION('',(#9303),#9306);
#9303 = B_SPLINE_CURVE_WITH_KNOTS('',1,(#9304,#9305),.UNSPECIFIED.,.F.,
  .F.,(2,2),(-1.5175,-0.9175),.PIECEWISE_BEZIER_KNOTS.);
#9304 = CARTESIAN_POINT('',(2.435,4.945));
#9305 = CARTESIAN_POINT('',(1.835,4.945));
#9306 = ( GEOMETRIC_REPRESENTATION_CONTEXT(2) 
PARAMETRIC_REPRESENTATION_CONTEXT() REPRESENTATION_CONTEXT('2D SPACE',''
  ) );
#9307 = PCURVE('',#9308,#9313);
#9308 = PLANE('',#9309);
#9309 = AXIS2_PLACEMENT_3D('',#9310,#9311,#9312);
#9310 = CARTESIAN_POINT('',(13.835,-1.655,2.));
#9311 = DIRECTION('',(0.,1.,0.));
#9312 = DIRECTION('',(0.,0.,1.));
#9313 = DEFINITIONAL_REPRESENTATION('',(#9314),#9317);
#9314 = B_SPLINE_CURVE_WITH_KNOTS('',1,(#9315,#9316),.UNSPECIFIED.,.F.,
  .F.,(2,2),(-1.5175,-0.9175),.PIECEWISE_BEZIER_KNOTS.);
#9315 = CARTESIAN_POINT('',(2.5,0.6));
#9316 = CARTESIAN_POINT('',(2.5,0.));
#9317 = ( GEOMETRIC_REPRESENTATION_CONTEXT(2) 
PARAMETRIC_REPRESENTATION_CONTEXT() REPRESENTATION_CONTEXT('2D SPACE',''
  ) );
#9318 = ORIENTED_EDGE('',*,*,#9319,.F.);
#9319 = EDGE_CURVE('',#9240,#9294,#9320,.T.);
#9320 = SURFACE_CURVE('',#9321,(#9325,#9331),.PCURVE_S1.);
#9321 = LINE('',#9322,#9323);
#9322 = CARTESIAN_POINT('',(14.435,-4.4275,4.5));
#9323 = VECTOR('',#9324,1.);
#9324 = DIRECTION('',(0.,1.,0.));
#9325 = PCURVE('',#8112,#9326);
#9326 = DEFINITIONAL_REPRESENTATION('',(#9327),#9330);
#9327 = B_SPLINE_CURVE_WITH_KNOTS('',1,(#9328,#9329),.UNSPECIFIED.,.F.,
  .F.,(2,2),(2.1725,2.7725),.PIECEWISE_BEZIER_KNOTS.);
#9328 = CARTESIAN_POINT('',(2.435,4.345));
#9329 = CARTESIAN_POINT('',(2.435,4.945));
#9330 = ( GEOMETRIC_REPRESENTATION_CONTEXT(2) 
PARAMETRIC_REPRESENTATION_CONTEXT() REPRESENTATION_CONTEXT('2D SPACE',''
  ) );
#9331 = PCURVE('',#9332,#9337);
#9332 = PLANE('',#9333);
#9333 = AXIS2_PLACEMENT_3D('',#9334,#9335,#9336);
#9334 = CARTESIAN_POINT('',(14.435,-2.255,2.));
#9335 = DIRECTION('',(1.,0.,0.));
#9336 = DIRECTION('',(0.,0.,1.));
#9337 = DEFINITIONAL_REPRESENTATION('',(#9338),#9341);
#9338 = B_SPLINE_CURVE_WITH_KNOTS('',1,(#9339,#9340),.UNSPECIFIED.,.F.,
  .F.,(2,2),(2.1725,2.7725),.PIECEWISE_BEZIER_KNOTS.);
#9339 = CARTESIAN_POINT('',(2.5,0.));
#9340 = CARTESIAN_POINT('',(2.5,-0.6));
#9341 = ( GEOMETRIC_REPRESENTATION_CONTEXT(2) 
PARAMETRIC_REPRESENTATION_CONTEXT() REPRESENTATION_CONTEXT('2D SPACE',''
  ) );
#9342 = FACE_BOUND('',#9343,.T.);
#9343 = EDGE_LOOP('',(#9344,#9372,#9398,#9424));
#9344 = ORIENTED_EDGE('',*,*,#9345,.T.);
#9345 = EDGE_CURVE('',#9346,#9348,#9350,.T.);
#9346 = VERTEX_POINT('',#9347);
#9347 = CARTESIAN_POINT('',(14.435,-0.985,4.5));
#9348 = VERTEX_POINT('',#9349);
#9349 = CARTESIAN_POINT('',(13.835,-0.985,4.5));
#9350 = SURFACE_CURVE('',#9351,(#9355,#9361),.PCURVE_S1.);
#9351 = LINE('',#9352,#9353);
#9352 = CARTESIAN_POINT('',(12.9175,-0.985,4.5));
#9353 = VECTOR('',#9354,1.);
#9354 = DIRECTION('',(-1.,0.,0.));
#9355 = PCURVE('',#8112,#9356);
#9356 = DEFINITIONAL_REPRESENTATION('',(#9357),#9360);
#9357 = B_SPLINE_CURVE_WITH_KNOTS('',1,(#9358,#9359),.UNSPECIFIED.,.F.,
  .F.,(2,2),(-1.5175,-0.9175),.PIECEWISE_BEZIER_KNOTS.);
#9358 = CARTESIAN_POINT('',(2.435,5.615));
#9359 = CARTESIAN_POINT('',(1.835,5.615));
#9360 = ( GEOMETRIC_REPRESENTATION_CONTEXT(2) 
PARAMETRIC_REPRESENTATION_CONTEXT() REPRESENTATION_CONTEXT('2D SPACE',''
  ) );
#9361 = PCURVE('',#9362,#9367);
#9362 = PLANE('',#9363);
#9363 = AXIS2_PLACEMENT_3D('',#9364,#9365,#9366);
#9364 = CARTESIAN_POINT('',(13.835,-0.985,2.));
#9365 = DIRECTION('',(0.,1.,0.));
#9366 = DIRECTION('',(0.,0.,1.));
#9367 = DEFINITIONAL_REPRESENTATION('',(#9368),#9371);
#9368 = B_SPLINE_CURVE_WITH_KNOTS('',1,(#9369,#9370),.UNSPECIFIED.,.F.,
  .F.,(2,2),(-1.5175,-0.9175),.PIECEWISE_BEZIER_KNOTS.);
#9369 = CARTESIAN_POINT('',(2.5,0.6));
#9370 = CARTESIAN_POINT('',(2.5,0.));
#9371 = ( GEOMETRIC_REPRESENTATION_CONTEXT(2) 
PARAMETRIC_REPRESENTATION_CONTEXT() REPRESENTATION_CONTEXT('2D SPACE',''
  ) );
#9372 = ORIENTED_EDGE('',*,*,#9373,.T.);
#9373 = EDGE_CURVE('',#9348,#9374,#9376,.T.);
#9374 = VERTEX_POINT('',#9375);
#9375 = CARTESIAN_POINT('',(13.835,-0.385,4.5));
#9376 = SURFACE_CURVE('',#9377,(#9381,#9387),.PCURVE_S1.);
#9377 = LINE('',#9378,#9379);
#9378 = CARTESIAN_POINT('',(13.835,-3.7925,4.5));
#9379 = VECTOR('',#9380,1.);
#9380 = DIRECTION('',(0.,1.,0.));
#9381 = PCURVE('',#8112,#9382);
#9382 = DEFINITIONAL_REPRESENTATION('',(#9383),#9386);
#9383 = B_SPLINE_CURVE_WITH_KNOTS('',1,(#9384,#9385),.UNSPECIFIED.,.F.,
  .F.,(2,2),(2.8075,3.4075),.PIECEWISE_BEZIER_KNOTS.);
#9384 = CARTESIAN_POINT('',(1.835,5.615));
#9385 = CARTESIAN_POINT('',(1.835,6.215));
#9386 = ( GEOMETRIC_REPRESENTATION_CONTEXT(2) 
PARAMETRIC_REPRESENTATION_CONTEXT() REPRESENTATION_CONTEXT('2D SPACE',''
  ) );
#9387 = PCURVE('',#9388,#9393);
#9388 = PLANE('',#9389);
#9389 = AXIS2_PLACEMENT_3D('',#9390,#9391,#9392);
#9390 = CARTESIAN_POINT('',(13.835,-0.985,2.));
#9391 = DIRECTION('',(1.,0.,0.));
#9392 = DIRECTION('',(0.,0.,1.));
#9393 = DEFINITIONAL_REPRESENTATION('',(#9394),#9397);
#9394 = B_SPLINE_CURVE_WITH_KNOTS('',1,(#9395,#9396),.UNSPECIFIED.,.F.,
  .F.,(2,2),(2.8075,3.4075),.PIECEWISE_BEZIER_KNOTS.);
#9395 = CARTESIAN_POINT('',(2.5,0.));
#9396 = CARTESIAN_POINT('',(2.5,-0.6));
#9397 = ( GEOMETRIC_REPRESENTATION_CONTEXT(2) 
PARAMETRIC_REPRESENTATION_CONTEXT() REPRESENTATION_CONTEXT('2D SPACE',''
  ) );
#9398 = ORIENTED_EDGE('',*,*,#9399,.F.);
#9399 = EDGE_CURVE('',#9400,#9374,#9402,.T.);
#9400 = VERTEX_POINT('',#9401);
#9401 = CARTESIAN_POINT('',(14.435,-0.385,4.5));
#9402 = SURFACE_CURVE('',#9403,(#9407,#9413),.PCURVE_S1.);
#9403 = LINE('',#9404,#9405);
#9404 = CARTESIAN_POINT('',(12.9175,-0.385,4.5));
#9405 = VECTOR('',#9406,1.);
#9406 = DIRECTION('',(-1.,0.,0.));
#9407 = PCURVE('',#8112,#9408);
#9408 = DEFINITIONAL_REPRESENTATION('',(#9409),#9412);
#9409 = B_SPLINE_CURVE_WITH_KNOTS('',1,(#9410,#9411),.UNSPECIFIED.,.F.,
  .F.,(2,2),(-1.5175,-0.9175),.PIECEWISE_BEZIER_KNOTS.);
#9410 = CARTESIAN_POINT('',(2.435,6.215));
#9411 = CARTESIAN_POINT('',(1.835,6.215));
#9412 = ( GEOMETRIC_REPRESENTATION_CONTEXT(2) 
PARAMETRIC_REPRESENTATION_CONTEXT() REPRESENTATION_CONTEXT('2D SPACE',''
  ) );
#9413 = PCURVE('',#9414,#9419);
#9414 = PLANE('',#9415);
#9415 = AXIS2_PLACEMENT_3D('',#9416,#9417,#9418);
#9416 = CARTESIAN_POINT('',(13.835,-0.385,2.));
#9417 = DIRECTION('',(0.,1.,0.));
#9418 = DIRECTION('',(0.,0.,1.));
#9419 = DEFINITIONAL_REPRESENTATION('',(#9420),#9423);
#9420 = B_SPLINE_CURVE_WITH_KNOTS('',1,(#9421,#9422),.UNSPECIFIED.,.F.,
  .F.,(2,2),(-1.5175,-0.9175),.PIECEWISE_BEZIER_KNOTS.);
#9421 = CARTESIAN_POINT('',(2.5,0.6));
#9422 = CARTESIAN_POINT('',(2.5,0.));
#9423 = ( GEOMETRIC_REPRESENTATION_CONTEXT(2) 
PARAMETRIC_REPRESENTATION_CONTEXT() REPRESENTATION_CONTEXT('2D SPACE',''
  ) );
#9424 = ORIENTED_EDGE('',*,*,#9425,.F.);
#9425 = EDGE_CURVE('',#9346,#9400,#9426,.T.);
#9426 = SURFACE_CURVE('',#9427,(#9431,#9437),.PCURVE_S1.);
#9427 = LINE('',#9428,#9429);
#9428 = CARTESIAN_POINT('',(14.435,-3.7925,4.5));
#9429 = VECTOR('',#9430,1.);
#9430 = DIRECTION('',(0.,1.,0.));
#9431 = PCURVE('',#8112,#9432);
#9432 = DEFINITIONAL_REPRESENTATION('',(#9433),#9436);
#9433 = B_SPLINE_CURVE_WITH_KNOTS('',1,(#9434,#9435),.UNSPECIFIED.,.F.,
  .F.,(2,2),(2.8075,3.4075),.PIECEWISE_BEZIER_KNOTS.);
#9434 = CARTESIAN_POINT('',(2.435,5.615));
#9435 = CARTESIAN_POINT('',(2.435,6.215));
#9436 = ( GEOMETRIC_REPRESENTATION_CONTEXT(2) 
PARAMETRIC_REPRESENTATION_CONTEXT() REPRESENTATION_CONTEXT('2D SPACE',''
  ) );
#9437 = PCURVE('',#9438,#9443);
#9438 = PLANE('',#9439);
#9439 = AXIS2_PLACEMENT_3D('',#9440,#9441,#9442);
#9440 = CARTESIAN_POINT('',(14.435,-0.985,2.));
#9441 = DIRECTION('',(1.,0.,0.));
#9442 = DIRECTION('',(0.,0.,1.));
#9443 = DEFINITIONAL_REPRESENTATION('',(#9444),#9447);
#9444 = B_SPLINE_CURVE_WITH_KNOTS('',1,(#9445,#9446),.UNSPECIFIED.,.F.,
  .F.,(2,2),(2.8075,3.4075),.PIECEWISE_BEZIER_KNOTS.);
#9445 = CARTESIAN_POINT('',(2.5,0.));
#9446 = CARTESIAN_POINT('',(2.5,-0.6));
#9447 = ( GEOMETRIC_REPRESENTATION_CONTEXT(2) 
PARAMETRIC_REPRESENTATION_CONTEXT() REPRESENTATION_CONTEXT('2D SPACE',''
  ) );
#9448 = FACE_BOUND('',#9449,.T.);
#9449 = EDGE_LOOP('',(#9450,#9478,#9504,#9530));
#9450 = ORIENTED_EDGE('',*,*,#9451,.T.);
#9451 = EDGE_CURVE('',#9452,#9454,#9456,.T.);
#9452 = VERTEX_POINT('',#9453);
#9453 = CARTESIAN_POINT('',(13.165,0.285,4.5));
#9454 = VERTEX_POINT('',#9455);
#9455 = CARTESIAN_POINT('',(12.565,0.285,4.5));
#9456 = SURFACE_CURVE('',#9457,(#9461,#9467),.PCURVE_S1.);
#9457 = LINE('',#9458,#9459);
#9458 = CARTESIAN_POINT('',(12.2825,0.285,4.5));
#9459 = VECTOR('',#9460,1.);
#9460 = DIRECTION('',(-1.,0.,0.));
#9461 = PCURVE('',#8112,#9462);
#9462 = DEFINITIONAL_REPRESENTATION('',(#9463),#9466);
#9463 = B_SPLINE_CURVE_WITH_KNOTS('',1,(#9464,#9465),.UNSPECIFIED.,.F.,
  .F.,(2,2),(-0.8825,-0.2825),.PIECEWISE_BEZIER_KNOTS.);
#9464 = CARTESIAN_POINT('',(1.165,6.885));
#9465 = CARTESIAN_POINT('',(0.565,6.885));
#9466 = ( GEOMETRIC_REPRESENTATION_CONTEXT(2) 
PARAMETRIC_REPRESENTATION_CONTEXT() REPRESENTATION_CONTEXT('2D SPACE',''
  ) );
#9467 = PCURVE('',#9468,#9473);
#9468 = PLANE('',#9469);
#9469 = AXIS2_PLACEMENT_3D('',#9470,#9471,#9472);
#9470 = CARTESIAN_POINT('',(12.565,0.285,2.));
#9471 = DIRECTION('',(0.,1.,0.));
#9472 = DIRECTION('',(0.,0.,1.));
#9473 = DEFINITIONAL_REPRESENTATION('',(#9474),#9477);
#9474 = B_SPLINE_CURVE_WITH_KNOTS('',1,(#9475,#9476),.UNSPECIFIED.,.F.,
  .F.,(2,2),(-0.8825,-0.2825),.PIECEWISE_BEZIER_KNOTS.);
#9475 = CARTESIAN_POINT('',(2.5,0.6));
#9476 = CARTESIAN_POINT('',(2.5,0.));
#9477 = ( GEOMETRIC_REPRESENTATION_CONTEXT(2) 
PARAMETRIC_REPRESENTATION_CONTEXT() REPRESENTATION_CONTEXT('2D SPACE',''
  ) );
#9478 = ORIENTED_EDGE('',*,*,#9479,.T.);
#9479 = EDGE_CURVE('',#9454,#9480,#9482,.T.);
#9480 = VERTEX_POINT('',#9481);
#9481 = CARTESIAN_POINT('',(12.565,0.885,4.5));
#9482 = SURFACE_CURVE('',#9483,(#9487,#9493),.PCURVE_S1.);
#9483 = LINE('',#9484,#9485);
#9484 = CARTESIAN_POINT('',(12.565,-3.1575,4.5));
#9485 = VECTOR('',#9486,1.);
#9486 = DIRECTION('',(0.,1.,0.));
#9487 = PCURVE('',#8112,#9488);
#9488 = DEFINITIONAL_REPRESENTATION('',(#9489),#9492);
#9489 = B_SPLINE_CURVE_WITH_KNOTS('',1,(#9490,#9491),.UNSPECIFIED.,.F.,
  .F.,(2,2),(3.4425,4.0425),.PIECEWISE_BEZIER_KNOTS.);
#9490 = CARTESIAN_POINT('',(0.565,6.885));
#9491 = CARTESIAN_POINT('',(0.565,7.485));
#9492 = ( GEOMETRIC_REPRESENTATION_CONTEXT(2) 
PARAMETRIC_REPRESENTATION_CONTEXT() REPRESENTATION_CONTEXT('2D SPACE',''
  ) );
#9493 = PCURVE('',#9494,#9499);
#9494 = PLANE('',#9495);
#9495 = AXIS2_PLACEMENT_3D('',#9496,#9497,#9498);
#9496 = CARTESIAN_POINT('',(12.565,0.285,2.));
#9497 = DIRECTION('',(1.,0.,0.));
#9498 = DIRECTION('',(0.,0.,1.));
#9499 = DEFINITIONAL_REPRESENTATION('',(#9500),#9503);
#9500 = B_SPLINE_CURVE_WITH_KNOTS('',1,(#9501,#9502),.UNSPECIFIED.,.F.,
  .F.,(2,2),(3.4425,4.0425),.PIECEWISE_BEZIER_KNOTS.);
#9501 = CARTESIAN_POINT('',(2.5,0.));
#9502 = CARTESIAN_POINT('',(2.5,-0.6));
#9503 = ( GEOMETRIC_REPRESENTATION_CONTEXT(2) 
PARAMETRIC_REPRESENTATION_CONTEXT() REPRESENTATION_CONTEXT('2D SPACE',''
  ) );
#9504 = ORIENTED_EDGE('',*,*,#9505,.F.);
#9505 = EDGE_CURVE('',#9506,#9480,#9508,.T.);
#9506 = VERTEX_POINT('',#9507);
#9507 = CARTESIAN_POINT('',(13.165,0.885,4.5));
#9508 = SURFACE_CURVE('',#9509,(#9513,#9519),.PCURVE_S1.);
#9509 = LINE('',#9510,#9511);
#9510 = CARTESIAN_POINT('',(12.2825,0.885,4.5));
#9511 = VECTOR('',#9512,1.);
#9512 = DIRECTION('',(-1.,0.,0.));
#9513 = PCURVE('',#8112,#9514);
#9514 = DEFINITIONAL_REPRESENTATION('',(#9515),#9518);
#9515 = B_SPLINE_CURVE_WITH_KNOTS('',1,(#9516,#9517),.UNSPECIFIED.,.F.,
  .F.,(2,2),(-0.8825,-0.2825),.PIECEWISE_BEZIER_KNOTS.);
#9516 = CARTESIAN_POINT('',(1.165,7.485));
#9517 = CARTESIAN_POINT('',(0.565,7.485));
#9518 = ( GEOMETRIC_REPRESENTATION_CONTEXT(2) 
PARAMETRIC_REPRESENTATION_CONTEXT() REPRESENTATION_CONTEXT('2D SPACE',''
  ) );
#9519 = PCURVE('',#9520,#9525);
#9520 = PLANE('',#9521);
#9521 = AXIS2_PLACEMENT_3D('',#9522,#9523,#9524);
#9522 = CARTESIAN_POINT('',(12.565,0.885,2.));
#9523 = DIRECTION('',(0.,1.,0.));
#9524 = DIRECTION('',(0.,0.,1.));
#9525 = DEFINITIONAL_REPRESENTATION('',(#9526),#9529);
#9526 = B_SPLINE_CURVE_WITH_KNOTS('',1,(#9527,#9528),.UNSPECIFIED.,.F.,
  .F.,(2,2),(-0.8825,-0.2825),.PIECEWISE_BEZIER_KNOTS.);
#9527 = CARTESIAN_POINT('',(2.5,0.6));
#9528 = CARTESIAN_POINT('',(2.5,0.));
#9529 = ( GEOMETRIC_REPRESENTATION_CONTEXT(2) 
PARAMETRIC_REPRESENTATION_CONTEXT() REPRESENTATION_CONTEXT('2D SPACE',''
  ) );
#9530 = ORIENTED_EDGE('',*,*,#9531,.F.);
#9531 = EDGE_CURVE('',#9452,#9506,#9532,.T.);
#9532 = SURFACE_CURVE('',#9533,(#9537,#9543),.PCURVE_S1.);
#9533 = LINE('',#9534,#9535);
#9534 = CARTESIAN_POINT('',(13.165,-3.1575,4.5));
#9535 = VECTOR('',#9536,1.);
#9536 = DIRECTION('',(0.,1.,0.));
#9537 = PCURVE('',#8112,#9538);
#9538 = DEFINITIONAL_REPRESENTATION('',(#9539),#9542);
#9539 = B_SPLINE_CURVE_WITH_KNOTS('',1,(#9540,#9541),.UNSPECIFIED.,.F.,
  .F.,(2,2),(3.4425,4.0425),.PIECEWISE_BEZIER_KNOTS.);
#9540 = CARTESIAN_POINT('',(1.165,6.885));
#9541 = CARTESIAN_POINT('',(1.165,7.485));
#9542 = ( GEOMETRIC_REPRESENTATION_CONTEXT(2) 
PARAMETRIC_REPRESENTATION_CONTEXT() REPRESENTATION_CONTEXT('2D SPACE',''
  ) );
#9543 = PCURVE('',#9544,#9549);
#9544 = PLANE('',#9545);
#9545 = AXIS2_PLACEMENT_3D('',#9546,#9547,#9548);
#9546 = CARTESIAN_POINT('',(13.165,0.285,2.));
#9547 = DIRECTION('',(1.,0.,0.));
#9548 = DIRECTION('',(0.,0.,1.));
#9549 = DEFINITIONAL_REPRESENTATION('',(#9550),#9553);
#9550 = B_SPLINE_CURVE_WITH_KNOTS('',1,(#9551,#9552),.UNSPECIFIED.,.F.,
  .F.,(2,2),(3.4425,4.0425),.PIECEWISE_BEZIER_KNOTS.);
#9551 = CARTESIAN_POINT('',(2.5,0.));
#9552 = CARTESIAN_POINT('',(2.5,-0.6));
#9553 = ( GEOMETRIC_REPRESENTATION_CONTEXT(2) 
PARAMETRIC_REPRESENTATION_CONTEXT() REPRESENTATION_CONTEXT('2D SPACE',''
  ) );
#9554 = FACE_BOUND('',#9555,.T.);
#9555 = EDGE_LOOP('',(#9556,#9584,#9610,#9636));
#9556 = ORIENTED_EDGE('',*,*,#9557,.T.);
#9557 = EDGE_CURVE('',#9558,#9560,#9562,.T.);
#9558 = VERTEX_POINT('',#9559);
#9559 = CARTESIAN_POINT('',(13.165,1.555,4.5));
#9560 = VERTEX_POINT('',#9561);
#9561 = CARTESIAN_POINT('',(12.565,1.555,4.5));
#9562 = SURFACE_CURVE('',#9563,(#9567,#9573),.PCURVE_S1.);
#9563 = LINE('',#9564,#9565);
#9564 = CARTESIAN_POINT('',(12.2825,1.555,4.5));
#9565 = VECTOR('',#9566,1.);
#9566 = DIRECTION('',(-1.,0.,0.));
#9567 = PCURVE('',#8112,#9568);
#9568 = DEFINITIONAL_REPRESENTATION('',(#9569),#9572);
#9569 = B_SPLINE_CURVE_WITH_KNOTS('',1,(#9570,#9571),.UNSPECIFIED.,.F.,
  .F.,(2,2),(-0.8825,-0.2825),.PIECEWISE_BEZIER_KNOTS.);
#9570 = CARTESIAN_POINT('',(1.165,8.155));
#9571 = CARTESIAN_POINT('',(0.565,8.155));
#9572 = ( GEOMETRIC_REPRESENTATION_CONTEXT(2) 
PARAMETRIC_REPRESENTATION_CONTEXT() REPRESENTATION_CONTEXT('2D SPACE',''
  ) );
#9573 = PCURVE('',#9574,#9579);
#9574 = PLANE('',#9575);
#9575 = AXIS2_PLACEMENT_3D('',#9576,#9577,#9578);
#9576 = CARTESIAN_POINT('',(12.565,1.555,2.));
#9577 = DIRECTION('',(0.,1.,0.));
#9578 = DIRECTION('',(0.,0.,1.));
#9579 = DEFINITIONAL_REPRESENTATION('',(#9580),#9583);
#9580 = B_SPLINE_CURVE_WITH_KNOTS('',1,(#9581,#9582),.UNSPECIFIED.,.F.,
  .F.,(2,2),(-0.8825,-0.2825),.PIECEWISE_BEZIER_KNOTS.);
#9581 = CARTESIAN_POINT('',(2.5,0.6));
#9582 = CARTESIAN_POINT('',(2.5,0.));
#9583 = ( GEOMETRIC_REPRESENTATION_CONTEXT(2) 
PARAMETRIC_REPRESENTATION_CONTEXT() REPRESENTATION_CONTEXT('2D SPACE',''
  ) );
#9584 = ORIENTED_EDGE('',*,*,#9585,.T.);
#9585 = EDGE_CURVE('',#9560,#9586,#9588,.T.);
#9586 = VERTEX_POINT('',#9587);
#9587 = CARTESIAN_POINT('',(12.565,2.155,4.5));
#9588 = SURFACE_CURVE('',#9589,(#9593,#9599),.PCURVE_S1.);
#9589 = LINE('',#9590,#9591);
#9590 = CARTESIAN_POINT('',(12.565,-2.5225,4.5));
#9591 = VECTOR('',#9592,1.);
#9592 = DIRECTION('',(0.,1.,0.));
#9593 = PCURVE('',#8112,#9594);
#9594 = DEFINITIONAL_REPRESENTATION('',(#9595),#9598);
#9595 = B_SPLINE_CURVE_WITH_KNOTS('',1,(#9596,#9597),.UNSPECIFIED.,.F.,
  .F.,(2,2),(4.0775,4.6775),.PIECEWISE_BEZIER_KNOTS.);
#9596 = CARTESIAN_POINT('',(0.565,8.155));
#9597 = CARTESIAN_POINT('',(0.565,8.755));
#9598 = ( GEOMETRIC_REPRESENTATION_CONTEXT(2) 
PARAMETRIC_REPRESENTATION_CONTEXT() REPRESENTATION_CONTEXT('2D SPACE',''
  ) );
#9599 = PCURVE('',#9600,#9605);
#9600 = PLANE('',#9601);
#9601 = AXIS2_PLACEMENT_3D('',#9602,#9603,#9604);
#9602 = CARTESIAN_POINT('',(12.565,1.555,2.));
#9603 = DIRECTION('',(1.,0.,0.));
#9604 = DIRECTION('',(0.,0.,1.));
#9605 = DEFINITIONAL_REPRESENTATION('',(#9606),#9609);
#9606 = B_SPLINE_CURVE_WITH_KNOTS('',1,(#9607,#9608),.UNSPECIFIED.,.F.,
  .F.,(2,2),(4.0775,4.6775),.PIECEWISE_BEZIER_KNOTS.);
#9607 = CARTESIAN_POINT('',(2.5,0.));
#9608 = CARTESIAN_POINT('',(2.5,-0.6));
#9609 = ( GEOMETRIC_REPRESENTATION_CONTEXT(2) 
PARAMETRIC_REPRESENTATION_CONTEXT() REPRESENTATION_CONTEXT('2D SPACE',''
  ) );
#9610 = ORIENTED_EDGE('',*,*,#9611,.F.);
#9611 = EDGE_CURVE('',#9612,#9586,#9614,.T.);
#9612 = VERTEX_POINT('',#9613);
#9613 = CARTESIAN_POINT('',(13.165,2.155,4.5));
#9614 = SURFACE_CURVE('',#9615,(#9619,#9625),.PCURVE_S1.);
#9615 = LINE('',#9616,#9617);
#9616 = CARTESIAN_POINT('',(12.2825,2.155,4.5));
#9617 = VECTOR('',#9618,1.);
#9618 = DIRECTION('',(-1.,0.,0.));
#9619 = PCURVE('',#8112,#9620);
#9620 = DEFINITIONAL_REPRESENTATION('',(#9621),#9624);
#9621 = B_SPLINE_CURVE_WITH_KNOTS('',1,(#9622,#9623),.UNSPECIFIED.,.F.,
  .F.,(2,2),(-0.8825,-0.2825),.PIECEWISE_BEZIER_KNOTS.);
#9622 = CARTESIAN_POINT('',(1.165,8.755));
#9623 = CARTESIAN_POINT('',(0.565,8.755));
#9624 = ( GEOMETRIC_REPRESENTATION_CONTEXT(2) 
PARAMETRIC_REPRESENTATION_CONTEXT() REPRESENTATION_CONTEXT('2D SPACE',''
  ) );
#9625 = PCURVE('',#9626,#9631);
#9626 = PLANE('',#9627);
#9627 = AXIS2_PLACEMENT_3D('',#9628,#9629,#9630);
#9628 = CARTESIAN_POINT('',(12.565,2.155,2.));
#9629 = DIRECTION('',(0.,1.,0.));
#9630 = DIRECTION('',(0.,0.,1.));
#9631 = DEFINITIONAL_REPRESENTATION('',(#9632),#9635);
#9632 = B_SPLINE_CURVE_WITH_KNOTS('',1,(#9633,#9634),.UNSPECIFIED.,.F.,
  .F.,(2,2),(-0.8825,-0.2825),.PIECEWISE_BEZIER_KNOTS.);
#9633 = CARTESIAN_POINT('',(2.5,0.6));
#9634 = CARTESIAN_POINT('',(2.5,0.));
#9635 = ( GEOMETRIC_REPRESENTATION_CONTEXT(2) 
PARAMETRIC_REPRESENTATION_CONTEXT() REPRESENTATION_CONTEXT('2D SPACE',''
  ) );
#9636 = ORIENTED_EDGE('',*,*,#9637,.F.);
#9637 = EDGE_CURVE('',#9558,#9612,#9638,.T.);
#9638 = SURFACE_CURVE('',#9639,(#9643,#9649),.PCURVE_S1.);
#9639 = LINE('',#9640,#9641);
#9640 = CARTESIAN_POINT('',(13.165,-2.5225,4.5));
#9641 = VECTOR('',#9642,1.);
#9642 = DIRECTION('',(0.,1.,0.));
#9643 = PCURVE('',#8112,#9644);
#9644 = DEFINITIONAL_REPRESENTATION('',(#9645),#9648);
#9645 = B_SPLINE_CURVE_WITH_KNOTS('',1,(#9646,#9647),.UNSPECIFIED.,.F.,
  .F.,(2,2),(4.0775,4.6775),.PIECEWISE_BEZIER_KNOTS.);
#9646 = CARTESIAN_POINT('',(1.165,8.155));
#9647 = CARTESIAN_POINT('',(1.165,8.755));
#9648 = ( GEOMETRIC_REPRESENTATION_CONTEXT(2) 
PARAMETRIC_REPRESENTATION_CONTEXT() REPRESENTATION_CONTEXT('2D SPACE',''
  ) );
#9649 = PCURVE('',#9650,#9655);
#9650 = PLANE('',#9651);
#9651 = AXIS2_PLACEMENT_3D('',#9652,#9653,#9654);
#9652 = CARTESIAN_POINT('',(13.165,1.555,2.));
#9653 = DIRECTION('',(1.,0.,0.));
#9654 = DIRECTION('',(0.,0.,1.));
#9655 = DEFINITIONAL_REPRESENTATION('',(#9656),#9659);
#9656 = B_SPLINE_CURVE_WITH_KNOTS('',1,(#9657,#9658),.UNSPECIFIED.,.F.,
  .F.,(2,2),(4.0775,4.6775),.PIECEWISE_BEZIER_KNOTS.);
#9657 = CARTESIAN_POINT('',(2.5,0.));
#9658 = CARTESIAN_POINT('',(2.5,-0.6));
#9659 = ( GEOMETRIC_REPRESENTATION_CONTEXT(2) 
PARAMETRIC_REPRESENTATION_CONTEXT() REPRESENTATION_CONTEXT('2D SPACE',''
  ) );
#9660 = FACE_BOUND('',#9661,.T.);
#9661 = EDGE_LOOP('',(#9662,#9690,#9716,#9742));
#9662 = ORIENTED_EDGE('',*,*,#9663,.T.);
#9663 = EDGE_CURVE('',#9664,#9666,#9668,.T.);
#9664 = VERTEX_POINT('',#9665);
#9665 = CARTESIAN_POINT('',(13.165,2.825,4.5));
#9666 = VERTEX_POINT('',#9667);
#9667 = CARTESIAN_POINT('',(12.565,2.825,4.5));
#9668 = SURFACE_CURVE('',#9669,(#9673,#9679),.PCURVE_S1.);
#9669 = LINE('',#9670,#9671);
#9670 = CARTESIAN_POINT('',(12.2825,2.825,4.5));
#9671 = VECTOR('',#9672,1.);
#9672 = DIRECTION('',(-1.,0.,0.));
#9673 = PCURVE('',#8112,#9674);
#9674 = DEFINITIONAL_REPRESENTATION('',(#9675),#9678);
#9675 = B_SPLINE_CURVE_WITH_KNOTS('',1,(#9676,#9677),.UNSPECIFIED.,.F.,
  .F.,(2,2),(-0.8825,-0.2825),.PIECEWISE_BEZIER_KNOTS.);
#9676 = CARTESIAN_POINT('',(1.165,9.425));
#9677 = CARTESIAN_POINT('',(0.565,9.425));
#9678 = ( GEOMETRIC_REPRESENTATION_CONTEXT(2) 
PARAMETRIC_REPRESENTATION_CONTEXT() REPRESENTATION_CONTEXT('2D SPACE',''
  ) );
#9679 = PCURVE('',#9680,#9685);
#9680 = PLANE('',#9681);
#9681 = AXIS2_PLACEMENT_3D('',#9682,#9683,#9684);
#9682 = CARTESIAN_POINT('',(12.565,2.825,2.));
#9683 = DIRECTION('',(0.,1.,0.));
#9684 = DIRECTION('',(0.,0.,1.));
#9685 = DEFINITIONAL_REPRESENTATION('',(#9686),#9689);
#9686 = B_SPLINE_CURVE_WITH_KNOTS('',1,(#9687,#9688),.UNSPECIFIED.,.F.,
  .F.,(2,2),(-0.8825,-0.2825),.PIECEWISE_BEZIER_KNOTS.);
#9687 = CARTESIAN_POINT('',(2.5,0.6));
#9688 = CARTESIAN_POINT('',(2.5,0.));
#9689 = ( GEOMETRIC_REPRESENTATION_CONTEXT(2) 
PARAMETRIC_REPRESENTATION_CONTEXT() REPRESENTATION_CONTEXT('2D SPACE',''
  ) );
#9690 = ORIENTED_EDGE('',*,*,#9691,.T.);
#9691 = EDGE_CURVE('',#9666,#9692,#9694,.T.);
#9692 = VERTEX_POINT('',#9693);
#9693 = CARTESIAN_POINT('',(12.565,3.425,4.5));
#9694 = SURFACE_CURVE('',#9695,(#9699,#9705),.PCURVE_S1.);
#9695 = LINE('',#9696,#9697);
#9696 = CARTESIAN_POINT('',(12.565,-1.8875,4.5));
#9697 = VECTOR('',#9698,1.);
#9698 = DIRECTION('',(0.,1.,0.));
#9699 = PCURVE('',#8112,#9700);
#9700 = DEFINITIONAL_REPRESENTATION('',(#9701),#9704);
#9701 = B_SPLINE_CURVE_WITH_KNOTS('',1,(#9702,#9703),.UNSPECIFIED.,.F.,
  .F.,(2,2),(4.7125,5.3125),.PIECEWISE_BEZIER_KNOTS.);
#9702 = CARTESIAN_POINT('',(0.565,9.425));
#9703 = CARTESIAN_POINT('',(0.565,10.025));
#9704 = ( GEOMETRIC_REPRESENTATION_CONTEXT(2) 
PARAMETRIC_REPRESENTATION_CONTEXT() REPRESENTATION_CONTEXT('2D SPACE',''
  ) );
#9705 = PCURVE('',#9706,#9711);
#9706 = PLANE('',#9707);
#9707 = AXIS2_PLACEMENT_3D('',#9708,#9709,#9710);
#9708 = CARTESIAN_POINT('',(12.565,2.825,2.));
#9709 = DIRECTION('',(1.,0.,0.));
#9710 = DIRECTION('',(0.,0.,1.));
#9711 = DEFINITIONAL_REPRESENTATION('',(#9712),#9715);
#9712 = B_SPLINE_CURVE_WITH_KNOTS('',1,(#9713,#9714),.UNSPECIFIED.,.F.,
  .F.,(2,2),(4.7125,5.3125),.PIECEWISE_BEZIER_KNOTS.);
#9713 = CARTESIAN_POINT('',(2.5,0.));
#9714 = CARTESIAN_POINT('',(2.5,-0.6));
#9715 = ( GEOMETRIC_REPRESENTATION_CONTEXT(2) 
PARAMETRIC_REPRESENTATION_CONTEXT() REPRESENTATION_CONTEXT('2D SPACE',''
  ) );
#9716 = ORIENTED_EDGE('',*,*,#9717,.F.);
#9717 = EDGE_CURVE('',#9718,#9692,#9720,.T.);
#9718 = VERTEX_POINT('',#9719);
#9719 = CARTESIAN_POINT('',(13.165,3.425,4.5));
#9720 = SURFACE_CURVE('',#9721,(#9725,#9731),.PCURVE_S1.);
#9721 = LINE('',#9722,#9723);
#9722 = CARTESIAN_POINT('',(12.2825,3.425,4.5));
#9723 = VECTOR('',#9724,1.);
#9724 = DIRECTION('',(-1.,0.,0.));
#9725 = PCURVE('',#8112,#9726);
#9726 = DEFINITIONAL_REPRESENTATION('',(#9727),#9730);
#9727 = B_SPLINE_CURVE_WITH_KNOTS('',1,(#9728,#9729),.UNSPECIFIED.,.F.,
  .F.,(2,2),(-0.8825,-0.2825),.PIECEWISE_BEZIER_KNOTS.);
#9728 = CARTESIAN_POINT('',(1.165,10.025));
#9729 = CARTESIAN_POINT('',(0.565,10.025));
#9730 = ( GEOMETRIC_REPRESENTATION_CONTEXT(2) 
PARAMETRIC_REPRESENTATION_CONTEXT() REPRESENTATION_CONTEXT('2D SPACE',''
  ) );
#9731 = PCURVE('',#9732,#9737);
#9732 = PLANE('',#9733);
#9733 = AXIS2_PLACEMENT_3D('',#9734,#9735,#9736);
#9734 = CARTESIAN_POINT('',(12.565,3.425,2.));
#9735 = DIRECTION('',(0.,1.,0.));
#9736 = DIRECTION('',(0.,0.,1.));
#9737 = DEFINITIONAL_REPRESENTATION('',(#9738),#9741);
#9738 = B_SPLINE_CURVE_WITH_KNOTS('',1,(#9739,#9740),.UNSPECIFIED.,.F.,
  .F.,(2,2),(-0.8825,-0.2825),.PIECEWISE_BEZIER_KNOTS.);
#9739 = CARTESIAN_POINT('',(2.5,0.6));
#9740 = CARTESIAN_POINT('',(2.5,0.));
#9741 = ( GEOMETRIC_REPRESENTATION_CONTEXT(2) 
PARAMETRIC_REPRESENTATION_CONTEXT() REPRESENTATION_CONTEXT('2D SPACE',''
  ) );
#9742 = ORIENTED_EDGE('',*,*,#9743,.F.);
#9743 = EDGE_CURVE('',#9664,#9718,#9744,.T.);
#9744 = SURFACE_CURVE('',#9745,(#9749,#9755),.PCURVE_S1.);
#9745 = LINE('',#9746,#9747);
#9746 = CARTESIAN_POINT('',(13.165,-1.8875,4.5));
#9747 = VECTOR('',#9748,1.);
#9748 = DIRECTION('',(0.,1.,0.));
#9749 = PCURVE('',#8112,#9750);
#9750 = DEFINITIONAL_REPRESENTATION('',(#9751),#9754);
#9751 = B_SPLINE_CURVE_WITH_KNOTS('',1,(#9752,#9753),.UNSPECIFIED.,.F.,
  .F.,(2,2),(4.7125,5.3125),.PIECEWISE_BEZIER_KNOTS.);
#9752 = CARTESIAN_POINT('',(1.165,9.425));
#9753 = CARTESIAN_POINT('',(1.165,10.025));
#9754 = ( GEOMETRIC_REPRESENTATION_CONTEXT(2) 
PARAMETRIC_REPRESENTATION_CONTEXT() REPRESENTATION_CONTEXT('2D SPACE',''
  ) );
#9755 = PCURVE('',#9756,#9761);
#9756 = PLANE('',#9757);
#9757 = AXIS2_PLACEMENT_3D('',#9758,#9759,#9760);
#9758 = CARTESIAN_POINT('',(13.165,2.825,2.));
#9759 = DIRECTION('',(1.,0.,0.));
#9760 = DIRECTION('',(0.,0.,1.));
#9761 = DEFINITIONAL_REPRESENTATION('',(#9762),#9765);
#9762 = B_SPLINE_CURVE_WITH_KNOTS('',1,(#9763,#9764),.UNSPECIFIED.,.F.,
  .F.,(2,2),(4.7125,5.3125),.PIECEWISE_BEZIER_KNOTS.);
#9763 = CARTESIAN_POINT('',(2.5,0.));
#9764 = CARTESIAN_POINT('',(2.5,-0.6));
#9765 = ( GEOMETRIC_REPRESENTATION_CONTEXT(2) 
PARAMETRIC_REPRESENTATION_CONTEXT() REPRESENTATION_CONTEXT('2D SPACE',''
  ) );
#9766 = FACE_BOUND('',#9767,.T.);
#9767 = EDGE_LOOP('',(#9768,#9796,#9822,#9848));
#9768 = ORIENTED_EDGE('',*,*,#9769,.T.);
#9769 = EDGE_CURVE('',#9770,#9772,#9774,.T.);
#9770 = VERTEX_POINT('',#9771);
#9771 = CARTESIAN_POINT('',(13.165,4.095,4.5));
#9772 = VERTEX_POINT('',#9773);
#9773 = CARTESIAN_POINT('',(12.565,4.095,4.5));
#9774 = SURFACE_CURVE('',#9775,(#9779,#9785),.PCURVE_S1.);
#9775 = LINE('',#9776,#9777);
#9776 = CARTESIAN_POINT('',(12.2825,4.095,4.5));
#9777 = VECTOR('',#9778,1.);
#9778 = DIRECTION('',(-1.,0.,0.));
#9779 = PCURVE('',#8112,#9780);
#9780 = DEFINITIONAL_REPRESENTATION('',(#9781),#9784);
#9781 = B_SPLINE_CURVE_WITH_KNOTS('',1,(#9782,#9783),.UNSPECIFIED.,.F.,
  .F.,(2,2),(-0.8825,-0.2825),.PIECEWISE_BEZIER_KNOTS.);
#9782 = CARTESIAN_POINT('',(1.165,10.695));
#9783 = CARTESIAN_POINT('',(0.565,10.695));
#9784 = ( GEOMETRIC_REPRESENTATION_CONTEXT(2) 
PARAMETRIC_REPRESENTATION_CONTEXT() REPRESENTATION_CONTEXT('2D SPACE',''
  ) );
#9785 = PCURVE('',#9786,#9791);
#9786 = PLANE('',#9787);
#9787 = AXIS2_PLACEMENT_3D('',#9788,#9789,#9790);
#9788 = CARTESIAN_POINT('',(12.565,4.095,2.));
#9789 = DIRECTION('',(0.,1.,0.));
#9790 = DIRECTION('',(0.,0.,1.));
#9791 = DEFINITIONAL_REPRESENTATION('',(#9792),#9795);
#9792 = B_SPLINE_CURVE_WITH_KNOTS('',1,(#9793,#9794),.UNSPECIFIED.,.F.,
  .F.,(2,2),(-0.8825,-0.2825),.PIECEWISE_BEZIER_KNOTS.);
#9793 = CARTESIAN_POINT('',(2.5,0.6));
#9794 = CARTESIAN_POINT('',(2.5,0.));
#9795 = ( GEOMETRIC_REPRESENTATION_CONTEXT(2) 
PARAMETRIC_REPRESENTATION_CONTEXT() REPRESENTATION_CONTEXT('2D SPACE',''
  ) );
#9796 = ORIENTED_EDGE('',*,*,#9797,.T.);
#9797 = EDGE_CURVE('',#9772,#9798,#9800,.T.);
#9798 = VERTEX_POINT('',#9799);
#9799 = CARTESIAN_POINT('',(12.565,4.695,4.5));
#9800 = SURFACE_CURVE('',#9801,(#9805,#9811),.PCURVE_S1.);
#9801 = LINE('',#9802,#9803);
#9802 = CARTESIAN_POINT('',(12.565,-1.2525,4.5));
#9803 = VECTOR('',#9804,1.);
#9804 = DIRECTION('',(0.,1.,0.));
#9805 = PCURVE('',#8112,#9806);
#9806 = DEFINITIONAL_REPRESENTATION('',(#9807),#9810);
#9807 = B_SPLINE_CURVE_WITH_KNOTS('',1,(#9808,#9809),.UNSPECIFIED.,.F.,
  .F.,(2,2),(5.3475,5.9475),.PIECEWISE_BEZIER_KNOTS.);
#9808 = CARTESIAN_POINT('',(0.565,10.695));
#9809 = CARTESIAN_POINT('',(0.565,11.295));
#9810 = ( GEOMETRIC_REPRESENTATION_CONTEXT(2) 
PARAMETRIC_REPRESENTATION_CONTEXT() REPRESENTATION_CONTEXT('2D SPACE',''
  ) );
#9811 = PCURVE('',#9812,#9817);
#9812 = PLANE('',#9813);
#9813 = AXIS2_PLACEMENT_3D('',#9814,#9815,#9816);
#9814 = CARTESIAN_POINT('',(12.565,4.095,2.));
#9815 = DIRECTION('',(1.,0.,0.));
#9816 = DIRECTION('',(0.,0.,1.));
#9817 = DEFINITIONAL_REPRESENTATION('',(#9818),#9821);
#9818 = B_SPLINE_CURVE_WITH_KNOTS('',1,(#9819,#9820),.UNSPECIFIED.,.F.,
  .F.,(2,2),(5.3475,5.9475),.PIECEWISE_BEZIER_KNOTS.);
#9819 = CARTESIAN_POINT('',(2.5,0.));
#9820 = CARTESIAN_POINT('',(2.5,-0.6));
#9821 = ( GEOMETRIC_REPRESENTATION_CONTEXT(2) 
PARAMETRIC_REPRESENTATION_CONTEXT() REPRESENTATION_CONTEXT('2D SPACE',''
  ) );
#9822 = ORIENTED_EDGE('',*,*,#9823,.F.);
#9823 = EDGE_CURVE('',#9824,#9798,#9826,.T.);
#9824 = VERTEX_POINT('',#9825);
#9825 = CARTESIAN_POINT('',(13.165,4.695,4.5));
#9826 = SURFACE_CURVE('',#9827,(#9831,#9837),.PCURVE_S1.);
#9827 = LINE('',#9828,#9829);
#9828 = CARTESIAN_POINT('',(12.2825,4.695,4.5));
#9829 = VECTOR('',#9830,1.);
#9830 = DIRECTION('',(-1.,0.,0.));
#9831 = PCURVE('',#8112,#9832);
#9832 = DEFINITIONAL_REPRESENTATION('',(#9833),#9836);
#9833 = B_SPLINE_CURVE_WITH_KNOTS('',1,(#9834,#9835),.UNSPECIFIED.,.F.,
  .F.,(2,2),(-0.8825,-0.2825),.PIECEWISE_BEZIER_KNOTS.);
#9834 = CARTESIAN_POINT('',(1.165,11.295));
#9835 = CARTESIAN_POINT('',(0.565,11.295));
#9836 = ( GEOMETRIC_REPRESENTATION_CONTEXT(2) 
PARAMETRIC_REPRESENTATION_CONTEXT() REPRESENTATION_CONTEXT('2D SPACE',''
  ) );
#9837 = PCURVE('',#9838,#9843);
#9838 = PLANE('',#9839);
#9839 = AXIS2_PLACEMENT_3D('',#9840,#9841,#9842);
#9840 = CARTESIAN_POINT('',(12.565,4.695,2.));
#9841 = DIRECTION('',(0.,1.,0.));
#9842 = DIRECTION('',(0.,0.,1.));
#9843 = DEFINITIONAL_REPRESENTATION('',(#9844),#9847);
#9844 = B_SPLINE_CURVE_WITH_KNOTS('',1,(#9845,#9846),.UNSPECIFIED.,.F.,
  .F.,(2,2),(-0.8825,-0.2825),.PIECEWISE_BEZIER_KNOTS.);
#9845 = CARTESIAN_POINT('',(2.5,0.6));
#9846 = CARTESIAN_POINT('',(2.5,0.));
#9847 = ( GEOMETRIC_REPRESENTATION_CONTEXT(2) 
PARAMETRIC_REPRESENTATION_CONTEXT() REPRESENTATION_CONTEXT('2D SPACE',''
  ) );
#9848 = ORIENTED_EDGE('',*,*,#9849,.F.);
#9849 = EDGE_CURVE('',#9770,#9824,#9850,.T.);
#9850 = SURFACE_CURVE('',#9851,(#9855,#9861),.PCURVE_S1.);
#9851 = LINE('',#9852,#9853);
#9852 = CARTESIAN_POINT('',(13.165,-1.2525,4.5));
#9853 = VECTOR('',#9854,1.);
#9854 = DIRECTION('',(0.,1.,0.));
#9855 = PCURVE('',#8112,#9856);
#9856 = DEFINITIONAL_REPRESENTATION('',(#9857),#9860);
#9857 = B_SPLINE_CURVE_WITH_KNOTS('',1,(#9858,#9859),.UNSPECIFIED.,.F.,
  .F.,(2,2),(5.3475,5.9475),.PIECEWISE_BEZIER_KNOTS.);
#9858 = CARTESIAN_POINT('',(1.165,10.695));
#9859 = CARTESIAN_POINT('',(1.165,11.295));
#9860 = ( GEOMETRIC_REPRESENTATION_CONTEXT(2) 
PARAMETRIC_REPRESENTATION_CONTEXT() REPRESENTATION_CONTEXT('2D SPACE',''
  ) );
#9861 = PCURVE('',#9862,#9867);
#9862 = PLANE('',#9863);
#9863 = AXIS2_PLACEMENT_3D('',#9864,#9865,#9866);
#9864 = CARTESIAN_POINT('',(13.165,4.095,2.));
#9865 = DIRECTION('',(1.,0.,0.));
#9866 = DIRECTION('',(0.,0.,1.));
#9867 = DEFINITIONAL_REPRESENTATION('',(#9868),#9871);
#9868 = B_SPLINE_CURVE_WITH_KNOTS('',1,(#9869,#9870),.UNSPECIFIED.,.F.,
  .F.,(2,2),(5.3475,5.9475),.PIECEWISE_BEZIER_KNOTS.);
#9869 = CARTESIAN_POINT('',(2.5,0.));
#9870 = CARTESIAN_POINT('',(2.5,-0.6));
#9871 = ( GEOMETRIC_REPRESENTATION_CONTEXT(2) 
PARAMETRIC_REPRESENTATION_CONTEXT() REPRESENTATION_CONTEXT('2D SPACE',''
  ) );
#9872 = FACE_BOUND('',#9873,.T.);
#9873 = EDGE_LOOP('',(#9874,#9902,#9928,#9954));
#9874 = ORIENTED_EDGE('',*,*,#9875,.T.);
#9875 = EDGE_CURVE('',#9876,#9878,#9880,.T.);
#9876 = VERTEX_POINT('',#9877);
#9877 = CARTESIAN_POINT('',(13.165,5.365,4.5));
#9878 = VERTEX_POINT('',#9879);
#9879 = CARTESIAN_POINT('',(12.565,5.365,4.5));
#9880 = SURFACE_CURVE('',#9881,(#9885,#9891),.PCURVE_S1.);
#9881 = LINE('',#9882,#9883);
#9882 = CARTESIAN_POINT('',(12.2825,5.365,4.5));
#9883 = VECTOR('',#9884,1.);
#9884 = DIRECTION('',(-1.,0.,0.));
#9885 = PCURVE('',#8112,#9886);
#9886 = DEFINITIONAL_REPRESENTATION('',(#9887),#9890);
#9887 = B_SPLINE_CURVE_WITH_KNOTS('',1,(#9888,#9889),.UNSPECIFIED.,.F.,
  .F.,(2,2),(-0.8825,-0.2825),.PIECEWISE_BEZIER_KNOTS.);
#9888 = CARTESIAN_POINT('',(1.165,11.965));
#9889 = CARTESIAN_POINT('',(0.565,11.965));
#9890 = ( GEOMETRIC_REPRESENTATION_CONTEXT(2) 
PARAMETRIC_REPRESENTATION_CONTEXT() REPRESENTATION_CONTEXT('2D SPACE',''
  ) );
#9891 = PCURVE('',#9892,#9897);
#9892 = PLANE('',#9893);
#9893 = AXIS2_PLACEMENT_3D('',#9894,#9895,#9896);
#9894 = CARTESIAN_POINT('',(12.565,5.365,2.));
#9895 = DIRECTION('',(0.,1.,0.));
#9896 = DIRECTION('',(0.,0.,1.));
#9897 = DEFINITIONAL_REPRESENTATION('',(#9898),#9901);
#9898 = B_SPLINE_CURVE_WITH_KNOTS('',1,(#9899,#9900),.UNSPECIFIED.,.F.,
  .F.,(2,2),(-0.8825,-0.2825),.PIECEWISE_BEZIER_KNOTS.);
#9899 = CARTESIAN_POINT('',(2.5,0.6));
#9900 = CARTESIAN_POINT('',(2.5,0.));
#9901 = ( GEOMETRIC_REPRESENTATION_CONTEXT(2) 
PARAMETRIC_REPRESENTATION_CONTEXT() REPRESENTATION_CONTEXT('2D SPACE',''
  ) );
#9902 = ORIENTED_EDGE('',*,*,#9903,.T.);
#9903 = EDGE_CURVE('',#9878,#9904,#9906,.T.);
#9904 = VERTEX_POINT('',#9905);
#9905 = CARTESIAN_POINT('',(12.565,5.965,4.5));
#9906 = SURFACE_CURVE('',#9907,(#9911,#9917),.PCURVE_S1.);
#9907 = LINE('',#9908,#9909);
#9908 = CARTESIAN_POINT('',(12.565,-0.6175,4.5));
#9909 = VECTOR('',#9910,1.);
#9910 = DIRECTION('',(0.,1.,0.));
#9911 = PCURVE('',#8112,#9912);
#9912 = DEFINITIONAL_REPRESENTATION('',(#9913),#9916);
#9913 = B_SPLINE_CURVE_WITH_KNOTS('',1,(#9914,#9915),.UNSPECIFIED.,.F.,
  .F.,(2,2),(5.9825,6.5825),.PIECEWISE_BEZIER_KNOTS.);
#9914 = CARTESIAN_POINT('',(0.565,11.965));
#9915 = CARTESIAN_POINT('',(0.565,12.565));
#9916 = ( GEOMETRIC_REPRESENTATION_CONTEXT(2) 
PARAMETRIC_REPRESENTATION_CONTEXT() REPRESENTATION_CONTEXT('2D SPACE',''
  ) );
#9917 = PCURVE('',#9918,#9923);
#9918 = PLANE('',#9919);
#9919 = AXIS2_PLACEMENT_3D('',#9920,#9921,#9922);
#9920 = CARTESIAN_POINT('',(12.565,5.365,2.));
#9921 = DIRECTION('',(1.,0.,0.));
#9922 = DIRECTION('',(0.,0.,1.));
#9923 = DEFINITIONAL_REPRESENTATION('',(#9924),#9927);
#9924 = B_SPLINE_CURVE_WITH_KNOTS('',1,(#9925,#9926),.UNSPECIFIED.,.F.,
  .F.,(2,2),(5.9825,6.5825),.PIECEWISE_BEZIER_KNOTS.);
#9925 = CARTESIAN_POINT('',(2.5,0.));
#9926 = CARTESIAN_POINT('',(2.5,-0.6));
#9927 = ( GEOMETRIC_REPRESENTATION_CONTEXT(2) 
PARAMETRIC_REPRESENTATION_CONTEXT() REPRESENTATION_CONTEXT('2D SPACE',''
  ) );
#9928 = ORIENTED_EDGE('',*,*,#9929,.F.);
#9929 = EDGE_CURVE('',#9930,#9904,#9932,.T.);
#9930 = VERTEX_POINT('',#9931);
#9931 = CARTESIAN_POINT('',(13.165,5.965,4.5));
#9932 = SURFACE_CURVE('',#9933,(#9937,#9943),.PCURVE_S1.);
#9933 = LINE('',#9934,#9935);
#9934 = CARTESIAN_POINT('',(12.2825,5.965,4.5));
#9935 = VECTOR('',#9936,1.);
#9936 = DIRECTION('',(-1.,0.,0.));
#9937 = PCURVE('',#8112,#9938);
#9938 = DEFINITIONAL_REPRESENTATION('',(#9939),#9942);
#9939 = B_SPLINE_CURVE_WITH_KNOTS('',1,(#9940,#9941),.UNSPECIFIED.,.F.,
  .F.,(2,2),(-0.8825,-0.2825),.PIECEWISE_BEZIER_KNOTS.);
#9940 = CARTESIAN_POINT('',(1.165,12.565));
#9941 = CARTESIAN_POINT('',(0.565,12.565));
#9942 = ( GEOMETRIC_REPRESENTATION_CONTEXT(2) 
PARAMETRIC_REPRESENTATION_CONTEXT() REPRESENTATION_CONTEXT('2D SPACE',''
  ) );
#9943 = PCURVE('',#9944,#9949);
#9944 = PLANE('',#9945);
#9945 = AXIS2_PLACEMENT_3D('',#9946,#9947,#9948);
#9946 = CARTESIAN_POINT('',(12.565,5.965,2.));
#9947 = DIRECTION('',(0.,1.,0.));
#9948 = DIRECTION('',(0.,0.,1.));
#9949 = DEFINITIONAL_REPRESENTATION('',(#9950),#9953);
#9950 = B_SPLINE_CURVE_WITH_KNOTS('',1,(#9951,#9952),.UNSPECIFIED.,.F.,
  .F.,(2,2),(-0.8825,-0.2825),.PIECEWISE_BEZIER_KNOTS.);
#9951 = CARTESIAN_POINT('',(2.5,0.6));
#9952 = CARTESIAN_POINT('',(2.5,0.));
#9953 = ( GEOMETRIC_REPRESENTATION_CONTEXT(2) 
PARAMETRIC_REPRESENTATION_CONTEXT() REPRESENTATION_CONTEXT('2D SPACE',''
  ) );
#9954 = ORIENTED_EDGE('',*,*,#9955,.F.);
#9955 = EDGE_CURVE('',#9876,#9930,#9956,.T.);
#9956 = SURFACE_CURVE('',#9957,(#9961,#9967),.PCURVE_S1.);
#9957 = LINE('',#9958,#9959);
#9958 = CARTESIAN_POINT('',(13.165,-0.6175,4.5));
#9959 = VECTOR('',#9960,1.);
#9960 = DIRECTION('',(0.,1.,0.));
#9961 = PCURVE('',#8112,#9962);
#9962 = DEFINITIONAL_REPRESENTATION('',(#9963),#9966);
#9963 = B_SPLINE_CURVE_WITH_KNOTS('',1,(#9964,#9965),.UNSPECIFIED.,.F.,
  .F.,(2,2),(5.9825,6.5825),.PIECEWISE_BEZIER_KNOTS.);
#9964 = CARTESIAN_POINT('',(1.165,11.965));
#9965 = CARTESIAN_POINT('',(1.165,12.565));
#9966 = ( GEOMETRIC_REPRESENTATION_CONTEXT(2) 
PARAMETRIC_REPRESENTATION_CONTEXT() REPRESENTATION_CONTEXT('2D SPACE',''
  ) );
#9967 = PCURVE('',#9968,#9973);
#9968 = PLANE('',#9969);
#9969 = AXIS2_PLACEMENT_3D('',#9970,#9971,#9972);
#9970 = CARTESIAN_POINT('',(13.165,5.365,2.));
#9971 = DIRECTION('',(1.,0.,0.));
#9972 = DIRECTION('',(0.,0.,1.));
#9973 = DEFINITIONAL_REPRESENTATION('',(#9974),#9977);
#9974 = B_SPLINE_CURVE_WITH_KNOTS('',1,(#9975,#9976),.UNSPECIFIED.,.F.,
  .F.,(2,2),(5.9825,6.5825),.PIECEWISE_BEZIER_KNOTS.);
#9975 = CARTESIAN_POINT('',(2.5,0.));
#9976 = CARTESIAN_POINT('',(2.5,-0.6));
#9977 = ( GEOMETRIC_REPRESENTATION_CONTEXT(2) 
PARAMETRIC_REPRESENTATION_CONTEXT() REPRESENTATION_CONTEXT('2D SPACE',''
  ) );
#9978 = FACE_BOUND('',#9979,.T.);
#9979 = EDGE_LOOP('',(#9980,#10008,#10034,#10060));
#9980 = ORIENTED_EDGE('',*,*,#9981,.T.);
#9981 = EDGE_CURVE('',#9982,#9984,#9986,.T.);
#9982 = VERTEX_POINT('',#9983);
#9983 = CARTESIAN_POINT('',(14.435,0.285,4.5));
#9984 = VERTEX_POINT('',#9985);
#9985 = CARTESIAN_POINT('',(13.835,0.285,4.5));
#9986 = SURFACE_CURVE('',#9987,(#9991,#9997),.PCURVE_S1.);
#9987 = LINE('',#9988,#9989);
#9988 = CARTESIAN_POINT('',(12.9175,0.285,4.5));
#9989 = VECTOR('',#9990,1.);
#9990 = DIRECTION('',(-1.,0.,0.));
#9991 = PCURVE('',#8112,#9992);
#9992 = DEFINITIONAL_REPRESENTATION('',(#9993),#9996);
#9993 = B_SPLINE_CURVE_WITH_KNOTS('',1,(#9994,#9995),.UNSPECIFIED.,.F.,
  .F.,(2,2),(-1.5175,-0.9175),.PIECEWISE_BEZIER_KNOTS.);
#9994 = CARTESIAN_POINT('',(2.435,6.885));
#9995 = CARTESIAN_POINT('',(1.835,6.885));
#9996 = ( GEOMETRIC_REPRESENTATION_CONTEXT(2) 
PARAMETRIC_REPRESENTATION_CONTEXT() REPRESENTATION_CONTEXT('2D SPACE',''
  ) );
#9997 = PCURVE('',#9998,#10003);
#9998 = PLANE('',#9999);
#9999 = AXIS2_PLACEMENT_3D('',#10000,#10001,#10002);
#10000 = CARTESIAN_POINT('',(13.835,0.285,2.));
#10001 = DIRECTION('',(0.,1.,0.));
#10002 = DIRECTION('',(0.,0.,1.));
#10003 = DEFINITIONAL_REPRESENTATION('',(#10004),#10007);
#10004 = B_SPLINE_CURVE_WITH_KNOTS('',1,(#10005,#10006),.UNSPECIFIED.,
  .F.,.F.,(2,2),(-1.5175,-0.9175),.PIECEWISE_BEZIER_KNOTS.);
#10005 = CARTESIAN_POINT('',(2.5,0.6));
#10006 = CARTESIAN_POINT('',(2.5,0.));
#10007 = ( GEOMETRIC_REPRESENTATION_CONTEXT(2) 
PARAMETRIC_REPRESENTATION_CONTEXT() REPRESENTATION_CONTEXT('2D SPACE',''
  ) );
#10008 = ORIENTED_EDGE('',*,*,#10009,.T.);
#10009 = EDGE_CURVE('',#9984,#10010,#10012,.T.);
#10010 = VERTEX_POINT('',#10011);
#10011 = CARTESIAN_POINT('',(13.835,0.885,4.5));
#10012 = SURFACE_CURVE('',#10013,(#10017,#10023),.PCURVE_S1.);
#10013 = LINE('',#10014,#10015);
#10014 = CARTESIAN_POINT('',(13.835,-3.1575,4.5));
#10015 = VECTOR('',#10016,1.);
#10016 = DIRECTION('',(0.,1.,0.));
#10017 = PCURVE('',#8112,#10018);
#10018 = DEFINITIONAL_REPRESENTATION('',(#10019),#10022);
#10019 = B_SPLINE_CURVE_WITH_KNOTS('',1,(#10020,#10021),.UNSPECIFIED.,
  .F.,.F.,(2,2),(3.4425,4.0425),.PIECEWISE_BEZIER_KNOTS.);
#10020 = CARTESIAN_POINT('',(1.835,6.885));
#10021 = CARTESIAN_POINT('',(1.835,7.485));
#10022 = ( GEOMETRIC_REPRESENTATION_CONTEXT(2) 
PARAMETRIC_REPRESENTATION_CONTEXT() REPRESENTATION_CONTEXT('2D SPACE',''
  ) );
#10023 = PCURVE('',#10024,#10029);
#10024 = PLANE('',#10025);
#10025 = AXIS2_PLACEMENT_3D('',#10026,#10027,#10028);
#10026 = CARTESIAN_POINT('',(13.835,0.285,2.));
#10027 = DIRECTION('',(1.,0.,0.));
#10028 = DIRECTION('',(0.,0.,1.));
#10029 = DEFINITIONAL_REPRESENTATION('',(#10030),#10033);
#10030 = B_SPLINE_CURVE_WITH_KNOTS('',1,(#10031,#10032),.UNSPECIFIED.,
  .F.,.F.,(2,2),(3.4425,4.0425),.PIECEWISE_BEZIER_KNOTS.);
#10031 = CARTESIAN_POINT('',(2.5,0.));
#10032 = CARTESIAN_POINT('',(2.5,-0.6));
#10033 = ( GEOMETRIC_REPRESENTATION_CONTEXT(2) 
PARAMETRIC_REPRESENTATION_CONTEXT() REPRESENTATION_CONTEXT('2D SPACE',''
  ) );
#10034 = ORIENTED_EDGE('',*,*,#10035,.F.);
#10035 = EDGE_CURVE('',#10036,#10010,#10038,.T.);
#10036 = VERTEX_POINT('',#10037);
#10037 = CARTESIAN_POINT('',(14.435,0.885,4.5));
#10038 = SURFACE_CURVE('',#10039,(#10043,#10049),.PCURVE_S1.);
#10039 = LINE('',#10040,#10041);
#10040 = CARTESIAN_POINT('',(12.9175,0.885,4.5));
#10041 = VECTOR('',#10042,1.);
#10042 = DIRECTION('',(-1.,0.,0.));
#10043 = PCURVE('',#8112,#10044);
#10044 = DEFINITIONAL_REPRESENTATION('',(#10045),#10048);
#10045 = B_SPLINE_CURVE_WITH_KNOTS('',1,(#10046,#10047),.UNSPECIFIED.,
  .F.,.F.,(2,2),(-1.5175,-0.9175),.PIECEWISE_BEZIER_KNOTS.);
#10046 = CARTESIAN_POINT('',(2.435,7.485));
#10047 = CARTESIAN_POINT('',(1.835,7.485));
#10048 = ( GEOMETRIC_REPRESENTATION_CONTEXT(2) 
PARAMETRIC_REPRESENTATION_CONTEXT() REPRESENTATION_CONTEXT('2D SPACE',''
  ) );
#10049 = PCURVE('',#10050,#10055);
#10050 = PLANE('',#10051);
#10051 = AXIS2_PLACEMENT_3D('',#10052,#10053,#10054);
#10052 = CARTESIAN_POINT('',(13.835,0.885,2.));
#10053 = DIRECTION('',(0.,1.,0.));
#10054 = DIRECTION('',(0.,0.,1.));
#10055 = DEFINITIONAL_REPRESENTATION('',(#10056),#10059);
#10056 = B_SPLINE_CURVE_WITH_KNOTS('',1,(#10057,#10058),.UNSPECIFIED.,
  .F.,.F.,(2,2),(-1.5175,-0.9175),.PIECEWISE_BEZIER_KNOTS.);
#10057 = CARTESIAN_POINT('',(2.5,0.6));
#10058 = CARTESIAN_POINT('',(2.5,0.));
#10059 = ( GEOMETRIC_REPRESENTATION_CONTEXT(2) 
PARAMETRIC_REPRESENTATION_CONTEXT() REPRESENTATION_CONTEXT('2D SPACE',''
  ) );
#10060 = ORIENTED_EDGE('',*,*,#10061,.F.);
#10061 = EDGE_CURVE('',#9982,#10036,#10062,.T.);
#10062 = SURFACE_CURVE('',#10063,(#10067,#10073),.PCURVE_S1.);
#10063 = LINE('',#10064,#10065);
#10064 = CARTESIAN_POINT('',(14.435,-3.1575,4.5));
#10065 = VECTOR('',#10066,1.);
#10066 = DIRECTION('',(0.,1.,0.));
#10067 = PCURVE('',#8112,#10068);
#10068 = DEFINITIONAL_REPRESENTATION('',(#10069),#10072);
#10069 = B_SPLINE_CURVE_WITH_KNOTS('',1,(#10070,#10071),.UNSPECIFIED.,
  .F.,.F.,(2,2),(3.4425,4.0425),.PIECEWISE_BEZIER_KNOTS.);
#10070 = CARTESIAN_POINT('',(2.435,6.885));
#10071 = CARTESIAN_POINT('',(2.435,7.485));
#10072 = ( GEOMETRIC_REPRESENTATION_CONTEXT(2) 
PARAMETRIC_REPRESENTATION_CONTEXT() REPRESENTATION_CONTEXT('2D SPACE',''
  ) );
#10073 = PCURVE('',#10074,#10079);
#10074 = PLANE('',#10075);
#10075 = AXIS2_PLACEMENT_3D('',#10076,#10077,#10078);
#10076 = CARTESIAN_POINT('',(14.435,0.285,2.));
#10077 = DIRECTION('',(1.,0.,0.));
#10078 = DIRECTION('',(0.,0.,1.));
#10079 = DEFINITIONAL_REPRESENTATION('',(#10080),#10083);
#10080 = B_SPLINE_CURVE_WITH_KNOTS('',1,(#10081,#10082),.UNSPECIFIED.,
  .F.,.F.,(2,2),(3.4425,4.0425),.PIECEWISE_BEZIER_KNOTS.);
#10081 = CARTESIAN_POINT('',(2.5,0.));
#10082 = CARTESIAN_POINT('',(2.5,-0.6));
#10083 = ( GEOMETRIC_REPRESENTATION_CONTEXT(2) 
PARAMETRIC_REPRESENTATION_CONTEXT() REPRESENTATION_CONTEXT('2D SPACE',''
  ) );
#10084 = FACE_BOUND('',#10085,.T.);
#10085 = EDGE_LOOP('',(#10086,#10114,#10140,#10166));
#10086 = ORIENTED_EDGE('',*,*,#10087,.T.);
#10087 = EDGE_CURVE('',#10088,#10090,#10092,.T.);
#10088 = VERTEX_POINT('',#10089);
#10089 = CARTESIAN_POINT('',(14.435,1.555,4.5));
#10090 = VERTEX_POINT('',#10091);
#10091 = CARTESIAN_POINT('',(13.835,1.555,4.5));
#10092 = SURFACE_CURVE('',#10093,(#10097,#10103),.PCURVE_S1.);
#10093 = LINE('',#10094,#10095);
#10094 = CARTESIAN_POINT('',(12.9175,1.555,4.5));
#10095 = VECTOR('',#10096,1.);
#10096 = DIRECTION('',(-1.,0.,0.));
#10097 = PCURVE('',#8112,#10098);
#10098 = DEFINITIONAL_REPRESENTATION('',(#10099),#10102);
#10099 = B_SPLINE_CURVE_WITH_KNOTS('',1,(#10100,#10101),.UNSPECIFIED.,
  .F.,.F.,(2,2),(-1.5175,-0.9175),.PIECEWISE_BEZIER_KNOTS.);
#10100 = CARTESIAN_POINT('',(2.435,8.155));
#10101 = CARTESIAN_POINT('',(1.835,8.155));
#10102 = ( GEOMETRIC_REPRESENTATION_CONTEXT(2) 
PARAMETRIC_REPRESENTATION_CONTEXT() REPRESENTATION_CONTEXT('2D SPACE',''
  ) );
#10103 = PCURVE('',#10104,#10109);
#10104 = PLANE('',#10105);
#10105 = AXIS2_PLACEMENT_3D('',#10106,#10107,#10108);
#10106 = CARTESIAN_POINT('',(13.835,1.555,2.));
#10107 = DIRECTION('',(0.,1.,0.));
#10108 = DIRECTION('',(0.,0.,1.));
#10109 = DEFINITIONAL_REPRESENTATION('',(#10110),#10113);
#10110 = B_SPLINE_CURVE_WITH_KNOTS('',1,(#10111,#10112),.UNSPECIFIED.,
  .F.,.F.,(2,2),(-1.5175,-0.9175),.PIECEWISE_BEZIER_KNOTS.);
#10111 = CARTESIAN_POINT('',(2.5,0.6));
#10112 = CARTESIAN_POINT('',(2.5,0.));
#10113 = ( GEOMETRIC_REPRESENTATION_CONTEXT(2) 
PARAMETRIC_REPRESENTATION_CONTEXT() REPRESENTATION_CONTEXT('2D SPACE',''
  ) );
#10114 = ORIENTED_EDGE('',*,*,#10115,.T.);
#10115 = EDGE_CURVE('',#10090,#10116,#10118,.T.);
#10116 = VERTEX_POINT('',#10117);
#10117 = CARTESIAN_POINT('',(13.835,2.155,4.5));
#10118 = SURFACE_CURVE('',#10119,(#10123,#10129),.PCURVE_S1.);
#10119 = LINE('',#10120,#10121);
#10120 = CARTESIAN_POINT('',(13.835,-2.5225,4.5));
#10121 = VECTOR('',#10122,1.);
#10122 = DIRECTION('',(0.,1.,0.));
#10123 = PCURVE('',#8112,#10124);
#10124 = DEFINITIONAL_REPRESENTATION('',(#10125),#10128);
#10125 = B_SPLINE_CURVE_WITH_KNOTS('',1,(#10126,#10127),.UNSPECIFIED.,
  .F.,.F.,(2,2),(4.0775,4.6775),.PIECEWISE_BEZIER_KNOTS.);
#10126 = CARTESIAN_POINT('',(1.835,8.155));
#10127 = CARTESIAN_POINT('',(1.835,8.755));
#10128 = ( GEOMETRIC_REPRESENTATION_CONTEXT(2) 
PARAMETRIC_REPRESENTATION_CONTEXT() REPRESENTATION_CONTEXT('2D SPACE',''
  ) );
#10129 = PCURVE('',#10130,#10135);
#10130 = PLANE('',#10131);
#10131 = AXIS2_PLACEMENT_3D('',#10132,#10133,#10134);
#10132 = CARTESIAN_POINT('',(13.835,1.555,2.));
#10133 = DIRECTION('',(1.,0.,0.));
#10134 = DIRECTION('',(0.,0.,1.));
#10135 = DEFINITIONAL_REPRESENTATION('',(#10136),#10139);
#10136 = B_SPLINE_CURVE_WITH_KNOTS('',1,(#10137,#10138),.UNSPECIFIED.,
  .F.,.F.,(2,2),(4.0775,4.6775),.PIECEWISE_BEZIER_KNOTS.);
#10137 = CARTESIAN_POINT('',(2.5,0.));
#10138 = CARTESIAN_POINT('',(2.5,-0.6));
#10139 = ( GEOMETRIC_REPRESENTATION_CONTEXT(2) 
PARAMETRIC_REPRESENTATION_CONTEXT() REPRESENTATION_CONTEXT('2D SPACE',''
  ) );
#10140 = ORIENTED_EDGE('',*,*,#10141,.F.);
#10141 = EDGE_CURVE('',#10142,#10116,#10144,.T.);
#10142 = VERTEX_POINT('',#10143);
#10143 = CARTESIAN_POINT('',(14.435,2.155,4.5));
#10144 = SURFACE_CURVE('',#10145,(#10149,#10155),.PCURVE_S1.);
#10145 = LINE('',#10146,#10147);
#10146 = CARTESIAN_POINT('',(12.9175,2.155,4.5));
#10147 = VECTOR('',#10148,1.);
#10148 = DIRECTION('',(-1.,0.,0.));
#10149 = PCURVE('',#8112,#10150);
#10150 = DEFINITIONAL_REPRESENTATION('',(#10151),#10154);
#10151 = B_SPLINE_CURVE_WITH_KNOTS('',1,(#10152,#10153),.UNSPECIFIED.,
  .F.,.F.,(2,2),(-1.5175,-0.9175),.PIECEWISE_BEZIER_KNOTS.);
#10152 = CARTESIAN_POINT('',(2.435,8.755));
#10153 = CARTESIAN_POINT('',(1.835,8.755));
#10154 = ( GEOMETRIC_REPRESENTATION_CONTEXT(2) 
PARAMETRIC_REPRESENTATION_CONTEXT() REPRESENTATION_CONTEXT('2D SPACE',''
  ) );
#10155 = PCURVE('',#10156,#10161);
#10156 = PLANE('',#10157);
#10157 = AXIS2_PLACEMENT_3D('',#10158,#10159,#10160);
#10158 = CARTESIAN_POINT('',(13.835,2.155,2.));
#10159 = DIRECTION('',(0.,1.,0.));
#10160 = DIRECTION('',(0.,0.,1.));
#10161 = DEFINITIONAL_REPRESENTATION('',(#10162),#10165);
#10162 = B_SPLINE_CURVE_WITH_KNOTS('',1,(#10163,#10164),.UNSPECIFIED.,
  .F.,.F.,(2,2),(-1.5175,-0.9175),.PIECEWISE_BEZIER_KNOTS.);
#10163 = CARTESIAN_POINT('',(2.5,0.6));
#10164 = CARTESIAN_POINT('',(2.5,0.));
#10165 = ( GEOMETRIC_REPRESENTATION_CONTEXT(2) 
PARAMETRIC_REPRESENTATION_CONTEXT() REPRESENTATION_CONTEXT('2D SPACE',''
  ) );
#10166 = ORIENTED_EDGE('',*,*,#10167,.F.);
#10167 = EDGE_CURVE('',#10088,#10142,#10168,.T.);
#10168 = SURFACE_CURVE('',#10169,(#10173,#10179),.PCURVE_S1.);
#10169 = LINE('',#10170,#10171);
#10170 = CARTESIAN_POINT('',(14.435,-2.5225,4.5));
#10171 = VECTOR('',#10172,1.);
#10172 = DIRECTION('',(0.,1.,0.));
#10173 = PCURVE('',#8112,#10174);
#10174 = DEFINITIONAL_REPRESENTATION('',(#10175),#10178);
#10175 = B_SPLINE_CURVE_WITH_KNOTS('',1,(#10176,#10177),.UNSPECIFIED.,
  .F.,.F.,(2,2),(4.0775,4.6775),.PIECEWISE_BEZIER_KNOTS.);
#10176 = CARTESIAN_POINT('',(2.435,8.155));
#10177 = CARTESIAN_POINT('',(2.435,8.755));
#10178 = ( GEOMETRIC_REPRESENTATION_CONTEXT(2) 
PARAMETRIC_REPRESENTATION_CONTEXT() REPRESENTATION_CONTEXT('2D SPACE',''
  ) );
#10179 = PCURVE('',#10180,#10185);
#10180 = PLANE('',#10181);
#10181 = AXIS2_PLACEMENT_3D('',#10182,#10183,#10184);
#10182 = CARTESIAN_POINT('',(14.435,1.555,2.));
#10183 = DIRECTION('',(1.,0.,0.));
#10184 = DIRECTION('',(0.,0.,1.));
#10185 = DEFINITIONAL_REPRESENTATION('',(#10186),#10189);
#10186 = B_SPLINE_CURVE_WITH_KNOTS('',1,(#10187,#10188),.UNSPECIFIED.,
  .F.,.F.,(2,2),(4.0775,4.6775),.PIECEWISE_BEZIER_KNOTS.);
#10187 = CARTESIAN_POINT('',(2.5,0.));
#10188 = CARTESIAN_POINT('',(2.5,-0.6));
#10189 = ( GEOMETRIC_REPRESENTATION_CONTEXT(2) 
PARAMETRIC_REPRESENTATION_CONTEXT() REPRESENTATION_CONTEXT('2D SPACE',''
  ) );
#10190 = FACE_BOUND('',#10191,.T.);
#10191 = EDGE_LOOP('',(#10192,#10220,#10246,#10272));
#10192 = ORIENTED_EDGE('',*,*,#10193,.T.);
#10193 = EDGE_CURVE('',#10194,#10196,#10198,.T.);
#10194 = VERTEX_POINT('',#10195);
#10195 = CARTESIAN_POINT('',(14.435,2.825,4.5));
#10196 = VERTEX_POINT('',#10197);
#10197 = CARTESIAN_POINT('',(13.835,2.825,4.5));
#10198 = SURFACE_CURVE('',#10199,(#10203,#10209),.PCURVE_S1.);
#10199 = LINE('',#10200,#10201);
#10200 = CARTESIAN_POINT('',(12.9175,2.825,4.5));
#10201 = VECTOR('',#10202,1.);
#10202 = DIRECTION('',(-1.,0.,0.));
#10203 = PCURVE('',#8112,#10204);
#10204 = DEFINITIONAL_REPRESENTATION('',(#10205),#10208);
#10205 = B_SPLINE_CURVE_WITH_KNOTS('',1,(#10206,#10207),.UNSPECIFIED.,
  .F.,.F.,(2,2),(-1.5175,-0.9175),.PIECEWISE_BEZIER_KNOTS.);
#10206 = CARTESIAN_POINT('',(2.435,9.425));
#10207 = CARTESIAN_POINT('',(1.835,9.425));
#10208 = ( GEOMETRIC_REPRESENTATION_CONTEXT(2) 
PARAMETRIC_REPRESENTATION_CONTEXT() REPRESENTATION_CONTEXT('2D SPACE',''
  ) );
#10209 = PCURVE('',#10210,#10215);
#10210 = PLANE('',#10211);
#10211 = AXIS2_PLACEMENT_3D('',#10212,#10213,#10214);
#10212 = CARTESIAN_POINT('',(13.835,2.825,2.));
#10213 = DIRECTION('',(0.,1.,0.));
#10214 = DIRECTION('',(0.,0.,1.));
#10215 = DEFINITIONAL_REPRESENTATION('',(#10216),#10219);
#10216 = B_SPLINE_CURVE_WITH_KNOTS('',1,(#10217,#10218),.UNSPECIFIED.,
  .F.,.F.,(2,2),(-1.5175,-0.9175),.PIECEWISE_BEZIER_KNOTS.);
#10217 = CARTESIAN_POINT('',(2.5,0.6));
#10218 = CARTESIAN_POINT('',(2.5,0.));
#10219 = ( GEOMETRIC_REPRESENTATION_CONTEXT(2) 
PARAMETRIC_REPRESENTATION_CONTEXT() REPRESENTATION_CONTEXT('2D SPACE',''
  ) );
#10220 = ORIENTED_EDGE('',*,*,#10221,.T.);
#10221 = EDGE_CURVE('',#10196,#10222,#10224,.T.);
#10222 = VERTEX_POINT('',#10223);
#10223 = CARTESIAN_POINT('',(13.835,3.425,4.5));
#10224 = SURFACE_CURVE('',#10225,(#10229,#10235),.PCURVE_S1.);
#10225 = LINE('',#10226,#10227);
#10226 = CARTESIAN_POINT('',(13.835,-1.8875,4.5));
#10227 = VECTOR('',#10228,1.);
#10228 = DIRECTION('',(0.,1.,0.));
#10229 = PCURVE('',#8112,#10230);
#10230 = DEFINITIONAL_REPRESENTATION('',(#10231),#10234);
#10231 = B_SPLINE_CURVE_WITH_KNOTS('',1,(#10232,#10233),.UNSPECIFIED.,
  .F.,.F.,(2,2),(4.7125,5.3125),.PIECEWISE_BEZIER_KNOTS.);
#10232 = CARTESIAN_POINT('',(1.835,9.425));
#10233 = CARTESIAN_POINT('',(1.835,10.025));
#10234 = ( GEOMETRIC_REPRESENTATION_CONTEXT(2) 
PARAMETRIC_REPRESENTATION_CONTEXT() REPRESENTATION_CONTEXT('2D SPACE',''
  ) );
#10235 = PCURVE('',#10236,#10241);
#10236 = PLANE('',#10237);
#10237 = AXIS2_PLACEMENT_3D('',#10238,#10239,#10240);
#10238 = CARTESIAN_POINT('',(13.835,2.825,2.));
#10239 = DIRECTION('',(1.,0.,0.));
#10240 = DIRECTION('',(0.,0.,1.));
#10241 = DEFINITIONAL_REPRESENTATION('',(#10242),#10245);
#10242 = B_SPLINE_CURVE_WITH_KNOTS('',1,(#10243,#10244),.UNSPECIFIED.,
  .F.,.F.,(2,2),(4.7125,5.3125),.PIECEWISE_BEZIER_KNOTS.);
#10243 = CARTESIAN_POINT('',(2.5,0.));
#10244 = CARTESIAN_POINT('',(2.5,-0.6));
#10245 = ( GEOMETRIC_REPRESENTATION_CONTEXT(2) 
PARAMETRIC_REPRESENTATION_CONTEXT() REPRESENTATION_CONTEXT('2D SPACE',''
  ) );
#10246 = ORIENTED_EDGE('',*,*,#10247,.F.);
#10247 = EDGE_CURVE('',#10248,#10222,#10250,.T.);
#10248 = VERTEX_POINT('',#10249);
#10249 = CARTESIAN_POINT('',(14.435,3.425,4.5));
#10250 = SURFACE_CURVE('',#10251,(#10255,#10261),.PCURVE_S1.);
#10251 = LINE('',#10252,#10253);
#10252 = CARTESIAN_POINT('',(12.9175,3.425,4.5));
#10253 = VECTOR('',#10254,1.);
#10254 = DIRECTION('',(-1.,0.,0.));
#10255 = PCURVE('',#8112,#10256);
#10256 = DEFINITIONAL_REPRESENTATION('',(#10257),#10260);
#10257 = B_SPLINE_CURVE_WITH_KNOTS('',1,(#10258,#10259),.UNSPECIFIED.,
  .F.,.F.,(2,2),(-1.5175,-0.9175),.PIECEWISE_BEZIER_KNOTS.);
#10258 = CARTESIAN_POINT('',(2.435,10.025));
#10259 = CARTESIAN_POINT('',(1.835,10.025));
#10260 = ( GEOMETRIC_REPRESENTATION_CONTEXT(2) 
PARAMETRIC_REPRESENTATION_CONTEXT() REPRESENTATION_CONTEXT('2D SPACE',''
  ) );
#10261 = PCURVE('',#10262,#10267);
#10262 = PLANE('',#10263);
#10263 = AXIS2_PLACEMENT_3D('',#10264,#10265,#10266);
#10264 = CARTESIAN_POINT('',(13.835,3.425,2.));
#10265 = DIRECTION('',(0.,1.,0.));
#10266 = DIRECTION('',(0.,0.,1.));
#10267 = DEFINITIONAL_REPRESENTATION('',(#10268),#10271);
#10268 = B_SPLINE_CURVE_WITH_KNOTS('',1,(#10269,#10270),.UNSPECIFIED.,
  .F.,.F.,(2,2),(-1.5175,-0.9175),.PIECEWISE_BEZIER_KNOTS.);
#10269 = CARTESIAN_POINT('',(2.5,0.6));
#10270 = CARTESIAN_POINT('',(2.5,0.));
#10271 = ( GEOMETRIC_REPRESENTATION_CONTEXT(2) 
PARAMETRIC_REPRESENTATION_CONTEXT() REPRESENTATION_CONTEXT('2D SPACE',''
  ) );
#10272 = ORIENTED_EDGE('',*,*,#10273,.F.);
#10273 = EDGE_CURVE('',#10194,#10248,#10274,.T.);
#10274 = SURFACE_CURVE('',#10275,(#10279,#10285),.PCURVE_S1.);
#10275 = LINE('',#10276,#10277);
#10276 = CARTESIAN_POINT('',(14.435,-1.8875,4.5));
#10277 = VECTOR('',#10278,1.);
#10278 = DIRECTION('',(0.,1.,0.));
#10279 = PCURVE('',#8112,#10280);
#10280 = DEFINITIONAL_REPRESENTATION('',(#10281),#10284);
#10281 = B_SPLINE_CURVE_WITH_KNOTS('',1,(#10282,#10283),.UNSPECIFIED.,
  .F.,.F.,(2,2),(4.7125,5.3125),.PIECEWISE_BEZIER_KNOTS.);
#10282 = CARTESIAN_POINT('',(2.435,9.425));
#10283 = CARTESIAN_POINT('',(2.435,10.025));
#10284 = ( GEOMETRIC_REPRESENTATION_CONTEXT(2) 
PARAMETRIC_REPRESENTATION_CONTEXT() REPRESENTATION_CONTEXT('2D SPACE',''
  ) );
#10285 = PCURVE('',#10286,#10291);
#10286 = PLANE('',#10287);
#10287 = AXIS2_PLACEMENT_3D('',#10288,#10289,#10290);
#10288 = CARTESIAN_POINT('',(14.435,2.825,2.));
#10289 = DIRECTION('',(1.,0.,0.));
#10290 = DIRECTION('',(0.,0.,1.));
#10291 = DEFINITIONAL_REPRESENTATION('',(#10292),#10295);
#10292 = B_SPLINE_CURVE_WITH_KNOTS('',1,(#10293,#10294),.UNSPECIFIED.,
  .F.,.F.,(2,2),(4.7125,5.3125),.PIECEWISE_BEZIER_KNOTS.);
#10293 = CARTESIAN_POINT('',(2.5,0.));
#10294 = CARTESIAN_POINT('',(2.5,-0.6));
#10295 = ( GEOMETRIC_REPRESENTATION_CONTEXT(2) 
PARAMETRIC_REPRESENTATION_CONTEXT() REPRESENTATION_CONTEXT('2D SPACE',''
  ) );
#10296 = FACE_BOUND('',#10297,.T.);
#10297 = EDGE_LOOP('',(#10298,#10326,#10352,#10378));
#10298 = ORIENTED_EDGE('',*,*,#10299,.T.);
#10299 = EDGE_CURVE('',#10300,#10302,#10304,.T.);
#10300 = VERTEX_POINT('',#10301);
#10301 = CARTESIAN_POINT('',(14.435,4.095,4.5));
#10302 = VERTEX_POINT('',#10303);
#10303 = CARTESIAN_POINT('',(13.835,4.095,4.5));
#10304 = SURFACE_CURVE('',#10305,(#10309,#10315),.PCURVE_S1.);
#10305 = LINE('',#10306,#10307);
#10306 = CARTESIAN_POINT('',(12.9175,4.095,4.5));
#10307 = VECTOR('',#10308,1.);
#10308 = DIRECTION('',(-1.,0.,0.));
#10309 = PCURVE('',#8112,#10310);
#10310 = DEFINITIONAL_REPRESENTATION('',(#10311),#10314);
#10311 = B_SPLINE_CURVE_WITH_KNOTS('',1,(#10312,#10313),.UNSPECIFIED.,
  .F.,.F.,(2,2),(-1.5175,-0.9175),.PIECEWISE_BEZIER_KNOTS.);
#10312 = CARTESIAN_POINT('',(2.435,10.695));
#10313 = CARTESIAN_POINT('',(1.835,10.695));
#10314 = ( GEOMETRIC_REPRESENTATION_CONTEXT(2) 
PARAMETRIC_REPRESENTATION_CONTEXT() REPRESENTATION_CONTEXT('2D SPACE',''
  ) );
#10315 = PCURVE('',#10316,#10321);
#10316 = PLANE('',#10317);
#10317 = AXIS2_PLACEMENT_3D('',#10318,#10319,#10320);
#10318 = CARTESIAN_POINT('',(13.835,4.095,2.));
#10319 = DIRECTION('',(0.,1.,0.));
#10320 = DIRECTION('',(0.,0.,1.));
#10321 = DEFINITIONAL_REPRESENTATION('',(#10322),#10325);
#10322 = B_SPLINE_CURVE_WITH_KNOTS('',1,(#10323,#10324),.UNSPECIFIED.,
  .F.,.F.,(2,2),(-1.5175,-0.9175),.PIECEWISE_BEZIER_KNOTS.);
#10323 = CARTESIAN_POINT('',(2.5,0.6));
#10324 = CARTESIAN_POINT('',(2.5,0.));
#10325 = ( GEOMETRIC_REPRESENTATION_CONTEXT(2) 
PARAMETRIC_REPRESENTATION_CONTEXT() REPRESENTATION_CONTEXT('2D SPACE',''
  ) );
#10326 = ORIENTED_EDGE('',*,*,#10327,.T.);
#10327 = EDGE_CURVE('',#10302,#10328,#10330,.T.);
#10328 = VERTEX_POINT('',#10329);
#10329 = CARTESIAN_POINT('',(13.835,4.695,4.5));
#10330 = SURFACE_CURVE('',#10331,(#10335,#10341),.PCURVE_S1.);
#10331 = LINE('',#10332,#10333);
#10332 = CARTESIAN_POINT('',(13.835,-1.2525,4.5));
#10333 = VECTOR('',#10334,1.);
#10334 = DIRECTION('',(0.,1.,0.));
#10335 = PCURVE('',#8112,#10336);
#10336 = DEFINITIONAL_REPRESENTATION('',(#10337),#10340);
#10337 = B_SPLINE_CURVE_WITH_KNOTS('',1,(#10338,#10339),.UNSPECIFIED.,
  .F.,.F.,(2,2),(5.3475,5.9475),.PIECEWISE_BEZIER_KNOTS.);
#10338 = CARTESIAN_POINT('',(1.835,10.695));
#10339 = CARTESIAN_POINT('',(1.835,11.295));
#10340 = ( GEOMETRIC_REPRESENTATION_CONTEXT(2) 
PARAMETRIC_REPRESENTATION_CONTEXT() REPRESENTATION_CONTEXT('2D SPACE',''
  ) );
#10341 = PCURVE('',#10342,#10347);
#10342 = PLANE('',#10343);
#10343 = AXIS2_PLACEMENT_3D('',#10344,#10345,#10346);
#10344 = CARTESIAN_POINT('',(13.835,4.095,2.));
#10345 = DIRECTION('',(1.,0.,0.));
#10346 = DIRECTION('',(0.,0.,1.));
#10347 = DEFINITIONAL_REPRESENTATION('',(#10348),#10351);
#10348 = B_SPLINE_CURVE_WITH_KNOTS('',1,(#10349,#10350),.UNSPECIFIED.,
  .F.,.F.,(2,2),(5.3475,5.9475),.PIECEWISE_BEZIER_KNOTS.);
#10349 = CARTESIAN_POINT('',(2.5,0.));
#10350 = CARTESIAN_POINT('',(2.5,-0.6));
#10351 = ( GEOMETRIC_REPRESENTATION_CONTEXT(2) 
PARAMETRIC_REPRESENTATION_CONTEXT() REPRESENTATION_CONTEXT('2D SPACE',''
  ) );
#10352 = ORIENTED_EDGE('',*,*,#10353,.F.);
#10353 = EDGE_CURVE('',#10354,#10328,#10356,.T.);
#10354 = VERTEX_POINT('',#10355);
#10355 = CARTESIAN_POINT('',(14.435,4.695,4.5));
#10356 = SURFACE_CURVE('',#10357,(#10361,#10367),.PCURVE_S1.);
#10357 = LINE('',#10358,#10359);
#10358 = CARTESIAN_POINT('',(12.9175,4.695,4.5));
#10359 = VECTOR('',#10360,1.);
#10360 = DIRECTION('',(-1.,0.,0.));
#10361 = PCURVE('',#8112,#10362);
#10362 = DEFINITIONAL_REPRESENTATION('',(#10363),#10366);
#10363 = B_SPLINE_CURVE_WITH_KNOTS('',1,(#10364,#10365),.UNSPECIFIED.,
  .F.,.F.,(2,2),(-1.5175,-0.9175),.PIECEWISE_BEZIER_KNOTS.);
#10364 = CARTESIAN_POINT('',(2.435,11.295));
#10365 = CARTESIAN_POINT('',(1.835,11.295));
#10366 = ( GEOMETRIC_REPRESENTATION_CONTEXT(2) 
PARAMETRIC_REPRESENTATION_CONTEXT() REPRESENTATION_CONTEXT('2D SPACE',''
  ) );
#10367 = PCURVE('',#10368,#10373);
#10368 = PLANE('',#10369);
#10369 = AXIS2_PLACEMENT_3D('',#10370,#10371,#10372);
#10370 = CARTESIAN_POINT('',(13.835,4.695,2.));
#10371 = DIRECTION('',(0.,1.,0.));
#10372 = DIRECTION('',(0.,0.,1.));
#10373 = DEFINITIONAL_REPRESENTATION('',(#10374),#10377);
#10374 = B_SPLINE_CURVE_WITH_KNOTS('',1,(#10375,#10376),.UNSPECIFIED.,
  .F.,.F.,(2,2),(-1.5175,-0.9175),.PIECEWISE_BEZIER_KNOTS.);
#10375 = CARTESIAN_POINT('',(2.5,0.6));
#10376 = CARTESIAN_POINT('',(2.5,0.));
#10377 = ( GEOMETRIC_REPRESENTATION_CONTEXT(2) 
PARAMETRIC_REPRESENTATION_CONTEXT() REPRESENTATION_CONTEXT('2D SPACE',''
  ) );
#10378 = ORIENTED_EDGE('',*,*,#10379,.F.);
#10379 = EDGE_CURVE('',#10300,#10354,#10380,.T.);
#10380 = SURFACE_CURVE('',#10381,(#10385,#10391),.PCURVE_S1.);
#10381 = LINE('',#10382,#10383);
#10382 = CARTESIAN_POINT('',(14.435,-1.2525,4.5));
#10383 = VECTOR('',#10384,1.);
#10384 = DIRECTION('',(0.,1.,0.));
#10385 = PCURVE('',#8112,#10386);
#10386 = DEFINITIONAL_REPRESENTATION('',(#10387),#10390);
#10387 = B_SPLINE_CURVE_WITH_KNOTS('',1,(#10388,#10389),.UNSPECIFIED.,
  .F.,.F.,(2,2),(5.3475,5.9475),.PIECEWISE_BEZIER_KNOTS.);
#10388 = CARTESIAN_POINT('',(2.435,10.695));
#10389 = CARTESIAN_POINT('',(2.435,11.295));
#10390 = ( GEOMETRIC_REPRESENTATION_CONTEXT(2) 
PARAMETRIC_REPRESENTATION_CONTEXT() REPRESENTATION_CONTEXT('2D SPACE',''
  ) );
#10391 = PCURVE('',#10392,#10397);
#10392 = PLANE('',#10393);
#10393 = AXIS2_PLACEMENT_3D('',#10394,#10395,#10396);
#10394 = CARTESIAN_POINT('',(14.435,4.095,2.));
#10395 = DIRECTION('',(1.,0.,0.));
#10396 = DIRECTION('',(0.,0.,1.));
#10397 = DEFINITIONAL_REPRESENTATION('',(#10398),#10401);
#10398 = B_SPLINE_CURVE_WITH_KNOTS('',1,(#10399,#10400),.UNSPECIFIED.,
  .F.,.F.,(2,2),(5.3475,5.9475),.PIECEWISE_BEZIER_KNOTS.);
#10399 = CARTESIAN_POINT('',(2.5,0.));
#10400 = CARTESIAN_POINT('',(2.5,-0.6));
#10401 = ( GEOMETRIC_REPRESENTATION_CONTEXT(2) 
PARAMETRIC_REPRESENTATION_CONTEXT() REPRESENTATION_CONTEXT('2D SPACE',''
  ) );
#10402 = FACE_BOUND('',#10403,.T.);
#10403 = EDGE_LOOP('',(#10404,#10432,#10458,#10484));
#10404 = ORIENTED_EDGE('',*,*,#10405,.T.);
#10405 = EDGE_CURVE('',#10406,#10408,#10410,.T.);
#10406 = VERTEX_POINT('',#10407);
#10407 = CARTESIAN_POINT('',(14.435,5.365,4.5));
#10408 = VERTEX_POINT('',#10409);
#10409 = CARTESIAN_POINT('',(13.835,5.365,4.5));
#10410 = SURFACE_CURVE('',#10411,(#10415,#10421),.PCURVE_S1.);
#10411 = LINE('',#10412,#10413);
#10412 = CARTESIAN_POINT('',(12.9175,5.365,4.5));
#10413 = VECTOR('',#10414,1.);
#10414 = DIRECTION('',(-1.,0.,0.));
#10415 = PCURVE('',#8112,#10416);
#10416 = DEFINITIONAL_REPRESENTATION('',(#10417),#10420);
#10417 = B_SPLINE_CURVE_WITH_KNOTS('',1,(#10418,#10419),.UNSPECIFIED.,
  .F.,.F.,(2,2),(-1.5175,-0.9175),.PIECEWISE_BEZIER_KNOTS.);
#10418 = CARTESIAN_POINT('',(2.435,11.965));
#10419 = CARTESIAN_POINT('',(1.835,11.965));
#10420 = ( GEOMETRIC_REPRESENTATION_CONTEXT(2) 
PARAMETRIC_REPRESENTATION_CONTEXT() REPRESENTATION_CONTEXT('2D SPACE',''
  ) );
#10421 = PCURVE('',#10422,#10427);
#10422 = PLANE('',#10423);
#10423 = AXIS2_PLACEMENT_3D('',#10424,#10425,#10426);
#10424 = CARTESIAN_POINT('',(13.835,5.365,2.));
#10425 = DIRECTION('',(0.,1.,0.));
#10426 = DIRECTION('',(0.,0.,1.));
#10427 = DEFINITIONAL_REPRESENTATION('',(#10428),#10431);
#10428 = B_SPLINE_CURVE_WITH_KNOTS('',1,(#10429,#10430),.UNSPECIFIED.,
  .F.,.F.,(2,2),(-1.5175,-0.9175),.PIECEWISE_BEZIER_KNOTS.);
#10429 = CARTESIAN_POINT('',(2.5,0.6));
#10430 = CARTESIAN_POINT('',(2.5,0.));
#10431 = ( GEOMETRIC_REPRESENTATION_CONTEXT(2) 
PARAMETRIC_REPRESENTATION_CONTEXT() REPRESENTATION_CONTEXT('2D SPACE',''
  ) );
#10432 = ORIENTED_EDGE('',*,*,#10433,.T.);
#10433 = EDGE_CURVE('',#10408,#10434,#10436,.T.);
#10434 = VERTEX_POINT('',#10435);
#10435 = CARTESIAN_POINT('',(13.835,5.965,4.5));
#10436 = SURFACE_CURVE('',#10437,(#10441,#10447),.PCURVE_S1.);
#10437 = LINE('',#10438,#10439);
#10438 = CARTESIAN_POINT('',(13.835,-0.6175,4.5));
#10439 = VECTOR('',#10440,1.);
#10440 = DIRECTION('',(0.,1.,0.));
#10441 = PCURVE('',#8112,#10442);
#10442 = DEFINITIONAL_REPRESENTATION('',(#10443),#10446);
#10443 = B_SPLINE_CURVE_WITH_KNOTS('',1,(#10444,#10445),.UNSPECIFIED.,
  .F.,.F.,(2,2),(5.9825,6.5825),.PIECEWISE_BEZIER_KNOTS.);
#10444 = CARTESIAN_POINT('',(1.835,11.965));
#10445 = CARTESIAN_POINT('',(1.835,12.565));
#10446 = ( GEOMETRIC_REPRESENTATION_CONTEXT(2) 
PARAMETRIC_REPRESENTATION_CONTEXT() REPRESENTATION_CONTEXT('2D SPACE',''
  ) );
#10447 = PCURVE('',#10448,#10453);
#10448 = PLANE('',#10449);
#10449 = AXIS2_PLACEMENT_3D('',#10450,#10451,#10452);
#10450 = CARTESIAN_POINT('',(13.835,5.365,2.));
#10451 = DIRECTION('',(1.,0.,0.));
#10452 = DIRECTION('',(0.,0.,1.));
#10453 = DEFINITIONAL_REPRESENTATION('',(#10454),#10457);
#10454 = B_SPLINE_CURVE_WITH_KNOTS('',1,(#10455,#10456),.UNSPECIFIED.,
  .F.,.F.,(2,2),(5.9825,6.5825),.PIECEWISE_BEZIER_KNOTS.);
#10455 = CARTESIAN_POINT('',(2.5,0.));
#10456 = CARTESIAN_POINT('',(2.5,-0.6));
#10457 = ( GEOMETRIC_REPRESENTATION_CONTEXT(2) 
PARAMETRIC_REPRESENTATION_CONTEXT() REPRESENTATION_CONTEXT('2D SPACE',''
  ) );
#10458 = ORIENTED_EDGE('',*,*,#10459,.F.);
#10459 = EDGE_CURVE('',#10460,#10434,#10462,.T.);
#10460 = VERTEX_POINT('',#10461);
#10461 = CARTESIAN_POINT('',(14.435,5.965,4.5));
#10462 = SURFACE_CURVE('',#10463,(#10467,#10473),.PCURVE_S1.);
#10463 = LINE('',#10464,#10465);
#10464 = CARTESIAN_POINT('',(12.9175,5.965,4.5));
#10465 = VECTOR('',#10466,1.);
#10466 = DIRECTION('',(-1.,0.,0.));
#10467 = PCURVE('',#8112,#10468);
#10468 = DEFINITIONAL_REPRESENTATION('',(#10469),#10472);
#10469 = B_SPLINE_CURVE_WITH_KNOTS('',1,(#10470,#10471),.UNSPECIFIED.,
  .F.,.F.,(2,2),(-1.5175,-0.9175),.PIECEWISE_BEZIER_KNOTS.);
#10470 = CARTESIAN_POINT('',(2.435,12.565));
#10471 = CARTESIAN_POINT('',(1.835,12.565));
#10472 = ( GEOMETRIC_REPRESENTATION_CONTEXT(2) 
PARAMETRIC_REPRESENTATION_CONTEXT() REPRESENTATION_CONTEXT('2D SPACE',''
  ) );
#10473 = PCURVE('',#10474,#10479);
#10474 = PLANE('',#10475);
#10475 = AXIS2_PLACEMENT_3D('',#10476,#10477,#10478);
#10476 = CARTESIAN_POINT('',(13.835,5.965,2.));
#10477 = DIRECTION('',(0.,1.,0.));
#10478 = DIRECTION('',(0.,0.,1.));
#10479 = DEFINITIONAL_REPRESENTATION('',(#10480),#10483);
#10480 = B_SPLINE_CURVE_WITH_KNOTS('',1,(#10481,#10482),.UNSPECIFIED.,
  .F.,.F.,(2,2),(-1.5175,-0.9175),.PIECEWISE_BEZIER_KNOTS.);
#10481 = CARTESIAN_POINT('',(2.5,0.6));
#10482 = CARTESIAN_POINT('',(2.5,0.));
#10483 = ( GEOMETRIC_REPRESENTATION_CONTEXT(2) 
PARAMETRIC_REPRESENTATION_CONTEXT() REPRESENTATION_CONTEXT('2D SPACE',''
  ) );
#10484 = ORIENTED_EDGE('',*,*,#10485,.F.);
#10485 = EDGE_CURVE('',#10406,#10460,#10486,.T.);
#10486 = SURFACE_CURVE('',#10487,(#10491,#10497),.PCURVE_S1.);
#10487 = LINE('',#10488,#10489);
#10488 = CARTESIAN_POINT('',(14.435,-0.6175,4.5));
#10489 = VECTOR('',#10490,1.);
#10490 = DIRECTION('',(0.,1.,0.));
#10491 = PCURVE('',#8112,#10492);
#10492 = DEFINITIONAL_REPRESENTATION('',(#10493),#10496);
#10493 = B_SPLINE_CURVE_WITH_KNOTS('',1,(#10494,#10495),.UNSPECIFIED.,
  .F.,.F.,(2,2),(5.9825,6.5825),.PIECEWISE_BEZIER_KNOTS.);
#10494 = CARTESIAN_POINT('',(2.435,11.965));
#10495 = CARTESIAN_POINT('',(2.435,12.565));
#10496 = ( GEOMETRIC_REPRESENTATION_CONTEXT(2) 
PARAMETRIC_REPRESENTATION_CONTEXT() REPRESENTATION_CONTEXT('2D SPACE',''
  ) );
#10497 = PCURVE('',#10498,#10503);
#10498 = PLANE('',#10499);
#10499 = AXIS2_PLACEMENT_3D('',#10500,#10501,#10502);
#10500 = CARTESIAN_POINT('',(14.435,5.365,2.));
#10501 = DIRECTION('',(1.,0.,0.));
#10502 = DIRECTION('',(0.,0.,1.));
#10503 = DEFINITIONAL_REPRESENTATION('',(#10504),#10507);
#10504 = B_SPLINE_CURVE_WITH_KNOTS('',1,(#10505,#10506),.UNSPECIFIED.,
  .F.,.F.,(2,2),(5.9825,6.5825),.PIECEWISE_BEZIER_KNOTS.);
#10505 = CARTESIAN_POINT('',(2.5,0.));
#10506 = CARTESIAN_POINT('',(2.5,-0.6));
#10507 = ( GEOMETRIC_REPRESENTATION_CONTEXT(2) 
PARAMETRIC_REPRESENTATION_CONTEXT() REPRESENTATION_CONTEXT('2D SPACE',''
  ) );
#10508 = ADVANCED_FACE('',(#10509),#8301,.T.);
#10509 = FACE_BOUND('',#10510,.T.);
#10510 = EDGE_LOOP('',(#10511,#10534,#10535,#10536));
#10511 = ORIENTED_EDGE('',*,*,#10512,.F.);
#10512 = EDGE_CURVE('',#8265,#10513,#10515,.T.);
#10513 = VERTEX_POINT('',#10514);
#10514 = CARTESIAN_POINT('',(15.,6.5,0.));
#10515 = SURFACE_CURVE('',#10516,(#10520,#10527),.PCURVE_S1.);
#10516 = LINE('',#10517,#10518);
#10517 = CARTESIAN_POINT('',(12.,6.5,0.));
#10518 = VECTOR('',#10519,1.);
#10519 = DIRECTION('',(1.,0.,0.));
#10520 = PCURVE('',#8301,#10521);
#10521 = DEFINITIONAL_REPRESENTATION('',(#10522),#10526);
#10522 = LINE('',#10523,#10524);
#10523 = CARTESIAN_POINT('',(0.,0.));
#10524 = VECTOR('',#10525,1.);
#10525 = DIRECTION('',(0.,1.));
#10526 = ( GEOMETRIC_REPRESENTATION_CONTEXT(2) 
PARAMETRIC_REPRESENTATION_CONTEXT() REPRESENTATION_CONTEXT('2D SPACE',''
  ) );
#10527 = PCURVE('',#8168,#10528);
#10528 = DEFINITIONAL_REPRESENTATION('',(#10529),#10533);
#10529 = LINE('',#10530,#10531);
#10530 = CARTESIAN_POINT('',(0.,13.1));
#10531 = VECTOR('',#10532,1.);
#10532 = DIRECTION('',(1.,0.));
#10533 = ( GEOMETRIC_REPRESENTATION_CONTEXT(2) 
PARAMETRIC_REPRESENTATION_CONTEXT() REPRESENTATION_CONTEXT('2D SPACE',''
  ) );
#10534 = ORIENTED_EDGE('',*,*,#8287,.T.);
#10535 = ORIENTED_EDGE('',*,*,#8368,.T.);
#10536 = ORIENTED_EDGE('',*,*,#10537,.F.);
#10537 = EDGE_CURVE('',#10513,#8341,#10538,.T.);
#10538 = SURFACE_CURVE('',#10539,(#10543,#10550),.PCURVE_S1.);
#10539 = LINE('',#10540,#10541);
#10540 = CARTESIAN_POINT('',(15.,6.5,0.));
#10541 = VECTOR('',#10542,1.);
#10542 = DIRECTION('',(0.,0.,1.));
#10543 = PCURVE('',#8301,#10544);
#10544 = DEFINITIONAL_REPRESENTATION('',(#10545),#10549);
#10545 = LINE('',#10546,#10547);
#10546 = CARTESIAN_POINT('',(0.,3.));
#10547 = VECTOR('',#10548,1.);
#10548 = DIRECTION('',(1.,0.));
#10549 = ( GEOMETRIC_REPRESENTATION_CONTEXT(2) 
PARAMETRIC_REPRESENTATION_CONTEXT() REPRESENTATION_CONTEXT('2D SPACE',''
  ) );
#10550 = PCURVE('',#8356,#10551);
#10551 = DEFINITIONAL_REPRESENTATION('',(#10552),#10556);
#10552 = LINE('',#10553,#10554);
#10553 = CARTESIAN_POINT('',(0.,-13.1));
#10554 = VECTOR('',#10555,1.);
#10555 = DIRECTION('',(1.,0.));
#10556 = ( GEOMETRIC_REPRESENTATION_CONTEXT(2) 
PARAMETRIC_REPRESENTATION_CONTEXT() REPRESENTATION_CONTEXT('2D SPACE',''
  ) );
#10557 = ADVANCED_FACE('',(#10558),#8168,.F.);
#10558 = FACE_BOUND('',#10559,.F.);
#10559 = EDGE_LOOP('',(#10560,#10561,#10584,#10607,#10635,#10663,#10691,
    #10712,#10713,#10714,#10737,#10765));
#10560 = ORIENTED_EDGE('',*,*,#8152,.F.);
#10561 = ORIENTED_EDGE('',*,*,#10562,.T.);
#10562 = EDGE_CURVE('',#8125,#10563,#10565,.T.);
#10563 = VERTEX_POINT('',#10564);
#10564 = CARTESIAN_POINT('',(15.,-6.6,0.));
#10565 = SURFACE_CURVE('',#10566,(#10570,#10577),.PCURVE_S1.);
#10566 = LINE('',#10567,#10568);
#10567 = CARTESIAN_POINT('',(12.,-6.6,0.));
#10568 = VECTOR('',#10569,1.);
#10569 = DIRECTION('',(1.,0.,0.));
#10570 = PCURVE('',#8168,#10571);
#10571 = DEFINITIONAL_REPRESENTATION('',(#10572),#10576);
#10572 = LINE('',#10573,#10574);
#10573 = CARTESIAN_POINT('',(0.,0.));
#10574 = VECTOR('',#10575,1.);
#10575 = DIRECTION('',(1.,0.));
#10576 = ( GEOMETRIC_REPRESENTATION_CONTEXT(2) 
PARAMETRIC_REPRESENTATION_CONTEXT() REPRESENTATION_CONTEXT('2D SPACE',''
  ) );
#10577 = PCURVE('',#8140,#10578);
#10578 = DEFINITIONAL_REPRESENTATION('',(#10579),#10583);
#10579 = LINE('',#10580,#10581);
#10580 = CARTESIAN_POINT('',(0.,0.));
#10581 = VECTOR('',#10582,1.);
#10582 = DIRECTION('',(0.,1.));
#10583 = ( GEOMETRIC_REPRESENTATION_CONTEXT(2) 
PARAMETRIC_REPRESENTATION_CONTEXT() REPRESENTATION_CONTEXT('2D SPACE',''
  ) );
#10584 = ORIENTED_EDGE('',*,*,#10585,.T.);
#10585 = EDGE_CURVE('',#10563,#10586,#10588,.T.);
#10586 = VERTEX_POINT('',#10587);
#10587 = CARTESIAN_POINT('',(15.,-6.4,0.));
#10588 = SURFACE_CURVE('',#10589,(#10593,#10600),.PCURVE_S1.);
#10589 = LINE('',#10590,#10591);
#10590 = CARTESIAN_POINT('',(15.,-6.6,0.));
#10591 = VECTOR('',#10592,1.);
#10592 = DIRECTION('',(0.,1.,0.));
#10593 = PCURVE('',#8168,#10594);
#10594 = DEFINITIONAL_REPRESENTATION('',(#10595),#10599);
#10595 = LINE('',#10596,#10597);
#10596 = CARTESIAN_POINT('',(3.,0.));
#10597 = VECTOR('',#10598,1.);
#10598 = DIRECTION('',(0.,1.));
#10599 = ( GEOMETRIC_REPRESENTATION_CONTEXT(2) 
PARAMETRIC_REPRESENTATION_CONTEXT() REPRESENTATION_CONTEXT('2D SPACE',''
  ) );
#10600 = PCURVE('',#8356,#10601);
#10601 = DEFINITIONAL_REPRESENTATION('',(#10602),#10606);
#10602 = LINE('',#10603,#10604);
#10603 = CARTESIAN_POINT('',(0.,0.));
#10604 = VECTOR('',#10605,1.);
#10605 = DIRECTION('',(0.,-1.));
#10606 = ( GEOMETRIC_REPRESENTATION_CONTEXT(2) 
PARAMETRIC_REPRESENTATION_CONTEXT() REPRESENTATION_CONTEXT('2D SPACE',''
  ) );
#10607 = ORIENTED_EDGE('',*,*,#10608,.T.);
#10608 = EDGE_CURVE('',#10586,#10609,#10611,.T.);
#10609 = VERTEX_POINT('',#10610);
#10610 = CARTESIAN_POINT('',(16.1,-6.4,0.));
#10611 = SURFACE_CURVE('',#10612,(#10616,#10623),.PCURVE_S1.);
#10612 = LINE('',#10613,#10614);
#10613 = CARTESIAN_POINT('',(15.,-6.4,0.));
#10614 = VECTOR('',#10615,1.);
#10615 = DIRECTION('',(1.,0.,0.));
#10616 = PCURVE('',#8168,#10617);
#10617 = DEFINITIONAL_REPRESENTATION('',(#10618),#10622);
#10618 = LINE('',#10619,#10620);
#10619 = CARTESIAN_POINT('',(3.,0.2));
#10620 = VECTOR('',#10621,1.);
#10621 = DIRECTION('',(1.,0.));
#10622 = ( GEOMETRIC_REPRESENTATION_CONTEXT(2) 
PARAMETRIC_REPRESENTATION_CONTEXT() REPRESENTATION_CONTEXT('2D SPACE',''
  ) );
#10623 = PCURVE('',#10624,#10629);
#10624 = PLANE('',#10625);
#10625 = AXIS2_PLACEMENT_3D('',#10626,#10627,#10628);
#10626 = CARTESIAN_POINT('',(15.,-6.4,0.));
#10627 = DIRECTION('',(0.,1.,0.));
#10628 = DIRECTION('',(0.,0.,1.));
#10629 = DEFINITIONAL_REPRESENTATION('',(#10630),#10634);
#10630 = LINE('',#10631,#10632);
#10631 = CARTESIAN_POINT('',(0.,0.));
#10632 = VECTOR('',#10633,1.);
#10633 = DIRECTION('',(0.,1.));
#10634 = ( GEOMETRIC_REPRESENTATION_CONTEXT(2) 
PARAMETRIC_REPRESENTATION_CONTEXT() REPRESENTATION_CONTEXT('2D SPACE',''
  ) );
#10635 = ORIENTED_EDGE('',*,*,#10636,.T.);
#10636 = EDGE_CURVE('',#10609,#10637,#10639,.T.);
#10637 = VERTEX_POINT('',#10638);
#10638 = CARTESIAN_POINT('',(16.1,6.3,0.));
#10639 = SURFACE_CURVE('',#10640,(#10644,#10651),.PCURVE_S1.);
#10640 = LINE('',#10641,#10642);
#10641 = CARTESIAN_POINT('',(16.1,-6.4,0.));
#10642 = VECTOR('',#10643,1.);
#10643 = DIRECTION('',(0.,1.,0.));
#10644 = PCURVE('',#8168,#10645);
#10645 = DEFINITIONAL_REPRESENTATION('',(#10646),#10650);
#10646 = LINE('',#10647,#10648);
#10647 = CARTESIAN_POINT('',(4.1,0.2));
#10648 = VECTOR('',#10649,1.);
#10649 = DIRECTION('',(0.,1.));
#10650 = ( GEOMETRIC_REPRESENTATION_CONTEXT(2) 
PARAMETRIC_REPRESENTATION_CONTEXT() REPRESENTATION_CONTEXT('2D SPACE',''
  ) );
#10651 = PCURVE('',#10652,#10657);
#10652 = PLANE('',#10653);
#10653 = AXIS2_PLACEMENT_3D('',#10654,#10655,#10656);
#10654 = CARTESIAN_POINT('',(16.1,-6.4,0.));
#10655 = DIRECTION('',(1.,0.,0.));
#10656 = DIRECTION('',(0.,0.,1.));
#10657 = DEFINITIONAL_REPRESENTATION('',(#10658),#10662);
#10658 = LINE('',#10659,#10660);
#10659 = CARTESIAN_POINT('',(0.,0.));
#10660 = VECTOR('',#10661,1.);
#10661 = DIRECTION('',(0.,-1.));
#10662 = ( GEOMETRIC_REPRESENTATION_CONTEXT(2) 
PARAMETRIC_REPRESENTATION_CONTEXT() REPRESENTATION_CONTEXT('2D SPACE',''
  ) );
#10663 = ORIENTED_EDGE('',*,*,#10664,.F.);
#10664 = EDGE_CURVE('',#10665,#10637,#10667,.T.);
#10665 = VERTEX_POINT('',#10666);
#10666 = CARTESIAN_POINT('',(15.,6.3,0.));
#10667 = SURFACE_CURVE('',#10668,(#10672,#10679),.PCURVE_S1.);
#10668 = LINE('',#10669,#10670);
#10669 = CARTESIAN_POINT('',(15.,6.3,0.));
#10670 = VECTOR('',#10671,1.);
#10671 = DIRECTION('',(1.,0.,0.));
#10672 = PCURVE('',#8168,#10673);
#10673 = DEFINITIONAL_REPRESENTATION('',(#10674),#10678);
#10674 = LINE('',#10675,#10676);
#10675 = CARTESIAN_POINT('',(3.,12.9));
#10676 = VECTOR('',#10677,1.);
#10677 = DIRECTION('',(1.,0.));
#10678 = ( GEOMETRIC_REPRESENTATION_CONTEXT(2) 
PARAMETRIC_REPRESENTATION_CONTEXT() REPRESENTATION_CONTEXT('2D SPACE',''
  ) );
#10679 = PCURVE('',#10680,#10685);
#10680 = PLANE('',#10681);
#10681 = AXIS2_PLACEMENT_3D('',#10682,#10683,#10684);
#10682 = CARTESIAN_POINT('',(15.,6.3,0.));
#10683 = DIRECTION('',(0.,1.,0.));
#10684 = DIRECTION('',(0.,0.,1.));
#10685 = DEFINITIONAL_REPRESENTATION('',(#10686),#10690);
#10686 = LINE('',#10687,#10688);
#10687 = CARTESIAN_POINT('',(0.,0.));
#10688 = VECTOR('',#10689,1.);
#10689 = DIRECTION('',(0.,1.));
#10690 = ( GEOMETRIC_REPRESENTATION_CONTEXT(2) 
PARAMETRIC_REPRESENTATION_CONTEXT() REPRESENTATION_CONTEXT('2D SPACE',''
  ) );
#10691 = ORIENTED_EDGE('',*,*,#10692,.T.);
#10692 = EDGE_CURVE('',#10665,#10513,#10693,.T.);
#10693 = SURFACE_CURVE('',#10694,(#10698,#10705),.PCURVE_S1.);
#10694 = LINE('',#10695,#10696);
#10695 = CARTESIAN_POINT('',(15.,-6.6,0.));
#10696 = VECTOR('',#10697,1.);
#10697 = DIRECTION('',(0.,1.,0.));
#10698 = PCURVE('',#8168,#10699);
#10699 = DEFINITIONAL_REPRESENTATION('',(#10700),#10704);
#10700 = LINE('',#10701,#10702);
#10701 = CARTESIAN_POINT('',(3.,0.));
#10702 = VECTOR('',#10703,1.);
#10703 = DIRECTION('',(0.,1.));
#10704 = ( GEOMETRIC_REPRESENTATION_CONTEXT(2) 
PARAMETRIC_REPRESENTATION_CONTEXT() REPRESENTATION_CONTEXT('2D SPACE',''
  ) );
#10705 = PCURVE('',#8356,#10706);
#10706 = DEFINITIONAL_REPRESENTATION('',(#10707),#10711);
#10707 = LINE('',#10708,#10709);
#10708 = CARTESIAN_POINT('',(0.,0.));
#10709 = VECTOR('',#10710,1.);
#10710 = DIRECTION('',(0.,-1.));
#10711 = ( GEOMETRIC_REPRESENTATION_CONTEXT(2) 
PARAMETRIC_REPRESENTATION_CONTEXT() REPRESENTATION_CONTEXT('2D SPACE',''
  ) );
#10712 = ORIENTED_EDGE('',*,*,#10512,.F.);
#10713 = ORIENTED_EDGE('',*,*,#8264,.F.);
#10714 = ORIENTED_EDGE('',*,*,#10715,.F.);
#10715 = EDGE_CURVE('',#10716,#8237,#10718,.T.);
#10716 = VERTEX_POINT('',#10717);
#10717 = CARTESIAN_POINT('',(10.9,6.3,0.));
#10718 = SURFACE_CURVE('',#10719,(#10723,#10730),.PCURVE_S1.);
#10719 = LINE('',#10720,#10721);
#10720 = CARTESIAN_POINT('',(10.9,6.3,0.));
#10721 = VECTOR('',#10722,1.);
#10722 = DIRECTION('',(1.,0.,0.));
#10723 = PCURVE('',#8168,#10724);
#10724 = DEFINITIONAL_REPRESENTATION('',(#10725),#10729);
#10725 = LINE('',#10726,#10727);
#10726 = CARTESIAN_POINT('',(-1.1,12.9));
#10727 = VECTOR('',#10728,1.);
#10728 = DIRECTION('',(1.,0.));
#10729 = ( GEOMETRIC_REPRESENTATION_CONTEXT(2) 
PARAMETRIC_REPRESENTATION_CONTEXT() REPRESENTATION_CONTEXT('2D SPACE',''
  ) );
#10730 = PCURVE('',#8252,#10731);
#10731 = DEFINITIONAL_REPRESENTATION('',(#10732),#10736);
#10732 = LINE('',#10733,#10734);
#10733 = CARTESIAN_POINT('',(0.,0.));
#10734 = VECTOR('',#10735,1.);
#10735 = DIRECTION('',(0.,1.));
#10736 = ( GEOMETRIC_REPRESENTATION_CONTEXT(2) 
PARAMETRIC_REPRESENTATION_CONTEXT() REPRESENTATION_CONTEXT('2D SPACE',''
  ) );
#10737 = ORIENTED_EDGE('',*,*,#10738,.F.);
#10738 = EDGE_CURVE('',#10739,#10716,#10741,.T.);
#10739 = VERTEX_POINT('',#10740);
#10740 = CARTESIAN_POINT('',(10.9,-6.4,0.));
#10741 = SURFACE_CURVE('',#10742,(#10746,#10753),.PCURVE_S1.);
#10742 = LINE('',#10743,#10744);
#10743 = CARTESIAN_POINT('',(10.9,-6.4,0.));
#10744 = VECTOR('',#10745,1.);
#10745 = DIRECTION('',(0.,1.,0.));
#10746 = PCURVE('',#8168,#10747);
#10747 = DEFINITIONAL_REPRESENTATION('',(#10748),#10752);
#10748 = LINE('',#10749,#10750);
#10749 = CARTESIAN_POINT('',(-1.1,0.2));
#10750 = VECTOR('',#10751,1.);
#10751 = DIRECTION('',(0.,1.));
#10752 = ( GEOMETRIC_REPRESENTATION_CONTEXT(2) 
PARAMETRIC_REPRESENTATION_CONTEXT() REPRESENTATION_CONTEXT('2D SPACE',''
  ) );
#10753 = PCURVE('',#10754,#10759);
#10754 = PLANE('',#10755);
#10755 = AXIS2_PLACEMENT_3D('',#10756,#10757,#10758);
#10756 = CARTESIAN_POINT('',(10.9,-6.4,0.));
#10757 = DIRECTION('',(1.,0.,0.));
#10758 = DIRECTION('',(0.,0.,1.));
#10759 = DEFINITIONAL_REPRESENTATION('',(#10760),#10764);
#10760 = LINE('',#10761,#10762);
#10761 = CARTESIAN_POINT('',(0.,0.));
#10762 = VECTOR('',#10763,1.);
#10763 = DIRECTION('',(0.,-1.));
#10764 = ( GEOMETRIC_REPRESENTATION_CONTEXT(2) 
PARAMETRIC_REPRESENTATION_CONTEXT() REPRESENTATION_CONTEXT('2D SPACE',''
  ) );
#10765 = ORIENTED_EDGE('',*,*,#10766,.T.);
#10766 = EDGE_CURVE('',#10739,#8153,#10767,.T.);
#10767 = SURFACE_CURVE('',#10768,(#10772,#10779),.PCURVE_S1.);
#10768 = LINE('',#10769,#10770);
#10769 = CARTESIAN_POINT('',(10.9,-6.4,0.));
#10770 = VECTOR('',#10771,1.);
#10771 = DIRECTION('',(1.,0.,0.));
#10772 = PCURVE('',#8168,#10773);
#10773 = DEFINITIONAL_REPRESENTATION('',(#10774),#10778);
#10774 = LINE('',#10775,#10776);
#10775 = CARTESIAN_POINT('',(-1.1,0.2));
#10776 = VECTOR('',#10777,1.);
#10777 = DIRECTION('',(1.,0.));
#10778 = ( GEOMETRIC_REPRESENTATION_CONTEXT(2) 
PARAMETRIC_REPRESENTATION_CONTEXT() REPRESENTATION_CONTEXT('2D SPACE',''
  ) );
#10779 = PCURVE('',#8196,#10780);
#10780 = DEFINITIONAL_REPRESENTATION('',(#10781),#10785);
#10781 = LINE('',#10782,#10783);
#10782 = CARTESIAN_POINT('',(0.,0.));
#10783 = VECTOR('',#10784,1.);
#10784 = DIRECTION('',(0.,1.));
#10785 = ( GEOMETRIC_REPRESENTATION_CONTEXT(2) 
PARAMETRIC_REPRESENTATION_CONTEXT() REPRESENTATION_CONTEXT('2D SPACE',''
  ) );
#10786 = ADVANCED_FACE('',(#10787),#8252,.T.);
#10787 = FACE_BOUND('',#10788,.T.);
#10788 = EDGE_LOOP('',(#10789,#10790,#10813,#10834));
#10789 = ORIENTED_EDGE('',*,*,#10715,.F.);
#10790 = ORIENTED_EDGE('',*,*,#10791,.T.);
#10791 = EDGE_CURVE('',#10716,#10792,#10794,.T.);
#10792 = VERTEX_POINT('',#10793);
#10793 = CARTESIAN_POINT('',(10.9,6.3,0.25));
#10794 = SURFACE_CURVE('',#10795,(#10799,#10806),.PCURVE_S1.);
#10795 = LINE('',#10796,#10797);
#10796 = CARTESIAN_POINT('',(10.9,6.3,0.));
#10797 = VECTOR('',#10798,1.);
#10798 = DIRECTION('',(0.,0.,1.));
#10799 = PCURVE('',#8252,#10800);
#10800 = DEFINITIONAL_REPRESENTATION('',(#10801),#10805);
#10801 = LINE('',#10802,#10803);
#10802 = CARTESIAN_POINT('',(0.,0.));
#10803 = VECTOR('',#10804,1.);
#10804 = DIRECTION('',(1.,0.));
#10805 = ( GEOMETRIC_REPRESENTATION_CONTEXT(2) 
PARAMETRIC_REPRESENTATION_CONTEXT() REPRESENTATION_CONTEXT('2D SPACE',''
  ) );
#10806 = PCURVE('',#10754,#10807);
#10807 = DEFINITIONAL_REPRESENTATION('',(#10808),#10812);
#10808 = LINE('',#10809,#10810);
#10809 = CARTESIAN_POINT('',(0.,-12.7));
#10810 = VECTOR('',#10811,1.);
#10811 = DIRECTION('',(1.,0.));
#10812 = ( GEOMETRIC_REPRESENTATION_CONTEXT(2) 
PARAMETRIC_REPRESENTATION_CONTEXT() REPRESENTATION_CONTEXT('2D SPACE',''
  ) );
#10813 = ORIENTED_EDGE('',*,*,#10814,.T.);
#10814 = EDGE_CURVE('',#10792,#8209,#10815,.T.);
#10815 = SURFACE_CURVE('',#10816,(#10820,#10827),.PCURVE_S1.);
#10816 = LINE('',#10817,#10818);
#10817 = CARTESIAN_POINT('',(10.9,6.3,0.25));
#10818 = VECTOR('',#10819,1.);
#10819 = DIRECTION('',(1.,0.,0.));
#10820 = PCURVE('',#8252,#10821);
#10821 = DEFINITIONAL_REPRESENTATION('',(#10822),#10826);
#10822 = LINE('',#10823,#10824);
#10823 = CARTESIAN_POINT('',(0.25,0.));
#10824 = VECTOR('',#10825,1.);
#10825 = DIRECTION('',(0.,1.));
#10826 = ( GEOMETRIC_REPRESENTATION_CONTEXT(2) 
PARAMETRIC_REPRESENTATION_CONTEXT() REPRESENTATION_CONTEXT('2D SPACE',''
  ) );
#10827 = PCURVE('',#8224,#10828);
#10828 = DEFINITIONAL_REPRESENTATION('',(#10829),#10833);
#10829 = LINE('',#10830,#10831);
#10830 = CARTESIAN_POINT('',(0.,12.7));
#10831 = VECTOR('',#10832,1.);
#10832 = DIRECTION('',(1.,0.));
#10833 = ( GEOMETRIC_REPRESENTATION_CONTEXT(2) 
PARAMETRIC_REPRESENTATION_CONTEXT() REPRESENTATION_CONTEXT('2D SPACE',''
  ) );
#10834 = ORIENTED_EDGE('',*,*,#8236,.F.);
#10835 = ADVANCED_FACE('',(#10836),#8224,.T.);
#10836 = FACE_BOUND('',#10837,.T.);
#10837 = EDGE_LOOP('',(#10838,#10861,#10882,#10883));
#10838 = ORIENTED_EDGE('',*,*,#10839,.F.);
#10839 = EDGE_CURVE('',#10840,#10792,#10842,.T.);
#10840 = VERTEX_POINT('',#10841);
#10841 = CARTESIAN_POINT('',(10.9,-6.4,0.25));
#10842 = SURFACE_CURVE('',#10843,(#10847,#10854),.PCURVE_S1.);
#10843 = LINE('',#10844,#10845);
#10844 = CARTESIAN_POINT('',(10.9,-6.4,0.25));
#10845 = VECTOR('',#10846,1.);
#10846 = DIRECTION('',(0.,1.,0.));
#10847 = PCURVE('',#8224,#10848);
#10848 = DEFINITIONAL_REPRESENTATION('',(#10849),#10853);
#10849 = LINE('',#10850,#10851);
#10850 = CARTESIAN_POINT('',(0.,0.));
#10851 = VECTOR('',#10852,1.);
#10852 = DIRECTION('',(0.,1.));
#10853 = ( GEOMETRIC_REPRESENTATION_CONTEXT(2) 
PARAMETRIC_REPRESENTATION_CONTEXT() REPRESENTATION_CONTEXT('2D SPACE',''
  ) );
#10854 = PCURVE('',#10754,#10855);
#10855 = DEFINITIONAL_REPRESENTATION('',(#10856),#10860);
#10856 = LINE('',#10857,#10858);
#10857 = CARTESIAN_POINT('',(0.25,0.));
#10858 = VECTOR('',#10859,1.);
#10859 = DIRECTION('',(0.,-1.));
#10860 = ( GEOMETRIC_REPRESENTATION_CONTEXT(2) 
PARAMETRIC_REPRESENTATION_CONTEXT() REPRESENTATION_CONTEXT('2D SPACE',''
  ) );
#10861 = ORIENTED_EDGE('',*,*,#10862,.T.);
#10862 = EDGE_CURVE('',#10840,#8181,#10863,.T.);
#10863 = SURFACE_CURVE('',#10864,(#10868,#10875),.PCURVE_S1.);
#10864 = LINE('',#10865,#10866);
#10865 = CARTESIAN_POINT('',(10.9,-6.4,0.25));
#10866 = VECTOR('',#10867,1.);
#10867 = DIRECTION('',(1.,0.,0.));
#10868 = PCURVE('',#8224,#10869);
#10869 = DEFINITIONAL_REPRESENTATION('',(#10870),#10874);
#10870 = LINE('',#10871,#10872);
#10871 = CARTESIAN_POINT('',(0.,0.));
#10872 = VECTOR('',#10873,1.);
#10873 = DIRECTION('',(1.,0.));
#10874 = ( GEOMETRIC_REPRESENTATION_CONTEXT(2) 
PARAMETRIC_REPRESENTATION_CONTEXT() REPRESENTATION_CONTEXT('2D SPACE',''
  ) );
#10875 = PCURVE('',#8196,#10876);
#10876 = DEFINITIONAL_REPRESENTATION('',(#10877),#10881);
#10877 = LINE('',#10878,#10879);
#10878 = CARTESIAN_POINT('',(0.25,0.));
#10879 = VECTOR('',#10880,1.);
#10880 = DIRECTION('',(0.,1.));
#10881 = ( GEOMETRIC_REPRESENTATION_CONTEXT(2) 
PARAMETRIC_REPRESENTATION_CONTEXT() REPRESENTATION_CONTEXT('2D SPACE',''
  ) );
#10882 = ORIENTED_EDGE('',*,*,#8208,.T.);
#10883 = ORIENTED_EDGE('',*,*,#10814,.F.);
#10884 = ADVANCED_FACE('',(#10885),#8196,.F.);
#10885 = FACE_BOUND('',#10886,.F.);
#10886 = EDGE_LOOP('',(#10887,#10888,#10909,#10910));
#10887 = ORIENTED_EDGE('',*,*,#10766,.F.);
#10888 = ORIENTED_EDGE('',*,*,#10889,.T.);
#10889 = EDGE_CURVE('',#10739,#10840,#10890,.T.);
#10890 = SURFACE_CURVE('',#10891,(#10895,#10902),.PCURVE_S1.);
#10891 = LINE('',#10892,#10893);
#10892 = CARTESIAN_POINT('',(10.9,-6.4,0.));
#10893 = VECTOR('',#10894,1.);
#10894 = DIRECTION('',(0.,0.,1.));
#10895 = PCURVE('',#8196,#10896);
#10896 = DEFINITIONAL_REPRESENTATION('',(#10897),#10901);
#10897 = LINE('',#10898,#10899);
#10898 = CARTESIAN_POINT('',(0.,0.));
#10899 = VECTOR('',#10900,1.);
#10900 = DIRECTION('',(1.,0.));
#10901 = ( GEOMETRIC_REPRESENTATION_CONTEXT(2) 
PARAMETRIC_REPRESENTATION_CONTEXT() REPRESENTATION_CONTEXT('2D SPACE',''
  ) );
#10902 = PCURVE('',#10754,#10903);
#10903 = DEFINITIONAL_REPRESENTATION('',(#10904),#10908);
#10904 = LINE('',#10905,#10906);
#10905 = CARTESIAN_POINT('',(0.,0.));
#10906 = VECTOR('',#10907,1.);
#10907 = DIRECTION('',(1.,0.));
#10908 = ( GEOMETRIC_REPRESENTATION_CONTEXT(2) 
PARAMETRIC_REPRESENTATION_CONTEXT() REPRESENTATION_CONTEXT('2D SPACE',''
  ) );
#10909 = ORIENTED_EDGE('',*,*,#10862,.T.);
#10910 = ORIENTED_EDGE('',*,*,#8180,.F.);
#10911 = ADVANCED_FACE('',(#10912),#8140,.F.);
#10912 = FACE_BOUND('',#10913,.F.);
#10913 = EDGE_LOOP('',(#10914,#10915,#10916,#10917));
#10914 = ORIENTED_EDGE('',*,*,#10562,.F.);
#10915 = ORIENTED_EDGE('',*,*,#8124,.T.);
#10916 = ORIENTED_EDGE('',*,*,#8317,.T.);
#10917 = ORIENTED_EDGE('',*,*,#10918,.F.);
#10918 = EDGE_CURVE('',#10563,#8318,#10919,.T.);
#10919 = SURFACE_CURVE('',#10920,(#10924,#10931),.PCURVE_S1.);
#10920 = LINE('',#10921,#10922);
#10921 = CARTESIAN_POINT('',(15.,-6.6,0.));
#10922 = VECTOR('',#10923,1.);
#10923 = DIRECTION('',(0.,0.,1.));
#10924 = PCURVE('',#8140,#10925);
#10925 = DEFINITIONAL_REPRESENTATION('',(#10926),#10930);
#10926 = LINE('',#10927,#10928);
#10927 = CARTESIAN_POINT('',(0.,3.));
#10928 = VECTOR('',#10929,1.);
#10929 = DIRECTION('',(1.,0.));
#10930 = ( GEOMETRIC_REPRESENTATION_CONTEXT(2) 
PARAMETRIC_REPRESENTATION_CONTEXT() REPRESENTATION_CONTEXT('2D SPACE',''
  ) );
#10931 = PCURVE('',#8356,#10932);
#10932 = DEFINITIONAL_REPRESENTATION('',(#10933),#10937);
#10933 = LINE('',#10934,#10935);
#10934 = CARTESIAN_POINT('',(0.,0.));
#10935 = VECTOR('',#10936,1.);
#10936 = DIRECTION('',(1.,0.));
#10937 = ( GEOMETRIC_REPRESENTATION_CONTEXT(2) 
PARAMETRIC_REPRESENTATION_CONTEXT() REPRESENTATION_CONTEXT('2D SPACE',''
  ) );
#10938 = ADVANCED_FACE('',(#10939),#8356,.T.);
#10939 = FACE_BOUND('',#10940,.T.);
#10940 = EDGE_LOOP('',(#10941,#10942,#10943,#10944,#10967,#10995,#11016,
    #11017));
#10941 = ORIENTED_EDGE('',*,*,#8340,.F.);
#10942 = ORIENTED_EDGE('',*,*,#10918,.F.);
#10943 = ORIENTED_EDGE('',*,*,#10585,.T.);
#10944 = ORIENTED_EDGE('',*,*,#10945,.T.);
#10945 = EDGE_CURVE('',#10586,#10946,#10948,.T.);
#10946 = VERTEX_POINT('',#10947);
#10947 = CARTESIAN_POINT('',(15.,-6.4,0.25));
#10948 = SURFACE_CURVE('',#10949,(#10953,#10960),.PCURVE_S1.);
#10949 = LINE('',#10950,#10951);
#10950 = CARTESIAN_POINT('',(15.,-6.4,0.));
#10951 = VECTOR('',#10952,1.);
#10952 = DIRECTION('',(0.,0.,1.));
#10953 = PCURVE('',#8356,#10954);
#10954 = DEFINITIONAL_REPRESENTATION('',(#10955),#10959);
#10955 = LINE('',#10956,#10957);
#10956 = CARTESIAN_POINT('',(0.,-0.2));
#10957 = VECTOR('',#10958,1.);
#10958 = DIRECTION('',(1.,0.));
#10959 = ( GEOMETRIC_REPRESENTATION_CONTEXT(2) 
PARAMETRIC_REPRESENTATION_CONTEXT() REPRESENTATION_CONTEXT('2D SPACE',''
  ) );
#10960 = PCURVE('',#10624,#10961);
#10961 = DEFINITIONAL_REPRESENTATION('',(#10962),#10966);
#10962 = LINE('',#10963,#10964);
#10963 = CARTESIAN_POINT('',(0.,0.));
#10964 = VECTOR('',#10965,1.);
#10965 = DIRECTION('',(1.,0.));
#10966 = ( GEOMETRIC_REPRESENTATION_CONTEXT(2) 
PARAMETRIC_REPRESENTATION_CONTEXT() REPRESENTATION_CONTEXT('2D SPACE',''
  ) );
#10967 = ORIENTED_EDGE('',*,*,#10968,.T.);
#10968 = EDGE_CURVE('',#10946,#10969,#10971,.T.);
#10969 = VERTEX_POINT('',#10970);
#10970 = CARTESIAN_POINT('',(15.,6.3,0.25));
#10971 = SURFACE_CURVE('',#10972,(#10976,#10983),.PCURVE_S1.);
#10972 = LINE('',#10973,#10974);
#10973 = CARTESIAN_POINT('',(15.,-6.4,0.25));
#10974 = VECTOR('',#10975,1.);
#10975 = DIRECTION('',(0.,1.,0.));
#10976 = PCURVE('',#8356,#10977);
#10977 = DEFINITIONAL_REPRESENTATION('',(#10978),#10982);
#10978 = LINE('',#10979,#10980);
#10979 = CARTESIAN_POINT('',(0.25,-0.2));
#10980 = VECTOR('',#10981,1.);
#10981 = DIRECTION('',(0.,-1.));
#10982 = ( GEOMETRIC_REPRESENTATION_CONTEXT(2) 
PARAMETRIC_REPRESENTATION_CONTEXT() REPRESENTATION_CONTEXT('2D SPACE',''
  ) );
#10983 = PCURVE('',#10984,#10989);
#10984 = PLANE('',#10985);
#10985 = AXIS2_PLACEMENT_3D('',#10986,#10987,#10988);
#10986 = CARTESIAN_POINT('',(15.,-6.4,0.25));
#10987 = DIRECTION('',(0.,0.,1.));
#10988 = DIRECTION('',(1.,0.,0.));
#10989 = DEFINITIONAL_REPRESENTATION('',(#10990),#10994);
#10990 = LINE('',#10991,#10992);
#10991 = CARTESIAN_POINT('',(0.,0.));
#10992 = VECTOR('',#10993,1.);
#10993 = DIRECTION('',(0.,1.));
#10994 = ( GEOMETRIC_REPRESENTATION_CONTEXT(2) 
PARAMETRIC_REPRESENTATION_CONTEXT() REPRESENTATION_CONTEXT('2D SPACE',''
  ) );
#10995 = ORIENTED_EDGE('',*,*,#10996,.F.);
#10996 = EDGE_CURVE('',#10665,#10969,#10997,.T.);
#10997 = SURFACE_CURVE('',#10998,(#11002,#11009),.PCURVE_S1.);
#10998 = LINE('',#10999,#11000);
#10999 = CARTESIAN_POINT('',(15.,6.3,0.));
#11000 = VECTOR('',#11001,1.);
#11001 = DIRECTION('',(0.,0.,1.));
#11002 = PCURVE('',#8356,#11003);
#11003 = DEFINITIONAL_REPRESENTATION('',(#11004),#11008);
#11004 = LINE('',#11005,#11006);
#11005 = CARTESIAN_POINT('',(0.,-12.9));
#11006 = VECTOR('',#11007,1.);
#11007 = DIRECTION('',(1.,0.));
#11008 = ( GEOMETRIC_REPRESENTATION_CONTEXT(2) 
PARAMETRIC_REPRESENTATION_CONTEXT() REPRESENTATION_CONTEXT('2D SPACE',''
  ) );
#11009 = PCURVE('',#10680,#11010);
#11010 = DEFINITIONAL_REPRESENTATION('',(#11011),#11015);
#11011 = LINE('',#11012,#11013);
#11012 = CARTESIAN_POINT('',(0.,0.));
#11013 = VECTOR('',#11014,1.);
#11014 = DIRECTION('',(1.,0.));
#11015 = ( GEOMETRIC_REPRESENTATION_CONTEXT(2) 
PARAMETRIC_REPRESENTATION_CONTEXT() REPRESENTATION_CONTEXT('2D SPACE',''
  ) );
#11016 = ORIENTED_EDGE('',*,*,#10692,.T.);
#11017 = ORIENTED_EDGE('',*,*,#10537,.T.);
#11018 = ADVANCED_FACE('',(#11019),#8408,.T.);
#11019 = FACE_BOUND('',#11020,.T.);
#11020 = EDGE_LOOP('',(#11021,#11044,#11072,#11093));
#11021 = ORIENTED_EDGE('',*,*,#11022,.F.);
#11022 = EDGE_CURVE('',#11023,#8392,#11025,.T.);
#11023 = VERTEX_POINT('',#11024);
#11024 = CARTESIAN_POINT('',(13.165,-6.065,2.));
#11025 = SURFACE_CURVE('',#11026,(#11030,#11037),.PCURVE_S1.);
#11026 = LINE('',#11027,#11028);
#11027 = CARTESIAN_POINT('',(13.165,-6.065,2.));
#11028 = VECTOR('',#11029,1.);
#11029 = DIRECTION('',(0.,0.,1.));
#11030 = PCURVE('',#8408,#11031);
#11031 = DEFINITIONAL_REPRESENTATION('',(#11032),#11036);
#11032 = LINE('',#11033,#11034);
#11033 = CARTESIAN_POINT('',(0.,0.6));
#11034 = VECTOR('',#11035,1.);
#11035 = DIRECTION('',(1.,0.));
#11036 = ( GEOMETRIC_REPRESENTATION_CONTEXT(2) 
PARAMETRIC_REPRESENTATION_CONTEXT() REPRESENTATION_CONTEXT('2D SPACE',''
  ) );
#11037 = PCURVE('',#8484,#11038);
#11038 = DEFINITIONAL_REPRESENTATION('',(#11039),#11043);
#11039 = LINE('',#11040,#11041);
#11040 = CARTESIAN_POINT('',(0.,0.));
#11041 = VECTOR('',#11042,1.);
#11042 = DIRECTION('',(1.,0.));
#11043 = ( GEOMETRIC_REPRESENTATION_CONTEXT(2) 
PARAMETRIC_REPRESENTATION_CONTEXT() REPRESENTATION_CONTEXT('2D SPACE',''
  ) );
#11044 = ORIENTED_EDGE('',*,*,#11045,.F.);
#11045 = EDGE_CURVE('',#11046,#11023,#11048,.T.);
#11046 = VERTEX_POINT('',#11047);
#11047 = CARTESIAN_POINT('',(12.565,-6.065,2.));
#11048 = SURFACE_CURVE('',#11049,(#11053,#11060),.PCURVE_S1.);
#11049 = LINE('',#11050,#11051);
#11050 = CARTESIAN_POINT('',(12.565,-6.065,2.));
#11051 = VECTOR('',#11052,1.);
#11052 = DIRECTION('',(1.,0.,0.));
#11053 = PCURVE('',#8408,#11054);
#11054 = DEFINITIONAL_REPRESENTATION('',(#11055),#11059);
#11055 = LINE('',#11056,#11057);
#11056 = CARTESIAN_POINT('',(0.,0.));
#11057 = VECTOR('',#11058,1.);
#11058 = DIRECTION('',(0.,1.));
#11059 = ( GEOMETRIC_REPRESENTATION_CONTEXT(2) 
PARAMETRIC_REPRESENTATION_CONTEXT() REPRESENTATION_CONTEXT('2D SPACE',''
  ) );
#11060 = PCURVE('',#11061,#11066);
#11061 = PLANE('',#11062);
#11062 = AXIS2_PLACEMENT_3D('',#11063,#11064,#11065);
#11063 = CARTESIAN_POINT('',(12.565,-6.065,2.));
#11064 = DIRECTION('',(0.,0.,1.));
#11065 = DIRECTION('',(1.,0.,0.));
#11066 = DEFINITIONAL_REPRESENTATION('',(#11067),#11071);
#11067 = LINE('',#11068,#11069);
#11068 = CARTESIAN_POINT('',(0.,0.));
#11069 = VECTOR('',#11070,1.);
#11070 = DIRECTION('',(1.,0.));
#11071 = ( GEOMETRIC_REPRESENTATION_CONTEXT(2) 
PARAMETRIC_REPRESENTATION_CONTEXT() REPRESENTATION_CONTEXT('2D SPACE',''
  ) );
#11072 = ORIENTED_EDGE('',*,*,#11073,.T.);
#11073 = EDGE_CURVE('',#11046,#8394,#11074,.T.);
#11074 = SURFACE_CURVE('',#11075,(#11079,#11086),.PCURVE_S1.);
#11075 = LINE('',#11076,#11077);
#11076 = CARTESIAN_POINT('',(12.565,-6.065,2.));
#11077 = VECTOR('',#11078,1.);
#11078 = DIRECTION('',(0.,0.,1.));
#11079 = PCURVE('',#8408,#11080);
#11080 = DEFINITIONAL_REPRESENTATION('',(#11081),#11085);
#11081 = LINE('',#11082,#11083);
#11082 = CARTESIAN_POINT('',(0.,0.));
#11083 = VECTOR('',#11084,1.);
#11084 = DIRECTION('',(1.,0.));
#11085 = ( GEOMETRIC_REPRESENTATION_CONTEXT(2) 
PARAMETRIC_REPRESENTATION_CONTEXT() REPRESENTATION_CONTEXT('2D SPACE',''
  ) );
#11086 = PCURVE('',#8434,#11087);
#11087 = DEFINITIONAL_REPRESENTATION('',(#11088),#11092);
#11088 = LINE('',#11089,#11090);
#11089 = CARTESIAN_POINT('',(0.,0.));
#11090 = VECTOR('',#11091,1.);
#11091 = DIRECTION('',(1.,0.));
#11092 = ( GEOMETRIC_REPRESENTATION_CONTEXT(2) 
PARAMETRIC_REPRESENTATION_CONTEXT() REPRESENTATION_CONTEXT('2D SPACE',''
  ) );
#11093 = ORIENTED_EDGE('',*,*,#8391,.F.);
#11094 = ADVANCED_FACE('',(#11095),#8484,.F.);
#11095 = FACE_BOUND('',#11096,.F.);
#11096 = EDGE_LOOP('',(#11097,#11098,#11121,#11142));
#11097 = ORIENTED_EDGE('',*,*,#11022,.F.);
#11098 = ORIENTED_EDGE('',*,*,#11099,.T.);
#11099 = EDGE_CURVE('',#11023,#11100,#11102,.T.);
#11100 = VERTEX_POINT('',#11101);
#11101 = CARTESIAN_POINT('',(13.165,-5.465,2.));
#11102 = SURFACE_CURVE('',#11103,(#11107,#11114),.PCURVE_S1.);
#11103 = LINE('',#11104,#11105);
#11104 = CARTESIAN_POINT('',(13.165,-6.065,2.));
#11105 = VECTOR('',#11106,1.);
#11106 = DIRECTION('',(0.,1.,0.));
#11107 = PCURVE('',#8484,#11108);
#11108 = DEFINITIONAL_REPRESENTATION('',(#11109),#11113);
#11109 = LINE('',#11110,#11111);
#11110 = CARTESIAN_POINT('',(0.,0.));
#11111 = VECTOR('',#11112,1.);
#11112 = DIRECTION('',(0.,-1.));
#11113 = ( GEOMETRIC_REPRESENTATION_CONTEXT(2) 
PARAMETRIC_REPRESENTATION_CONTEXT() REPRESENTATION_CONTEXT('2D SPACE',''
  ) );
#11114 = PCURVE('',#11061,#11115);
#11115 = DEFINITIONAL_REPRESENTATION('',(#11116),#11120);
#11116 = LINE('',#11117,#11118);
#11117 = CARTESIAN_POINT('',(0.6,0.));
#11118 = VECTOR('',#11119,1.);
#11119 = DIRECTION('',(0.,1.));
#11120 = ( GEOMETRIC_REPRESENTATION_CONTEXT(2) 
PARAMETRIC_REPRESENTATION_CONTEXT() REPRESENTATION_CONTEXT('2D SPACE',''
  ) );
#11121 = ORIENTED_EDGE('',*,*,#11122,.T.);
#11122 = EDGE_CURVE('',#11100,#8446,#11123,.T.);
#11123 = SURFACE_CURVE('',#11124,(#11128,#11135),.PCURVE_S1.);
#11124 = LINE('',#11125,#11126);
#11125 = CARTESIAN_POINT('',(13.165,-5.465,2.));
#11126 = VECTOR('',#11127,1.);
#11127 = DIRECTION('',(0.,0.,1.));
#11128 = PCURVE('',#8484,#11129);
#11129 = DEFINITIONAL_REPRESENTATION('',(#11130),#11134);
#11130 = LINE('',#11131,#11132);
#11131 = CARTESIAN_POINT('',(0.,-0.6));
#11132 = VECTOR('',#11133,1.);
#11133 = DIRECTION('',(1.,0.));
#11134 = ( GEOMETRIC_REPRESENTATION_CONTEXT(2) 
PARAMETRIC_REPRESENTATION_CONTEXT() REPRESENTATION_CONTEXT('2D SPACE',''
  ) );
#11135 = PCURVE('',#8460,#11136);
#11136 = DEFINITIONAL_REPRESENTATION('',(#11137),#11141);
#11137 = LINE('',#11138,#11139);
#11138 = CARTESIAN_POINT('',(0.,0.6));
#11139 = VECTOR('',#11140,1.);
#11140 = DIRECTION('',(1.,0.));
#11141 = ( GEOMETRIC_REPRESENTATION_CONTEXT(2) 
PARAMETRIC_REPRESENTATION_CONTEXT() REPRESENTATION_CONTEXT('2D SPACE',''
  ) );
#11142 = ORIENTED_EDGE('',*,*,#8471,.F.);
#11143 = ADVANCED_FACE('',(#11144),#8434,.T.);
#11144 = FACE_BOUND('',#11145,.T.);
#11145 = EDGE_LOOP('',(#11146,#11147,#11170,#11191));
#11146 = ORIENTED_EDGE('',*,*,#11073,.F.);
#11147 = ORIENTED_EDGE('',*,*,#11148,.T.);
#11148 = EDGE_CURVE('',#11046,#11149,#11151,.T.);
#11149 = VERTEX_POINT('',#11150);
#11150 = CARTESIAN_POINT('',(12.565,-5.465,2.));
#11151 = SURFACE_CURVE('',#11152,(#11156,#11163),.PCURVE_S1.);
#11152 = LINE('',#11153,#11154);
#11153 = CARTESIAN_POINT('',(12.565,-6.065,2.));
#11154 = VECTOR('',#11155,1.);
#11155 = DIRECTION('',(0.,1.,0.));
#11156 = PCURVE('',#8434,#11157);
#11157 = DEFINITIONAL_REPRESENTATION('',(#11158),#11162);
#11158 = LINE('',#11159,#11160);
#11159 = CARTESIAN_POINT('',(0.,0.));
#11160 = VECTOR('',#11161,1.);
#11161 = DIRECTION('',(0.,-1.));
#11162 = ( GEOMETRIC_REPRESENTATION_CONTEXT(2) 
PARAMETRIC_REPRESENTATION_CONTEXT() REPRESENTATION_CONTEXT('2D SPACE',''
  ) );
#11163 = PCURVE('',#11061,#11164);
#11164 = DEFINITIONAL_REPRESENTATION('',(#11165),#11169);
#11165 = LINE('',#11166,#11167);
#11166 = CARTESIAN_POINT('',(0.,0.));
#11167 = VECTOR('',#11168,1.);
#11168 = DIRECTION('',(0.,1.));
#11169 = ( GEOMETRIC_REPRESENTATION_CONTEXT(2) 
PARAMETRIC_REPRESENTATION_CONTEXT() REPRESENTATION_CONTEXT('2D SPACE',''
  ) );
#11170 = ORIENTED_EDGE('',*,*,#11171,.T.);
#11171 = EDGE_CURVE('',#11149,#8420,#11172,.T.);
#11172 = SURFACE_CURVE('',#11173,(#11177,#11184),.PCURVE_S1.);
#11173 = LINE('',#11174,#11175);
#11174 = CARTESIAN_POINT('',(12.565,-5.465,2.));
#11175 = VECTOR('',#11176,1.);
#11176 = DIRECTION('',(0.,0.,1.));
#11177 = PCURVE('',#8434,#11178);
#11178 = DEFINITIONAL_REPRESENTATION('',(#11179),#11183);
#11179 = LINE('',#11180,#11181);
#11180 = CARTESIAN_POINT('',(0.,-0.6));
#11181 = VECTOR('',#11182,1.);
#11182 = DIRECTION('',(1.,0.));
#11183 = ( GEOMETRIC_REPRESENTATION_CONTEXT(2) 
PARAMETRIC_REPRESENTATION_CONTEXT() REPRESENTATION_CONTEXT('2D SPACE',''
  ) );
#11184 = PCURVE('',#8460,#11185);
#11185 = DEFINITIONAL_REPRESENTATION('',(#11186),#11190);
#11186 = LINE('',#11187,#11188);
#11187 = CARTESIAN_POINT('',(0.,0.));
#11188 = VECTOR('',#11189,1.);
#11189 = DIRECTION('',(1.,0.));
#11190 = ( GEOMETRIC_REPRESENTATION_CONTEXT(2) 
PARAMETRIC_REPRESENTATION_CONTEXT() REPRESENTATION_CONTEXT('2D SPACE',''
  ) );
#11191 = ORIENTED_EDGE('',*,*,#8419,.F.);
#11192 = ADVANCED_FACE('',(#11193),#8460,.F.);
#11193 = FACE_BOUND('',#11194,.F.);
#11194 = EDGE_LOOP('',(#11195,#11196,#11217,#11218));
#11195 = ORIENTED_EDGE('',*,*,#11122,.F.);
#11196 = ORIENTED_EDGE('',*,*,#11197,.F.);
#11197 = EDGE_CURVE('',#11149,#11100,#11198,.T.);
#11198 = SURFACE_CURVE('',#11199,(#11203,#11210),.PCURVE_S1.);
#11199 = LINE('',#11200,#11201);
#11200 = CARTESIAN_POINT('',(12.565,-5.465,2.));
#11201 = VECTOR('',#11202,1.);
#11202 = DIRECTION('',(1.,0.,0.));
#11203 = PCURVE('',#8460,#11204);
#11204 = DEFINITIONAL_REPRESENTATION('',(#11205),#11209);
#11205 = LINE('',#11206,#11207);
#11206 = CARTESIAN_POINT('',(0.,0.));
#11207 = VECTOR('',#11208,1.);
#11208 = DIRECTION('',(0.,1.));
#11209 = ( GEOMETRIC_REPRESENTATION_CONTEXT(2) 
PARAMETRIC_REPRESENTATION_CONTEXT() REPRESENTATION_CONTEXT('2D SPACE',''
  ) );
#11210 = PCURVE('',#11061,#11211);
#11211 = DEFINITIONAL_REPRESENTATION('',(#11212),#11216);
#11212 = LINE('',#11213,#11214);
#11213 = CARTESIAN_POINT('',(0.,0.6));
#11214 = VECTOR('',#11215,1.);
#11215 = DIRECTION('',(1.,0.));
#11216 = ( GEOMETRIC_REPRESENTATION_CONTEXT(2) 
PARAMETRIC_REPRESENTATION_CONTEXT() REPRESENTATION_CONTEXT('2D SPACE',''
  ) );
#11217 = ORIENTED_EDGE('',*,*,#11171,.T.);
#11218 = ORIENTED_EDGE('',*,*,#8445,.F.);
#11219 = ADVANCED_FACE('',(#11220),#8514,.T.);
#11220 = FACE_BOUND('',#11221,.T.);
#11221 = EDGE_LOOP('',(#11222,#11245,#11273,#11294));
#11222 = ORIENTED_EDGE('',*,*,#11223,.F.);
#11223 = EDGE_CURVE('',#11224,#8498,#11226,.T.);
#11224 = VERTEX_POINT('',#11225);
#11225 = CARTESIAN_POINT('',(13.165,-4.795,2.));
#11226 = SURFACE_CURVE('',#11227,(#11231,#11238),.PCURVE_S1.);
#11227 = LINE('',#11228,#11229);
#11228 = CARTESIAN_POINT('',(13.165,-4.795,2.));
#11229 = VECTOR('',#11230,1.);
#11230 = DIRECTION('',(0.,0.,1.));
#11231 = PCURVE('',#8514,#11232);
#11232 = DEFINITIONAL_REPRESENTATION('',(#11233),#11237);
#11233 = LINE('',#11234,#11235);
#11234 = CARTESIAN_POINT('',(0.,0.6));
#11235 = VECTOR('',#11236,1.);
#11236 = DIRECTION('',(1.,0.));
#11237 = ( GEOMETRIC_REPRESENTATION_CONTEXT(2) 
PARAMETRIC_REPRESENTATION_CONTEXT() REPRESENTATION_CONTEXT('2D SPACE',''
  ) );
#11238 = PCURVE('',#8590,#11239);
#11239 = DEFINITIONAL_REPRESENTATION('',(#11240),#11244);
#11240 = LINE('',#11241,#11242);
#11241 = CARTESIAN_POINT('',(0.,0.));
#11242 = VECTOR('',#11243,1.);
#11243 = DIRECTION('',(1.,0.));
#11244 = ( GEOMETRIC_REPRESENTATION_CONTEXT(2) 
PARAMETRIC_REPRESENTATION_CONTEXT() REPRESENTATION_CONTEXT('2D SPACE',''
  ) );
#11245 = ORIENTED_EDGE('',*,*,#11246,.F.);
#11246 = EDGE_CURVE('',#11247,#11224,#11249,.T.);
#11247 = VERTEX_POINT('',#11248);
#11248 = CARTESIAN_POINT('',(12.565,-4.795,2.));
#11249 = SURFACE_CURVE('',#11250,(#11254,#11261),.PCURVE_S1.);
#11250 = LINE('',#11251,#11252);
#11251 = CARTESIAN_POINT('',(12.565,-4.795,2.));
#11252 = VECTOR('',#11253,1.);
#11253 = DIRECTION('',(1.,0.,0.));
#11254 = PCURVE('',#8514,#11255);
#11255 = DEFINITIONAL_REPRESENTATION('',(#11256),#11260);
#11256 = LINE('',#11257,#11258);
#11257 = CARTESIAN_POINT('',(0.,0.));
#11258 = VECTOR('',#11259,1.);
#11259 = DIRECTION('',(0.,1.));
#11260 = ( GEOMETRIC_REPRESENTATION_CONTEXT(2) 
PARAMETRIC_REPRESENTATION_CONTEXT() REPRESENTATION_CONTEXT('2D SPACE',''
  ) );
#11261 = PCURVE('',#11262,#11267);
#11262 = PLANE('',#11263);
#11263 = AXIS2_PLACEMENT_3D('',#11264,#11265,#11266);
#11264 = CARTESIAN_POINT('',(12.565,-4.795,2.));
#11265 = DIRECTION('',(0.,0.,1.));
#11266 = DIRECTION('',(1.,0.,0.));
#11267 = DEFINITIONAL_REPRESENTATION('',(#11268),#11272);
#11268 = LINE('',#11269,#11270);
#11269 = CARTESIAN_POINT('',(0.,0.));
#11270 = VECTOR('',#11271,1.);
#11271 = DIRECTION('',(1.,0.));
#11272 = ( GEOMETRIC_REPRESENTATION_CONTEXT(2) 
PARAMETRIC_REPRESENTATION_CONTEXT() REPRESENTATION_CONTEXT('2D SPACE',''
  ) );
#11273 = ORIENTED_EDGE('',*,*,#11274,.T.);
#11274 = EDGE_CURVE('',#11247,#8500,#11275,.T.);
#11275 = SURFACE_CURVE('',#11276,(#11280,#11287),.PCURVE_S1.);
#11276 = LINE('',#11277,#11278);
#11277 = CARTESIAN_POINT('',(12.565,-4.795,2.));
#11278 = VECTOR('',#11279,1.);
#11279 = DIRECTION('',(0.,0.,1.));
#11280 = PCURVE('',#8514,#11281);
#11281 = DEFINITIONAL_REPRESENTATION('',(#11282),#11286);
#11282 = LINE('',#11283,#11284);
#11283 = CARTESIAN_POINT('',(0.,0.));
#11284 = VECTOR('',#11285,1.);
#11285 = DIRECTION('',(1.,0.));
#11286 = ( GEOMETRIC_REPRESENTATION_CONTEXT(2) 
PARAMETRIC_REPRESENTATION_CONTEXT() REPRESENTATION_CONTEXT('2D SPACE',''
  ) );
#11287 = PCURVE('',#8540,#11288);
#11288 = DEFINITIONAL_REPRESENTATION('',(#11289),#11293);
#11289 = LINE('',#11290,#11291);
#11290 = CARTESIAN_POINT('',(0.,0.));
#11291 = VECTOR('',#11292,1.);
#11292 = DIRECTION('',(1.,0.));
#11293 = ( GEOMETRIC_REPRESENTATION_CONTEXT(2) 
PARAMETRIC_REPRESENTATION_CONTEXT() REPRESENTATION_CONTEXT('2D SPACE',''
  ) );
#11294 = ORIENTED_EDGE('',*,*,#8497,.F.);
#11295 = ADVANCED_FACE('',(#11296),#8590,.F.);
#11296 = FACE_BOUND('',#11297,.F.);
#11297 = EDGE_LOOP('',(#11298,#11299,#11322,#11343));
#11298 = ORIENTED_EDGE('',*,*,#11223,.F.);
#11299 = ORIENTED_EDGE('',*,*,#11300,.T.);
#11300 = EDGE_CURVE('',#11224,#11301,#11303,.T.);
#11301 = VERTEX_POINT('',#11302);
#11302 = CARTESIAN_POINT('',(13.165,-4.195,2.));
#11303 = SURFACE_CURVE('',#11304,(#11308,#11315),.PCURVE_S1.);
#11304 = LINE('',#11305,#11306);
#11305 = CARTESIAN_POINT('',(13.165,-4.795,2.));
#11306 = VECTOR('',#11307,1.);
#11307 = DIRECTION('',(0.,1.,0.));
#11308 = PCURVE('',#8590,#11309);
#11309 = DEFINITIONAL_REPRESENTATION('',(#11310),#11314);
#11310 = LINE('',#11311,#11312);
#11311 = CARTESIAN_POINT('',(0.,0.));
#11312 = VECTOR('',#11313,1.);
#11313 = DIRECTION('',(0.,-1.));
#11314 = ( GEOMETRIC_REPRESENTATION_CONTEXT(2) 
PARAMETRIC_REPRESENTATION_CONTEXT() REPRESENTATION_CONTEXT('2D SPACE',''
  ) );
#11315 = PCURVE('',#11262,#11316);
#11316 = DEFINITIONAL_REPRESENTATION('',(#11317),#11321);
#11317 = LINE('',#11318,#11319);
#11318 = CARTESIAN_POINT('',(0.6,0.));
#11319 = VECTOR('',#11320,1.);
#11320 = DIRECTION('',(0.,1.));
#11321 = ( GEOMETRIC_REPRESENTATION_CONTEXT(2) 
PARAMETRIC_REPRESENTATION_CONTEXT() REPRESENTATION_CONTEXT('2D SPACE',''
  ) );
#11322 = ORIENTED_EDGE('',*,*,#11323,.T.);
#11323 = EDGE_CURVE('',#11301,#8552,#11324,.T.);
#11324 = SURFACE_CURVE('',#11325,(#11329,#11336),.PCURVE_S1.);
#11325 = LINE('',#11326,#11327);
#11326 = CARTESIAN_POINT('',(13.165,-4.195,2.));
#11327 = VECTOR('',#11328,1.);
#11328 = DIRECTION('',(0.,0.,1.));
#11329 = PCURVE('',#8590,#11330);
#11330 = DEFINITIONAL_REPRESENTATION('',(#11331),#11335);
#11331 = LINE('',#11332,#11333);
#11332 = CARTESIAN_POINT('',(0.,-0.6));
#11333 = VECTOR('',#11334,1.);
#11334 = DIRECTION('',(1.,0.));
#11335 = ( GEOMETRIC_REPRESENTATION_CONTEXT(2) 
PARAMETRIC_REPRESENTATION_CONTEXT() REPRESENTATION_CONTEXT('2D SPACE',''
  ) );
#11336 = PCURVE('',#8566,#11337);
#11337 = DEFINITIONAL_REPRESENTATION('',(#11338),#11342);
#11338 = LINE('',#11339,#11340);
#11339 = CARTESIAN_POINT('',(0.,0.6));
#11340 = VECTOR('',#11341,1.);
#11341 = DIRECTION('',(1.,0.));
#11342 = ( GEOMETRIC_REPRESENTATION_CONTEXT(2) 
PARAMETRIC_REPRESENTATION_CONTEXT() REPRESENTATION_CONTEXT('2D SPACE',''
  ) );
#11343 = ORIENTED_EDGE('',*,*,#8577,.F.);
#11344 = ADVANCED_FACE('',(#11345),#8540,.T.);
#11345 = FACE_BOUND('',#11346,.T.);
#11346 = EDGE_LOOP('',(#11347,#11348,#11371,#11392));
#11347 = ORIENTED_EDGE('',*,*,#11274,.F.);
#11348 = ORIENTED_EDGE('',*,*,#11349,.T.);
#11349 = EDGE_CURVE('',#11247,#11350,#11352,.T.);
#11350 = VERTEX_POINT('',#11351);
#11351 = CARTESIAN_POINT('',(12.565,-4.195,2.));
#11352 = SURFACE_CURVE('',#11353,(#11357,#11364),.PCURVE_S1.);
#11353 = LINE('',#11354,#11355);
#11354 = CARTESIAN_POINT('',(12.565,-4.795,2.));
#11355 = VECTOR('',#11356,1.);
#11356 = DIRECTION('',(0.,1.,0.));
#11357 = PCURVE('',#8540,#11358);
#11358 = DEFINITIONAL_REPRESENTATION('',(#11359),#11363);
#11359 = LINE('',#11360,#11361);
#11360 = CARTESIAN_POINT('',(0.,0.));
#11361 = VECTOR('',#11362,1.);
#11362 = DIRECTION('',(0.,-1.));
#11363 = ( GEOMETRIC_REPRESENTATION_CONTEXT(2) 
PARAMETRIC_REPRESENTATION_CONTEXT() REPRESENTATION_CONTEXT('2D SPACE',''
  ) );
#11364 = PCURVE('',#11262,#11365);
#11365 = DEFINITIONAL_REPRESENTATION('',(#11366),#11370);
#11366 = LINE('',#11367,#11368);
#11367 = CARTESIAN_POINT('',(0.,0.));
#11368 = VECTOR('',#11369,1.);
#11369 = DIRECTION('',(0.,1.));
#11370 = ( GEOMETRIC_REPRESENTATION_CONTEXT(2) 
PARAMETRIC_REPRESENTATION_CONTEXT() REPRESENTATION_CONTEXT('2D SPACE',''
  ) );
#11371 = ORIENTED_EDGE('',*,*,#11372,.T.);
#11372 = EDGE_CURVE('',#11350,#8526,#11373,.T.);
#11373 = SURFACE_CURVE('',#11374,(#11378,#11385),.PCURVE_S1.);
#11374 = LINE('',#11375,#11376);
#11375 = CARTESIAN_POINT('',(12.565,-4.195,2.));
#11376 = VECTOR('',#11377,1.);
#11377 = DIRECTION('',(0.,0.,1.));
#11378 = PCURVE('',#8540,#11379);
#11379 = DEFINITIONAL_REPRESENTATION('',(#11380),#11384);
#11380 = LINE('',#11381,#11382);
#11381 = CARTESIAN_POINT('',(0.,-0.6));
#11382 = VECTOR('',#11383,1.);
#11383 = DIRECTION('',(1.,0.));
#11384 = ( GEOMETRIC_REPRESENTATION_CONTEXT(2) 
PARAMETRIC_REPRESENTATION_CONTEXT() REPRESENTATION_CONTEXT('2D SPACE',''
  ) );
#11385 = PCURVE('',#8566,#11386);
#11386 = DEFINITIONAL_REPRESENTATION('',(#11387),#11391);
#11387 = LINE('',#11388,#11389);
#11388 = CARTESIAN_POINT('',(0.,0.));
#11389 = VECTOR('',#11390,1.);
#11390 = DIRECTION('',(1.,0.));
#11391 = ( GEOMETRIC_REPRESENTATION_CONTEXT(2) 
PARAMETRIC_REPRESENTATION_CONTEXT() REPRESENTATION_CONTEXT('2D SPACE',''
  ) );
#11392 = ORIENTED_EDGE('',*,*,#8525,.F.);
#11393 = ADVANCED_FACE('',(#11394),#8566,.F.);
#11394 = FACE_BOUND('',#11395,.F.);
#11395 = EDGE_LOOP('',(#11396,#11397,#11418,#11419));
#11396 = ORIENTED_EDGE('',*,*,#11323,.F.);
#11397 = ORIENTED_EDGE('',*,*,#11398,.F.);
#11398 = EDGE_CURVE('',#11350,#11301,#11399,.T.);
#11399 = SURFACE_CURVE('',#11400,(#11404,#11411),.PCURVE_S1.);
#11400 = LINE('',#11401,#11402);
#11401 = CARTESIAN_POINT('',(12.565,-4.195,2.));
#11402 = VECTOR('',#11403,1.);
#11403 = DIRECTION('',(1.,0.,0.));
#11404 = PCURVE('',#8566,#11405);
#11405 = DEFINITIONAL_REPRESENTATION('',(#11406),#11410);
#11406 = LINE('',#11407,#11408);
#11407 = CARTESIAN_POINT('',(0.,0.));
#11408 = VECTOR('',#11409,1.);
#11409 = DIRECTION('',(0.,1.));
#11410 = ( GEOMETRIC_REPRESENTATION_CONTEXT(2) 
PARAMETRIC_REPRESENTATION_CONTEXT() REPRESENTATION_CONTEXT('2D SPACE',''
  ) );
#11411 = PCURVE('',#11262,#11412);
#11412 = DEFINITIONAL_REPRESENTATION('',(#11413),#11417);
#11413 = LINE('',#11414,#11415);
#11414 = CARTESIAN_POINT('',(0.,0.6));
#11415 = VECTOR('',#11416,1.);
#11416 = DIRECTION('',(1.,0.));
#11417 = ( GEOMETRIC_REPRESENTATION_CONTEXT(2) 
PARAMETRIC_REPRESENTATION_CONTEXT() REPRESENTATION_CONTEXT('2D SPACE',''
  ) );
#11418 = ORIENTED_EDGE('',*,*,#11372,.T.);
#11419 = ORIENTED_EDGE('',*,*,#8551,.F.);
#11420 = ADVANCED_FACE('',(#11421),#8620,.T.);
#11421 = FACE_BOUND('',#11422,.T.);
#11422 = EDGE_LOOP('',(#11423,#11446,#11474,#11495));
#11423 = ORIENTED_EDGE('',*,*,#11424,.F.);
#11424 = EDGE_CURVE('',#11425,#8604,#11427,.T.);
#11425 = VERTEX_POINT('',#11426);
#11426 = CARTESIAN_POINT('',(13.165,-3.525,2.));
#11427 = SURFACE_CURVE('',#11428,(#11432,#11439),.PCURVE_S1.);
#11428 = LINE('',#11429,#11430);
#11429 = CARTESIAN_POINT('',(13.165,-3.525,2.));
#11430 = VECTOR('',#11431,1.);
#11431 = DIRECTION('',(0.,0.,1.));
#11432 = PCURVE('',#8620,#11433);
#11433 = DEFINITIONAL_REPRESENTATION('',(#11434),#11438);
#11434 = LINE('',#11435,#11436);
#11435 = CARTESIAN_POINT('',(0.,0.6));
#11436 = VECTOR('',#11437,1.);
#11437 = DIRECTION('',(1.,0.));
#11438 = ( GEOMETRIC_REPRESENTATION_CONTEXT(2) 
PARAMETRIC_REPRESENTATION_CONTEXT() REPRESENTATION_CONTEXT('2D SPACE',''
  ) );
#11439 = PCURVE('',#8696,#11440);
#11440 = DEFINITIONAL_REPRESENTATION('',(#11441),#11445);
#11441 = LINE('',#11442,#11443);
#11442 = CARTESIAN_POINT('',(0.,0.));
#11443 = VECTOR('',#11444,1.);
#11444 = DIRECTION('',(1.,0.));
#11445 = ( GEOMETRIC_REPRESENTATION_CONTEXT(2) 
PARAMETRIC_REPRESENTATION_CONTEXT() REPRESENTATION_CONTEXT('2D SPACE',''
  ) );
#11446 = ORIENTED_EDGE('',*,*,#11447,.F.);
#11447 = EDGE_CURVE('',#11448,#11425,#11450,.T.);
#11448 = VERTEX_POINT('',#11449);
#11449 = CARTESIAN_POINT('',(12.565,-3.525,2.));
#11450 = SURFACE_CURVE('',#11451,(#11455,#11462),.PCURVE_S1.);
#11451 = LINE('',#11452,#11453);
#11452 = CARTESIAN_POINT('',(12.565,-3.525,2.));
#11453 = VECTOR('',#11454,1.);
#11454 = DIRECTION('',(1.,0.,0.));
#11455 = PCURVE('',#8620,#11456);
#11456 = DEFINITIONAL_REPRESENTATION('',(#11457),#11461);
#11457 = LINE('',#11458,#11459);
#11458 = CARTESIAN_POINT('',(0.,0.));
#11459 = VECTOR('',#11460,1.);
#11460 = DIRECTION('',(0.,1.));
#11461 = ( GEOMETRIC_REPRESENTATION_CONTEXT(2) 
PARAMETRIC_REPRESENTATION_CONTEXT() REPRESENTATION_CONTEXT('2D SPACE',''
  ) );
#11462 = PCURVE('',#11463,#11468);
#11463 = PLANE('',#11464);
#11464 = AXIS2_PLACEMENT_3D('',#11465,#11466,#11467);
#11465 = CARTESIAN_POINT('',(12.565,-3.525,2.));
#11466 = DIRECTION('',(0.,0.,1.));
#11467 = DIRECTION('',(1.,0.,0.));
#11468 = DEFINITIONAL_REPRESENTATION('',(#11469),#11473);
#11469 = LINE('',#11470,#11471);
#11470 = CARTESIAN_POINT('',(0.,0.));
#11471 = VECTOR('',#11472,1.);
#11472 = DIRECTION('',(1.,0.));
#11473 = ( GEOMETRIC_REPRESENTATION_CONTEXT(2) 
PARAMETRIC_REPRESENTATION_CONTEXT() REPRESENTATION_CONTEXT('2D SPACE',''
  ) );
#11474 = ORIENTED_EDGE('',*,*,#11475,.T.);
#11475 = EDGE_CURVE('',#11448,#8606,#11476,.T.);
#11476 = SURFACE_CURVE('',#11477,(#11481,#11488),.PCURVE_S1.);
#11477 = LINE('',#11478,#11479);
#11478 = CARTESIAN_POINT('',(12.565,-3.525,2.));
#11479 = VECTOR('',#11480,1.);
#11480 = DIRECTION('',(0.,0.,1.));
#11481 = PCURVE('',#8620,#11482);
#11482 = DEFINITIONAL_REPRESENTATION('',(#11483),#11487);
#11483 = LINE('',#11484,#11485);
#11484 = CARTESIAN_POINT('',(0.,0.));
#11485 = VECTOR('',#11486,1.);
#11486 = DIRECTION('',(1.,0.));
#11487 = ( GEOMETRIC_REPRESENTATION_CONTEXT(2) 
PARAMETRIC_REPRESENTATION_CONTEXT() REPRESENTATION_CONTEXT('2D SPACE',''
  ) );
#11488 = PCURVE('',#8646,#11489);
#11489 = DEFINITIONAL_REPRESENTATION('',(#11490),#11494);
#11490 = LINE('',#11491,#11492);
#11491 = CARTESIAN_POINT('',(0.,0.));
#11492 = VECTOR('',#11493,1.);
#11493 = DIRECTION('',(1.,0.));
#11494 = ( GEOMETRIC_REPRESENTATION_CONTEXT(2) 
PARAMETRIC_REPRESENTATION_CONTEXT() REPRESENTATION_CONTEXT('2D SPACE',''
  ) );
#11495 = ORIENTED_EDGE('',*,*,#8603,.F.);
#11496 = ADVANCED_FACE('',(#11497),#8696,.F.);
#11497 = FACE_BOUND('',#11498,.F.);
#11498 = EDGE_LOOP('',(#11499,#11500,#11523,#11544));
#11499 = ORIENTED_EDGE('',*,*,#11424,.F.);
#11500 = ORIENTED_EDGE('',*,*,#11501,.T.);
#11501 = EDGE_CURVE('',#11425,#11502,#11504,.T.);
#11502 = VERTEX_POINT('',#11503);
#11503 = CARTESIAN_POINT('',(13.165,-2.925,2.));
#11504 = SURFACE_CURVE('',#11505,(#11509,#11516),.PCURVE_S1.);
#11505 = LINE('',#11506,#11507);
#11506 = CARTESIAN_POINT('',(13.165,-3.525,2.));
#11507 = VECTOR('',#11508,1.);
#11508 = DIRECTION('',(0.,1.,0.));
#11509 = PCURVE('',#8696,#11510);
#11510 = DEFINITIONAL_REPRESENTATION('',(#11511),#11515);
#11511 = LINE('',#11512,#11513);
#11512 = CARTESIAN_POINT('',(0.,0.));
#11513 = VECTOR('',#11514,1.);
#11514 = DIRECTION('',(0.,-1.));
#11515 = ( GEOMETRIC_REPRESENTATION_CONTEXT(2) 
PARAMETRIC_REPRESENTATION_CONTEXT() REPRESENTATION_CONTEXT('2D SPACE',''
  ) );
#11516 = PCURVE('',#11463,#11517);
#11517 = DEFINITIONAL_REPRESENTATION('',(#11518),#11522);
#11518 = LINE('',#11519,#11520);
#11519 = CARTESIAN_POINT('',(0.6,0.));
#11520 = VECTOR('',#11521,1.);
#11521 = DIRECTION('',(0.,1.));
#11522 = ( GEOMETRIC_REPRESENTATION_CONTEXT(2) 
PARAMETRIC_REPRESENTATION_CONTEXT() REPRESENTATION_CONTEXT('2D SPACE',''
  ) );
#11523 = ORIENTED_EDGE('',*,*,#11524,.T.);
#11524 = EDGE_CURVE('',#11502,#8658,#11525,.T.);
#11525 = SURFACE_CURVE('',#11526,(#11530,#11537),.PCURVE_S1.);
#11526 = LINE('',#11527,#11528);
#11527 = CARTESIAN_POINT('',(13.165,-2.925,2.));
#11528 = VECTOR('',#11529,1.);
#11529 = DIRECTION('',(0.,0.,1.));
#11530 = PCURVE('',#8696,#11531);
#11531 = DEFINITIONAL_REPRESENTATION('',(#11532),#11536);
#11532 = LINE('',#11533,#11534);
#11533 = CARTESIAN_POINT('',(0.,-0.6));
#11534 = VECTOR('',#11535,1.);
#11535 = DIRECTION('',(1.,0.));
#11536 = ( GEOMETRIC_REPRESENTATION_CONTEXT(2) 
PARAMETRIC_REPRESENTATION_CONTEXT() REPRESENTATION_CONTEXT('2D SPACE',''
  ) );
#11537 = PCURVE('',#8672,#11538);
#11538 = DEFINITIONAL_REPRESENTATION('',(#11539),#11543);
#11539 = LINE('',#11540,#11541);
#11540 = CARTESIAN_POINT('',(0.,0.6));
#11541 = VECTOR('',#11542,1.);
#11542 = DIRECTION('',(1.,0.));
#11543 = ( GEOMETRIC_REPRESENTATION_CONTEXT(2) 
PARAMETRIC_REPRESENTATION_CONTEXT() REPRESENTATION_CONTEXT('2D SPACE',''
  ) );
#11544 = ORIENTED_EDGE('',*,*,#8683,.F.);
#11545 = ADVANCED_FACE('',(#11546),#8646,.T.);
#11546 = FACE_BOUND('',#11547,.T.);
#11547 = EDGE_LOOP('',(#11548,#11549,#11572,#11593));
#11548 = ORIENTED_EDGE('',*,*,#11475,.F.);
#11549 = ORIENTED_EDGE('',*,*,#11550,.T.);
#11550 = EDGE_CURVE('',#11448,#11551,#11553,.T.);
#11551 = VERTEX_POINT('',#11552);
#11552 = CARTESIAN_POINT('',(12.565,-2.925,2.));
#11553 = SURFACE_CURVE('',#11554,(#11558,#11565),.PCURVE_S1.);
#11554 = LINE('',#11555,#11556);
#11555 = CARTESIAN_POINT('',(12.565,-3.525,2.));
#11556 = VECTOR('',#11557,1.);
#11557 = DIRECTION('',(0.,1.,0.));
#11558 = PCURVE('',#8646,#11559);
#11559 = DEFINITIONAL_REPRESENTATION('',(#11560),#11564);
#11560 = LINE('',#11561,#11562);
#11561 = CARTESIAN_POINT('',(0.,0.));
#11562 = VECTOR('',#11563,1.);
#11563 = DIRECTION('',(0.,-1.));
#11564 = ( GEOMETRIC_REPRESENTATION_CONTEXT(2) 
PARAMETRIC_REPRESENTATION_CONTEXT() REPRESENTATION_CONTEXT('2D SPACE',''
  ) );
#11565 = PCURVE('',#11463,#11566);
#11566 = DEFINITIONAL_REPRESENTATION('',(#11567),#11571);
#11567 = LINE('',#11568,#11569);
#11568 = CARTESIAN_POINT('',(0.,0.));
#11569 = VECTOR('',#11570,1.);
#11570 = DIRECTION('',(0.,1.));
#11571 = ( GEOMETRIC_REPRESENTATION_CONTEXT(2) 
PARAMETRIC_REPRESENTATION_CONTEXT() REPRESENTATION_CONTEXT('2D SPACE',''
  ) );
#11572 = ORIENTED_EDGE('',*,*,#11573,.T.);
#11573 = EDGE_CURVE('',#11551,#8632,#11574,.T.);
#11574 = SURFACE_CURVE('',#11575,(#11579,#11586),.PCURVE_S1.);
#11575 = LINE('',#11576,#11577);
#11576 = CARTESIAN_POINT('',(12.565,-2.925,2.));
#11577 = VECTOR('',#11578,1.);
#11578 = DIRECTION('',(0.,0.,1.));
#11579 = PCURVE('',#8646,#11580);
#11580 = DEFINITIONAL_REPRESENTATION('',(#11581),#11585);
#11581 = LINE('',#11582,#11583);
#11582 = CARTESIAN_POINT('',(0.,-0.6));
#11583 = VECTOR('',#11584,1.);
#11584 = DIRECTION('',(1.,0.));
#11585 = ( GEOMETRIC_REPRESENTATION_CONTEXT(2) 
PARAMETRIC_REPRESENTATION_CONTEXT() REPRESENTATION_CONTEXT('2D SPACE',''
  ) );
#11586 = PCURVE('',#8672,#11587);
#11587 = DEFINITIONAL_REPRESENTATION('',(#11588),#11592);
#11588 = LINE('',#11589,#11590);
#11589 = CARTESIAN_POINT('',(0.,0.));
#11590 = VECTOR('',#11591,1.);
#11591 = DIRECTION('',(1.,0.));
#11592 = ( GEOMETRIC_REPRESENTATION_CONTEXT(2) 
PARAMETRIC_REPRESENTATION_CONTEXT() REPRESENTATION_CONTEXT('2D SPACE',''
  ) );
#11593 = ORIENTED_EDGE('',*,*,#8631,.F.);
#11594 = ADVANCED_FACE('',(#11595),#8672,.F.);
#11595 = FACE_BOUND('',#11596,.F.);
#11596 = EDGE_LOOP('',(#11597,#11598,#11619,#11620));
#11597 = ORIENTED_EDGE('',*,*,#11524,.F.);
#11598 = ORIENTED_EDGE('',*,*,#11599,.F.);
#11599 = EDGE_CURVE('',#11551,#11502,#11600,.T.);
#11600 = SURFACE_CURVE('',#11601,(#11605,#11612),.PCURVE_S1.);
#11601 = LINE('',#11602,#11603);
#11602 = CARTESIAN_POINT('',(12.565,-2.925,2.));
#11603 = VECTOR('',#11604,1.);
#11604 = DIRECTION('',(1.,0.,0.));
#11605 = PCURVE('',#8672,#11606);
#11606 = DEFINITIONAL_REPRESENTATION('',(#11607),#11611);
#11607 = LINE('',#11608,#11609);
#11608 = CARTESIAN_POINT('',(0.,0.));
#11609 = VECTOR('',#11610,1.);
#11610 = DIRECTION('',(0.,1.));
#11611 = ( GEOMETRIC_REPRESENTATION_CONTEXT(2) 
PARAMETRIC_REPRESENTATION_CONTEXT() REPRESENTATION_CONTEXT('2D SPACE',''
  ) );
#11612 = PCURVE('',#11463,#11613);
#11613 = DEFINITIONAL_REPRESENTATION('',(#11614),#11618);
#11614 = LINE('',#11615,#11616);
#11615 = CARTESIAN_POINT('',(0.,0.6));
#11616 = VECTOR('',#11617,1.);
#11617 = DIRECTION('',(1.,0.));
#11618 = ( GEOMETRIC_REPRESENTATION_CONTEXT(2) 
PARAMETRIC_REPRESENTATION_CONTEXT() REPRESENTATION_CONTEXT('2D SPACE',''
  ) );
#11619 = ORIENTED_EDGE('',*,*,#11573,.T.);
#11620 = ORIENTED_EDGE('',*,*,#8657,.F.);
#11621 = ADVANCED_FACE('',(#11622),#8726,.T.);
#11622 = FACE_BOUND('',#11623,.T.);
#11623 = EDGE_LOOP('',(#11624,#11647,#11675,#11696));
#11624 = ORIENTED_EDGE('',*,*,#11625,.F.);
#11625 = EDGE_CURVE('',#11626,#8710,#11628,.T.);
#11626 = VERTEX_POINT('',#11627);
#11627 = CARTESIAN_POINT('',(13.165,-2.255,2.));
#11628 = SURFACE_CURVE('',#11629,(#11633,#11640),.PCURVE_S1.);
#11629 = LINE('',#11630,#11631);
#11630 = CARTESIAN_POINT('',(13.165,-2.255,2.));
#11631 = VECTOR('',#11632,1.);
#11632 = DIRECTION('',(0.,0.,1.));
#11633 = PCURVE('',#8726,#11634);
#11634 = DEFINITIONAL_REPRESENTATION('',(#11635),#11639);
#11635 = LINE('',#11636,#11637);
#11636 = CARTESIAN_POINT('',(0.,0.6));
#11637 = VECTOR('',#11638,1.);
#11638 = DIRECTION('',(1.,0.));
#11639 = ( GEOMETRIC_REPRESENTATION_CONTEXT(2) 
PARAMETRIC_REPRESENTATION_CONTEXT() REPRESENTATION_CONTEXT('2D SPACE',''
  ) );
#11640 = PCURVE('',#8802,#11641);
#11641 = DEFINITIONAL_REPRESENTATION('',(#11642),#11646);
#11642 = LINE('',#11643,#11644);
#11643 = CARTESIAN_POINT('',(0.,0.));
#11644 = VECTOR('',#11645,1.);
#11645 = DIRECTION('',(1.,0.));
#11646 = ( GEOMETRIC_REPRESENTATION_CONTEXT(2) 
PARAMETRIC_REPRESENTATION_CONTEXT() REPRESENTATION_CONTEXT('2D SPACE',''
  ) );
#11647 = ORIENTED_EDGE('',*,*,#11648,.F.);
#11648 = EDGE_CURVE('',#11649,#11626,#11651,.T.);
#11649 = VERTEX_POINT('',#11650);
#11650 = CARTESIAN_POINT('',(12.565,-2.255,2.));
#11651 = SURFACE_CURVE('',#11652,(#11656,#11663),.PCURVE_S1.);
#11652 = LINE('',#11653,#11654);
#11653 = CARTESIAN_POINT('',(12.565,-2.255,2.));
#11654 = VECTOR('',#11655,1.);
#11655 = DIRECTION('',(1.,0.,0.));
#11656 = PCURVE('',#8726,#11657);
#11657 = DEFINITIONAL_REPRESENTATION('',(#11658),#11662);
#11658 = LINE('',#11659,#11660);
#11659 = CARTESIAN_POINT('',(0.,0.));
#11660 = VECTOR('',#11661,1.);
#11661 = DIRECTION('',(0.,1.));
#11662 = ( GEOMETRIC_REPRESENTATION_CONTEXT(2) 
PARAMETRIC_REPRESENTATION_CONTEXT() REPRESENTATION_CONTEXT('2D SPACE',''
  ) );
#11663 = PCURVE('',#11664,#11669);
#11664 = PLANE('',#11665);
#11665 = AXIS2_PLACEMENT_3D('',#11666,#11667,#11668);
#11666 = CARTESIAN_POINT('',(12.565,-2.255,2.));
#11667 = DIRECTION('',(0.,0.,1.));
#11668 = DIRECTION('',(1.,0.,0.));
#11669 = DEFINITIONAL_REPRESENTATION('',(#11670),#11674);
#11670 = LINE('',#11671,#11672);
#11671 = CARTESIAN_POINT('',(0.,0.));
#11672 = VECTOR('',#11673,1.);
#11673 = DIRECTION('',(1.,0.));
#11674 = ( GEOMETRIC_REPRESENTATION_CONTEXT(2) 
PARAMETRIC_REPRESENTATION_CONTEXT() REPRESENTATION_CONTEXT('2D SPACE',''
  ) );
#11675 = ORIENTED_EDGE('',*,*,#11676,.T.);
#11676 = EDGE_CURVE('',#11649,#8712,#11677,.T.);
#11677 = SURFACE_CURVE('',#11678,(#11682,#11689),.PCURVE_S1.);
#11678 = LINE('',#11679,#11680);
#11679 = CARTESIAN_POINT('',(12.565,-2.255,2.));
#11680 = VECTOR('',#11681,1.);
#11681 = DIRECTION('',(0.,0.,1.));
#11682 = PCURVE('',#8726,#11683);
#11683 = DEFINITIONAL_REPRESENTATION('',(#11684),#11688);
#11684 = LINE('',#11685,#11686);
#11685 = CARTESIAN_POINT('',(0.,0.));
#11686 = VECTOR('',#11687,1.);
#11687 = DIRECTION('',(1.,0.));
#11688 = ( GEOMETRIC_REPRESENTATION_CONTEXT(2) 
PARAMETRIC_REPRESENTATION_CONTEXT() REPRESENTATION_CONTEXT('2D SPACE',''
  ) );
#11689 = PCURVE('',#8752,#11690);
#11690 = DEFINITIONAL_REPRESENTATION('',(#11691),#11695);
#11691 = LINE('',#11692,#11693);
#11692 = CARTESIAN_POINT('',(0.,0.));
#11693 = VECTOR('',#11694,1.);
#11694 = DIRECTION('',(1.,0.));
#11695 = ( GEOMETRIC_REPRESENTATION_CONTEXT(2) 
PARAMETRIC_REPRESENTATION_CONTEXT() REPRESENTATION_CONTEXT('2D SPACE',''
  ) );
#11696 = ORIENTED_EDGE('',*,*,#8709,.F.);
#11697 = ADVANCED_FACE('',(#11698),#8802,.F.);
#11698 = FACE_BOUND('',#11699,.F.);
#11699 = EDGE_LOOP('',(#11700,#11701,#11724,#11745));
#11700 = ORIENTED_EDGE('',*,*,#11625,.F.);
#11701 = ORIENTED_EDGE('',*,*,#11702,.T.);
#11702 = EDGE_CURVE('',#11626,#11703,#11705,.T.);
#11703 = VERTEX_POINT('',#11704);
#11704 = CARTESIAN_POINT('',(13.165,-1.655,2.));
#11705 = SURFACE_CURVE('',#11706,(#11710,#11717),.PCURVE_S1.);
#11706 = LINE('',#11707,#11708);
#11707 = CARTESIAN_POINT('',(13.165,-2.255,2.));
#11708 = VECTOR('',#11709,1.);
#11709 = DIRECTION('',(0.,1.,0.));
#11710 = PCURVE('',#8802,#11711);
#11711 = DEFINITIONAL_REPRESENTATION('',(#11712),#11716);
#11712 = LINE('',#11713,#11714);
#11713 = CARTESIAN_POINT('',(0.,0.));
#11714 = VECTOR('',#11715,1.);
#11715 = DIRECTION('',(0.,-1.));
#11716 = ( GEOMETRIC_REPRESENTATION_CONTEXT(2) 
PARAMETRIC_REPRESENTATION_CONTEXT() REPRESENTATION_CONTEXT('2D SPACE',''
  ) );
#11717 = PCURVE('',#11664,#11718);
#11718 = DEFINITIONAL_REPRESENTATION('',(#11719),#11723);
#11719 = LINE('',#11720,#11721);
#11720 = CARTESIAN_POINT('',(0.6,0.));
#11721 = VECTOR('',#11722,1.);
#11722 = DIRECTION('',(0.,1.));
#11723 = ( GEOMETRIC_REPRESENTATION_CONTEXT(2) 
PARAMETRIC_REPRESENTATION_CONTEXT() REPRESENTATION_CONTEXT('2D SPACE',''
  ) );
#11724 = ORIENTED_EDGE('',*,*,#11725,.T.);
#11725 = EDGE_CURVE('',#11703,#8764,#11726,.T.);
#11726 = SURFACE_CURVE('',#11727,(#11731,#11738),.PCURVE_S1.);
#11727 = LINE('',#11728,#11729);
#11728 = CARTESIAN_POINT('',(13.165,-1.655,2.));
#11729 = VECTOR('',#11730,1.);
#11730 = DIRECTION('',(0.,0.,1.));
#11731 = PCURVE('',#8802,#11732);
#11732 = DEFINITIONAL_REPRESENTATION('',(#11733),#11737);
#11733 = LINE('',#11734,#11735);
#11734 = CARTESIAN_POINT('',(0.,-0.6));
#11735 = VECTOR('',#11736,1.);
#11736 = DIRECTION('',(1.,0.));
#11737 = ( GEOMETRIC_REPRESENTATION_CONTEXT(2) 
PARAMETRIC_REPRESENTATION_CONTEXT() REPRESENTATION_CONTEXT('2D SPACE',''
  ) );
#11738 = PCURVE('',#8778,#11739);
#11739 = DEFINITIONAL_REPRESENTATION('',(#11740),#11744);
#11740 = LINE('',#11741,#11742);
#11741 = CARTESIAN_POINT('',(0.,0.6));
#11742 = VECTOR('',#11743,1.);
#11743 = DIRECTION('',(1.,0.));
#11744 = ( GEOMETRIC_REPRESENTATION_CONTEXT(2) 
PARAMETRIC_REPRESENTATION_CONTEXT() REPRESENTATION_CONTEXT('2D SPACE',''
  ) );
#11745 = ORIENTED_EDGE('',*,*,#8789,.F.);
#11746 = ADVANCED_FACE('',(#11747),#8752,.T.);
#11747 = FACE_BOUND('',#11748,.T.);
#11748 = EDGE_LOOP('',(#11749,#11750,#11773,#11794));
#11749 = ORIENTED_EDGE('',*,*,#11676,.F.);
#11750 = ORIENTED_EDGE('',*,*,#11751,.T.);
#11751 = EDGE_CURVE('',#11649,#11752,#11754,.T.);
#11752 = VERTEX_POINT('',#11753);
#11753 = CARTESIAN_POINT('',(12.565,-1.655,2.));
#11754 = SURFACE_CURVE('',#11755,(#11759,#11766),.PCURVE_S1.);
#11755 = LINE('',#11756,#11757);
#11756 = CARTESIAN_POINT('',(12.565,-2.255,2.));
#11757 = VECTOR('',#11758,1.);
#11758 = DIRECTION('',(0.,1.,0.));
#11759 = PCURVE('',#8752,#11760);
#11760 = DEFINITIONAL_REPRESENTATION('',(#11761),#11765);
#11761 = LINE('',#11762,#11763);
#11762 = CARTESIAN_POINT('',(0.,0.));
#11763 = VECTOR('',#11764,1.);
#11764 = DIRECTION('',(0.,-1.));
#11765 = ( GEOMETRIC_REPRESENTATION_CONTEXT(2) 
PARAMETRIC_REPRESENTATION_CONTEXT() REPRESENTATION_CONTEXT('2D SPACE',''
  ) );
#11766 = PCURVE('',#11664,#11767);
#11767 = DEFINITIONAL_REPRESENTATION('',(#11768),#11772);
#11768 = LINE('',#11769,#11770);
#11769 = CARTESIAN_POINT('',(0.,0.));
#11770 = VECTOR('',#11771,1.);
#11771 = DIRECTION('',(0.,1.));
#11772 = ( GEOMETRIC_REPRESENTATION_CONTEXT(2) 
PARAMETRIC_REPRESENTATION_CONTEXT() REPRESENTATION_CONTEXT('2D SPACE',''
  ) );
#11773 = ORIENTED_EDGE('',*,*,#11774,.T.);
#11774 = EDGE_CURVE('',#11752,#8738,#11775,.T.);
#11775 = SURFACE_CURVE('',#11776,(#11780,#11787),.PCURVE_S1.);
#11776 = LINE('',#11777,#11778);
#11777 = CARTESIAN_POINT('',(12.565,-1.655,2.));
#11778 = VECTOR('',#11779,1.);
#11779 = DIRECTION('',(0.,0.,1.));
#11780 = PCURVE('',#8752,#11781);
#11781 = DEFINITIONAL_REPRESENTATION('',(#11782),#11786);
#11782 = LINE('',#11783,#11784);
#11783 = CARTESIAN_POINT('',(0.,-0.6));
#11784 = VECTOR('',#11785,1.);
#11785 = DIRECTION('',(1.,0.));
#11786 = ( GEOMETRIC_REPRESENTATION_CONTEXT(2) 
PARAMETRIC_REPRESENTATION_CONTEXT() REPRESENTATION_CONTEXT('2D SPACE',''
  ) );
#11787 = PCURVE('',#8778,#11788);
#11788 = DEFINITIONAL_REPRESENTATION('',(#11789),#11793);
#11789 = LINE('',#11790,#11791);
#11790 = CARTESIAN_POINT('',(0.,0.));
#11791 = VECTOR('',#11792,1.);
#11792 = DIRECTION('',(1.,0.));
#11793 = ( GEOMETRIC_REPRESENTATION_CONTEXT(2) 
PARAMETRIC_REPRESENTATION_CONTEXT() REPRESENTATION_CONTEXT('2D SPACE',''
  ) );
#11794 = ORIENTED_EDGE('',*,*,#8737,.F.);
#11795 = ADVANCED_FACE('',(#11796),#8778,.F.);
#11796 = FACE_BOUND('',#11797,.F.);
#11797 = EDGE_LOOP('',(#11798,#11799,#11820,#11821));
#11798 = ORIENTED_EDGE('',*,*,#11725,.F.);
#11799 = ORIENTED_EDGE('',*,*,#11800,.F.);
#11800 = EDGE_CURVE('',#11752,#11703,#11801,.T.);
#11801 = SURFACE_CURVE('',#11802,(#11806,#11813),.PCURVE_S1.);
#11802 = LINE('',#11803,#11804);
#11803 = CARTESIAN_POINT('',(12.565,-1.655,2.));
#11804 = VECTOR('',#11805,1.);
#11805 = DIRECTION('',(1.,0.,0.));
#11806 = PCURVE('',#8778,#11807);
#11807 = DEFINITIONAL_REPRESENTATION('',(#11808),#11812);
#11808 = LINE('',#11809,#11810);
#11809 = CARTESIAN_POINT('',(0.,0.));
#11810 = VECTOR('',#11811,1.);
#11811 = DIRECTION('',(0.,1.));
#11812 = ( GEOMETRIC_REPRESENTATION_CONTEXT(2) 
PARAMETRIC_REPRESENTATION_CONTEXT() REPRESENTATION_CONTEXT('2D SPACE',''
  ) );
#11813 = PCURVE('',#11664,#11814);
#11814 = DEFINITIONAL_REPRESENTATION('',(#11815),#11819);
#11815 = LINE('',#11816,#11817);
#11816 = CARTESIAN_POINT('',(0.,0.6));
#11817 = VECTOR('',#11818,1.);
#11818 = DIRECTION('',(1.,0.));
#11819 = ( GEOMETRIC_REPRESENTATION_CONTEXT(2) 
PARAMETRIC_REPRESENTATION_CONTEXT() REPRESENTATION_CONTEXT('2D SPACE',''
  ) );
#11820 = ORIENTED_EDGE('',*,*,#11774,.T.);
#11821 = ORIENTED_EDGE('',*,*,#8763,.F.);
#11822 = ADVANCED_FACE('',(#11823),#8832,.T.);
#11823 = FACE_BOUND('',#11824,.T.);
#11824 = EDGE_LOOP('',(#11825,#11848,#11876,#11897));
#11825 = ORIENTED_EDGE('',*,*,#11826,.F.);
#11826 = EDGE_CURVE('',#11827,#8816,#11829,.T.);
#11827 = VERTEX_POINT('',#11828);
#11828 = CARTESIAN_POINT('',(13.165,-0.985,2.));
#11829 = SURFACE_CURVE('',#11830,(#11834,#11841),.PCURVE_S1.);
#11830 = LINE('',#11831,#11832);
#11831 = CARTESIAN_POINT('',(13.165,-0.985,2.));
#11832 = VECTOR('',#11833,1.);
#11833 = DIRECTION('',(0.,0.,1.));
#11834 = PCURVE('',#8832,#11835);
#11835 = DEFINITIONAL_REPRESENTATION('',(#11836),#11840);
#11836 = LINE('',#11837,#11838);
#11837 = CARTESIAN_POINT('',(0.,0.6));
#11838 = VECTOR('',#11839,1.);
#11839 = DIRECTION('',(1.,0.));
#11840 = ( GEOMETRIC_REPRESENTATION_CONTEXT(2) 
PARAMETRIC_REPRESENTATION_CONTEXT() REPRESENTATION_CONTEXT('2D SPACE',''
  ) );
#11841 = PCURVE('',#8908,#11842);
#11842 = DEFINITIONAL_REPRESENTATION('',(#11843),#11847);
#11843 = LINE('',#11844,#11845);
#11844 = CARTESIAN_POINT('',(0.,0.));
#11845 = VECTOR('',#11846,1.);
#11846 = DIRECTION('',(1.,0.));
#11847 = ( GEOMETRIC_REPRESENTATION_CONTEXT(2) 
PARAMETRIC_REPRESENTATION_CONTEXT() REPRESENTATION_CONTEXT('2D SPACE',''
  ) );
#11848 = ORIENTED_EDGE('',*,*,#11849,.F.);
#11849 = EDGE_CURVE('',#11850,#11827,#11852,.T.);
#11850 = VERTEX_POINT('',#11851);
#11851 = CARTESIAN_POINT('',(12.565,-0.985,2.));
#11852 = SURFACE_CURVE('',#11853,(#11857,#11864),.PCURVE_S1.);
#11853 = LINE('',#11854,#11855);
#11854 = CARTESIAN_POINT('',(12.565,-0.985,2.));
#11855 = VECTOR('',#11856,1.);
#11856 = DIRECTION('',(1.,0.,0.));
#11857 = PCURVE('',#8832,#11858);
#11858 = DEFINITIONAL_REPRESENTATION('',(#11859),#11863);
#11859 = LINE('',#11860,#11861);
#11860 = CARTESIAN_POINT('',(0.,0.));
#11861 = VECTOR('',#11862,1.);
#11862 = DIRECTION('',(0.,1.));
#11863 = ( GEOMETRIC_REPRESENTATION_CONTEXT(2) 
PARAMETRIC_REPRESENTATION_CONTEXT() REPRESENTATION_CONTEXT('2D SPACE',''
  ) );
#11864 = PCURVE('',#11865,#11870);
#11865 = PLANE('',#11866);
#11866 = AXIS2_PLACEMENT_3D('',#11867,#11868,#11869);
#11867 = CARTESIAN_POINT('',(12.565,-0.985,2.));
#11868 = DIRECTION('',(0.,0.,1.));
#11869 = DIRECTION('',(1.,0.,0.));
#11870 = DEFINITIONAL_REPRESENTATION('',(#11871),#11875);
#11871 = LINE('',#11872,#11873);
#11872 = CARTESIAN_POINT('',(0.,0.));
#11873 = VECTOR('',#11874,1.);
#11874 = DIRECTION('',(1.,0.));
#11875 = ( GEOMETRIC_REPRESENTATION_CONTEXT(2) 
PARAMETRIC_REPRESENTATION_CONTEXT() REPRESENTATION_CONTEXT('2D SPACE',''
  ) );
#11876 = ORIENTED_EDGE('',*,*,#11877,.T.);
#11877 = EDGE_CURVE('',#11850,#8818,#11878,.T.);
#11878 = SURFACE_CURVE('',#11879,(#11883,#11890),.PCURVE_S1.);
#11879 = LINE('',#11880,#11881);
#11880 = CARTESIAN_POINT('',(12.565,-0.985,2.));
#11881 = VECTOR('',#11882,1.);
#11882 = DIRECTION('',(0.,0.,1.));
#11883 = PCURVE('',#8832,#11884);
#11884 = DEFINITIONAL_REPRESENTATION('',(#11885),#11889);
#11885 = LINE('',#11886,#11887);
#11886 = CARTESIAN_POINT('',(0.,0.));
#11887 = VECTOR('',#11888,1.);
#11888 = DIRECTION('',(1.,0.));
#11889 = ( GEOMETRIC_REPRESENTATION_CONTEXT(2) 
PARAMETRIC_REPRESENTATION_CONTEXT() REPRESENTATION_CONTEXT('2D SPACE',''
  ) );
#11890 = PCURVE('',#8858,#11891);
#11891 = DEFINITIONAL_REPRESENTATION('',(#11892),#11896);
#11892 = LINE('',#11893,#11894);
#11893 = CARTESIAN_POINT('',(0.,0.));
#11894 = VECTOR('',#11895,1.);
#11895 = DIRECTION('',(1.,0.));
#11896 = ( GEOMETRIC_REPRESENTATION_CONTEXT(2) 
PARAMETRIC_REPRESENTATION_CONTEXT() REPRESENTATION_CONTEXT('2D SPACE',''
  ) );
#11897 = ORIENTED_EDGE('',*,*,#8815,.F.);
#11898 = ADVANCED_FACE('',(#11899),#8908,.F.);
#11899 = FACE_BOUND('',#11900,.F.);
#11900 = EDGE_LOOP('',(#11901,#11902,#11925,#11946));
#11901 = ORIENTED_EDGE('',*,*,#11826,.F.);
#11902 = ORIENTED_EDGE('',*,*,#11903,.T.);
#11903 = EDGE_CURVE('',#11827,#11904,#11906,.T.);
#11904 = VERTEX_POINT('',#11905);
#11905 = CARTESIAN_POINT('',(13.165,-0.385,2.));
#11906 = SURFACE_CURVE('',#11907,(#11911,#11918),.PCURVE_S1.);
#11907 = LINE('',#11908,#11909);
#11908 = CARTESIAN_POINT('',(13.165,-0.985,2.));
#11909 = VECTOR('',#11910,1.);
#11910 = DIRECTION('',(0.,1.,0.));
#11911 = PCURVE('',#8908,#11912);
#11912 = DEFINITIONAL_REPRESENTATION('',(#11913),#11917);
#11913 = LINE('',#11914,#11915);
#11914 = CARTESIAN_POINT('',(0.,0.));
#11915 = VECTOR('',#11916,1.);
#11916 = DIRECTION('',(0.,-1.));
#11917 = ( GEOMETRIC_REPRESENTATION_CONTEXT(2) 
PARAMETRIC_REPRESENTATION_CONTEXT() REPRESENTATION_CONTEXT('2D SPACE',''
  ) );
#11918 = PCURVE('',#11865,#11919);
#11919 = DEFINITIONAL_REPRESENTATION('',(#11920),#11924);
#11920 = LINE('',#11921,#11922);
#11921 = CARTESIAN_POINT('',(0.6,0.));
#11922 = VECTOR('',#11923,1.);
#11923 = DIRECTION('',(0.,1.));
#11924 = ( GEOMETRIC_REPRESENTATION_CONTEXT(2) 
PARAMETRIC_REPRESENTATION_CONTEXT() REPRESENTATION_CONTEXT('2D SPACE',''
  ) );
#11925 = ORIENTED_EDGE('',*,*,#11926,.T.);
#11926 = EDGE_CURVE('',#11904,#8870,#11927,.T.);
#11927 = SURFACE_CURVE('',#11928,(#11932,#11939),.PCURVE_S1.);
#11928 = LINE('',#11929,#11930);
#11929 = CARTESIAN_POINT('',(13.165,-0.385,2.));
#11930 = VECTOR('',#11931,1.);
#11931 = DIRECTION('',(0.,0.,1.));
#11932 = PCURVE('',#8908,#11933);
#11933 = DEFINITIONAL_REPRESENTATION('',(#11934),#11938);
#11934 = LINE('',#11935,#11936);
#11935 = CARTESIAN_POINT('',(0.,-0.6));
#11936 = VECTOR('',#11937,1.);
#11937 = DIRECTION('',(1.,0.));
#11938 = ( GEOMETRIC_REPRESENTATION_CONTEXT(2) 
PARAMETRIC_REPRESENTATION_CONTEXT() REPRESENTATION_CONTEXT('2D SPACE',''
  ) );
#11939 = PCURVE('',#8884,#11940);
#11940 = DEFINITIONAL_REPRESENTATION('',(#11941),#11945);
#11941 = LINE('',#11942,#11943);
#11942 = CARTESIAN_POINT('',(0.,0.6));
#11943 = VECTOR('',#11944,1.);
#11944 = DIRECTION('',(1.,0.));
#11945 = ( GEOMETRIC_REPRESENTATION_CONTEXT(2) 
PARAMETRIC_REPRESENTATION_CONTEXT() REPRESENTATION_CONTEXT('2D SPACE',''
  ) );
#11946 = ORIENTED_EDGE('',*,*,#8895,.F.);
#11947 = ADVANCED_FACE('',(#11948),#8858,.T.);
#11948 = FACE_BOUND('',#11949,.T.);
#11949 = EDGE_LOOP('',(#11950,#11951,#11974,#11995));
#11950 = ORIENTED_EDGE('',*,*,#11877,.F.);
#11951 = ORIENTED_EDGE('',*,*,#11952,.T.);
#11952 = EDGE_CURVE('',#11850,#11953,#11955,.T.);
#11953 = VERTEX_POINT('',#11954);
#11954 = CARTESIAN_POINT('',(12.565,-0.385,2.));
#11955 = SURFACE_CURVE('',#11956,(#11960,#11967),.PCURVE_S1.);
#11956 = LINE('',#11957,#11958);
#11957 = CARTESIAN_POINT('',(12.565,-0.985,2.));
#11958 = VECTOR('',#11959,1.);
#11959 = DIRECTION('',(0.,1.,0.));
#11960 = PCURVE('',#8858,#11961);
#11961 = DEFINITIONAL_REPRESENTATION('',(#11962),#11966);
#11962 = LINE('',#11963,#11964);
#11963 = CARTESIAN_POINT('',(0.,0.));
#11964 = VECTOR('',#11965,1.);
#11965 = DIRECTION('',(0.,-1.));
#11966 = ( GEOMETRIC_REPRESENTATION_CONTEXT(2) 
PARAMETRIC_REPRESENTATION_CONTEXT() REPRESENTATION_CONTEXT('2D SPACE',''
  ) );
#11967 = PCURVE('',#11865,#11968);
#11968 = DEFINITIONAL_REPRESENTATION('',(#11969),#11973);
#11969 = LINE('',#11970,#11971);
#11970 = CARTESIAN_POINT('',(0.,0.));
#11971 = VECTOR('',#11972,1.);
#11972 = DIRECTION('',(0.,1.));
#11973 = ( GEOMETRIC_REPRESENTATION_CONTEXT(2) 
PARAMETRIC_REPRESENTATION_CONTEXT() REPRESENTATION_CONTEXT('2D SPACE',''
  ) );
#11974 = ORIENTED_EDGE('',*,*,#11975,.T.);
#11975 = EDGE_CURVE('',#11953,#8844,#11976,.T.);
#11976 = SURFACE_CURVE('',#11977,(#11981,#11988),.PCURVE_S1.);
#11977 = LINE('',#11978,#11979);
#11978 = CARTESIAN_POINT('',(12.565,-0.385,2.));
#11979 = VECTOR('',#11980,1.);
#11980 = DIRECTION('',(0.,0.,1.));
#11981 = PCURVE('',#8858,#11982);
#11982 = DEFINITIONAL_REPRESENTATION('',(#11983),#11987);
#11983 = LINE('',#11984,#11985);
#11984 = CARTESIAN_POINT('',(0.,-0.6));
#11985 = VECTOR('',#11986,1.);
#11986 = DIRECTION('',(1.,0.));
#11987 = ( GEOMETRIC_REPRESENTATION_CONTEXT(2) 
PARAMETRIC_REPRESENTATION_CONTEXT() REPRESENTATION_CONTEXT('2D SPACE',''
  ) );
#11988 = PCURVE('',#8884,#11989);
#11989 = DEFINITIONAL_REPRESENTATION('',(#11990),#11994);
#11990 = LINE('',#11991,#11992);
#11991 = CARTESIAN_POINT('',(0.,0.));
#11992 = VECTOR('',#11993,1.);
#11993 = DIRECTION('',(1.,0.));
#11994 = ( GEOMETRIC_REPRESENTATION_CONTEXT(2) 
PARAMETRIC_REPRESENTATION_CONTEXT() REPRESENTATION_CONTEXT('2D SPACE',''
  ) );
#11995 = ORIENTED_EDGE('',*,*,#8843,.F.);
#11996 = ADVANCED_FACE('',(#11997),#8884,.F.);
#11997 = FACE_BOUND('',#11998,.F.);
#11998 = EDGE_LOOP('',(#11999,#12000,#12021,#12022));
#11999 = ORIENTED_EDGE('',*,*,#11926,.F.);
#12000 = ORIENTED_EDGE('',*,*,#12001,.F.);
#12001 = EDGE_CURVE('',#11953,#11904,#12002,.T.);
#12002 = SURFACE_CURVE('',#12003,(#12007,#12014),.PCURVE_S1.);
#12003 = LINE('',#12004,#12005);
#12004 = CARTESIAN_POINT('',(12.565,-0.385,2.));
#12005 = VECTOR('',#12006,1.);
#12006 = DIRECTION('',(1.,0.,0.));
#12007 = PCURVE('',#8884,#12008);
#12008 = DEFINITIONAL_REPRESENTATION('',(#12009),#12013);
#12009 = LINE('',#12010,#12011);
#12010 = CARTESIAN_POINT('',(0.,0.));
#12011 = VECTOR('',#12012,1.);
#12012 = DIRECTION('',(0.,1.));
#12013 = ( GEOMETRIC_REPRESENTATION_CONTEXT(2) 
PARAMETRIC_REPRESENTATION_CONTEXT() REPRESENTATION_CONTEXT('2D SPACE',''
  ) );
#12014 = PCURVE('',#11865,#12015);
#12015 = DEFINITIONAL_REPRESENTATION('',(#12016),#12020);
#12016 = LINE('',#12017,#12018);
#12017 = CARTESIAN_POINT('',(0.,0.6));
#12018 = VECTOR('',#12019,1.);
#12019 = DIRECTION('',(1.,0.));
#12020 = ( GEOMETRIC_REPRESENTATION_CONTEXT(2) 
PARAMETRIC_REPRESENTATION_CONTEXT() REPRESENTATION_CONTEXT('2D SPACE',''
  ) );
#12021 = ORIENTED_EDGE('',*,*,#11975,.T.);
#12022 = ORIENTED_EDGE('',*,*,#8869,.F.);
#12023 = ADVANCED_FACE('',(#12024),#8938,.T.);
#12024 = FACE_BOUND('',#12025,.T.);
#12025 = EDGE_LOOP('',(#12026,#12049,#12077,#12098));
#12026 = ORIENTED_EDGE('',*,*,#12027,.F.);
#12027 = EDGE_CURVE('',#12028,#8922,#12030,.T.);
#12028 = VERTEX_POINT('',#12029);
#12029 = CARTESIAN_POINT('',(14.435,-6.065,2.));
#12030 = SURFACE_CURVE('',#12031,(#12035,#12042),.PCURVE_S1.);
#12031 = LINE('',#12032,#12033);
#12032 = CARTESIAN_POINT('',(14.435,-6.065,2.));
#12033 = VECTOR('',#12034,1.);
#12034 = DIRECTION('',(0.,0.,1.));
#12035 = PCURVE('',#8938,#12036);
#12036 = DEFINITIONAL_REPRESENTATION('',(#12037),#12041);
#12037 = LINE('',#12038,#12039);
#12038 = CARTESIAN_POINT('',(0.,0.6));
#12039 = VECTOR('',#12040,1.);
#12040 = DIRECTION('',(1.,0.));
#12041 = ( GEOMETRIC_REPRESENTATION_CONTEXT(2) 
PARAMETRIC_REPRESENTATION_CONTEXT() REPRESENTATION_CONTEXT('2D SPACE',''
  ) );
#12042 = PCURVE('',#9014,#12043);
#12043 = DEFINITIONAL_REPRESENTATION('',(#12044),#12048);
#12044 = LINE('',#12045,#12046);
#12045 = CARTESIAN_POINT('',(0.,0.));
#12046 = VECTOR('',#12047,1.);
#12047 = DIRECTION('',(1.,0.));
#12048 = ( GEOMETRIC_REPRESENTATION_CONTEXT(2) 
PARAMETRIC_REPRESENTATION_CONTEXT() REPRESENTATION_CONTEXT('2D SPACE',''
  ) );
#12049 = ORIENTED_EDGE('',*,*,#12050,.F.);
#12050 = EDGE_CURVE('',#12051,#12028,#12053,.T.);
#12051 = VERTEX_POINT('',#12052);
#12052 = CARTESIAN_POINT('',(13.835,-6.065,2.));
#12053 = SURFACE_CURVE('',#12054,(#12058,#12065),.PCURVE_S1.);
#12054 = LINE('',#12055,#12056);
#12055 = CARTESIAN_POINT('',(13.835,-6.065,2.));
#12056 = VECTOR('',#12057,1.);
#12057 = DIRECTION('',(1.,0.,0.));
#12058 = PCURVE('',#8938,#12059);
#12059 = DEFINITIONAL_REPRESENTATION('',(#12060),#12064);
#12060 = LINE('',#12061,#12062);
#12061 = CARTESIAN_POINT('',(0.,0.));
#12062 = VECTOR('',#12063,1.);
#12063 = DIRECTION('',(0.,1.));
#12064 = ( GEOMETRIC_REPRESENTATION_CONTEXT(2) 
PARAMETRIC_REPRESENTATION_CONTEXT() REPRESENTATION_CONTEXT('2D SPACE',''
  ) );
#12065 = PCURVE('',#12066,#12071);
#12066 = PLANE('',#12067);
#12067 = AXIS2_PLACEMENT_3D('',#12068,#12069,#12070);
#12068 = CARTESIAN_POINT('',(13.835,-6.065,2.));
#12069 = DIRECTION('',(0.,0.,1.));
#12070 = DIRECTION('',(1.,0.,0.));
#12071 = DEFINITIONAL_REPRESENTATION('',(#12072),#12076);
#12072 = LINE('',#12073,#12074);
#12073 = CARTESIAN_POINT('',(0.,0.));
#12074 = VECTOR('',#12075,1.);
#12075 = DIRECTION('',(1.,0.));
#12076 = ( GEOMETRIC_REPRESENTATION_CONTEXT(2) 
PARAMETRIC_REPRESENTATION_CONTEXT() REPRESENTATION_CONTEXT('2D SPACE',''
  ) );
#12077 = ORIENTED_EDGE('',*,*,#12078,.T.);
#12078 = EDGE_CURVE('',#12051,#8924,#12079,.T.);
#12079 = SURFACE_CURVE('',#12080,(#12084,#12091),.PCURVE_S1.);
#12080 = LINE('',#12081,#12082);
#12081 = CARTESIAN_POINT('',(13.835,-6.065,2.));
#12082 = VECTOR('',#12083,1.);
#12083 = DIRECTION('',(0.,0.,1.));
#12084 = PCURVE('',#8938,#12085);
#12085 = DEFINITIONAL_REPRESENTATION('',(#12086),#12090);
#12086 = LINE('',#12087,#12088);
#12087 = CARTESIAN_POINT('',(0.,0.));
#12088 = VECTOR('',#12089,1.);
#12089 = DIRECTION('',(1.,0.));
#12090 = ( GEOMETRIC_REPRESENTATION_CONTEXT(2) 
PARAMETRIC_REPRESENTATION_CONTEXT() REPRESENTATION_CONTEXT('2D SPACE',''
  ) );
#12091 = PCURVE('',#8964,#12092);
#12092 = DEFINITIONAL_REPRESENTATION('',(#12093),#12097);
#12093 = LINE('',#12094,#12095);
#12094 = CARTESIAN_POINT('',(0.,0.));
#12095 = VECTOR('',#12096,1.);
#12096 = DIRECTION('',(1.,0.));
#12097 = ( GEOMETRIC_REPRESENTATION_CONTEXT(2) 
PARAMETRIC_REPRESENTATION_CONTEXT() REPRESENTATION_CONTEXT('2D SPACE',''
  ) );
#12098 = ORIENTED_EDGE('',*,*,#8921,.F.);
#12099 = ADVANCED_FACE('',(#12100),#9014,.F.);
#12100 = FACE_BOUND('',#12101,.F.);
#12101 = EDGE_LOOP('',(#12102,#12103,#12126,#12147));
#12102 = ORIENTED_EDGE('',*,*,#12027,.F.);
#12103 = ORIENTED_EDGE('',*,*,#12104,.T.);
#12104 = EDGE_CURVE('',#12028,#12105,#12107,.T.);
#12105 = VERTEX_POINT('',#12106);
#12106 = CARTESIAN_POINT('',(14.435,-5.465,2.));
#12107 = SURFACE_CURVE('',#12108,(#12112,#12119),.PCURVE_S1.);
#12108 = LINE('',#12109,#12110);
#12109 = CARTESIAN_POINT('',(14.435,-6.065,2.));
#12110 = VECTOR('',#12111,1.);
#12111 = DIRECTION('',(0.,1.,0.));
#12112 = PCURVE('',#9014,#12113);
#12113 = DEFINITIONAL_REPRESENTATION('',(#12114),#12118);
#12114 = LINE('',#12115,#12116);
#12115 = CARTESIAN_POINT('',(0.,0.));
#12116 = VECTOR('',#12117,1.);
#12117 = DIRECTION('',(0.,-1.));
#12118 = ( GEOMETRIC_REPRESENTATION_CONTEXT(2) 
PARAMETRIC_REPRESENTATION_CONTEXT() REPRESENTATION_CONTEXT('2D SPACE',''
  ) );
#12119 = PCURVE('',#12066,#12120);
#12120 = DEFINITIONAL_REPRESENTATION('',(#12121),#12125);
#12121 = LINE('',#12122,#12123);
#12122 = CARTESIAN_POINT('',(0.6,0.));
#12123 = VECTOR('',#12124,1.);
#12124 = DIRECTION('',(0.,1.));
#12125 = ( GEOMETRIC_REPRESENTATION_CONTEXT(2) 
PARAMETRIC_REPRESENTATION_CONTEXT() REPRESENTATION_CONTEXT('2D SPACE',''
  ) );
#12126 = ORIENTED_EDGE('',*,*,#12127,.T.);
#12127 = EDGE_CURVE('',#12105,#8976,#12128,.T.);
#12128 = SURFACE_CURVE('',#12129,(#12133,#12140),.PCURVE_S1.);
#12129 = LINE('',#12130,#12131);
#12130 = CARTESIAN_POINT('',(14.435,-5.465,2.));
#12131 = VECTOR('',#12132,1.);
#12132 = DIRECTION('',(0.,0.,1.));
#12133 = PCURVE('',#9014,#12134);
#12134 = DEFINITIONAL_REPRESENTATION('',(#12135),#12139);
#12135 = LINE('',#12136,#12137);
#12136 = CARTESIAN_POINT('',(0.,-0.6));
#12137 = VECTOR('',#12138,1.);
#12138 = DIRECTION('',(1.,0.));
#12139 = ( GEOMETRIC_REPRESENTATION_CONTEXT(2) 
PARAMETRIC_REPRESENTATION_CONTEXT() REPRESENTATION_CONTEXT('2D SPACE',''
  ) );
#12140 = PCURVE('',#8990,#12141);
#12141 = DEFINITIONAL_REPRESENTATION('',(#12142),#12146);
#12142 = LINE('',#12143,#12144);
#12143 = CARTESIAN_POINT('',(0.,0.6));
#12144 = VECTOR('',#12145,1.);
#12145 = DIRECTION('',(1.,0.));
#12146 = ( GEOMETRIC_REPRESENTATION_CONTEXT(2) 
PARAMETRIC_REPRESENTATION_CONTEXT() REPRESENTATION_CONTEXT('2D SPACE',''
  ) );
#12147 = ORIENTED_EDGE('',*,*,#9001,.F.);
#12148 = ADVANCED_FACE('',(#12149),#8990,.F.);
#12149 = FACE_BOUND('',#12150,.F.);
#12150 = EDGE_LOOP('',(#12151,#12152,#12175,#12196));
#12151 = ORIENTED_EDGE('',*,*,#12127,.F.);
#12152 = ORIENTED_EDGE('',*,*,#12153,.F.);
#12153 = EDGE_CURVE('',#12154,#12105,#12156,.T.);
#12154 = VERTEX_POINT('',#12155);
#12155 = CARTESIAN_POINT('',(13.835,-5.465,2.));
#12156 = SURFACE_CURVE('',#12157,(#12161,#12168),.PCURVE_S1.);
#12157 = LINE('',#12158,#12159);
#12158 = CARTESIAN_POINT('',(13.835,-5.465,2.));
#12159 = VECTOR('',#12160,1.);
#12160 = DIRECTION('',(1.,0.,0.));
#12161 = PCURVE('',#8990,#12162);
#12162 = DEFINITIONAL_REPRESENTATION('',(#12163),#12167);
#12163 = LINE('',#12164,#12165);
#12164 = CARTESIAN_POINT('',(0.,0.));
#12165 = VECTOR('',#12166,1.);
#12166 = DIRECTION('',(0.,1.));
#12167 = ( GEOMETRIC_REPRESENTATION_CONTEXT(2) 
PARAMETRIC_REPRESENTATION_CONTEXT() REPRESENTATION_CONTEXT('2D SPACE',''
  ) );
#12168 = PCURVE('',#12066,#12169);
#12169 = DEFINITIONAL_REPRESENTATION('',(#12170),#12174);
#12170 = LINE('',#12171,#12172);
#12171 = CARTESIAN_POINT('',(0.,0.6));
#12172 = VECTOR('',#12173,1.);
#12173 = DIRECTION('',(1.,0.));
#12174 = ( GEOMETRIC_REPRESENTATION_CONTEXT(2) 
PARAMETRIC_REPRESENTATION_CONTEXT() REPRESENTATION_CONTEXT('2D SPACE',''
  ) );
#12175 = ORIENTED_EDGE('',*,*,#12176,.T.);
#12176 = EDGE_CURVE('',#12154,#8950,#12177,.T.);
#12177 = SURFACE_CURVE('',#12178,(#12182,#12189),.PCURVE_S1.);
#12178 = LINE('',#12179,#12180);
#12179 = CARTESIAN_POINT('',(13.835,-5.465,2.));
#12180 = VECTOR('',#12181,1.);
#12181 = DIRECTION('',(0.,0.,1.));
#12182 = PCURVE('',#8990,#12183);
#12183 = DEFINITIONAL_REPRESENTATION('',(#12184),#12188);
#12184 = LINE('',#12185,#12186);
#12185 = CARTESIAN_POINT('',(0.,0.));
#12186 = VECTOR('',#12187,1.);
#12187 = DIRECTION('',(1.,0.));
#12188 = ( GEOMETRIC_REPRESENTATION_CONTEXT(2) 
PARAMETRIC_REPRESENTATION_CONTEXT() REPRESENTATION_CONTEXT('2D SPACE',''
  ) );
#12189 = PCURVE('',#8964,#12190);
#12190 = DEFINITIONAL_REPRESENTATION('',(#12191),#12195);
#12191 = LINE('',#12192,#12193);
#12192 = CARTESIAN_POINT('',(0.,-0.6));
#12193 = VECTOR('',#12194,1.);
#12194 = DIRECTION('',(1.,0.));
#12195 = ( GEOMETRIC_REPRESENTATION_CONTEXT(2) 
PARAMETRIC_REPRESENTATION_CONTEXT() REPRESENTATION_CONTEXT('2D SPACE',''
  ) );
#12196 = ORIENTED_EDGE('',*,*,#8975,.F.);
#12197 = ADVANCED_FACE('',(#12198),#8964,.T.);
#12198 = FACE_BOUND('',#12199,.T.);
#12199 = EDGE_LOOP('',(#12200,#12201,#12222,#12223));
#12200 = ORIENTED_EDGE('',*,*,#12078,.F.);
#12201 = ORIENTED_EDGE('',*,*,#12202,.T.);
#12202 = EDGE_CURVE('',#12051,#12154,#12203,.T.);
#12203 = SURFACE_CURVE('',#12204,(#12208,#12215),.PCURVE_S1.);
#12204 = LINE('',#12205,#12206);
#12205 = CARTESIAN_POINT('',(13.835,-6.065,2.));
#12206 = VECTOR('',#12207,1.);
#12207 = DIRECTION('',(0.,1.,0.));
#12208 = PCURVE('',#8964,#12209);
#12209 = DEFINITIONAL_REPRESENTATION('',(#12210),#12214);
#12210 = LINE('',#12211,#12212);
#12211 = CARTESIAN_POINT('',(0.,0.));
#12212 = VECTOR('',#12213,1.);
#12213 = DIRECTION('',(0.,-1.));
#12214 = ( GEOMETRIC_REPRESENTATION_CONTEXT(2) 
PARAMETRIC_REPRESENTATION_CONTEXT() REPRESENTATION_CONTEXT('2D SPACE',''
  ) );
#12215 = PCURVE('',#12066,#12216);
#12216 = DEFINITIONAL_REPRESENTATION('',(#12217),#12221);
#12217 = LINE('',#12218,#12219);
#12218 = CARTESIAN_POINT('',(0.,0.));
#12219 = VECTOR('',#12220,1.);
#12220 = DIRECTION('',(0.,1.));
#12221 = ( GEOMETRIC_REPRESENTATION_CONTEXT(2) 
PARAMETRIC_REPRESENTATION_CONTEXT() REPRESENTATION_CONTEXT('2D SPACE',''
  ) );
#12222 = ORIENTED_EDGE('',*,*,#12176,.T.);
#12223 = ORIENTED_EDGE('',*,*,#8949,.F.);
#12224 = ADVANCED_FACE('',(#12225),#9044,.T.);
#12225 = FACE_BOUND('',#12226,.T.);
#12226 = EDGE_LOOP('',(#12227,#12250,#12278,#12299));
#12227 = ORIENTED_EDGE('',*,*,#12228,.F.);
#12228 = EDGE_CURVE('',#12229,#9028,#12231,.T.);
#12229 = VERTEX_POINT('',#12230);
#12230 = CARTESIAN_POINT('',(14.435,-4.795,2.));
#12231 = SURFACE_CURVE('',#12232,(#12236,#12243),.PCURVE_S1.);
#12232 = LINE('',#12233,#12234);
#12233 = CARTESIAN_POINT('',(14.435,-4.795,2.));
#12234 = VECTOR('',#12235,1.);
#12235 = DIRECTION('',(0.,0.,1.));
#12236 = PCURVE('',#9044,#12237);
#12237 = DEFINITIONAL_REPRESENTATION('',(#12238),#12242);
#12238 = LINE('',#12239,#12240);
#12239 = CARTESIAN_POINT('',(0.,0.6));
#12240 = VECTOR('',#12241,1.);
#12241 = DIRECTION('',(1.,0.));
#12242 = ( GEOMETRIC_REPRESENTATION_CONTEXT(2) 
PARAMETRIC_REPRESENTATION_CONTEXT() REPRESENTATION_CONTEXT('2D SPACE',''
  ) );
#12243 = PCURVE('',#9120,#12244);
#12244 = DEFINITIONAL_REPRESENTATION('',(#12245),#12249);
#12245 = LINE('',#12246,#12247);
#12246 = CARTESIAN_POINT('',(0.,0.));
#12247 = VECTOR('',#12248,1.);
#12248 = DIRECTION('',(1.,0.));
#12249 = ( GEOMETRIC_REPRESENTATION_CONTEXT(2) 
PARAMETRIC_REPRESENTATION_CONTEXT() REPRESENTATION_CONTEXT('2D SPACE',''
  ) );
#12250 = ORIENTED_EDGE('',*,*,#12251,.F.);
#12251 = EDGE_CURVE('',#12252,#12229,#12254,.T.);
#12252 = VERTEX_POINT('',#12253);
#12253 = CARTESIAN_POINT('',(13.835,-4.795,2.));
#12254 = SURFACE_CURVE('',#12255,(#12259,#12266),.PCURVE_S1.);
#12255 = LINE('',#12256,#12257);
#12256 = CARTESIAN_POINT('',(13.835,-4.795,2.));
#12257 = VECTOR('',#12258,1.);
#12258 = DIRECTION('',(1.,0.,0.));
#12259 = PCURVE('',#9044,#12260);
#12260 = DEFINITIONAL_REPRESENTATION('',(#12261),#12265);
#12261 = LINE('',#12262,#12263);
#12262 = CARTESIAN_POINT('',(0.,0.));
#12263 = VECTOR('',#12264,1.);
#12264 = DIRECTION('',(0.,1.));
#12265 = ( GEOMETRIC_REPRESENTATION_CONTEXT(2) 
PARAMETRIC_REPRESENTATION_CONTEXT() REPRESENTATION_CONTEXT('2D SPACE',''
  ) );
#12266 = PCURVE('',#12267,#12272);
#12267 = PLANE('',#12268);
#12268 = AXIS2_PLACEMENT_3D('',#12269,#12270,#12271);
#12269 = CARTESIAN_POINT('',(13.835,-4.795,2.));
#12270 = DIRECTION('',(0.,0.,1.));
#12271 = DIRECTION('',(1.,0.,0.));
#12272 = DEFINITIONAL_REPRESENTATION('',(#12273),#12277);
#12273 = LINE('',#12274,#12275);
#12274 = CARTESIAN_POINT('',(0.,0.));
#12275 = VECTOR('',#12276,1.);
#12276 = DIRECTION('',(1.,0.));
#12277 = ( GEOMETRIC_REPRESENTATION_CONTEXT(2) 
PARAMETRIC_REPRESENTATION_CONTEXT() REPRESENTATION_CONTEXT('2D SPACE',''
  ) );
#12278 = ORIENTED_EDGE('',*,*,#12279,.T.);
#12279 = EDGE_CURVE('',#12252,#9030,#12280,.T.);
#12280 = SURFACE_CURVE('',#12281,(#12285,#12292),.PCURVE_S1.);
#12281 = LINE('',#12282,#12283);
#12282 = CARTESIAN_POINT('',(13.835,-4.795,2.));
#12283 = VECTOR('',#12284,1.);
#12284 = DIRECTION('',(0.,0.,1.));
#12285 = PCURVE('',#9044,#12286);
#12286 = DEFINITIONAL_REPRESENTATION('',(#12287),#12291);
#12287 = LINE('',#12288,#12289);
#12288 = CARTESIAN_POINT('',(0.,0.));
#12289 = VECTOR('',#12290,1.);
#12290 = DIRECTION('',(1.,0.));
#12291 = ( GEOMETRIC_REPRESENTATION_CONTEXT(2) 
PARAMETRIC_REPRESENTATION_CONTEXT() REPRESENTATION_CONTEXT('2D SPACE',''
  ) );
#12292 = PCURVE('',#9070,#12293);
#12293 = DEFINITIONAL_REPRESENTATION('',(#12294),#12298);
#12294 = LINE('',#12295,#12296);
#12295 = CARTESIAN_POINT('',(0.,0.));
#12296 = VECTOR('',#12297,1.);
#12297 = DIRECTION('',(1.,0.));
#12298 = ( GEOMETRIC_REPRESENTATION_CONTEXT(2) 
PARAMETRIC_REPRESENTATION_CONTEXT() REPRESENTATION_CONTEXT('2D SPACE',''
  ) );
#12299 = ORIENTED_EDGE('',*,*,#9027,.F.);
#12300 = ADVANCED_FACE('',(#12301),#9120,.F.);
#12301 = FACE_BOUND('',#12302,.F.);
#12302 = EDGE_LOOP('',(#12303,#12304,#12327,#12348));
#12303 = ORIENTED_EDGE('',*,*,#12228,.F.);
#12304 = ORIENTED_EDGE('',*,*,#12305,.T.);
#12305 = EDGE_CURVE('',#12229,#12306,#12308,.T.);
#12306 = VERTEX_POINT('',#12307);
#12307 = CARTESIAN_POINT('',(14.435,-4.195,2.));
#12308 = SURFACE_CURVE('',#12309,(#12313,#12320),.PCURVE_S1.);
#12309 = LINE('',#12310,#12311);
#12310 = CARTESIAN_POINT('',(14.435,-4.795,2.));
#12311 = VECTOR('',#12312,1.);
#12312 = DIRECTION('',(0.,1.,0.));
#12313 = PCURVE('',#9120,#12314);
#12314 = DEFINITIONAL_REPRESENTATION('',(#12315),#12319);
#12315 = LINE('',#12316,#12317);
#12316 = CARTESIAN_POINT('',(0.,0.));
#12317 = VECTOR('',#12318,1.);
#12318 = DIRECTION('',(0.,-1.));
#12319 = ( GEOMETRIC_REPRESENTATION_CONTEXT(2) 
PARAMETRIC_REPRESENTATION_CONTEXT() REPRESENTATION_CONTEXT('2D SPACE',''
  ) );
#12320 = PCURVE('',#12267,#12321);
#12321 = DEFINITIONAL_REPRESENTATION('',(#12322),#12326);
#12322 = LINE('',#12323,#12324);
#12323 = CARTESIAN_POINT('',(0.6,0.));
#12324 = VECTOR('',#12325,1.);
#12325 = DIRECTION('',(0.,1.));
#12326 = ( GEOMETRIC_REPRESENTATION_CONTEXT(2) 
PARAMETRIC_REPRESENTATION_CONTEXT() REPRESENTATION_CONTEXT('2D SPACE',''
  ) );
#12327 = ORIENTED_EDGE('',*,*,#12328,.T.);
#12328 = EDGE_CURVE('',#12306,#9082,#12329,.T.);
#12329 = SURFACE_CURVE('',#12330,(#12334,#12341),.PCURVE_S1.);
#12330 = LINE('',#12331,#12332);
#12331 = CARTESIAN_POINT('',(14.435,-4.195,2.));
#12332 = VECTOR('',#12333,1.);
#12333 = DIRECTION('',(0.,0.,1.));
#12334 = PCURVE('',#9120,#12335);
#12335 = DEFINITIONAL_REPRESENTATION('',(#12336),#12340);
#12336 = LINE('',#12337,#12338);
#12337 = CARTESIAN_POINT('',(0.,-0.6));
#12338 = VECTOR('',#12339,1.);
#12339 = DIRECTION('',(1.,0.));
#12340 = ( GEOMETRIC_REPRESENTATION_CONTEXT(2) 
PARAMETRIC_REPRESENTATION_CONTEXT() REPRESENTATION_CONTEXT('2D SPACE',''
  ) );
#12341 = PCURVE('',#9096,#12342);
#12342 = DEFINITIONAL_REPRESENTATION('',(#12343),#12347);
#12343 = LINE('',#12344,#12345);
#12344 = CARTESIAN_POINT('',(0.,0.6));
#12345 = VECTOR('',#12346,1.);
#12346 = DIRECTION('',(1.,0.));
#12347 = ( GEOMETRIC_REPRESENTATION_CONTEXT(2) 
PARAMETRIC_REPRESENTATION_CONTEXT() REPRESENTATION_CONTEXT('2D SPACE',''
  ) );
#12348 = ORIENTED_EDGE('',*,*,#9107,.F.);
#12349 = ADVANCED_FACE('',(#12350),#9070,.T.);
#12350 = FACE_BOUND('',#12351,.T.);
#12351 = EDGE_LOOP('',(#12352,#12353,#12376,#12397));
#12352 = ORIENTED_EDGE('',*,*,#12279,.F.);
#12353 = ORIENTED_EDGE('',*,*,#12354,.T.);
#12354 = EDGE_CURVE('',#12252,#12355,#12357,.T.);
#12355 = VERTEX_POINT('',#12356);
#12356 = CARTESIAN_POINT('',(13.835,-4.195,2.));
#12357 = SURFACE_CURVE('',#12358,(#12362,#12369),.PCURVE_S1.);
#12358 = LINE('',#12359,#12360);
#12359 = CARTESIAN_POINT('',(13.835,-4.795,2.));
#12360 = VECTOR('',#12361,1.);
#12361 = DIRECTION('',(0.,1.,0.));
#12362 = PCURVE('',#9070,#12363);
#12363 = DEFINITIONAL_REPRESENTATION('',(#12364),#12368);
#12364 = LINE('',#12365,#12366);
#12365 = CARTESIAN_POINT('',(0.,0.));
#12366 = VECTOR('',#12367,1.);
#12367 = DIRECTION('',(0.,-1.));
#12368 = ( GEOMETRIC_REPRESENTATION_CONTEXT(2) 
PARAMETRIC_REPRESENTATION_CONTEXT() REPRESENTATION_CONTEXT('2D SPACE',''
  ) );
#12369 = PCURVE('',#12267,#12370);
#12370 = DEFINITIONAL_REPRESENTATION('',(#12371),#12375);
#12371 = LINE('',#12372,#12373);
#12372 = CARTESIAN_POINT('',(0.,0.));
#12373 = VECTOR('',#12374,1.);
#12374 = DIRECTION('',(0.,1.));
#12375 = ( GEOMETRIC_REPRESENTATION_CONTEXT(2) 
PARAMETRIC_REPRESENTATION_CONTEXT() REPRESENTATION_CONTEXT('2D SPACE',''
  ) );
#12376 = ORIENTED_EDGE('',*,*,#12377,.T.);
#12377 = EDGE_CURVE('',#12355,#9056,#12378,.T.);
#12378 = SURFACE_CURVE('',#12379,(#12383,#12390),.PCURVE_S1.);
#12379 = LINE('',#12380,#12381);
#12380 = CARTESIAN_POINT('',(13.835,-4.195,2.));
#12381 = VECTOR('',#12382,1.);
#12382 = DIRECTION('',(0.,0.,1.));
#12383 = PCURVE('',#9070,#12384);
#12384 = DEFINITIONAL_REPRESENTATION('',(#12385),#12389);
#12385 = LINE('',#12386,#12387);
#12386 = CARTESIAN_POINT('',(0.,-0.6));
#12387 = VECTOR('',#12388,1.);
#12388 = DIRECTION('',(1.,0.));
#12389 = ( GEOMETRIC_REPRESENTATION_CONTEXT(2) 
PARAMETRIC_REPRESENTATION_CONTEXT() REPRESENTATION_CONTEXT('2D SPACE',''
  ) );
#12390 = PCURVE('',#9096,#12391);
#12391 = DEFINITIONAL_REPRESENTATION('',(#12392),#12396);
#12392 = LINE('',#12393,#12394);
#12393 = CARTESIAN_POINT('',(0.,0.));
#12394 = VECTOR('',#12395,1.);
#12395 = DIRECTION('',(1.,0.));
#12396 = ( GEOMETRIC_REPRESENTATION_CONTEXT(2) 
PARAMETRIC_REPRESENTATION_CONTEXT() REPRESENTATION_CONTEXT('2D SPACE',''
  ) );
#12397 = ORIENTED_EDGE('',*,*,#9055,.F.);
#12398 = ADVANCED_FACE('',(#12399),#9096,.F.);
#12399 = FACE_BOUND('',#12400,.F.);
#12400 = EDGE_LOOP('',(#12401,#12402,#12423,#12424));
#12401 = ORIENTED_EDGE('',*,*,#12328,.F.);
#12402 = ORIENTED_EDGE('',*,*,#12403,.F.);
#12403 = EDGE_CURVE('',#12355,#12306,#12404,.T.);
#12404 = SURFACE_CURVE('',#12405,(#12409,#12416),.PCURVE_S1.);
#12405 = LINE('',#12406,#12407);
#12406 = CARTESIAN_POINT('',(13.835,-4.195,2.));
#12407 = VECTOR('',#12408,1.);
#12408 = DIRECTION('',(1.,0.,0.));
#12409 = PCURVE('',#9096,#12410);
#12410 = DEFINITIONAL_REPRESENTATION('',(#12411),#12415);
#12411 = LINE('',#12412,#12413);
#12412 = CARTESIAN_POINT('',(0.,0.));
#12413 = VECTOR('',#12414,1.);
#12414 = DIRECTION('',(0.,1.));
#12415 = ( GEOMETRIC_REPRESENTATION_CONTEXT(2) 
PARAMETRIC_REPRESENTATION_CONTEXT() REPRESENTATION_CONTEXT('2D SPACE',''
  ) );
#12416 = PCURVE('',#12267,#12417);
#12417 = DEFINITIONAL_REPRESENTATION('',(#12418),#12422);
#12418 = LINE('',#12419,#12420);
#12419 = CARTESIAN_POINT('',(0.,0.6));
#12420 = VECTOR('',#12421,1.);
#12421 = DIRECTION('',(1.,0.));
#12422 = ( GEOMETRIC_REPRESENTATION_CONTEXT(2) 
PARAMETRIC_REPRESENTATION_CONTEXT() REPRESENTATION_CONTEXT('2D SPACE',''
  ) );
#12423 = ORIENTED_EDGE('',*,*,#12377,.T.);
#12424 = ORIENTED_EDGE('',*,*,#9081,.F.);
#12425 = ADVANCED_FACE('',(#12426),#9150,.T.);
#12426 = FACE_BOUND('',#12427,.T.);
#12427 = EDGE_LOOP('',(#12428,#12451,#12479,#12500));
#12428 = ORIENTED_EDGE('',*,*,#12429,.F.);
#12429 = EDGE_CURVE('',#12430,#9134,#12432,.T.);
#12430 = VERTEX_POINT('',#12431);
#12431 = CARTESIAN_POINT('',(14.435,-3.525,2.));
#12432 = SURFACE_CURVE('',#12433,(#12437,#12444),.PCURVE_S1.);
#12433 = LINE('',#12434,#12435);
#12434 = CARTESIAN_POINT('',(14.435,-3.525,2.));
#12435 = VECTOR('',#12436,1.);
#12436 = DIRECTION('',(0.,0.,1.));
#12437 = PCURVE('',#9150,#12438);
#12438 = DEFINITIONAL_REPRESENTATION('',(#12439),#12443);
#12439 = LINE('',#12440,#12441);
#12440 = CARTESIAN_POINT('',(0.,0.6));
#12441 = VECTOR('',#12442,1.);
#12442 = DIRECTION('',(1.,0.));
#12443 = ( GEOMETRIC_REPRESENTATION_CONTEXT(2) 
PARAMETRIC_REPRESENTATION_CONTEXT() REPRESENTATION_CONTEXT('2D SPACE',''
  ) );
#12444 = PCURVE('',#9226,#12445);
#12445 = DEFINITIONAL_REPRESENTATION('',(#12446),#12450);
#12446 = LINE('',#12447,#12448);
#12447 = CARTESIAN_POINT('',(0.,0.));
#12448 = VECTOR('',#12449,1.);
#12449 = DIRECTION('',(1.,0.));
#12450 = ( GEOMETRIC_REPRESENTATION_CONTEXT(2) 
PARAMETRIC_REPRESENTATION_CONTEXT() REPRESENTATION_CONTEXT('2D SPACE',''
  ) );
#12451 = ORIENTED_EDGE('',*,*,#12452,.F.);
#12452 = EDGE_CURVE('',#12453,#12430,#12455,.T.);
#12453 = VERTEX_POINT('',#12454);
#12454 = CARTESIAN_POINT('',(13.835,-3.525,2.));
#12455 = SURFACE_CURVE('',#12456,(#12460,#12467),.PCURVE_S1.);
#12456 = LINE('',#12457,#12458);
#12457 = CARTESIAN_POINT('',(13.835,-3.525,2.));
#12458 = VECTOR('',#12459,1.);
#12459 = DIRECTION('',(1.,0.,0.));
#12460 = PCURVE('',#9150,#12461);
#12461 = DEFINITIONAL_REPRESENTATION('',(#12462),#12466);
#12462 = LINE('',#12463,#12464);
#12463 = CARTESIAN_POINT('',(0.,0.));
#12464 = VECTOR('',#12465,1.);
#12465 = DIRECTION('',(0.,1.));
#12466 = ( GEOMETRIC_REPRESENTATION_CONTEXT(2) 
PARAMETRIC_REPRESENTATION_CONTEXT() REPRESENTATION_CONTEXT('2D SPACE',''
  ) );
#12467 = PCURVE('',#12468,#12473);
#12468 = PLANE('',#12469);
#12469 = AXIS2_PLACEMENT_3D('',#12470,#12471,#12472);
#12470 = CARTESIAN_POINT('',(13.835,-3.525,2.));
#12471 = DIRECTION('',(0.,0.,1.));
#12472 = DIRECTION('',(1.,0.,0.));
#12473 = DEFINITIONAL_REPRESENTATION('',(#12474),#12478);
#12474 = LINE('',#12475,#12476);
#12475 = CARTESIAN_POINT('',(0.,0.));
#12476 = VECTOR('',#12477,1.);
#12477 = DIRECTION('',(1.,0.));
#12478 = ( GEOMETRIC_REPRESENTATION_CONTEXT(2) 
PARAMETRIC_REPRESENTATION_CONTEXT() REPRESENTATION_CONTEXT('2D SPACE',''
  ) );
#12479 = ORIENTED_EDGE('',*,*,#12480,.T.);
#12480 = EDGE_CURVE('',#12453,#9136,#12481,.T.);
#12481 = SURFACE_CURVE('',#12482,(#12486,#12493),.PCURVE_S1.);
#12482 = LINE('',#12483,#12484);
#12483 = CARTESIAN_POINT('',(13.835,-3.525,2.));
#12484 = VECTOR('',#12485,1.);
#12485 = DIRECTION('',(0.,0.,1.));
#12486 = PCURVE('',#9150,#12487);
#12487 = DEFINITIONAL_REPRESENTATION('',(#12488),#12492);
#12488 = LINE('',#12489,#12490);
#12489 = CARTESIAN_POINT('',(0.,0.));
#12490 = VECTOR('',#12491,1.);
#12491 = DIRECTION('',(1.,0.));
#12492 = ( GEOMETRIC_REPRESENTATION_CONTEXT(2) 
PARAMETRIC_REPRESENTATION_CONTEXT() REPRESENTATION_CONTEXT('2D SPACE',''
  ) );
#12493 = PCURVE('',#9176,#12494);
#12494 = DEFINITIONAL_REPRESENTATION('',(#12495),#12499);
#12495 = LINE('',#12496,#12497);
#12496 = CARTESIAN_POINT('',(0.,0.));
#12497 = VECTOR('',#12498,1.);
#12498 = DIRECTION('',(1.,0.));
#12499 = ( GEOMETRIC_REPRESENTATION_CONTEXT(2) 
PARAMETRIC_REPRESENTATION_CONTEXT() REPRESENTATION_CONTEXT('2D SPACE',''
  ) );
#12500 = ORIENTED_EDGE('',*,*,#9133,.F.);
#12501 = ADVANCED_FACE('',(#12502),#9226,.F.);
#12502 = FACE_BOUND('',#12503,.F.);
#12503 = EDGE_LOOP('',(#12504,#12505,#12528,#12549));
#12504 = ORIENTED_EDGE('',*,*,#12429,.F.);
#12505 = ORIENTED_EDGE('',*,*,#12506,.T.);
#12506 = EDGE_CURVE('',#12430,#12507,#12509,.T.);
#12507 = VERTEX_POINT('',#12508);
#12508 = CARTESIAN_POINT('',(14.435,-2.925,2.));
#12509 = SURFACE_CURVE('',#12510,(#12514,#12521),.PCURVE_S1.);
#12510 = LINE('',#12511,#12512);
#12511 = CARTESIAN_POINT('',(14.435,-3.525,2.));
#12512 = VECTOR('',#12513,1.);
#12513 = DIRECTION('',(0.,1.,0.));
#12514 = PCURVE('',#9226,#12515);
#12515 = DEFINITIONAL_REPRESENTATION('',(#12516),#12520);
#12516 = LINE('',#12517,#12518);
#12517 = CARTESIAN_POINT('',(0.,0.));
#12518 = VECTOR('',#12519,1.);
#12519 = DIRECTION('',(0.,-1.));
#12520 = ( GEOMETRIC_REPRESENTATION_CONTEXT(2) 
PARAMETRIC_REPRESENTATION_CONTEXT() REPRESENTATION_CONTEXT('2D SPACE',''
  ) );
#12521 = PCURVE('',#12468,#12522);
#12522 = DEFINITIONAL_REPRESENTATION('',(#12523),#12527);
#12523 = LINE('',#12524,#12525);
#12524 = CARTESIAN_POINT('',(0.6,0.));
#12525 = VECTOR('',#12526,1.);
#12526 = DIRECTION('',(0.,1.));
#12527 = ( GEOMETRIC_REPRESENTATION_CONTEXT(2) 
PARAMETRIC_REPRESENTATION_CONTEXT() REPRESENTATION_CONTEXT('2D SPACE',''
  ) );
#12528 = ORIENTED_EDGE('',*,*,#12529,.T.);
#12529 = EDGE_CURVE('',#12507,#9188,#12530,.T.);
#12530 = SURFACE_CURVE('',#12531,(#12535,#12542),.PCURVE_S1.);
#12531 = LINE('',#12532,#12533);
#12532 = CARTESIAN_POINT('',(14.435,-2.925,2.));
#12533 = VECTOR('',#12534,1.);
#12534 = DIRECTION('',(0.,0.,1.));
#12535 = PCURVE('',#9226,#12536);
#12536 = DEFINITIONAL_REPRESENTATION('',(#12537),#12541);
#12537 = LINE('',#12538,#12539);
#12538 = CARTESIAN_POINT('',(0.,-0.6));
#12539 = VECTOR('',#12540,1.);
#12540 = DIRECTION('',(1.,0.));
#12541 = ( GEOMETRIC_REPRESENTATION_CONTEXT(2) 
PARAMETRIC_REPRESENTATION_CONTEXT() REPRESENTATION_CONTEXT('2D SPACE',''
  ) );
#12542 = PCURVE('',#9202,#12543);
#12543 = DEFINITIONAL_REPRESENTATION('',(#12544),#12548);
#12544 = LINE('',#12545,#12546);
#12545 = CARTESIAN_POINT('',(0.,0.6));
#12546 = VECTOR('',#12547,1.);
#12547 = DIRECTION('',(1.,0.));
#12548 = ( GEOMETRIC_REPRESENTATION_CONTEXT(2) 
PARAMETRIC_REPRESENTATION_CONTEXT() REPRESENTATION_CONTEXT('2D SPACE',''
  ) );
#12549 = ORIENTED_EDGE('',*,*,#9213,.F.);
#12550 = ADVANCED_FACE('',(#12551),#9176,.T.);
#12551 = FACE_BOUND('',#12552,.T.);
#12552 = EDGE_LOOP('',(#12553,#12554,#12577,#12598));
#12553 = ORIENTED_EDGE('',*,*,#12480,.F.);
#12554 = ORIENTED_EDGE('',*,*,#12555,.T.);
#12555 = EDGE_CURVE('',#12453,#12556,#12558,.T.);
#12556 = VERTEX_POINT('',#12557);
#12557 = CARTESIAN_POINT('',(13.835,-2.925,2.));
#12558 = SURFACE_CURVE('',#12559,(#12563,#12570),.PCURVE_S1.);
#12559 = LINE('',#12560,#12561);
#12560 = CARTESIAN_POINT('',(13.835,-3.525,2.));
#12561 = VECTOR('',#12562,1.);
#12562 = DIRECTION('',(0.,1.,0.));
#12563 = PCURVE('',#9176,#12564);
#12564 = DEFINITIONAL_REPRESENTATION('',(#12565),#12569);
#12565 = LINE('',#12566,#12567);
#12566 = CARTESIAN_POINT('',(0.,0.));
#12567 = VECTOR('',#12568,1.);
#12568 = DIRECTION('',(0.,-1.));
#12569 = ( GEOMETRIC_REPRESENTATION_CONTEXT(2) 
PARAMETRIC_REPRESENTATION_CONTEXT() REPRESENTATION_CONTEXT('2D SPACE',''
  ) );
#12570 = PCURVE('',#12468,#12571);
#12571 = DEFINITIONAL_REPRESENTATION('',(#12572),#12576);
#12572 = LINE('',#12573,#12574);
#12573 = CARTESIAN_POINT('',(0.,0.));
#12574 = VECTOR('',#12575,1.);
#12575 = DIRECTION('',(0.,1.));
#12576 = ( GEOMETRIC_REPRESENTATION_CONTEXT(2) 
PARAMETRIC_REPRESENTATION_CONTEXT() REPRESENTATION_CONTEXT('2D SPACE',''
  ) );
#12577 = ORIENTED_EDGE('',*,*,#12578,.T.);
#12578 = EDGE_CURVE('',#12556,#9162,#12579,.T.);
#12579 = SURFACE_CURVE('',#12580,(#12584,#12591),.PCURVE_S1.);
#12580 = LINE('',#12581,#12582);
#12581 = CARTESIAN_POINT('',(13.835,-2.925,2.));
#12582 = VECTOR('',#12583,1.);
#12583 = DIRECTION('',(0.,0.,1.));
#12584 = PCURVE('',#9176,#12585);
#12585 = DEFINITIONAL_REPRESENTATION('',(#12586),#12590);
#12586 = LINE('',#12587,#12588);
#12587 = CARTESIAN_POINT('',(0.,-0.6));
#12588 = VECTOR('',#12589,1.);
#12589 = DIRECTION('',(1.,0.));
#12590 = ( GEOMETRIC_REPRESENTATION_CONTEXT(2) 
PARAMETRIC_REPRESENTATION_CONTEXT() REPRESENTATION_CONTEXT('2D SPACE',''
  ) );
#12591 = PCURVE('',#9202,#12592);
#12592 = DEFINITIONAL_REPRESENTATION('',(#12593),#12597);
#12593 = LINE('',#12594,#12595);
#12594 = CARTESIAN_POINT('',(0.,0.));
#12595 = VECTOR('',#12596,1.);
#12596 = DIRECTION('',(1.,0.));
#12597 = ( GEOMETRIC_REPRESENTATION_CONTEXT(2) 
PARAMETRIC_REPRESENTATION_CONTEXT() REPRESENTATION_CONTEXT('2D SPACE',''
  ) );
#12598 = ORIENTED_EDGE('',*,*,#9161,.F.);
#12599 = ADVANCED_FACE('',(#12600),#9202,.F.);
#12600 = FACE_BOUND('',#12601,.F.);
#12601 = EDGE_LOOP('',(#12602,#12603,#12624,#12625));
#12602 = ORIENTED_EDGE('',*,*,#12529,.F.);
#12603 = ORIENTED_EDGE('',*,*,#12604,.F.);
#12604 = EDGE_CURVE('',#12556,#12507,#12605,.T.);
#12605 = SURFACE_CURVE('',#12606,(#12610,#12617),.PCURVE_S1.);
#12606 = LINE('',#12607,#12608);
#12607 = CARTESIAN_POINT('',(13.835,-2.925,2.));
#12608 = VECTOR('',#12609,1.);
#12609 = DIRECTION('',(1.,0.,0.));
#12610 = PCURVE('',#9202,#12611);
#12611 = DEFINITIONAL_REPRESENTATION('',(#12612),#12616);
#12612 = LINE('',#12613,#12614);
#12613 = CARTESIAN_POINT('',(0.,0.));
#12614 = VECTOR('',#12615,1.);
#12615 = DIRECTION('',(0.,1.));
#12616 = ( GEOMETRIC_REPRESENTATION_CONTEXT(2) 
PARAMETRIC_REPRESENTATION_CONTEXT() REPRESENTATION_CONTEXT('2D SPACE',''
  ) );
#12617 = PCURVE('',#12468,#12618);
#12618 = DEFINITIONAL_REPRESENTATION('',(#12619),#12623);
#12619 = LINE('',#12620,#12621);
#12620 = CARTESIAN_POINT('',(0.,0.6));
#12621 = VECTOR('',#12622,1.);
#12622 = DIRECTION('',(1.,0.));
#12623 = ( GEOMETRIC_REPRESENTATION_CONTEXT(2) 
PARAMETRIC_REPRESENTATION_CONTEXT() REPRESENTATION_CONTEXT('2D SPACE',''
  ) );
#12624 = ORIENTED_EDGE('',*,*,#12578,.T.);
#12625 = ORIENTED_EDGE('',*,*,#9187,.F.);
#12626 = ADVANCED_FACE('',(#12627),#9256,.T.);
#12627 = FACE_BOUND('',#12628,.T.);
#12628 = EDGE_LOOP('',(#12629,#12652,#12680,#12701));
#12629 = ORIENTED_EDGE('',*,*,#12630,.F.);
#12630 = EDGE_CURVE('',#12631,#9240,#12633,.T.);
#12631 = VERTEX_POINT('',#12632);
#12632 = CARTESIAN_POINT('',(14.435,-2.255,2.));
#12633 = SURFACE_CURVE('',#12634,(#12638,#12645),.PCURVE_S1.);
#12634 = LINE('',#12635,#12636);
#12635 = CARTESIAN_POINT('',(14.435,-2.255,2.));
#12636 = VECTOR('',#12637,1.);
#12637 = DIRECTION('',(0.,0.,1.));
#12638 = PCURVE('',#9256,#12639);
#12639 = DEFINITIONAL_REPRESENTATION('',(#12640),#12644);
#12640 = LINE('',#12641,#12642);
#12641 = CARTESIAN_POINT('',(0.,0.6));
#12642 = VECTOR('',#12643,1.);
#12643 = DIRECTION('',(1.,0.));
#12644 = ( GEOMETRIC_REPRESENTATION_CONTEXT(2) 
PARAMETRIC_REPRESENTATION_CONTEXT() REPRESENTATION_CONTEXT('2D SPACE',''
  ) );
#12645 = PCURVE('',#9332,#12646);
#12646 = DEFINITIONAL_REPRESENTATION('',(#12647),#12651);
#12647 = LINE('',#12648,#12649);
#12648 = CARTESIAN_POINT('',(0.,0.));
#12649 = VECTOR('',#12650,1.);
#12650 = DIRECTION('',(1.,0.));
#12651 = ( GEOMETRIC_REPRESENTATION_CONTEXT(2) 
PARAMETRIC_REPRESENTATION_CONTEXT() REPRESENTATION_CONTEXT('2D SPACE',''
  ) );
#12652 = ORIENTED_EDGE('',*,*,#12653,.F.);
#12653 = EDGE_CURVE('',#12654,#12631,#12656,.T.);
#12654 = VERTEX_POINT('',#12655);
#12655 = CARTESIAN_POINT('',(13.835,-2.255,2.));
#12656 = SURFACE_CURVE('',#12657,(#12661,#12668),.PCURVE_S1.);
#12657 = LINE('',#12658,#12659);
#12658 = CARTESIAN_POINT('',(13.835,-2.255,2.));
#12659 = VECTOR('',#12660,1.);
#12660 = DIRECTION('',(1.,0.,0.));
#12661 = PCURVE('',#9256,#12662);
#12662 = DEFINITIONAL_REPRESENTATION('',(#12663),#12667);
#12663 = LINE('',#12664,#12665);
#12664 = CARTESIAN_POINT('',(0.,0.));
#12665 = VECTOR('',#12666,1.);
#12666 = DIRECTION('',(0.,1.));
#12667 = ( GEOMETRIC_REPRESENTATION_CONTEXT(2) 
PARAMETRIC_REPRESENTATION_CONTEXT() REPRESENTATION_CONTEXT('2D SPACE',''
  ) );
#12668 = PCURVE('',#12669,#12674);
#12669 = PLANE('',#12670);
#12670 = AXIS2_PLACEMENT_3D('',#12671,#12672,#12673);
#12671 = CARTESIAN_POINT('',(13.835,-2.255,2.));
#12672 = DIRECTION('',(0.,0.,1.));
#12673 = DIRECTION('',(1.,0.,0.));
#12674 = DEFINITIONAL_REPRESENTATION('',(#12675),#12679);
#12675 = LINE('',#12676,#12677);
#12676 = CARTESIAN_POINT('',(0.,0.));
#12677 = VECTOR('',#12678,1.);
#12678 = DIRECTION('',(1.,0.));
#12679 = ( GEOMETRIC_REPRESENTATION_CONTEXT(2) 
PARAMETRIC_REPRESENTATION_CONTEXT() REPRESENTATION_CONTEXT('2D SPACE',''
  ) );
#12680 = ORIENTED_EDGE('',*,*,#12681,.T.);
#12681 = EDGE_CURVE('',#12654,#9242,#12682,.T.);
#12682 = SURFACE_CURVE('',#12683,(#12687,#12694),.PCURVE_S1.);
#12683 = LINE('',#12684,#12685);
#12684 = CARTESIAN_POINT('',(13.835,-2.255,2.));
#12685 = VECTOR('',#12686,1.);
#12686 = DIRECTION('',(0.,0.,1.));
#12687 = PCURVE('',#9256,#12688);
#12688 = DEFINITIONAL_REPRESENTATION('',(#12689),#12693);
#12689 = LINE('',#12690,#12691);
#12690 = CARTESIAN_POINT('',(0.,0.));
#12691 = VECTOR('',#12692,1.);
#12692 = DIRECTION('',(1.,0.));
#12693 = ( GEOMETRIC_REPRESENTATION_CONTEXT(2) 
PARAMETRIC_REPRESENTATION_CONTEXT() REPRESENTATION_CONTEXT('2D SPACE',''
  ) );
#12694 = PCURVE('',#9282,#12695);
#12695 = DEFINITIONAL_REPRESENTATION('',(#12696),#12700);
#12696 = LINE('',#12697,#12698);
#12697 = CARTESIAN_POINT('',(0.,0.));
#12698 = VECTOR('',#12699,1.);
#12699 = DIRECTION('',(1.,0.));
#12700 = ( GEOMETRIC_REPRESENTATION_CONTEXT(2) 
PARAMETRIC_REPRESENTATION_CONTEXT() REPRESENTATION_CONTEXT('2D SPACE',''
  ) );
#12701 = ORIENTED_EDGE('',*,*,#9239,.F.);
#12702 = ADVANCED_FACE('',(#12703),#9332,.F.);
#12703 = FACE_BOUND('',#12704,.F.);
#12704 = EDGE_LOOP('',(#12705,#12706,#12729,#12750));
#12705 = ORIENTED_EDGE('',*,*,#12630,.F.);
#12706 = ORIENTED_EDGE('',*,*,#12707,.T.);
#12707 = EDGE_CURVE('',#12631,#12708,#12710,.T.);
#12708 = VERTEX_POINT('',#12709);
#12709 = CARTESIAN_POINT('',(14.435,-1.655,2.));
#12710 = SURFACE_CURVE('',#12711,(#12715,#12722),.PCURVE_S1.);
#12711 = LINE('',#12712,#12713);
#12712 = CARTESIAN_POINT('',(14.435,-2.255,2.));
#12713 = VECTOR('',#12714,1.);
#12714 = DIRECTION('',(0.,1.,0.));
#12715 = PCURVE('',#9332,#12716);
#12716 = DEFINITIONAL_REPRESENTATION('',(#12717),#12721);
#12717 = LINE('',#12718,#12719);
#12718 = CARTESIAN_POINT('',(0.,0.));
#12719 = VECTOR('',#12720,1.);
#12720 = DIRECTION('',(0.,-1.));
#12721 = ( GEOMETRIC_REPRESENTATION_CONTEXT(2) 
PARAMETRIC_REPRESENTATION_CONTEXT() REPRESENTATION_CONTEXT('2D SPACE',''
  ) );
#12722 = PCURVE('',#12669,#12723);
#12723 = DEFINITIONAL_REPRESENTATION('',(#12724),#12728);
#12724 = LINE('',#12725,#12726);
#12725 = CARTESIAN_POINT('',(0.6,0.));
#12726 = VECTOR('',#12727,1.);
#12727 = DIRECTION('',(0.,1.));
#12728 = ( GEOMETRIC_REPRESENTATION_CONTEXT(2) 
PARAMETRIC_REPRESENTATION_CONTEXT() REPRESENTATION_CONTEXT('2D SPACE',''
  ) );
#12729 = ORIENTED_EDGE('',*,*,#12730,.T.);
#12730 = EDGE_CURVE('',#12708,#9294,#12731,.T.);
#12731 = SURFACE_CURVE('',#12732,(#12736,#12743),.PCURVE_S1.);
#12732 = LINE('',#12733,#12734);
#12733 = CARTESIAN_POINT('',(14.435,-1.655,2.));
#12734 = VECTOR('',#12735,1.);
#12735 = DIRECTION('',(0.,0.,1.));
#12736 = PCURVE('',#9332,#12737);
#12737 = DEFINITIONAL_REPRESENTATION('',(#12738),#12742);
#12738 = LINE('',#12739,#12740);
#12739 = CARTESIAN_POINT('',(0.,-0.6));
#12740 = VECTOR('',#12741,1.);
#12741 = DIRECTION('',(1.,0.));
#12742 = ( GEOMETRIC_REPRESENTATION_CONTEXT(2) 
PARAMETRIC_REPRESENTATION_CONTEXT() REPRESENTATION_CONTEXT('2D SPACE',''
  ) );
#12743 = PCURVE('',#9308,#12744);
#12744 = DEFINITIONAL_REPRESENTATION('',(#12745),#12749);
#12745 = LINE('',#12746,#12747);
#12746 = CARTESIAN_POINT('',(0.,0.6));
#12747 = VECTOR('',#12748,1.);
#12748 = DIRECTION('',(1.,0.));
#12749 = ( GEOMETRIC_REPRESENTATION_CONTEXT(2) 
PARAMETRIC_REPRESENTATION_CONTEXT() REPRESENTATION_CONTEXT('2D SPACE',''
  ) );
#12750 = ORIENTED_EDGE('',*,*,#9319,.F.);
#12751 = ADVANCED_FACE('',(#12752),#9282,.T.);
#12752 = FACE_BOUND('',#12753,.T.);
#12753 = EDGE_LOOP('',(#12754,#12755,#12778,#12799));
#12754 = ORIENTED_EDGE('',*,*,#12681,.F.);
#12755 = ORIENTED_EDGE('',*,*,#12756,.T.);
#12756 = EDGE_CURVE('',#12654,#12757,#12759,.T.);
#12757 = VERTEX_POINT('',#12758);
#12758 = CARTESIAN_POINT('',(13.835,-1.655,2.));
#12759 = SURFACE_CURVE('',#12760,(#12764,#12771),.PCURVE_S1.);
#12760 = LINE('',#12761,#12762);
#12761 = CARTESIAN_POINT('',(13.835,-2.255,2.));
#12762 = VECTOR('',#12763,1.);
#12763 = DIRECTION('',(0.,1.,0.));
#12764 = PCURVE('',#9282,#12765);
#12765 = DEFINITIONAL_REPRESENTATION('',(#12766),#12770);
#12766 = LINE('',#12767,#12768);
#12767 = CARTESIAN_POINT('',(0.,0.));
#12768 = VECTOR('',#12769,1.);
#12769 = DIRECTION('',(0.,-1.));
#12770 = ( GEOMETRIC_REPRESENTATION_CONTEXT(2) 
PARAMETRIC_REPRESENTATION_CONTEXT() REPRESENTATION_CONTEXT('2D SPACE',''
  ) );
#12771 = PCURVE('',#12669,#12772);
#12772 = DEFINITIONAL_REPRESENTATION('',(#12773),#12777);
#12773 = LINE('',#12774,#12775);
#12774 = CARTESIAN_POINT('',(0.,0.));
#12775 = VECTOR('',#12776,1.);
#12776 = DIRECTION('',(0.,1.));
#12777 = ( GEOMETRIC_REPRESENTATION_CONTEXT(2) 
PARAMETRIC_REPRESENTATION_CONTEXT() REPRESENTATION_CONTEXT('2D SPACE',''
  ) );
#12778 = ORIENTED_EDGE('',*,*,#12779,.T.);
#12779 = EDGE_CURVE('',#12757,#9268,#12780,.T.);
#12780 = SURFACE_CURVE('',#12781,(#12785,#12792),.PCURVE_S1.);
#12781 = LINE('',#12782,#12783);
#12782 = CARTESIAN_POINT('',(13.835,-1.655,2.));
#12783 = VECTOR('',#12784,1.);
#12784 = DIRECTION('',(0.,0.,1.));
#12785 = PCURVE('',#9282,#12786);
#12786 = DEFINITIONAL_REPRESENTATION('',(#12787),#12791);
#12787 = LINE('',#12788,#12789);
#12788 = CARTESIAN_POINT('',(0.,-0.6));
#12789 = VECTOR('',#12790,1.);
#12790 = DIRECTION('',(1.,0.));
#12791 = ( GEOMETRIC_REPRESENTATION_CONTEXT(2) 
PARAMETRIC_REPRESENTATION_CONTEXT() REPRESENTATION_CONTEXT('2D SPACE',''
  ) );
#12792 = PCURVE('',#9308,#12793);
#12793 = DEFINITIONAL_REPRESENTATION('',(#12794),#12798);
#12794 = LINE('',#12795,#12796);
#12795 = CARTESIAN_POINT('',(0.,0.));
#12796 = VECTOR('',#12797,1.);
#12797 = DIRECTION('',(1.,0.));
#12798 = ( GEOMETRIC_REPRESENTATION_CONTEXT(2) 
PARAMETRIC_REPRESENTATION_CONTEXT() REPRESENTATION_CONTEXT('2D SPACE',''
  ) );
#12799 = ORIENTED_EDGE('',*,*,#9267,.F.);
#12800 = ADVANCED_FACE('',(#12801),#9308,.F.);
#12801 = FACE_BOUND('',#12802,.F.);
#12802 = EDGE_LOOP('',(#12803,#12804,#12825,#12826));
#12803 = ORIENTED_EDGE('',*,*,#12730,.F.);
#12804 = ORIENTED_EDGE('',*,*,#12805,.F.);
#12805 = EDGE_CURVE('',#12757,#12708,#12806,.T.);
#12806 = SURFACE_CURVE('',#12807,(#12811,#12818),.PCURVE_S1.);
#12807 = LINE('',#12808,#12809);
#12808 = CARTESIAN_POINT('',(13.835,-1.655,2.));
#12809 = VECTOR('',#12810,1.);
#12810 = DIRECTION('',(1.,0.,0.));
#12811 = PCURVE('',#9308,#12812);
#12812 = DEFINITIONAL_REPRESENTATION('',(#12813),#12817);
#12813 = LINE('',#12814,#12815);
#12814 = CARTESIAN_POINT('',(0.,0.));
#12815 = VECTOR('',#12816,1.);
#12816 = DIRECTION('',(0.,1.));
#12817 = ( GEOMETRIC_REPRESENTATION_CONTEXT(2) 
PARAMETRIC_REPRESENTATION_CONTEXT() REPRESENTATION_CONTEXT('2D SPACE',''
  ) );
#12818 = PCURVE('',#12669,#12819);
#12819 = DEFINITIONAL_REPRESENTATION('',(#12820),#12824);
#12820 = LINE('',#12821,#12822);
#12821 = CARTESIAN_POINT('',(0.,0.6));
#12822 = VECTOR('',#12823,1.);
#12823 = DIRECTION('',(1.,0.));
#12824 = ( GEOMETRIC_REPRESENTATION_CONTEXT(2) 
PARAMETRIC_REPRESENTATION_CONTEXT() REPRESENTATION_CONTEXT('2D SPACE',''
  ) );
#12825 = ORIENTED_EDGE('',*,*,#12779,.T.);
#12826 = ORIENTED_EDGE('',*,*,#9293,.F.);
#12827 = ADVANCED_FACE('',(#12828),#9362,.T.);
#12828 = FACE_BOUND('',#12829,.T.);
#12829 = EDGE_LOOP('',(#12830,#12853,#12881,#12902));
#12830 = ORIENTED_EDGE('',*,*,#12831,.F.);
#12831 = EDGE_CURVE('',#12832,#9346,#12834,.T.);
#12832 = VERTEX_POINT('',#12833);
#12833 = CARTESIAN_POINT('',(14.435,-0.985,2.));
#12834 = SURFACE_CURVE('',#12835,(#12839,#12846),.PCURVE_S1.);
#12835 = LINE('',#12836,#12837);
#12836 = CARTESIAN_POINT('',(14.435,-0.985,2.));
#12837 = VECTOR('',#12838,1.);
#12838 = DIRECTION('',(0.,0.,1.));
#12839 = PCURVE('',#9362,#12840);
#12840 = DEFINITIONAL_REPRESENTATION('',(#12841),#12845);
#12841 = LINE('',#12842,#12843);
#12842 = CARTESIAN_POINT('',(0.,0.6));
#12843 = VECTOR('',#12844,1.);
#12844 = DIRECTION('',(1.,0.));
#12845 = ( GEOMETRIC_REPRESENTATION_CONTEXT(2) 
PARAMETRIC_REPRESENTATION_CONTEXT() REPRESENTATION_CONTEXT('2D SPACE',''
  ) );
#12846 = PCURVE('',#9438,#12847);
#12847 = DEFINITIONAL_REPRESENTATION('',(#12848),#12852);
#12848 = LINE('',#12849,#12850);
#12849 = CARTESIAN_POINT('',(0.,0.));
#12850 = VECTOR('',#12851,1.);
#12851 = DIRECTION('',(1.,0.));
#12852 = ( GEOMETRIC_REPRESENTATION_CONTEXT(2) 
PARAMETRIC_REPRESENTATION_CONTEXT() REPRESENTATION_CONTEXT('2D SPACE',''
  ) );
#12853 = ORIENTED_EDGE('',*,*,#12854,.F.);
#12854 = EDGE_CURVE('',#12855,#12832,#12857,.T.);
#12855 = VERTEX_POINT('',#12856);
#12856 = CARTESIAN_POINT('',(13.835,-0.985,2.));
#12857 = SURFACE_CURVE('',#12858,(#12862,#12869),.PCURVE_S1.);
#12858 = LINE('',#12859,#12860);
#12859 = CARTESIAN_POINT('',(13.835,-0.985,2.));
#12860 = VECTOR('',#12861,1.);
#12861 = DIRECTION('',(1.,0.,0.));
#12862 = PCURVE('',#9362,#12863);
#12863 = DEFINITIONAL_REPRESENTATION('',(#12864),#12868);
#12864 = LINE('',#12865,#12866);
#12865 = CARTESIAN_POINT('',(0.,0.));
#12866 = VECTOR('',#12867,1.);
#12867 = DIRECTION('',(0.,1.));
#12868 = ( GEOMETRIC_REPRESENTATION_CONTEXT(2) 
PARAMETRIC_REPRESENTATION_CONTEXT() REPRESENTATION_CONTEXT('2D SPACE',''
  ) );
#12869 = PCURVE('',#12870,#12875);
#12870 = PLANE('',#12871);
#12871 = AXIS2_PLACEMENT_3D('',#12872,#12873,#12874);
#12872 = CARTESIAN_POINT('',(13.835,-0.985,2.));
#12873 = DIRECTION('',(0.,0.,1.));
#12874 = DIRECTION('',(1.,0.,0.));
#12875 = DEFINITIONAL_REPRESENTATION('',(#12876),#12880);
#12876 = LINE('',#12877,#12878);
#12877 = CARTESIAN_POINT('',(0.,0.));
#12878 = VECTOR('',#12879,1.);
#12879 = DIRECTION('',(1.,0.));
#12880 = ( GEOMETRIC_REPRESENTATION_CONTEXT(2) 
PARAMETRIC_REPRESENTATION_CONTEXT() REPRESENTATION_CONTEXT('2D SPACE',''
  ) );
#12881 = ORIENTED_EDGE('',*,*,#12882,.T.);
#12882 = EDGE_CURVE('',#12855,#9348,#12883,.T.);
#12883 = SURFACE_CURVE('',#12884,(#12888,#12895),.PCURVE_S1.);
#12884 = LINE('',#12885,#12886);
#12885 = CARTESIAN_POINT('',(13.835,-0.985,2.));
#12886 = VECTOR('',#12887,1.);
#12887 = DIRECTION('',(0.,0.,1.));
#12888 = PCURVE('',#9362,#12889);
#12889 = DEFINITIONAL_REPRESENTATION('',(#12890),#12894);
#12890 = LINE('',#12891,#12892);
#12891 = CARTESIAN_POINT('',(0.,0.));
#12892 = VECTOR('',#12893,1.);
#12893 = DIRECTION('',(1.,0.));
#12894 = ( GEOMETRIC_REPRESENTATION_CONTEXT(2) 
PARAMETRIC_REPRESENTATION_CONTEXT() REPRESENTATION_CONTEXT('2D SPACE',''
  ) );
#12895 = PCURVE('',#9388,#12896);
#12896 = DEFINITIONAL_REPRESENTATION('',(#12897),#12901);
#12897 = LINE('',#12898,#12899);
#12898 = CARTESIAN_POINT('',(0.,0.));
#12899 = VECTOR('',#12900,1.);
#12900 = DIRECTION('',(1.,0.));
#12901 = ( GEOMETRIC_REPRESENTATION_CONTEXT(2) 
PARAMETRIC_REPRESENTATION_CONTEXT() REPRESENTATION_CONTEXT('2D SPACE',''
  ) );
#12902 = ORIENTED_EDGE('',*,*,#9345,.F.);
#12903 = ADVANCED_FACE('',(#12904),#9438,.F.);
#12904 = FACE_BOUND('',#12905,.F.);
#12905 = EDGE_LOOP('',(#12906,#12907,#12930,#12951));
#12906 = ORIENTED_EDGE('',*,*,#12831,.F.);
#12907 = ORIENTED_EDGE('',*,*,#12908,.T.);
#12908 = EDGE_CURVE('',#12832,#12909,#12911,.T.);
#12909 = VERTEX_POINT('',#12910);
#12910 = CARTESIAN_POINT('',(14.435,-0.385,2.));
#12911 = SURFACE_CURVE('',#12912,(#12916,#12923),.PCURVE_S1.);
#12912 = LINE('',#12913,#12914);
#12913 = CARTESIAN_POINT('',(14.435,-0.985,2.));
#12914 = VECTOR('',#12915,1.);
#12915 = DIRECTION('',(0.,1.,0.));
#12916 = PCURVE('',#9438,#12917);
#12917 = DEFINITIONAL_REPRESENTATION('',(#12918),#12922);
#12918 = LINE('',#12919,#12920);
#12919 = CARTESIAN_POINT('',(0.,0.));
#12920 = VECTOR('',#12921,1.);
#12921 = DIRECTION('',(0.,-1.));
#12922 = ( GEOMETRIC_REPRESENTATION_CONTEXT(2) 
PARAMETRIC_REPRESENTATION_CONTEXT() REPRESENTATION_CONTEXT('2D SPACE',''
  ) );
#12923 = PCURVE('',#12870,#12924);
#12924 = DEFINITIONAL_REPRESENTATION('',(#12925),#12929);
#12925 = LINE('',#12926,#12927);
#12926 = CARTESIAN_POINT('',(0.6,0.));
#12927 = VECTOR('',#12928,1.);
#12928 = DIRECTION('',(0.,1.));
#12929 = ( GEOMETRIC_REPRESENTATION_CONTEXT(2) 
PARAMETRIC_REPRESENTATION_CONTEXT() REPRESENTATION_CONTEXT('2D SPACE',''
  ) );
#12930 = ORIENTED_EDGE('',*,*,#12931,.T.);
#12931 = EDGE_CURVE('',#12909,#9400,#12932,.T.);
#12932 = SURFACE_CURVE('',#12933,(#12937,#12944),.PCURVE_S1.);
#12933 = LINE('',#12934,#12935);
#12934 = CARTESIAN_POINT('',(14.435,-0.385,2.));
#12935 = VECTOR('',#12936,1.);
#12936 = DIRECTION('',(0.,0.,1.));
#12937 = PCURVE('',#9438,#12938);
#12938 = DEFINITIONAL_REPRESENTATION('',(#12939),#12943);
#12939 = LINE('',#12940,#12941);
#12940 = CARTESIAN_POINT('',(0.,-0.6));
#12941 = VECTOR('',#12942,1.);
#12942 = DIRECTION('',(1.,0.));
#12943 = ( GEOMETRIC_REPRESENTATION_CONTEXT(2) 
PARAMETRIC_REPRESENTATION_CONTEXT() REPRESENTATION_CONTEXT('2D SPACE',''
  ) );
#12944 = PCURVE('',#9414,#12945);
#12945 = DEFINITIONAL_REPRESENTATION('',(#12946),#12950);
#12946 = LINE('',#12947,#12948);
#12947 = CARTESIAN_POINT('',(0.,0.6));
#12948 = VECTOR('',#12949,1.);
#12949 = DIRECTION('',(1.,0.));
#12950 = ( GEOMETRIC_REPRESENTATION_CONTEXT(2) 
PARAMETRIC_REPRESENTATION_CONTEXT() REPRESENTATION_CONTEXT('2D SPACE',''
  ) );
#12951 = ORIENTED_EDGE('',*,*,#9425,.F.);
#12952 = ADVANCED_FACE('',(#12953),#9388,.T.);
#12953 = FACE_BOUND('',#12954,.T.);
#12954 = EDGE_LOOP('',(#12955,#12956,#12979,#13000));
#12955 = ORIENTED_EDGE('',*,*,#12882,.F.);
#12956 = ORIENTED_EDGE('',*,*,#12957,.T.);
#12957 = EDGE_CURVE('',#12855,#12958,#12960,.T.);
#12958 = VERTEX_POINT('',#12959);
#12959 = CARTESIAN_POINT('',(13.835,-0.385,2.));
#12960 = SURFACE_CURVE('',#12961,(#12965,#12972),.PCURVE_S1.);
#12961 = LINE('',#12962,#12963);
#12962 = CARTESIAN_POINT('',(13.835,-0.985,2.));
#12963 = VECTOR('',#12964,1.);
#12964 = DIRECTION('',(0.,1.,0.));
#12965 = PCURVE('',#9388,#12966);
#12966 = DEFINITIONAL_REPRESENTATION('',(#12967),#12971);
#12967 = LINE('',#12968,#12969);
#12968 = CARTESIAN_POINT('',(0.,0.));
#12969 = VECTOR('',#12970,1.);
#12970 = DIRECTION('',(0.,-1.));
#12971 = ( GEOMETRIC_REPRESENTATION_CONTEXT(2) 
PARAMETRIC_REPRESENTATION_CONTEXT() REPRESENTATION_CONTEXT('2D SPACE',''
  ) );
#12972 = PCURVE('',#12870,#12973);
#12973 = DEFINITIONAL_REPRESENTATION('',(#12974),#12978);
#12974 = LINE('',#12975,#12976);
#12975 = CARTESIAN_POINT('',(0.,0.));
#12976 = VECTOR('',#12977,1.);
#12977 = DIRECTION('',(0.,1.));
#12978 = ( GEOMETRIC_REPRESENTATION_CONTEXT(2) 
PARAMETRIC_REPRESENTATION_CONTEXT() REPRESENTATION_CONTEXT('2D SPACE',''
  ) );
#12979 = ORIENTED_EDGE('',*,*,#12980,.T.);
#12980 = EDGE_CURVE('',#12958,#9374,#12981,.T.);
#12981 = SURFACE_CURVE('',#12982,(#12986,#12993),.PCURVE_S1.);
#12982 = LINE('',#12983,#12984);
#12983 = CARTESIAN_POINT('',(13.835,-0.385,2.));
#12984 = VECTOR('',#12985,1.);
#12985 = DIRECTION('',(0.,0.,1.));
#12986 = PCURVE('',#9388,#12987);
#12987 = DEFINITIONAL_REPRESENTATION('',(#12988),#12992);
#12988 = LINE('',#12989,#12990);
#12989 = CARTESIAN_POINT('',(0.,-0.6));
#12990 = VECTOR('',#12991,1.);
#12991 = DIRECTION('',(1.,0.));
#12992 = ( GEOMETRIC_REPRESENTATION_CONTEXT(2) 
PARAMETRIC_REPRESENTATION_CONTEXT() REPRESENTATION_CONTEXT('2D SPACE',''
  ) );
#12993 = PCURVE('',#9414,#12994);
#12994 = DEFINITIONAL_REPRESENTATION('',(#12995),#12999);
#12995 = LINE('',#12996,#12997);
#12996 = CARTESIAN_POINT('',(0.,0.));
#12997 = VECTOR('',#12998,1.);
#12998 = DIRECTION('',(1.,0.));
#12999 = ( GEOMETRIC_REPRESENTATION_CONTEXT(2) 
PARAMETRIC_REPRESENTATION_CONTEXT() REPRESENTATION_CONTEXT('2D SPACE',''
  ) );
#13000 = ORIENTED_EDGE('',*,*,#9373,.F.);
#13001 = ADVANCED_FACE('',(#13002),#9414,.F.);
#13002 = FACE_BOUND('',#13003,.F.);
#13003 = EDGE_LOOP('',(#13004,#13005,#13026,#13027));
#13004 = ORIENTED_EDGE('',*,*,#12931,.F.);
#13005 = ORIENTED_EDGE('',*,*,#13006,.F.);
#13006 = EDGE_CURVE('',#12958,#12909,#13007,.T.);
#13007 = SURFACE_CURVE('',#13008,(#13012,#13019),.PCURVE_S1.);
#13008 = LINE('',#13009,#13010);
#13009 = CARTESIAN_POINT('',(13.835,-0.385,2.));
#13010 = VECTOR('',#13011,1.);
#13011 = DIRECTION('',(1.,0.,0.));
#13012 = PCURVE('',#9414,#13013);
#13013 = DEFINITIONAL_REPRESENTATION('',(#13014),#13018);
#13014 = LINE('',#13015,#13016);
#13015 = CARTESIAN_POINT('',(0.,0.));
#13016 = VECTOR('',#13017,1.);
#13017 = DIRECTION('',(0.,1.));
#13018 = ( GEOMETRIC_REPRESENTATION_CONTEXT(2) 
PARAMETRIC_REPRESENTATION_CONTEXT() REPRESENTATION_CONTEXT('2D SPACE',''
  ) );
#13019 = PCURVE('',#12870,#13020);
#13020 = DEFINITIONAL_REPRESENTATION('',(#13021),#13025);
#13021 = LINE('',#13022,#13023);
#13022 = CARTESIAN_POINT('',(0.,0.6));
#13023 = VECTOR('',#13024,1.);
#13024 = DIRECTION('',(1.,0.));
#13025 = ( GEOMETRIC_REPRESENTATION_CONTEXT(2) 
PARAMETRIC_REPRESENTATION_CONTEXT() REPRESENTATION_CONTEXT('2D SPACE',''
  ) );
#13026 = ORIENTED_EDGE('',*,*,#12980,.T.);
#13027 = ORIENTED_EDGE('',*,*,#9399,.F.);
#13028 = ADVANCED_FACE('',(#13029),#9468,.T.);
#13029 = FACE_BOUND('',#13030,.T.);
#13030 = EDGE_LOOP('',(#13031,#13054,#13082,#13103));
#13031 = ORIENTED_EDGE('',*,*,#13032,.F.);
#13032 = EDGE_CURVE('',#13033,#9452,#13035,.T.);
#13033 = VERTEX_POINT('',#13034);
#13034 = CARTESIAN_POINT('',(13.165,0.285,2.));
#13035 = SURFACE_CURVE('',#13036,(#13040,#13047),.PCURVE_S1.);
#13036 = LINE('',#13037,#13038);
#13037 = CARTESIAN_POINT('',(13.165,0.285,2.));
#13038 = VECTOR('',#13039,1.);
#13039 = DIRECTION('',(0.,0.,1.));
#13040 = PCURVE('',#9468,#13041);
#13041 = DEFINITIONAL_REPRESENTATION('',(#13042),#13046);
#13042 = LINE('',#13043,#13044);
#13043 = CARTESIAN_POINT('',(0.,0.6));
#13044 = VECTOR('',#13045,1.);
#13045 = DIRECTION('',(1.,0.));
#13046 = ( GEOMETRIC_REPRESENTATION_CONTEXT(2) 
PARAMETRIC_REPRESENTATION_CONTEXT() REPRESENTATION_CONTEXT('2D SPACE',''
  ) );
#13047 = PCURVE('',#9544,#13048);
#13048 = DEFINITIONAL_REPRESENTATION('',(#13049),#13053);
#13049 = LINE('',#13050,#13051);
#13050 = CARTESIAN_POINT('',(0.,0.));
#13051 = VECTOR('',#13052,1.);
#13052 = DIRECTION('',(1.,0.));
#13053 = ( GEOMETRIC_REPRESENTATION_CONTEXT(2) 
PARAMETRIC_REPRESENTATION_CONTEXT() REPRESENTATION_CONTEXT('2D SPACE',''
  ) );
#13054 = ORIENTED_EDGE('',*,*,#13055,.F.);
#13055 = EDGE_CURVE('',#13056,#13033,#13058,.T.);
#13056 = VERTEX_POINT('',#13057);
#13057 = CARTESIAN_POINT('',(12.565,0.285,2.));
#13058 = SURFACE_CURVE('',#13059,(#13063,#13070),.PCURVE_S1.);
#13059 = LINE('',#13060,#13061);
#13060 = CARTESIAN_POINT('',(12.565,0.285,2.));
#13061 = VECTOR('',#13062,1.);
#13062 = DIRECTION('',(1.,0.,0.));
#13063 = PCURVE('',#9468,#13064);
#13064 = DEFINITIONAL_REPRESENTATION('',(#13065),#13069);
#13065 = LINE('',#13066,#13067);
#13066 = CARTESIAN_POINT('',(0.,0.));
#13067 = VECTOR('',#13068,1.);
#13068 = DIRECTION('',(0.,1.));
#13069 = ( GEOMETRIC_REPRESENTATION_CONTEXT(2) 
PARAMETRIC_REPRESENTATION_CONTEXT() REPRESENTATION_CONTEXT('2D SPACE',''
  ) );
#13070 = PCURVE('',#13071,#13076);
#13071 = PLANE('',#13072);
#13072 = AXIS2_PLACEMENT_3D('',#13073,#13074,#13075);
#13073 = CARTESIAN_POINT('',(12.565,0.285,2.));
#13074 = DIRECTION('',(0.,0.,1.));
#13075 = DIRECTION('',(1.,0.,0.));
#13076 = DEFINITIONAL_REPRESENTATION('',(#13077),#13081);
#13077 = LINE('',#13078,#13079);
#13078 = CARTESIAN_POINT('',(0.,0.));
#13079 = VECTOR('',#13080,1.);
#13080 = DIRECTION('',(1.,0.));
#13081 = ( GEOMETRIC_REPRESENTATION_CONTEXT(2) 
PARAMETRIC_REPRESENTATION_CONTEXT() REPRESENTATION_CONTEXT('2D SPACE',''
  ) );
#13082 = ORIENTED_EDGE('',*,*,#13083,.T.);
#13083 = EDGE_CURVE('',#13056,#9454,#13084,.T.);
#13084 = SURFACE_CURVE('',#13085,(#13089,#13096),.PCURVE_S1.);
#13085 = LINE('',#13086,#13087);
#13086 = CARTESIAN_POINT('',(12.565,0.285,2.));
#13087 = VECTOR('',#13088,1.);
#13088 = DIRECTION('',(0.,0.,1.));
#13089 = PCURVE('',#9468,#13090);
#13090 = DEFINITIONAL_REPRESENTATION('',(#13091),#13095);
#13091 = LINE('',#13092,#13093);
#13092 = CARTESIAN_POINT('',(0.,0.));
#13093 = VECTOR('',#13094,1.);
#13094 = DIRECTION('',(1.,0.));
#13095 = ( GEOMETRIC_REPRESENTATION_CONTEXT(2) 
PARAMETRIC_REPRESENTATION_CONTEXT() REPRESENTATION_CONTEXT('2D SPACE',''
  ) );
#13096 = PCURVE('',#9494,#13097);
#13097 = DEFINITIONAL_REPRESENTATION('',(#13098),#13102);
#13098 = LINE('',#13099,#13100);
#13099 = CARTESIAN_POINT('',(0.,0.));
#13100 = VECTOR('',#13101,1.);
#13101 = DIRECTION('',(1.,0.));
#13102 = ( GEOMETRIC_REPRESENTATION_CONTEXT(2) 
PARAMETRIC_REPRESENTATION_CONTEXT() REPRESENTATION_CONTEXT('2D SPACE',''
  ) );
#13103 = ORIENTED_EDGE('',*,*,#9451,.F.);
#13104 = ADVANCED_FACE('',(#13105),#9544,.F.);
#13105 = FACE_BOUND('',#13106,.F.);
#13106 = EDGE_LOOP('',(#13107,#13108,#13131,#13152));
#13107 = ORIENTED_EDGE('',*,*,#13032,.F.);
#13108 = ORIENTED_EDGE('',*,*,#13109,.T.);
#13109 = EDGE_CURVE('',#13033,#13110,#13112,.T.);
#13110 = VERTEX_POINT('',#13111);
#13111 = CARTESIAN_POINT('',(13.165,0.885,2.));
#13112 = SURFACE_CURVE('',#13113,(#13117,#13124),.PCURVE_S1.);
#13113 = LINE('',#13114,#13115);
#13114 = CARTESIAN_POINT('',(13.165,0.285,2.));
#13115 = VECTOR('',#13116,1.);
#13116 = DIRECTION('',(0.,1.,0.));
#13117 = PCURVE('',#9544,#13118);
#13118 = DEFINITIONAL_REPRESENTATION('',(#13119),#13123);
#13119 = LINE('',#13120,#13121);
#13120 = CARTESIAN_POINT('',(0.,0.));
#13121 = VECTOR('',#13122,1.);
#13122 = DIRECTION('',(0.,-1.));
#13123 = ( GEOMETRIC_REPRESENTATION_CONTEXT(2) 
PARAMETRIC_REPRESENTATION_CONTEXT() REPRESENTATION_CONTEXT('2D SPACE',''
  ) );
#13124 = PCURVE('',#13071,#13125);
#13125 = DEFINITIONAL_REPRESENTATION('',(#13126),#13130);
#13126 = LINE('',#13127,#13128);
#13127 = CARTESIAN_POINT('',(0.6,0.));
#13128 = VECTOR('',#13129,1.);
#13129 = DIRECTION('',(0.,1.));
#13130 = ( GEOMETRIC_REPRESENTATION_CONTEXT(2) 
PARAMETRIC_REPRESENTATION_CONTEXT() REPRESENTATION_CONTEXT('2D SPACE',''
  ) );
#13131 = ORIENTED_EDGE('',*,*,#13132,.T.);
#13132 = EDGE_CURVE('',#13110,#9506,#13133,.T.);
#13133 = SURFACE_CURVE('',#13134,(#13138,#13145),.PCURVE_S1.);
#13134 = LINE('',#13135,#13136);
#13135 = CARTESIAN_POINT('',(13.165,0.885,2.));
#13136 = VECTOR('',#13137,1.);
#13137 = DIRECTION('',(0.,0.,1.));
#13138 = PCURVE('',#9544,#13139);
#13139 = DEFINITIONAL_REPRESENTATION('',(#13140),#13144);
#13140 = LINE('',#13141,#13142);
#13141 = CARTESIAN_POINT('',(0.,-0.6));
#13142 = VECTOR('',#13143,1.);
#13143 = DIRECTION('',(1.,0.));
#13144 = ( GEOMETRIC_REPRESENTATION_CONTEXT(2) 
PARAMETRIC_REPRESENTATION_CONTEXT() REPRESENTATION_CONTEXT('2D SPACE',''
  ) );
#13145 = PCURVE('',#9520,#13146);
#13146 = DEFINITIONAL_REPRESENTATION('',(#13147),#13151);
#13147 = LINE('',#13148,#13149);
#13148 = CARTESIAN_POINT('',(0.,0.6));
#13149 = VECTOR('',#13150,1.);
#13150 = DIRECTION('',(1.,0.));
#13151 = ( GEOMETRIC_REPRESENTATION_CONTEXT(2) 
PARAMETRIC_REPRESENTATION_CONTEXT() REPRESENTATION_CONTEXT('2D SPACE',''
  ) );
#13152 = ORIENTED_EDGE('',*,*,#9531,.F.);
#13153 = ADVANCED_FACE('',(#13154),#9494,.T.);
#13154 = FACE_BOUND('',#13155,.T.);
#13155 = EDGE_LOOP('',(#13156,#13157,#13180,#13201));
#13156 = ORIENTED_EDGE('',*,*,#13083,.F.);
#13157 = ORIENTED_EDGE('',*,*,#13158,.T.);
#13158 = EDGE_CURVE('',#13056,#13159,#13161,.T.);
#13159 = VERTEX_POINT('',#13160);
#13160 = CARTESIAN_POINT('',(12.565,0.885,2.));
#13161 = SURFACE_CURVE('',#13162,(#13166,#13173),.PCURVE_S1.);
#13162 = LINE('',#13163,#13164);
#13163 = CARTESIAN_POINT('',(12.565,0.285,2.));
#13164 = VECTOR('',#13165,1.);
#13165 = DIRECTION('',(0.,1.,0.));
#13166 = PCURVE('',#9494,#13167);
#13167 = DEFINITIONAL_REPRESENTATION('',(#13168),#13172);
#13168 = LINE('',#13169,#13170);
#13169 = CARTESIAN_POINT('',(0.,0.));
#13170 = VECTOR('',#13171,1.);
#13171 = DIRECTION('',(0.,-1.));
#13172 = ( GEOMETRIC_REPRESENTATION_CONTEXT(2) 
PARAMETRIC_REPRESENTATION_CONTEXT() REPRESENTATION_CONTEXT('2D SPACE',''
  ) );
#13173 = PCURVE('',#13071,#13174);
#13174 = DEFINITIONAL_REPRESENTATION('',(#13175),#13179);
#13175 = LINE('',#13176,#13177);
#13176 = CARTESIAN_POINT('',(0.,0.));
#13177 = VECTOR('',#13178,1.);
#13178 = DIRECTION('',(0.,1.));
#13179 = ( GEOMETRIC_REPRESENTATION_CONTEXT(2) 
PARAMETRIC_REPRESENTATION_CONTEXT() REPRESENTATION_CONTEXT('2D SPACE',''
  ) );
#13180 = ORIENTED_EDGE('',*,*,#13181,.T.);
#13181 = EDGE_CURVE('',#13159,#9480,#13182,.T.);
#13182 = SURFACE_CURVE('',#13183,(#13187,#13194),.PCURVE_S1.);
#13183 = LINE('',#13184,#13185);
#13184 = CARTESIAN_POINT('',(12.565,0.885,2.));
#13185 = VECTOR('',#13186,1.);
#13186 = DIRECTION('',(0.,0.,1.));
#13187 = PCURVE('',#9494,#13188);
#13188 = DEFINITIONAL_REPRESENTATION('',(#13189),#13193);
#13189 = LINE('',#13190,#13191);
#13190 = CARTESIAN_POINT('',(0.,-0.6));
#13191 = VECTOR('',#13192,1.);
#13192 = DIRECTION('',(1.,0.));
#13193 = ( GEOMETRIC_REPRESENTATION_CONTEXT(2) 
PARAMETRIC_REPRESENTATION_CONTEXT() REPRESENTATION_CONTEXT('2D SPACE',''
  ) );
#13194 = PCURVE('',#9520,#13195);
#13195 = DEFINITIONAL_REPRESENTATION('',(#13196),#13200);
#13196 = LINE('',#13197,#13198);
#13197 = CARTESIAN_POINT('',(0.,0.));
#13198 = VECTOR('',#13199,1.);
#13199 = DIRECTION('',(1.,0.));
#13200 = ( GEOMETRIC_REPRESENTATION_CONTEXT(2) 
PARAMETRIC_REPRESENTATION_CONTEXT() REPRESENTATION_CONTEXT('2D SPACE',''
  ) );
#13201 = ORIENTED_EDGE('',*,*,#9479,.F.);
#13202 = ADVANCED_FACE('',(#13203),#9520,.F.);
#13203 = FACE_BOUND('',#13204,.F.);
#13204 = EDGE_LOOP('',(#13205,#13206,#13227,#13228));
#13205 = ORIENTED_EDGE('',*,*,#13132,.F.);
#13206 = ORIENTED_EDGE('',*,*,#13207,.F.);
#13207 = EDGE_CURVE('',#13159,#13110,#13208,.T.);
#13208 = SURFACE_CURVE('',#13209,(#13213,#13220),.PCURVE_S1.);
#13209 = LINE('',#13210,#13211);
#13210 = CARTESIAN_POINT('',(12.565,0.885,2.));
#13211 = VECTOR('',#13212,1.);
#13212 = DIRECTION('',(1.,0.,0.));
#13213 = PCURVE('',#9520,#13214);
#13214 = DEFINITIONAL_REPRESENTATION('',(#13215),#13219);
#13215 = LINE('',#13216,#13217);
#13216 = CARTESIAN_POINT('',(0.,0.));
#13217 = VECTOR('',#13218,1.);
#13218 = DIRECTION('',(0.,1.));
#13219 = ( GEOMETRIC_REPRESENTATION_CONTEXT(2) 
PARAMETRIC_REPRESENTATION_CONTEXT() REPRESENTATION_CONTEXT('2D SPACE',''
  ) );
#13220 = PCURVE('',#13071,#13221);
#13221 = DEFINITIONAL_REPRESENTATION('',(#13222),#13226);
#13222 = LINE('',#13223,#13224);
#13223 = CARTESIAN_POINT('',(0.,0.6));
#13224 = VECTOR('',#13225,1.);
#13225 = DIRECTION('',(1.,0.));
#13226 = ( GEOMETRIC_REPRESENTATION_CONTEXT(2) 
PARAMETRIC_REPRESENTATION_CONTEXT() REPRESENTATION_CONTEXT('2D SPACE',''
  ) );
#13227 = ORIENTED_EDGE('',*,*,#13181,.T.);
#13228 = ORIENTED_EDGE('',*,*,#9505,.F.);
#13229 = ADVANCED_FACE('',(#13230),#9574,.T.);
#13230 = FACE_BOUND('',#13231,.T.);
#13231 = EDGE_LOOP('',(#13232,#13255,#13283,#13304));
#13232 = ORIENTED_EDGE('',*,*,#13233,.F.);
#13233 = EDGE_CURVE('',#13234,#9558,#13236,.T.);
#13234 = VERTEX_POINT('',#13235);
#13235 = CARTESIAN_POINT('',(13.165,1.555,2.));
#13236 = SURFACE_CURVE('',#13237,(#13241,#13248),.PCURVE_S1.);
#13237 = LINE('',#13238,#13239);
#13238 = CARTESIAN_POINT('',(13.165,1.555,2.));
#13239 = VECTOR('',#13240,1.);
#13240 = DIRECTION('',(0.,0.,1.));
#13241 = PCURVE('',#9574,#13242);
#13242 = DEFINITIONAL_REPRESENTATION('',(#13243),#13247);
#13243 = LINE('',#13244,#13245);
#13244 = CARTESIAN_POINT('',(0.,0.6));
#13245 = VECTOR('',#13246,1.);
#13246 = DIRECTION('',(1.,0.));
#13247 = ( GEOMETRIC_REPRESENTATION_CONTEXT(2) 
PARAMETRIC_REPRESENTATION_CONTEXT() REPRESENTATION_CONTEXT('2D SPACE',''
  ) );
#13248 = PCURVE('',#9650,#13249);
#13249 = DEFINITIONAL_REPRESENTATION('',(#13250),#13254);
#13250 = LINE('',#13251,#13252);
#13251 = CARTESIAN_POINT('',(0.,0.));
#13252 = VECTOR('',#13253,1.);
#13253 = DIRECTION('',(1.,0.));
#13254 = ( GEOMETRIC_REPRESENTATION_CONTEXT(2) 
PARAMETRIC_REPRESENTATION_CONTEXT() REPRESENTATION_CONTEXT('2D SPACE',''
  ) );
#13255 = ORIENTED_EDGE('',*,*,#13256,.F.);
#13256 = EDGE_CURVE('',#13257,#13234,#13259,.T.);
#13257 = VERTEX_POINT('',#13258);
#13258 = CARTESIAN_POINT('',(12.565,1.555,2.));
#13259 = SURFACE_CURVE('',#13260,(#13264,#13271),.PCURVE_S1.);
#13260 = LINE('',#13261,#13262);
#13261 = CARTESIAN_POINT('',(12.565,1.555,2.));
#13262 = VECTOR('',#13263,1.);
#13263 = DIRECTION('',(1.,0.,0.));
#13264 = PCURVE('',#9574,#13265);
#13265 = DEFINITIONAL_REPRESENTATION('',(#13266),#13270);
#13266 = LINE('',#13267,#13268);
#13267 = CARTESIAN_POINT('',(0.,0.));
#13268 = VECTOR('',#13269,1.);
#13269 = DIRECTION('',(0.,1.));
#13270 = ( GEOMETRIC_REPRESENTATION_CONTEXT(2) 
PARAMETRIC_REPRESENTATION_CONTEXT() REPRESENTATION_CONTEXT('2D SPACE',''
  ) );
#13271 = PCURVE('',#13272,#13277);
#13272 = PLANE('',#13273);
#13273 = AXIS2_PLACEMENT_3D('',#13274,#13275,#13276);
#13274 = CARTESIAN_POINT('',(12.565,1.555,2.));
#13275 = DIRECTION('',(0.,0.,1.));
#13276 = DIRECTION('',(1.,0.,0.));
#13277 = DEFINITIONAL_REPRESENTATION('',(#13278),#13282);
#13278 = LINE('',#13279,#13280);
#13279 = CARTESIAN_POINT('',(0.,0.));
#13280 = VECTOR('',#13281,1.);
#13281 = DIRECTION('',(1.,0.));
#13282 = ( GEOMETRIC_REPRESENTATION_CONTEXT(2) 
PARAMETRIC_REPRESENTATION_CONTEXT() REPRESENTATION_CONTEXT('2D SPACE',''
  ) );
#13283 = ORIENTED_EDGE('',*,*,#13284,.T.);
#13284 = EDGE_CURVE('',#13257,#9560,#13285,.T.);
#13285 = SURFACE_CURVE('',#13286,(#13290,#13297),.PCURVE_S1.);
#13286 = LINE('',#13287,#13288);
#13287 = CARTESIAN_POINT('',(12.565,1.555,2.));
#13288 = VECTOR('',#13289,1.);
#13289 = DIRECTION('',(0.,0.,1.));
#13290 = PCURVE('',#9574,#13291);
#13291 = DEFINITIONAL_REPRESENTATION('',(#13292),#13296);
#13292 = LINE('',#13293,#13294);
#13293 = CARTESIAN_POINT('',(0.,0.));
#13294 = VECTOR('',#13295,1.);
#13295 = DIRECTION('',(1.,0.));
#13296 = ( GEOMETRIC_REPRESENTATION_CONTEXT(2) 
PARAMETRIC_REPRESENTATION_CONTEXT() REPRESENTATION_CONTEXT('2D SPACE',''
  ) );
#13297 = PCURVE('',#9600,#13298);
#13298 = DEFINITIONAL_REPRESENTATION('',(#13299),#13303);
#13299 = LINE('',#13300,#13301);
#13300 = CARTESIAN_POINT('',(0.,0.));
#13301 = VECTOR('',#13302,1.);
#13302 = DIRECTION('',(1.,0.));
#13303 = ( GEOMETRIC_REPRESENTATION_CONTEXT(2) 
PARAMETRIC_REPRESENTATION_CONTEXT() REPRESENTATION_CONTEXT('2D SPACE',''
  ) );
#13304 = ORIENTED_EDGE('',*,*,#9557,.F.);
#13305 = ADVANCED_FACE('',(#13306),#9650,.F.);
#13306 = FACE_BOUND('',#13307,.F.);
#13307 = EDGE_LOOP('',(#13308,#13309,#13332,#13353));
#13308 = ORIENTED_EDGE('',*,*,#13233,.F.);
#13309 = ORIENTED_EDGE('',*,*,#13310,.T.);
#13310 = EDGE_CURVE('',#13234,#13311,#13313,.T.);
#13311 = VERTEX_POINT('',#13312);
#13312 = CARTESIAN_POINT('',(13.165,2.155,2.));
#13313 = SURFACE_CURVE('',#13314,(#13318,#13325),.PCURVE_S1.);
#13314 = LINE('',#13315,#13316);
#13315 = CARTESIAN_POINT('',(13.165,1.555,2.));
#13316 = VECTOR('',#13317,1.);
#13317 = DIRECTION('',(0.,1.,0.));
#13318 = PCURVE('',#9650,#13319);
#13319 = DEFINITIONAL_REPRESENTATION('',(#13320),#13324);
#13320 = LINE('',#13321,#13322);
#13321 = CARTESIAN_POINT('',(0.,0.));
#13322 = VECTOR('',#13323,1.);
#13323 = DIRECTION('',(0.,-1.));
#13324 = ( GEOMETRIC_REPRESENTATION_CONTEXT(2) 
PARAMETRIC_REPRESENTATION_CONTEXT() REPRESENTATION_CONTEXT('2D SPACE',''
  ) );
#13325 = PCURVE('',#13272,#13326);
#13326 = DEFINITIONAL_REPRESENTATION('',(#13327),#13331);
#13327 = LINE('',#13328,#13329);
#13328 = CARTESIAN_POINT('',(0.6,0.));
#13329 = VECTOR('',#13330,1.);
#13330 = DIRECTION('',(0.,1.));
#13331 = ( GEOMETRIC_REPRESENTATION_CONTEXT(2) 
PARAMETRIC_REPRESENTATION_CONTEXT() REPRESENTATION_CONTEXT('2D SPACE',''
  ) );
#13332 = ORIENTED_EDGE('',*,*,#13333,.T.);
#13333 = EDGE_CURVE('',#13311,#9612,#13334,.T.);
#13334 = SURFACE_CURVE('',#13335,(#13339,#13346),.PCURVE_S1.);
#13335 = LINE('',#13336,#13337);
#13336 = CARTESIAN_POINT('',(13.165,2.155,2.));
#13337 = VECTOR('',#13338,1.);
#13338 = DIRECTION('',(0.,0.,1.));
#13339 = PCURVE('',#9650,#13340);
#13340 = DEFINITIONAL_REPRESENTATION('',(#13341),#13345);
#13341 = LINE('',#13342,#13343);
#13342 = CARTESIAN_POINT('',(0.,-0.6));
#13343 = VECTOR('',#13344,1.);
#13344 = DIRECTION('',(1.,0.));
#13345 = ( GEOMETRIC_REPRESENTATION_CONTEXT(2) 
PARAMETRIC_REPRESENTATION_CONTEXT() REPRESENTATION_CONTEXT('2D SPACE',''
  ) );
#13346 = PCURVE('',#9626,#13347);
#13347 = DEFINITIONAL_REPRESENTATION('',(#13348),#13352);
#13348 = LINE('',#13349,#13350);
#13349 = CARTESIAN_POINT('',(0.,0.6));
#13350 = VECTOR('',#13351,1.);
#13351 = DIRECTION('',(1.,0.));
#13352 = ( GEOMETRIC_REPRESENTATION_CONTEXT(2) 
PARAMETRIC_REPRESENTATION_CONTEXT() REPRESENTATION_CONTEXT('2D SPACE',''
  ) );
#13353 = ORIENTED_EDGE('',*,*,#9637,.F.);
#13354 = ADVANCED_FACE('',(#13355),#9600,.T.);
#13355 = FACE_BOUND('',#13356,.T.);
#13356 = EDGE_LOOP('',(#13357,#13358,#13381,#13402));
#13357 = ORIENTED_EDGE('',*,*,#13284,.F.);
#13358 = ORIENTED_EDGE('',*,*,#13359,.T.);
#13359 = EDGE_CURVE('',#13257,#13360,#13362,.T.);
#13360 = VERTEX_POINT('',#13361);
#13361 = CARTESIAN_POINT('',(12.565,2.155,2.));
#13362 = SURFACE_CURVE('',#13363,(#13367,#13374),.PCURVE_S1.);
#13363 = LINE('',#13364,#13365);
#13364 = CARTESIAN_POINT('',(12.565,1.555,2.));
#13365 = VECTOR('',#13366,1.);
#13366 = DIRECTION('',(0.,1.,0.));
#13367 = PCURVE('',#9600,#13368);
#13368 = DEFINITIONAL_REPRESENTATION('',(#13369),#13373);
#13369 = LINE('',#13370,#13371);
#13370 = CARTESIAN_POINT('',(0.,0.));
#13371 = VECTOR('',#13372,1.);
#13372 = DIRECTION('',(0.,-1.));
#13373 = ( GEOMETRIC_REPRESENTATION_CONTEXT(2) 
PARAMETRIC_REPRESENTATION_CONTEXT() REPRESENTATION_CONTEXT('2D SPACE',''
  ) );
#13374 = PCURVE('',#13272,#13375);
#13375 = DEFINITIONAL_REPRESENTATION('',(#13376),#13380);
#13376 = LINE('',#13377,#13378);
#13377 = CARTESIAN_POINT('',(0.,0.));
#13378 = VECTOR('',#13379,1.);
#13379 = DIRECTION('',(0.,1.));
#13380 = ( GEOMETRIC_REPRESENTATION_CONTEXT(2) 
PARAMETRIC_REPRESENTATION_CONTEXT() REPRESENTATION_CONTEXT('2D SPACE',''
  ) );
#13381 = ORIENTED_EDGE('',*,*,#13382,.T.);
#13382 = EDGE_CURVE('',#13360,#9586,#13383,.T.);
#13383 = SURFACE_CURVE('',#13384,(#13388,#13395),.PCURVE_S1.);
#13384 = LINE('',#13385,#13386);
#13385 = CARTESIAN_POINT('',(12.565,2.155,2.));
#13386 = VECTOR('',#13387,1.);
#13387 = DIRECTION('',(0.,0.,1.));
#13388 = PCURVE('',#9600,#13389);
#13389 = DEFINITIONAL_REPRESENTATION('',(#13390),#13394);
#13390 = LINE('',#13391,#13392);
#13391 = CARTESIAN_POINT('',(0.,-0.6));
#13392 = VECTOR('',#13393,1.);
#13393 = DIRECTION('',(1.,0.));
#13394 = ( GEOMETRIC_REPRESENTATION_CONTEXT(2) 
PARAMETRIC_REPRESENTATION_CONTEXT() REPRESENTATION_CONTEXT('2D SPACE',''
  ) );
#13395 = PCURVE('',#9626,#13396);
#13396 = DEFINITIONAL_REPRESENTATION('',(#13397),#13401);
#13397 = LINE('',#13398,#13399);
#13398 = CARTESIAN_POINT('',(0.,0.));
#13399 = VECTOR('',#13400,1.);
#13400 = DIRECTION('',(1.,0.));
#13401 = ( GEOMETRIC_REPRESENTATION_CONTEXT(2) 
PARAMETRIC_REPRESENTATION_CONTEXT() REPRESENTATION_CONTEXT('2D SPACE',''
  ) );
#13402 = ORIENTED_EDGE('',*,*,#9585,.F.);
#13403 = ADVANCED_FACE('',(#13404),#9626,.F.);
#13404 = FACE_BOUND('',#13405,.F.);
#13405 = EDGE_LOOP('',(#13406,#13407,#13428,#13429));
#13406 = ORIENTED_EDGE('',*,*,#13333,.F.);
#13407 = ORIENTED_EDGE('',*,*,#13408,.F.);
#13408 = EDGE_CURVE('',#13360,#13311,#13409,.T.);
#13409 = SURFACE_CURVE('',#13410,(#13414,#13421),.PCURVE_S1.);
#13410 = LINE('',#13411,#13412);
#13411 = CARTESIAN_POINT('',(12.565,2.155,2.));
#13412 = VECTOR('',#13413,1.);
#13413 = DIRECTION('',(1.,0.,0.));
#13414 = PCURVE('',#9626,#13415);
#13415 = DEFINITIONAL_REPRESENTATION('',(#13416),#13420);
#13416 = LINE('',#13417,#13418);
#13417 = CARTESIAN_POINT('',(0.,0.));
#13418 = VECTOR('',#13419,1.);
#13419 = DIRECTION('',(0.,1.));
#13420 = ( GEOMETRIC_REPRESENTATION_CONTEXT(2) 
PARAMETRIC_REPRESENTATION_CONTEXT() REPRESENTATION_CONTEXT('2D SPACE',''
  ) );
#13421 = PCURVE('',#13272,#13422);
#13422 = DEFINITIONAL_REPRESENTATION('',(#13423),#13427);
#13423 = LINE('',#13424,#13425);
#13424 = CARTESIAN_POINT('',(0.,0.6));
#13425 = VECTOR('',#13426,1.);
#13426 = DIRECTION('',(1.,0.));
#13427 = ( GEOMETRIC_REPRESENTATION_CONTEXT(2) 
PARAMETRIC_REPRESENTATION_CONTEXT() REPRESENTATION_CONTEXT('2D SPACE',''
  ) );
#13428 = ORIENTED_EDGE('',*,*,#13382,.T.);
#13429 = ORIENTED_EDGE('',*,*,#9611,.F.);
#13430 = ADVANCED_FACE('',(#13431),#9680,.T.);
#13431 = FACE_BOUND('',#13432,.T.);
#13432 = EDGE_LOOP('',(#13433,#13456,#13484,#13505));
#13433 = ORIENTED_EDGE('',*,*,#13434,.F.);
#13434 = EDGE_CURVE('',#13435,#9664,#13437,.T.);
#13435 = VERTEX_POINT('',#13436);
#13436 = CARTESIAN_POINT('',(13.165,2.825,2.));
#13437 = SURFACE_CURVE('',#13438,(#13442,#13449),.PCURVE_S1.);
#13438 = LINE('',#13439,#13440);
#13439 = CARTESIAN_POINT('',(13.165,2.825,2.));
#13440 = VECTOR('',#13441,1.);
#13441 = DIRECTION('',(0.,0.,1.));
#13442 = PCURVE('',#9680,#13443);
#13443 = DEFINITIONAL_REPRESENTATION('',(#13444),#13448);
#13444 = LINE('',#13445,#13446);
#13445 = CARTESIAN_POINT('',(0.,0.6));
#13446 = VECTOR('',#13447,1.);
#13447 = DIRECTION('',(1.,0.));
#13448 = ( GEOMETRIC_REPRESENTATION_CONTEXT(2) 
PARAMETRIC_REPRESENTATION_CONTEXT() REPRESENTATION_CONTEXT('2D SPACE',''
  ) );
#13449 = PCURVE('',#9756,#13450);
#13450 = DEFINITIONAL_REPRESENTATION('',(#13451),#13455);
#13451 = LINE('',#13452,#13453);
#13452 = CARTESIAN_POINT('',(0.,0.));
#13453 = VECTOR('',#13454,1.);
#13454 = DIRECTION('',(1.,0.));
#13455 = ( GEOMETRIC_REPRESENTATION_CONTEXT(2) 
PARAMETRIC_REPRESENTATION_CONTEXT() REPRESENTATION_CONTEXT('2D SPACE',''
  ) );
#13456 = ORIENTED_EDGE('',*,*,#13457,.F.);
#13457 = EDGE_CURVE('',#13458,#13435,#13460,.T.);
#13458 = VERTEX_POINT('',#13459);
#13459 = CARTESIAN_POINT('',(12.565,2.825,2.));
#13460 = SURFACE_CURVE('',#13461,(#13465,#13472),.PCURVE_S1.);
#13461 = LINE('',#13462,#13463);
#13462 = CARTESIAN_POINT('',(12.565,2.825,2.));
#13463 = VECTOR('',#13464,1.);
#13464 = DIRECTION('',(1.,0.,0.));
#13465 = PCURVE('',#9680,#13466);
#13466 = DEFINITIONAL_REPRESENTATION('',(#13467),#13471);
#13467 = LINE('',#13468,#13469);
#13468 = CARTESIAN_POINT('',(0.,0.));
#13469 = VECTOR('',#13470,1.);
#13470 = DIRECTION('',(0.,1.));
#13471 = ( GEOMETRIC_REPRESENTATION_CONTEXT(2) 
PARAMETRIC_REPRESENTATION_CONTEXT() REPRESENTATION_CONTEXT('2D SPACE',''
  ) );
#13472 = PCURVE('',#13473,#13478);
#13473 = PLANE('',#13474);
#13474 = AXIS2_PLACEMENT_3D('',#13475,#13476,#13477);
#13475 = CARTESIAN_POINT('',(12.565,2.825,2.));
#13476 = DIRECTION('',(0.,0.,1.));
#13477 = DIRECTION('',(1.,0.,0.));
#13478 = DEFINITIONAL_REPRESENTATION('',(#13479),#13483);
#13479 = LINE('',#13480,#13481);
#13480 = CARTESIAN_POINT('',(0.,0.));
#13481 = VECTOR('',#13482,1.);
#13482 = DIRECTION('',(1.,0.));
#13483 = ( GEOMETRIC_REPRESENTATION_CONTEXT(2) 
PARAMETRIC_REPRESENTATION_CONTEXT() REPRESENTATION_CONTEXT('2D SPACE',''
  ) );
#13484 = ORIENTED_EDGE('',*,*,#13485,.T.);
#13485 = EDGE_CURVE('',#13458,#9666,#13486,.T.);
#13486 = SURFACE_CURVE('',#13487,(#13491,#13498),.PCURVE_S1.);
#13487 = LINE('',#13488,#13489);
#13488 = CARTESIAN_POINT('',(12.565,2.825,2.));
#13489 = VECTOR('',#13490,1.);
#13490 = DIRECTION('',(0.,0.,1.));
#13491 = PCURVE('',#9680,#13492);
#13492 = DEFINITIONAL_REPRESENTATION('',(#13493),#13497);
#13493 = LINE('',#13494,#13495);
#13494 = CARTESIAN_POINT('',(0.,0.));
#13495 = VECTOR('',#13496,1.);
#13496 = DIRECTION('',(1.,0.));
#13497 = ( GEOMETRIC_REPRESENTATION_CONTEXT(2) 
PARAMETRIC_REPRESENTATION_CONTEXT() REPRESENTATION_CONTEXT('2D SPACE',''
  ) );
#13498 = PCURVE('',#9706,#13499);
#13499 = DEFINITIONAL_REPRESENTATION('',(#13500),#13504);
#13500 = LINE('',#13501,#13502);
#13501 = CARTESIAN_POINT('',(0.,0.));
#13502 = VECTOR('',#13503,1.);
#13503 = DIRECTION('',(1.,0.));
#13504 = ( GEOMETRIC_REPRESENTATION_CONTEXT(2) 
PARAMETRIC_REPRESENTATION_CONTEXT() REPRESENTATION_CONTEXT('2D SPACE',''
  ) );
#13505 = ORIENTED_EDGE('',*,*,#9663,.F.);
#13506 = ADVANCED_FACE('',(#13507),#9756,.F.);
#13507 = FACE_BOUND('',#13508,.F.);
#13508 = EDGE_LOOP('',(#13509,#13510,#13533,#13554));
#13509 = ORIENTED_EDGE('',*,*,#13434,.F.);
#13510 = ORIENTED_EDGE('',*,*,#13511,.T.);
#13511 = EDGE_CURVE('',#13435,#13512,#13514,.T.);
#13512 = VERTEX_POINT('',#13513);
#13513 = CARTESIAN_POINT('',(13.165,3.425,2.));
#13514 = SURFACE_CURVE('',#13515,(#13519,#13526),.PCURVE_S1.);
#13515 = LINE('',#13516,#13517);
#13516 = CARTESIAN_POINT('',(13.165,2.825,2.));
#13517 = VECTOR('',#13518,1.);
#13518 = DIRECTION('',(0.,1.,0.));
#13519 = PCURVE('',#9756,#13520);
#13520 = DEFINITIONAL_REPRESENTATION('',(#13521),#13525);
#13521 = LINE('',#13522,#13523);
#13522 = CARTESIAN_POINT('',(0.,0.));
#13523 = VECTOR('',#13524,1.);
#13524 = DIRECTION('',(0.,-1.));
#13525 = ( GEOMETRIC_REPRESENTATION_CONTEXT(2) 
PARAMETRIC_REPRESENTATION_CONTEXT() REPRESENTATION_CONTEXT('2D SPACE',''
  ) );
#13526 = PCURVE('',#13473,#13527);
#13527 = DEFINITIONAL_REPRESENTATION('',(#13528),#13532);
#13528 = LINE('',#13529,#13530);
#13529 = CARTESIAN_POINT('',(0.6,0.));
#13530 = VECTOR('',#13531,1.);
#13531 = DIRECTION('',(0.,1.));
#13532 = ( GEOMETRIC_REPRESENTATION_CONTEXT(2) 
PARAMETRIC_REPRESENTATION_CONTEXT() REPRESENTATION_CONTEXT('2D SPACE',''
  ) );
#13533 = ORIENTED_EDGE('',*,*,#13534,.T.);
#13534 = EDGE_CURVE('',#13512,#9718,#13535,.T.);
#13535 = SURFACE_CURVE('',#13536,(#13540,#13547),.PCURVE_S1.);
#13536 = LINE('',#13537,#13538);
#13537 = CARTESIAN_POINT('',(13.165,3.425,2.));
#13538 = VECTOR('',#13539,1.);
#13539 = DIRECTION('',(0.,0.,1.));
#13540 = PCURVE('',#9756,#13541);
#13541 = DEFINITIONAL_REPRESENTATION('',(#13542),#13546);
#13542 = LINE('',#13543,#13544);
#13543 = CARTESIAN_POINT('',(0.,-0.6));
#13544 = VECTOR('',#13545,1.);
#13545 = DIRECTION('',(1.,0.));
#13546 = ( GEOMETRIC_REPRESENTATION_CONTEXT(2) 
PARAMETRIC_REPRESENTATION_CONTEXT() REPRESENTATION_CONTEXT('2D SPACE',''
  ) );
#13547 = PCURVE('',#9732,#13548);
#13548 = DEFINITIONAL_REPRESENTATION('',(#13549),#13553);
#13549 = LINE('',#13550,#13551);
#13550 = CARTESIAN_POINT('',(0.,0.6));
#13551 = VECTOR('',#13552,1.);
#13552 = DIRECTION('',(1.,0.));
#13553 = ( GEOMETRIC_REPRESENTATION_CONTEXT(2) 
PARAMETRIC_REPRESENTATION_CONTEXT() REPRESENTATION_CONTEXT('2D SPACE',''
  ) );
#13554 = ORIENTED_EDGE('',*,*,#9743,.F.);
#13555 = ADVANCED_FACE('',(#13556),#9706,.T.);
#13556 = FACE_BOUND('',#13557,.T.);
#13557 = EDGE_LOOP('',(#13558,#13559,#13582,#13603));
#13558 = ORIENTED_EDGE('',*,*,#13485,.F.);
#13559 = ORIENTED_EDGE('',*,*,#13560,.T.);
#13560 = EDGE_CURVE('',#13458,#13561,#13563,.T.);
#13561 = VERTEX_POINT('',#13562);
#13562 = CARTESIAN_POINT('',(12.565,3.425,2.));
#13563 = SURFACE_CURVE('',#13564,(#13568,#13575),.PCURVE_S1.);
#13564 = LINE('',#13565,#13566);
#13565 = CARTESIAN_POINT('',(12.565,2.825,2.));
#13566 = VECTOR('',#13567,1.);
#13567 = DIRECTION('',(0.,1.,0.));
#13568 = PCURVE('',#9706,#13569);
#13569 = DEFINITIONAL_REPRESENTATION('',(#13570),#13574);
#13570 = LINE('',#13571,#13572);
#13571 = CARTESIAN_POINT('',(0.,0.));
#13572 = VECTOR('',#13573,1.);
#13573 = DIRECTION('',(0.,-1.));
#13574 = ( GEOMETRIC_REPRESENTATION_CONTEXT(2) 
PARAMETRIC_REPRESENTATION_CONTEXT() REPRESENTATION_CONTEXT('2D SPACE',''
  ) );
#13575 = PCURVE('',#13473,#13576);
#13576 = DEFINITIONAL_REPRESENTATION('',(#13577),#13581);
#13577 = LINE('',#13578,#13579);
#13578 = CARTESIAN_POINT('',(0.,0.));
#13579 = VECTOR('',#13580,1.);
#13580 = DIRECTION('',(0.,1.));
#13581 = ( GEOMETRIC_REPRESENTATION_CONTEXT(2) 
PARAMETRIC_REPRESENTATION_CONTEXT() REPRESENTATION_CONTEXT('2D SPACE',''
  ) );
#13582 = ORIENTED_EDGE('',*,*,#13583,.T.);
#13583 = EDGE_CURVE('',#13561,#9692,#13584,.T.);
#13584 = SURFACE_CURVE('',#13585,(#13589,#13596),.PCURVE_S1.);
#13585 = LINE('',#13586,#13587);
#13586 = CARTESIAN_POINT('',(12.565,3.425,2.));
#13587 = VECTOR('',#13588,1.);
#13588 = DIRECTION('',(0.,0.,1.));
#13589 = PCURVE('',#9706,#13590);
#13590 = DEFINITIONAL_REPRESENTATION('',(#13591),#13595);
#13591 = LINE('',#13592,#13593);
#13592 = CARTESIAN_POINT('',(0.,-0.6));
#13593 = VECTOR('',#13594,1.);
#13594 = DIRECTION('',(1.,0.));
#13595 = ( GEOMETRIC_REPRESENTATION_CONTEXT(2) 
PARAMETRIC_REPRESENTATION_CONTEXT() REPRESENTATION_CONTEXT('2D SPACE',''
  ) );
#13596 = PCURVE('',#9732,#13597);
#13597 = DEFINITIONAL_REPRESENTATION('',(#13598),#13602);
#13598 = LINE('',#13599,#13600);
#13599 = CARTESIAN_POINT('',(0.,0.));
#13600 = VECTOR('',#13601,1.);
#13601 = DIRECTION('',(1.,0.));
#13602 = ( GEOMETRIC_REPRESENTATION_CONTEXT(2) 
PARAMETRIC_REPRESENTATION_CONTEXT() REPRESENTATION_CONTEXT('2D SPACE',''
  ) );
#13603 = ORIENTED_EDGE('',*,*,#9691,.F.);
#13604 = ADVANCED_FACE('',(#13605),#9732,.F.);
#13605 = FACE_BOUND('',#13606,.F.);
#13606 = EDGE_LOOP('',(#13607,#13608,#13629,#13630));
#13607 = ORIENTED_EDGE('',*,*,#13534,.F.);
#13608 = ORIENTED_EDGE('',*,*,#13609,.F.);
#13609 = EDGE_CURVE('',#13561,#13512,#13610,.T.);
#13610 = SURFACE_CURVE('',#13611,(#13615,#13622),.PCURVE_S1.);
#13611 = LINE('',#13612,#13613);
#13612 = CARTESIAN_POINT('',(12.565,3.425,2.));
#13613 = VECTOR('',#13614,1.);
#13614 = DIRECTION('',(1.,0.,0.));
#13615 = PCURVE('',#9732,#13616);
#13616 = DEFINITIONAL_REPRESENTATION('',(#13617),#13621);
#13617 = LINE('',#13618,#13619);
#13618 = CARTESIAN_POINT('',(0.,0.));
#13619 = VECTOR('',#13620,1.);
#13620 = DIRECTION('',(0.,1.));
#13621 = ( GEOMETRIC_REPRESENTATION_CONTEXT(2) 
PARAMETRIC_REPRESENTATION_CONTEXT() REPRESENTATION_CONTEXT('2D SPACE',''
  ) );
#13622 = PCURVE('',#13473,#13623);
#13623 = DEFINITIONAL_REPRESENTATION('',(#13624),#13628);
#13624 = LINE('',#13625,#13626);
#13625 = CARTESIAN_POINT('',(0.,0.6));
#13626 = VECTOR('',#13627,1.);
#13627 = DIRECTION('',(1.,0.));
#13628 = ( GEOMETRIC_REPRESENTATION_CONTEXT(2) 
PARAMETRIC_REPRESENTATION_CONTEXT() REPRESENTATION_CONTEXT('2D SPACE',''
  ) );
#13629 = ORIENTED_EDGE('',*,*,#13583,.T.);
#13630 = ORIENTED_EDGE('',*,*,#9717,.F.);
#13631 = ADVANCED_FACE('',(#13632),#9786,.T.);
#13632 = FACE_BOUND('',#13633,.T.);
#13633 = EDGE_LOOP('',(#13634,#13657,#13685,#13706));
#13634 = ORIENTED_EDGE('',*,*,#13635,.F.);
#13635 = EDGE_CURVE('',#13636,#9770,#13638,.T.);
#13636 = VERTEX_POINT('',#13637);
#13637 = CARTESIAN_POINT('',(13.165,4.095,2.));
#13638 = SURFACE_CURVE('',#13639,(#13643,#13650),.PCURVE_S1.);
#13639 = LINE('',#13640,#13641);
#13640 = CARTESIAN_POINT('',(13.165,4.095,2.));
#13641 = VECTOR('',#13642,1.);
#13642 = DIRECTION('',(0.,0.,1.));
#13643 = PCURVE('',#9786,#13644);
#13644 = DEFINITIONAL_REPRESENTATION('',(#13645),#13649);
#13645 = LINE('',#13646,#13647);
#13646 = CARTESIAN_POINT('',(0.,0.6));
#13647 = VECTOR('',#13648,1.);
#13648 = DIRECTION('',(1.,0.));
#13649 = ( GEOMETRIC_REPRESENTATION_CONTEXT(2) 
PARAMETRIC_REPRESENTATION_CONTEXT() REPRESENTATION_CONTEXT('2D SPACE',''
  ) );
#13650 = PCURVE('',#9862,#13651);
#13651 = DEFINITIONAL_REPRESENTATION('',(#13652),#13656);
#13652 = LINE('',#13653,#13654);
#13653 = CARTESIAN_POINT('',(0.,0.));
#13654 = VECTOR('',#13655,1.);
#13655 = DIRECTION('',(1.,0.));
#13656 = ( GEOMETRIC_REPRESENTATION_CONTEXT(2) 
PARAMETRIC_REPRESENTATION_CONTEXT() REPRESENTATION_CONTEXT('2D SPACE',''
  ) );
#13657 = ORIENTED_EDGE('',*,*,#13658,.F.);
#13658 = EDGE_CURVE('',#13659,#13636,#13661,.T.);
#13659 = VERTEX_POINT('',#13660);
#13660 = CARTESIAN_POINT('',(12.565,4.095,2.));
#13661 = SURFACE_CURVE('',#13662,(#13666,#13673),.PCURVE_S1.);
#13662 = LINE('',#13663,#13664);
#13663 = CARTESIAN_POINT('',(12.565,4.095,2.));
#13664 = VECTOR('',#13665,1.);
#13665 = DIRECTION('',(1.,0.,0.));
#13666 = PCURVE('',#9786,#13667);
#13667 = DEFINITIONAL_REPRESENTATION('',(#13668),#13672);
#13668 = LINE('',#13669,#13670);
#13669 = CARTESIAN_POINT('',(0.,0.));
#13670 = VECTOR('',#13671,1.);
#13671 = DIRECTION('',(0.,1.));
#13672 = ( GEOMETRIC_REPRESENTATION_CONTEXT(2) 
PARAMETRIC_REPRESENTATION_CONTEXT() REPRESENTATION_CONTEXT('2D SPACE',''
  ) );
#13673 = PCURVE('',#13674,#13679);
#13674 = PLANE('',#13675);
#13675 = AXIS2_PLACEMENT_3D('',#13676,#13677,#13678);
#13676 = CARTESIAN_POINT('',(12.565,4.095,2.));
#13677 = DIRECTION('',(0.,0.,1.));
#13678 = DIRECTION('',(1.,0.,0.));
#13679 = DEFINITIONAL_REPRESENTATION('',(#13680),#13684);
#13680 = LINE('',#13681,#13682);
#13681 = CARTESIAN_POINT('',(0.,0.));
#13682 = VECTOR('',#13683,1.);
#13683 = DIRECTION('',(1.,0.));
#13684 = ( GEOMETRIC_REPRESENTATION_CONTEXT(2) 
PARAMETRIC_REPRESENTATION_CONTEXT() REPRESENTATION_CONTEXT('2D SPACE',''
  ) );
#13685 = ORIENTED_EDGE('',*,*,#13686,.T.);
#13686 = EDGE_CURVE('',#13659,#9772,#13687,.T.);
#13687 = SURFACE_CURVE('',#13688,(#13692,#13699),.PCURVE_S1.);
#13688 = LINE('',#13689,#13690);
#13689 = CARTESIAN_POINT('',(12.565,4.095,2.));
#13690 = VECTOR('',#13691,1.);
#13691 = DIRECTION('',(0.,0.,1.));
#13692 = PCURVE('',#9786,#13693);
#13693 = DEFINITIONAL_REPRESENTATION('',(#13694),#13698);
#13694 = LINE('',#13695,#13696);
#13695 = CARTESIAN_POINT('',(0.,0.));
#13696 = VECTOR('',#13697,1.);
#13697 = DIRECTION('',(1.,0.));
#13698 = ( GEOMETRIC_REPRESENTATION_CONTEXT(2) 
PARAMETRIC_REPRESENTATION_CONTEXT() REPRESENTATION_CONTEXT('2D SPACE',''
  ) );
#13699 = PCURVE('',#9812,#13700);
#13700 = DEFINITIONAL_REPRESENTATION('',(#13701),#13705);
#13701 = LINE('',#13702,#13703);
#13702 = CARTESIAN_POINT('',(0.,0.));
#13703 = VECTOR('',#13704,1.);
#13704 = DIRECTION('',(1.,0.));
#13705 = ( GEOMETRIC_REPRESENTATION_CONTEXT(2) 
PARAMETRIC_REPRESENTATION_CONTEXT() REPRESENTATION_CONTEXT('2D SPACE',''
  ) );
#13706 = ORIENTED_EDGE('',*,*,#9769,.F.);
#13707 = ADVANCED_FACE('',(#13708),#9862,.F.);
#13708 = FACE_BOUND('',#13709,.F.);
#13709 = EDGE_LOOP('',(#13710,#13711,#13734,#13755));
#13710 = ORIENTED_EDGE('',*,*,#13635,.F.);
#13711 = ORIENTED_EDGE('',*,*,#13712,.T.);
#13712 = EDGE_CURVE('',#13636,#13713,#13715,.T.);
#13713 = VERTEX_POINT('',#13714);
#13714 = CARTESIAN_POINT('',(13.165,4.695,2.));
#13715 = SURFACE_CURVE('',#13716,(#13720,#13727),.PCURVE_S1.);
#13716 = LINE('',#13717,#13718);
#13717 = CARTESIAN_POINT('',(13.165,4.095,2.));
#13718 = VECTOR('',#13719,1.);
#13719 = DIRECTION('',(0.,1.,0.));
#13720 = PCURVE('',#9862,#13721);
#13721 = DEFINITIONAL_REPRESENTATION('',(#13722),#13726);
#13722 = LINE('',#13723,#13724);
#13723 = CARTESIAN_POINT('',(0.,0.));
#13724 = VECTOR('',#13725,1.);
#13725 = DIRECTION('',(0.,-1.));
#13726 = ( GEOMETRIC_REPRESENTATION_CONTEXT(2) 
PARAMETRIC_REPRESENTATION_CONTEXT() REPRESENTATION_CONTEXT('2D SPACE',''
  ) );
#13727 = PCURVE('',#13674,#13728);
#13728 = DEFINITIONAL_REPRESENTATION('',(#13729),#13733);
#13729 = LINE('',#13730,#13731);
#13730 = CARTESIAN_POINT('',(0.6,0.));
#13731 = VECTOR('',#13732,1.);
#13732 = DIRECTION('',(0.,1.));
#13733 = ( GEOMETRIC_REPRESENTATION_CONTEXT(2) 
PARAMETRIC_REPRESENTATION_CONTEXT() REPRESENTATION_CONTEXT('2D SPACE',''
  ) );
#13734 = ORIENTED_EDGE('',*,*,#13735,.T.);
#13735 = EDGE_CURVE('',#13713,#9824,#13736,.T.);
#13736 = SURFACE_CURVE('',#13737,(#13741,#13748),.PCURVE_S1.);
#13737 = LINE('',#13738,#13739);
#13738 = CARTESIAN_POINT('',(13.165,4.695,2.));
#13739 = VECTOR('',#13740,1.);
#13740 = DIRECTION('',(0.,0.,1.));
#13741 = PCURVE('',#9862,#13742);
#13742 = DEFINITIONAL_REPRESENTATION('',(#13743),#13747);
#13743 = LINE('',#13744,#13745);
#13744 = CARTESIAN_POINT('',(0.,-0.6));
#13745 = VECTOR('',#13746,1.);
#13746 = DIRECTION('',(1.,0.));
#13747 = ( GEOMETRIC_REPRESENTATION_CONTEXT(2) 
PARAMETRIC_REPRESENTATION_CONTEXT() REPRESENTATION_CONTEXT('2D SPACE',''
  ) );
#13748 = PCURVE('',#9838,#13749);
#13749 = DEFINITIONAL_REPRESENTATION('',(#13750),#13754);
#13750 = LINE('',#13751,#13752);
#13751 = CARTESIAN_POINT('',(0.,0.6));
#13752 = VECTOR('',#13753,1.);
#13753 = DIRECTION('',(1.,0.));
#13754 = ( GEOMETRIC_REPRESENTATION_CONTEXT(2) 
PARAMETRIC_REPRESENTATION_CONTEXT() REPRESENTATION_CONTEXT('2D SPACE',''
  ) );
#13755 = ORIENTED_EDGE('',*,*,#9849,.F.);
#13756 = ADVANCED_FACE('',(#13757),#9812,.T.);
#13757 = FACE_BOUND('',#13758,.T.);
#13758 = EDGE_LOOP('',(#13759,#13760,#13783,#13804));
#13759 = ORIENTED_EDGE('',*,*,#13686,.F.);
#13760 = ORIENTED_EDGE('',*,*,#13761,.T.);
#13761 = EDGE_CURVE('',#13659,#13762,#13764,.T.);
#13762 = VERTEX_POINT('',#13763);
#13763 = CARTESIAN_POINT('',(12.565,4.695,2.));
#13764 = SURFACE_CURVE('',#13765,(#13769,#13776),.PCURVE_S1.);
#13765 = LINE('',#13766,#13767);
#13766 = CARTESIAN_POINT('',(12.565,4.095,2.));
#13767 = VECTOR('',#13768,1.);
#13768 = DIRECTION('',(0.,1.,0.));
#13769 = PCURVE('',#9812,#13770);
#13770 = DEFINITIONAL_REPRESENTATION('',(#13771),#13775);
#13771 = LINE('',#13772,#13773);
#13772 = CARTESIAN_POINT('',(0.,0.));
#13773 = VECTOR('',#13774,1.);
#13774 = DIRECTION('',(0.,-1.));
#13775 = ( GEOMETRIC_REPRESENTATION_CONTEXT(2) 
PARAMETRIC_REPRESENTATION_CONTEXT() REPRESENTATION_CONTEXT('2D SPACE',''
  ) );
#13776 = PCURVE('',#13674,#13777);
#13777 = DEFINITIONAL_REPRESENTATION('',(#13778),#13782);
#13778 = LINE('',#13779,#13780);
#13779 = CARTESIAN_POINT('',(0.,0.));
#13780 = VECTOR('',#13781,1.);
#13781 = DIRECTION('',(0.,1.));
#13782 = ( GEOMETRIC_REPRESENTATION_CONTEXT(2) 
PARAMETRIC_REPRESENTATION_CONTEXT() REPRESENTATION_CONTEXT('2D SPACE',''
  ) );
#13783 = ORIENTED_EDGE('',*,*,#13784,.T.);
#13784 = EDGE_CURVE('',#13762,#9798,#13785,.T.);
#13785 = SURFACE_CURVE('',#13786,(#13790,#13797),.PCURVE_S1.);
#13786 = LINE('',#13787,#13788);
#13787 = CARTESIAN_POINT('',(12.565,4.695,2.));
#13788 = VECTOR('',#13789,1.);
#13789 = DIRECTION('',(0.,0.,1.));
#13790 = PCURVE('',#9812,#13791);
#13791 = DEFINITIONAL_REPRESENTATION('',(#13792),#13796);
#13792 = LINE('',#13793,#13794);
#13793 = CARTESIAN_POINT('',(0.,-0.6));
#13794 = VECTOR('',#13795,1.);
#13795 = DIRECTION('',(1.,0.));
#13796 = ( GEOMETRIC_REPRESENTATION_CONTEXT(2) 
PARAMETRIC_REPRESENTATION_CONTEXT() REPRESENTATION_CONTEXT('2D SPACE',''
  ) );
#13797 = PCURVE('',#9838,#13798);
#13798 = DEFINITIONAL_REPRESENTATION('',(#13799),#13803);
#13799 = LINE('',#13800,#13801);
#13800 = CARTESIAN_POINT('',(0.,0.));
#13801 = VECTOR('',#13802,1.);
#13802 = DIRECTION('',(1.,0.));
#13803 = ( GEOMETRIC_REPRESENTATION_CONTEXT(2) 
PARAMETRIC_REPRESENTATION_CONTEXT() REPRESENTATION_CONTEXT('2D SPACE',''
  ) );
#13804 = ORIENTED_EDGE('',*,*,#9797,.F.);
#13805 = ADVANCED_FACE('',(#13806),#9838,.F.);
#13806 = FACE_BOUND('',#13807,.F.);
#13807 = EDGE_LOOP('',(#13808,#13809,#13830,#13831));
#13808 = ORIENTED_EDGE('',*,*,#13735,.F.);
#13809 = ORIENTED_EDGE('',*,*,#13810,.F.);
#13810 = EDGE_CURVE('',#13762,#13713,#13811,.T.);
#13811 = SURFACE_CURVE('',#13812,(#13816,#13823),.PCURVE_S1.);
#13812 = LINE('',#13813,#13814);
#13813 = CARTESIAN_POINT('',(12.565,4.695,2.));
#13814 = VECTOR('',#13815,1.);
#13815 = DIRECTION('',(1.,0.,0.));
#13816 = PCURVE('',#9838,#13817);
#13817 = DEFINITIONAL_REPRESENTATION('',(#13818),#13822);
#13818 = LINE('',#13819,#13820);
#13819 = CARTESIAN_POINT('',(0.,0.));
#13820 = VECTOR('',#13821,1.);
#13821 = DIRECTION('',(0.,1.));
#13822 = ( GEOMETRIC_REPRESENTATION_CONTEXT(2) 
PARAMETRIC_REPRESENTATION_CONTEXT() REPRESENTATION_CONTEXT('2D SPACE',''
  ) );
#13823 = PCURVE('',#13674,#13824);
#13824 = DEFINITIONAL_REPRESENTATION('',(#13825),#13829);
#13825 = LINE('',#13826,#13827);
#13826 = CARTESIAN_POINT('',(0.,0.6));
#13827 = VECTOR('',#13828,1.);
#13828 = DIRECTION('',(1.,0.));
#13829 = ( GEOMETRIC_REPRESENTATION_CONTEXT(2) 
PARAMETRIC_REPRESENTATION_CONTEXT() REPRESENTATION_CONTEXT('2D SPACE',''
  ) );
#13830 = ORIENTED_EDGE('',*,*,#13784,.T.);
#13831 = ORIENTED_EDGE('',*,*,#9823,.F.);
#13832 = ADVANCED_FACE('',(#13833),#9892,.T.);
#13833 = FACE_BOUND('',#13834,.T.);
#13834 = EDGE_LOOP('',(#13835,#13858,#13886,#13907));
#13835 = ORIENTED_EDGE('',*,*,#13836,.F.);
#13836 = EDGE_CURVE('',#13837,#9876,#13839,.T.);
#13837 = VERTEX_POINT('',#13838);
#13838 = CARTESIAN_POINT('',(13.165,5.365,2.));
#13839 = SURFACE_CURVE('',#13840,(#13844,#13851),.PCURVE_S1.);
#13840 = LINE('',#13841,#13842);
#13841 = CARTESIAN_POINT('',(13.165,5.365,2.));
#13842 = VECTOR('',#13843,1.);
#13843 = DIRECTION('',(0.,0.,1.));
#13844 = PCURVE('',#9892,#13845);
#13845 = DEFINITIONAL_REPRESENTATION('',(#13846),#13850);
#13846 = LINE('',#13847,#13848);
#13847 = CARTESIAN_POINT('',(0.,0.6));
#13848 = VECTOR('',#13849,1.);
#13849 = DIRECTION('',(1.,0.));
#13850 = ( GEOMETRIC_REPRESENTATION_CONTEXT(2) 
PARAMETRIC_REPRESENTATION_CONTEXT() REPRESENTATION_CONTEXT('2D SPACE',''
  ) );
#13851 = PCURVE('',#9968,#13852);
#13852 = DEFINITIONAL_REPRESENTATION('',(#13853),#13857);
#13853 = LINE('',#13854,#13855);
#13854 = CARTESIAN_POINT('',(0.,0.));
#13855 = VECTOR('',#13856,1.);
#13856 = DIRECTION('',(1.,0.));
#13857 = ( GEOMETRIC_REPRESENTATION_CONTEXT(2) 
PARAMETRIC_REPRESENTATION_CONTEXT() REPRESENTATION_CONTEXT('2D SPACE',''
  ) );
#13858 = ORIENTED_EDGE('',*,*,#13859,.F.);
#13859 = EDGE_CURVE('',#13860,#13837,#13862,.T.);
#13860 = VERTEX_POINT('',#13861);
#13861 = CARTESIAN_POINT('',(12.565,5.365,2.));
#13862 = SURFACE_CURVE('',#13863,(#13867,#13874),.PCURVE_S1.);
#13863 = LINE('',#13864,#13865);
#13864 = CARTESIAN_POINT('',(12.565,5.365,2.));
#13865 = VECTOR('',#13866,1.);
#13866 = DIRECTION('',(1.,0.,0.));
#13867 = PCURVE('',#9892,#13868);
#13868 = DEFINITIONAL_REPRESENTATION('',(#13869),#13873);
#13869 = LINE('',#13870,#13871);
#13870 = CARTESIAN_POINT('',(0.,0.));
#13871 = VECTOR('',#13872,1.);
#13872 = DIRECTION('',(0.,1.));
#13873 = ( GEOMETRIC_REPRESENTATION_CONTEXT(2) 
PARAMETRIC_REPRESENTATION_CONTEXT() REPRESENTATION_CONTEXT('2D SPACE',''
  ) );
#13874 = PCURVE('',#13875,#13880);
#13875 = PLANE('',#13876);
#13876 = AXIS2_PLACEMENT_3D('',#13877,#13878,#13879);
#13877 = CARTESIAN_POINT('',(12.565,5.365,2.));
#13878 = DIRECTION('',(0.,0.,1.));
#13879 = DIRECTION('',(1.,0.,0.));
#13880 = DEFINITIONAL_REPRESENTATION('',(#13881),#13885);
#13881 = LINE('',#13882,#13883);
#13882 = CARTESIAN_POINT('',(0.,0.));
#13883 = VECTOR('',#13884,1.);
#13884 = DIRECTION('',(1.,0.));
#13885 = ( GEOMETRIC_REPRESENTATION_CONTEXT(2) 
PARAMETRIC_REPRESENTATION_CONTEXT() REPRESENTATION_CONTEXT('2D SPACE',''
  ) );
#13886 = ORIENTED_EDGE('',*,*,#13887,.T.);
#13887 = EDGE_CURVE('',#13860,#9878,#13888,.T.);
#13888 = SURFACE_CURVE('',#13889,(#13893,#13900),.PCURVE_S1.);
#13889 = LINE('',#13890,#13891);
#13890 = CARTESIAN_POINT('',(12.565,5.365,2.));
#13891 = VECTOR('',#13892,1.);
#13892 = DIRECTION('',(0.,0.,1.));
#13893 = PCURVE('',#9892,#13894);
#13894 = DEFINITIONAL_REPRESENTATION('',(#13895),#13899);
#13895 = LINE('',#13896,#13897);
#13896 = CARTESIAN_POINT('',(0.,0.));
#13897 = VECTOR('',#13898,1.);
#13898 = DIRECTION('',(1.,0.));
#13899 = ( GEOMETRIC_REPRESENTATION_CONTEXT(2) 
PARAMETRIC_REPRESENTATION_CONTEXT() REPRESENTATION_CONTEXT('2D SPACE',''
  ) );
#13900 = PCURVE('',#9918,#13901);
#13901 = DEFINITIONAL_REPRESENTATION('',(#13902),#13906);
#13902 = LINE('',#13903,#13904);
#13903 = CARTESIAN_POINT('',(0.,0.));
#13904 = VECTOR('',#13905,1.);
#13905 = DIRECTION('',(1.,0.));
#13906 = ( GEOMETRIC_REPRESENTATION_CONTEXT(2) 
PARAMETRIC_REPRESENTATION_CONTEXT() REPRESENTATION_CONTEXT('2D SPACE',''
  ) );
#13907 = ORIENTED_EDGE('',*,*,#9875,.F.);
#13908 = ADVANCED_FACE('',(#13909),#9968,.F.);
#13909 = FACE_BOUND('',#13910,.F.);
#13910 = EDGE_LOOP('',(#13911,#13912,#13935,#13956));
#13911 = ORIENTED_EDGE('',*,*,#13836,.F.);
#13912 = ORIENTED_EDGE('',*,*,#13913,.T.);
#13913 = EDGE_CURVE('',#13837,#13914,#13916,.T.);
#13914 = VERTEX_POINT('',#13915);
#13915 = CARTESIAN_POINT('',(13.165,5.965,2.));
#13916 = SURFACE_CURVE('',#13917,(#13921,#13928),.PCURVE_S1.);
#13917 = LINE('',#13918,#13919);
#13918 = CARTESIAN_POINT('',(13.165,5.365,2.));
#13919 = VECTOR('',#13920,1.);
#13920 = DIRECTION('',(0.,1.,0.));
#13921 = PCURVE('',#9968,#13922);
#13922 = DEFINITIONAL_REPRESENTATION('',(#13923),#13927);
#13923 = LINE('',#13924,#13925);
#13924 = CARTESIAN_POINT('',(0.,0.));
#13925 = VECTOR('',#13926,1.);
#13926 = DIRECTION('',(0.,-1.));
#13927 = ( GEOMETRIC_REPRESENTATION_CONTEXT(2) 
PARAMETRIC_REPRESENTATION_CONTEXT() REPRESENTATION_CONTEXT('2D SPACE',''
  ) );
#13928 = PCURVE('',#13875,#13929);
#13929 = DEFINITIONAL_REPRESENTATION('',(#13930),#13934);
#13930 = LINE('',#13931,#13932);
#13931 = CARTESIAN_POINT('',(0.6,0.));
#13932 = VECTOR('',#13933,1.);
#13933 = DIRECTION('',(0.,1.));
#13934 = ( GEOMETRIC_REPRESENTATION_CONTEXT(2) 
PARAMETRIC_REPRESENTATION_CONTEXT() REPRESENTATION_CONTEXT('2D SPACE',''
  ) );
#13935 = ORIENTED_EDGE('',*,*,#13936,.T.);
#13936 = EDGE_CURVE('',#13914,#9930,#13937,.T.);
#13937 = SURFACE_CURVE('',#13938,(#13942,#13949),.PCURVE_S1.);
#13938 = LINE('',#13939,#13940);
#13939 = CARTESIAN_POINT('',(13.165,5.965,2.));
#13940 = VECTOR('',#13941,1.);
#13941 = DIRECTION('',(0.,0.,1.));
#13942 = PCURVE('',#9968,#13943);
#13943 = DEFINITIONAL_REPRESENTATION('',(#13944),#13948);
#13944 = LINE('',#13945,#13946);
#13945 = CARTESIAN_POINT('',(0.,-0.6));
#13946 = VECTOR('',#13947,1.);
#13947 = DIRECTION('',(1.,0.));
#13948 = ( GEOMETRIC_REPRESENTATION_CONTEXT(2) 
PARAMETRIC_REPRESENTATION_CONTEXT() REPRESENTATION_CONTEXT('2D SPACE',''
  ) );
#13949 = PCURVE('',#9944,#13950);
#13950 = DEFINITIONAL_REPRESENTATION('',(#13951),#13955);
#13951 = LINE('',#13952,#13953);
#13952 = CARTESIAN_POINT('',(0.,0.6));
#13953 = VECTOR('',#13954,1.);
#13954 = DIRECTION('',(1.,0.));
#13955 = ( GEOMETRIC_REPRESENTATION_CONTEXT(2) 
PARAMETRIC_REPRESENTATION_CONTEXT() REPRESENTATION_CONTEXT('2D SPACE',''
  ) );
#13956 = ORIENTED_EDGE('',*,*,#9955,.F.);
#13957 = ADVANCED_FACE('',(#13958),#9918,.T.);
#13958 = FACE_BOUND('',#13959,.T.);
#13959 = EDGE_LOOP('',(#13960,#13961,#13984,#14005));
#13960 = ORIENTED_EDGE('',*,*,#13887,.F.);
#13961 = ORIENTED_EDGE('',*,*,#13962,.T.);
#13962 = EDGE_CURVE('',#13860,#13963,#13965,.T.);
#13963 = VERTEX_POINT('',#13964);
#13964 = CARTESIAN_POINT('',(12.565,5.965,2.));
#13965 = SURFACE_CURVE('',#13966,(#13970,#13977),.PCURVE_S1.);
#13966 = LINE('',#13967,#13968);
#13967 = CARTESIAN_POINT('',(12.565,5.365,2.));
#13968 = VECTOR('',#13969,1.);
#13969 = DIRECTION('',(0.,1.,0.));
#13970 = PCURVE('',#9918,#13971);
#13971 = DEFINITIONAL_REPRESENTATION('',(#13972),#13976);
#13972 = LINE('',#13973,#13974);
#13973 = CARTESIAN_POINT('',(0.,0.));
#13974 = VECTOR('',#13975,1.);
#13975 = DIRECTION('',(0.,-1.));
#13976 = ( GEOMETRIC_REPRESENTATION_CONTEXT(2) 
PARAMETRIC_REPRESENTATION_CONTEXT() REPRESENTATION_CONTEXT('2D SPACE',''
  ) );
#13977 = PCURVE('',#13875,#13978);
#13978 = DEFINITIONAL_REPRESENTATION('',(#13979),#13983);
#13979 = LINE('',#13980,#13981);
#13980 = CARTESIAN_POINT('',(0.,0.));
#13981 = VECTOR('',#13982,1.);
#13982 = DIRECTION('',(0.,1.));
#13983 = ( GEOMETRIC_REPRESENTATION_CONTEXT(2) 
PARAMETRIC_REPRESENTATION_CONTEXT() REPRESENTATION_CONTEXT('2D SPACE',''
  ) );
#13984 = ORIENTED_EDGE('',*,*,#13985,.T.);
#13985 = EDGE_CURVE('',#13963,#9904,#13986,.T.);
#13986 = SURFACE_CURVE('',#13987,(#13991,#13998),.PCURVE_S1.);
#13987 = LINE('',#13988,#13989);
#13988 = CARTESIAN_POINT('',(12.565,5.965,2.));
#13989 = VECTOR('',#13990,1.);
#13990 = DIRECTION('',(0.,0.,1.));
#13991 = PCURVE('',#9918,#13992);
#13992 = DEFINITIONAL_REPRESENTATION('',(#13993),#13997);
#13993 = LINE('',#13994,#13995);
#13994 = CARTESIAN_POINT('',(0.,-0.6));
#13995 = VECTOR('',#13996,1.);
#13996 = DIRECTION('',(1.,0.));
#13997 = ( GEOMETRIC_REPRESENTATION_CONTEXT(2) 
PARAMETRIC_REPRESENTATION_CONTEXT() REPRESENTATION_CONTEXT('2D SPACE',''
  ) );
#13998 = PCURVE('',#9944,#13999);
#13999 = DEFINITIONAL_REPRESENTATION('',(#14000),#14004);
#14000 = LINE('',#14001,#14002);
#14001 = CARTESIAN_POINT('',(0.,0.));
#14002 = VECTOR('',#14003,1.);
#14003 = DIRECTION('',(1.,0.));
#14004 = ( GEOMETRIC_REPRESENTATION_CONTEXT(2) 
PARAMETRIC_REPRESENTATION_CONTEXT() REPRESENTATION_CONTEXT('2D SPACE',''
  ) );
#14005 = ORIENTED_EDGE('',*,*,#9903,.F.);
#14006 = ADVANCED_FACE('',(#14007),#9944,.F.);
#14007 = FACE_BOUND('',#14008,.F.);
#14008 = EDGE_LOOP('',(#14009,#14010,#14031,#14032));
#14009 = ORIENTED_EDGE('',*,*,#13936,.F.);
#14010 = ORIENTED_EDGE('',*,*,#14011,.F.);
#14011 = EDGE_CURVE('',#13963,#13914,#14012,.T.);
#14012 = SURFACE_CURVE('',#14013,(#14017,#14024),.PCURVE_S1.);
#14013 = LINE('',#14014,#14015);
#14014 = CARTESIAN_POINT('',(12.565,5.965,2.));
#14015 = VECTOR('',#14016,1.);
#14016 = DIRECTION('',(1.,0.,0.));
#14017 = PCURVE('',#9944,#14018);
#14018 = DEFINITIONAL_REPRESENTATION('',(#14019),#14023);
#14019 = LINE('',#14020,#14021);
#14020 = CARTESIAN_POINT('',(0.,0.));
#14021 = VECTOR('',#14022,1.);
#14022 = DIRECTION('',(0.,1.));
#14023 = ( GEOMETRIC_REPRESENTATION_CONTEXT(2) 
PARAMETRIC_REPRESENTATION_CONTEXT() REPRESENTATION_CONTEXT('2D SPACE',''
  ) );
#14024 = PCURVE('',#13875,#14025);
#14025 = DEFINITIONAL_REPRESENTATION('',(#14026),#14030);
#14026 = LINE('',#14027,#14028);
#14027 = CARTESIAN_POINT('',(0.,0.6));
#14028 = VECTOR('',#14029,1.);
#14029 = DIRECTION('',(1.,0.));
#14030 = ( GEOMETRIC_REPRESENTATION_CONTEXT(2) 
PARAMETRIC_REPRESENTATION_CONTEXT() REPRESENTATION_CONTEXT('2D SPACE',''
  ) );
#14031 = ORIENTED_EDGE('',*,*,#13985,.T.);
#14032 = ORIENTED_EDGE('',*,*,#9929,.F.);
#14033 = ADVANCED_FACE('',(#14034),#9998,.T.);
#14034 = FACE_BOUND('',#14035,.T.);
#14035 = EDGE_LOOP('',(#14036,#14059,#14087,#14108));
#14036 = ORIENTED_EDGE('',*,*,#14037,.F.);
#14037 = EDGE_CURVE('',#14038,#9982,#14040,.T.);
#14038 = VERTEX_POINT('',#14039);
#14039 = CARTESIAN_POINT('',(14.435,0.285,2.));
#14040 = SURFACE_CURVE('',#14041,(#14045,#14052),.PCURVE_S1.);
#14041 = LINE('',#14042,#14043);
#14042 = CARTESIAN_POINT('',(14.435,0.285,2.));
#14043 = VECTOR('',#14044,1.);
#14044 = DIRECTION('',(0.,0.,1.));
#14045 = PCURVE('',#9998,#14046);
#14046 = DEFINITIONAL_REPRESENTATION('',(#14047),#14051);
#14047 = LINE('',#14048,#14049);
#14048 = CARTESIAN_POINT('',(0.,0.6));
#14049 = VECTOR('',#14050,1.);
#14050 = DIRECTION('',(1.,0.));
#14051 = ( GEOMETRIC_REPRESENTATION_CONTEXT(2) 
PARAMETRIC_REPRESENTATION_CONTEXT() REPRESENTATION_CONTEXT('2D SPACE',''
  ) );
#14052 = PCURVE('',#10074,#14053);
#14053 = DEFINITIONAL_REPRESENTATION('',(#14054),#14058);
#14054 = LINE('',#14055,#14056);
#14055 = CARTESIAN_POINT('',(0.,0.));
#14056 = VECTOR('',#14057,1.);
#14057 = DIRECTION('',(1.,0.));
#14058 = ( GEOMETRIC_REPRESENTATION_CONTEXT(2) 
PARAMETRIC_REPRESENTATION_CONTEXT() REPRESENTATION_CONTEXT('2D SPACE',''
  ) );
#14059 = ORIENTED_EDGE('',*,*,#14060,.F.);
#14060 = EDGE_CURVE('',#14061,#14038,#14063,.T.);
#14061 = VERTEX_POINT('',#14062);
#14062 = CARTESIAN_POINT('',(13.835,0.285,2.));
#14063 = SURFACE_CURVE('',#14064,(#14068,#14075),.PCURVE_S1.);
#14064 = LINE('',#14065,#14066);
#14065 = CARTESIAN_POINT('',(13.835,0.285,2.));
#14066 = VECTOR('',#14067,1.);
#14067 = DIRECTION('',(1.,0.,0.));
#14068 = PCURVE('',#9998,#14069);
#14069 = DEFINITIONAL_REPRESENTATION('',(#14070),#14074);
#14070 = LINE('',#14071,#14072);
#14071 = CARTESIAN_POINT('',(0.,0.));
#14072 = VECTOR('',#14073,1.);
#14073 = DIRECTION('',(0.,1.));
#14074 = ( GEOMETRIC_REPRESENTATION_CONTEXT(2) 
PARAMETRIC_REPRESENTATION_CONTEXT() REPRESENTATION_CONTEXT('2D SPACE',''
  ) );
#14075 = PCURVE('',#14076,#14081);
#14076 = PLANE('',#14077);
#14077 = AXIS2_PLACEMENT_3D('',#14078,#14079,#14080);
#14078 = CARTESIAN_POINT('',(13.835,0.285,2.));
#14079 = DIRECTION('',(0.,0.,1.));
#14080 = DIRECTION('',(1.,0.,0.));
#14081 = DEFINITIONAL_REPRESENTATION('',(#14082),#14086);
#14082 = LINE('',#14083,#14084);
#14083 = CARTESIAN_POINT('',(0.,0.));
#14084 = VECTOR('',#14085,1.);
#14085 = DIRECTION('',(1.,0.));
#14086 = ( GEOMETRIC_REPRESENTATION_CONTEXT(2) 
PARAMETRIC_REPRESENTATION_CONTEXT() REPRESENTATION_CONTEXT('2D SPACE',''
  ) );
#14087 = ORIENTED_EDGE('',*,*,#14088,.T.);
#14088 = EDGE_CURVE('',#14061,#9984,#14089,.T.);
#14089 = SURFACE_CURVE('',#14090,(#14094,#14101),.PCURVE_S1.);
#14090 = LINE('',#14091,#14092);
#14091 = CARTESIAN_POINT('',(13.835,0.285,2.));
#14092 = VECTOR('',#14093,1.);
#14093 = DIRECTION('',(0.,0.,1.));
#14094 = PCURVE('',#9998,#14095);
#14095 = DEFINITIONAL_REPRESENTATION('',(#14096),#14100);
#14096 = LINE('',#14097,#14098);
#14097 = CARTESIAN_POINT('',(0.,0.));
#14098 = VECTOR('',#14099,1.);
#14099 = DIRECTION('',(1.,0.));
#14100 = ( GEOMETRIC_REPRESENTATION_CONTEXT(2) 
PARAMETRIC_REPRESENTATION_CONTEXT() REPRESENTATION_CONTEXT('2D SPACE',''
  ) );
#14101 = PCURVE('',#10024,#14102);
#14102 = DEFINITIONAL_REPRESENTATION('',(#14103),#14107);
#14103 = LINE('',#14104,#14105);
#14104 = CARTESIAN_POINT('',(0.,0.));
#14105 = VECTOR('',#14106,1.);
#14106 = DIRECTION('',(1.,0.));
#14107 = ( GEOMETRIC_REPRESENTATION_CONTEXT(2) 
PARAMETRIC_REPRESENTATION_CONTEXT() REPRESENTATION_CONTEXT('2D SPACE',''
  ) );
#14108 = ORIENTED_EDGE('',*,*,#9981,.F.);
#14109 = ADVANCED_FACE('',(#14110),#10074,.F.);
#14110 = FACE_BOUND('',#14111,.F.);
#14111 = EDGE_LOOP('',(#14112,#14113,#14136,#14157));
#14112 = ORIENTED_EDGE('',*,*,#14037,.F.);
#14113 = ORIENTED_EDGE('',*,*,#14114,.T.);
#14114 = EDGE_CURVE('',#14038,#14115,#14117,.T.);
#14115 = VERTEX_POINT('',#14116);
#14116 = CARTESIAN_POINT('',(14.435,0.885,2.));
#14117 = SURFACE_CURVE('',#14118,(#14122,#14129),.PCURVE_S1.);
#14118 = LINE('',#14119,#14120);
#14119 = CARTESIAN_POINT('',(14.435,0.285,2.));
#14120 = VECTOR('',#14121,1.);
#14121 = DIRECTION('',(0.,1.,0.));
#14122 = PCURVE('',#10074,#14123);
#14123 = DEFINITIONAL_REPRESENTATION('',(#14124),#14128);
#14124 = LINE('',#14125,#14126);
#14125 = CARTESIAN_POINT('',(0.,0.));
#14126 = VECTOR('',#14127,1.);
#14127 = DIRECTION('',(0.,-1.));
#14128 = ( GEOMETRIC_REPRESENTATION_CONTEXT(2) 
PARAMETRIC_REPRESENTATION_CONTEXT() REPRESENTATION_CONTEXT('2D SPACE',''
  ) );
#14129 = PCURVE('',#14076,#14130);
#14130 = DEFINITIONAL_REPRESENTATION('',(#14131),#14135);
#14131 = LINE('',#14132,#14133);
#14132 = CARTESIAN_POINT('',(0.6,0.));
#14133 = VECTOR('',#14134,1.);
#14134 = DIRECTION('',(0.,1.));
#14135 = ( GEOMETRIC_REPRESENTATION_CONTEXT(2) 
PARAMETRIC_REPRESENTATION_CONTEXT() REPRESENTATION_CONTEXT('2D SPACE',''
  ) );
#14136 = ORIENTED_EDGE('',*,*,#14137,.T.);
#14137 = EDGE_CURVE('',#14115,#10036,#14138,.T.);
#14138 = SURFACE_CURVE('',#14139,(#14143,#14150),.PCURVE_S1.);
#14139 = LINE('',#14140,#14141);
#14140 = CARTESIAN_POINT('',(14.435,0.885,2.));
#14141 = VECTOR('',#14142,1.);
#14142 = DIRECTION('',(0.,0.,1.));
#14143 = PCURVE('',#10074,#14144);
#14144 = DEFINITIONAL_REPRESENTATION('',(#14145),#14149);
#14145 = LINE('',#14146,#14147);
#14146 = CARTESIAN_POINT('',(0.,-0.6));
#14147 = VECTOR('',#14148,1.);
#14148 = DIRECTION('',(1.,0.));
#14149 = ( GEOMETRIC_REPRESENTATION_CONTEXT(2) 
PARAMETRIC_REPRESENTATION_CONTEXT() REPRESENTATION_CONTEXT('2D SPACE',''
  ) );
#14150 = PCURVE('',#10050,#14151);
#14151 = DEFINITIONAL_REPRESENTATION('',(#14152),#14156);
#14152 = LINE('',#14153,#14154);
#14153 = CARTESIAN_POINT('',(0.,0.6));
#14154 = VECTOR('',#14155,1.);
#14155 = DIRECTION('',(1.,0.));
#14156 = ( GEOMETRIC_REPRESENTATION_CONTEXT(2) 
PARAMETRIC_REPRESENTATION_CONTEXT() REPRESENTATION_CONTEXT('2D SPACE',''
  ) );
#14157 = ORIENTED_EDGE('',*,*,#10061,.F.);
#14158 = ADVANCED_FACE('',(#14159),#10024,.T.);
#14159 = FACE_BOUND('',#14160,.T.);
#14160 = EDGE_LOOP('',(#14161,#14162,#14185,#14206));
#14161 = ORIENTED_EDGE('',*,*,#14088,.F.);
#14162 = ORIENTED_EDGE('',*,*,#14163,.T.);
#14163 = EDGE_CURVE('',#14061,#14164,#14166,.T.);
#14164 = VERTEX_POINT('',#14165);
#14165 = CARTESIAN_POINT('',(13.835,0.885,2.));
#14166 = SURFACE_CURVE('',#14167,(#14171,#14178),.PCURVE_S1.);
#14167 = LINE('',#14168,#14169);
#14168 = CARTESIAN_POINT('',(13.835,0.285,2.));
#14169 = VECTOR('',#14170,1.);
#14170 = DIRECTION('',(0.,1.,0.));
#14171 = PCURVE('',#10024,#14172);
#14172 = DEFINITIONAL_REPRESENTATION('',(#14173),#14177);
#14173 = LINE('',#14174,#14175);
#14174 = CARTESIAN_POINT('',(0.,0.));
#14175 = VECTOR('',#14176,1.);
#14176 = DIRECTION('',(0.,-1.));
#14177 = ( GEOMETRIC_REPRESENTATION_CONTEXT(2) 
PARAMETRIC_REPRESENTATION_CONTEXT() REPRESENTATION_CONTEXT('2D SPACE',''
  ) );
#14178 = PCURVE('',#14076,#14179);
#14179 = DEFINITIONAL_REPRESENTATION('',(#14180),#14184);
#14180 = LINE('',#14181,#14182);
#14181 = CARTESIAN_POINT('',(0.,0.));
#14182 = VECTOR('',#14183,1.);
#14183 = DIRECTION('',(0.,1.));
#14184 = ( GEOMETRIC_REPRESENTATION_CONTEXT(2) 
PARAMETRIC_REPRESENTATION_CONTEXT() REPRESENTATION_CONTEXT('2D SPACE',''
  ) );
#14185 = ORIENTED_EDGE('',*,*,#14186,.T.);
#14186 = EDGE_CURVE('',#14164,#10010,#14187,.T.);
#14187 = SURFACE_CURVE('',#14188,(#14192,#14199),.PCURVE_S1.);
#14188 = LINE('',#14189,#14190);
#14189 = CARTESIAN_POINT('',(13.835,0.885,2.));
#14190 = VECTOR('',#14191,1.);
#14191 = DIRECTION('',(0.,0.,1.));
#14192 = PCURVE('',#10024,#14193);
#14193 = DEFINITIONAL_REPRESENTATION('',(#14194),#14198);
#14194 = LINE('',#14195,#14196);
#14195 = CARTESIAN_POINT('',(0.,-0.6));
#14196 = VECTOR('',#14197,1.);
#14197 = DIRECTION('',(1.,0.));
#14198 = ( GEOMETRIC_REPRESENTATION_CONTEXT(2) 
PARAMETRIC_REPRESENTATION_CONTEXT() REPRESENTATION_CONTEXT('2D SPACE',''
  ) );
#14199 = PCURVE('',#10050,#14200);
#14200 = DEFINITIONAL_REPRESENTATION('',(#14201),#14205);
#14201 = LINE('',#14202,#14203);
#14202 = CARTESIAN_POINT('',(0.,0.));
#14203 = VECTOR('',#14204,1.);
#14204 = DIRECTION('',(1.,0.));
#14205 = ( GEOMETRIC_REPRESENTATION_CONTEXT(2) 
PARAMETRIC_REPRESENTATION_CONTEXT() REPRESENTATION_CONTEXT('2D SPACE',''
  ) );
#14206 = ORIENTED_EDGE('',*,*,#10009,.F.);
#14207 = ADVANCED_FACE('',(#14208),#10050,.F.);
#14208 = FACE_BOUND('',#14209,.F.);
#14209 = EDGE_LOOP('',(#14210,#14211,#14232,#14233));
#14210 = ORIENTED_EDGE('',*,*,#14137,.F.);
#14211 = ORIENTED_EDGE('',*,*,#14212,.F.);
#14212 = EDGE_CURVE('',#14164,#14115,#14213,.T.);
#14213 = SURFACE_CURVE('',#14214,(#14218,#14225),.PCURVE_S1.);
#14214 = LINE('',#14215,#14216);
#14215 = CARTESIAN_POINT('',(13.835,0.885,2.));
#14216 = VECTOR('',#14217,1.);
#14217 = DIRECTION('',(1.,0.,0.));
#14218 = PCURVE('',#10050,#14219);
#14219 = DEFINITIONAL_REPRESENTATION('',(#14220),#14224);
#14220 = LINE('',#14221,#14222);
#14221 = CARTESIAN_POINT('',(0.,0.));
#14222 = VECTOR('',#14223,1.);
#14223 = DIRECTION('',(0.,1.));
#14224 = ( GEOMETRIC_REPRESENTATION_CONTEXT(2) 
PARAMETRIC_REPRESENTATION_CONTEXT() REPRESENTATION_CONTEXT('2D SPACE',''
  ) );
#14225 = PCURVE('',#14076,#14226);
#14226 = DEFINITIONAL_REPRESENTATION('',(#14227),#14231);
#14227 = LINE('',#14228,#14229);
#14228 = CARTESIAN_POINT('',(0.,0.6));
#14229 = VECTOR('',#14230,1.);
#14230 = DIRECTION('',(1.,0.));
#14231 = ( GEOMETRIC_REPRESENTATION_CONTEXT(2) 
PARAMETRIC_REPRESENTATION_CONTEXT() REPRESENTATION_CONTEXT('2D SPACE',''
  ) );
#14232 = ORIENTED_EDGE('',*,*,#14186,.T.);
#14233 = ORIENTED_EDGE('',*,*,#10035,.F.);
#14234 = ADVANCED_FACE('',(#14235),#10104,.T.);
#14235 = FACE_BOUND('',#14236,.T.);
#14236 = EDGE_LOOP('',(#14237,#14260,#14288,#14309));
#14237 = ORIENTED_EDGE('',*,*,#14238,.F.);
#14238 = EDGE_CURVE('',#14239,#10088,#14241,.T.);
#14239 = VERTEX_POINT('',#14240);
#14240 = CARTESIAN_POINT('',(14.435,1.555,2.));
#14241 = SURFACE_CURVE('',#14242,(#14246,#14253),.PCURVE_S1.);
#14242 = LINE('',#14243,#14244);
#14243 = CARTESIAN_POINT('',(14.435,1.555,2.));
#14244 = VECTOR('',#14245,1.);
#14245 = DIRECTION('',(0.,0.,1.));
#14246 = PCURVE('',#10104,#14247);
#14247 = DEFINITIONAL_REPRESENTATION('',(#14248),#14252);
#14248 = LINE('',#14249,#14250);
#14249 = CARTESIAN_POINT('',(0.,0.6));
#14250 = VECTOR('',#14251,1.);
#14251 = DIRECTION('',(1.,0.));
#14252 = ( GEOMETRIC_REPRESENTATION_CONTEXT(2) 
PARAMETRIC_REPRESENTATION_CONTEXT() REPRESENTATION_CONTEXT('2D SPACE',''
  ) );
#14253 = PCURVE('',#10180,#14254);
#14254 = DEFINITIONAL_REPRESENTATION('',(#14255),#14259);
#14255 = LINE('',#14256,#14257);
#14256 = CARTESIAN_POINT('',(0.,0.));
#14257 = VECTOR('',#14258,1.);
#14258 = DIRECTION('',(1.,0.));
#14259 = ( GEOMETRIC_REPRESENTATION_CONTEXT(2) 
PARAMETRIC_REPRESENTATION_CONTEXT() REPRESENTATION_CONTEXT('2D SPACE',''
  ) );
#14260 = ORIENTED_EDGE('',*,*,#14261,.F.);
#14261 = EDGE_CURVE('',#14262,#14239,#14264,.T.);
#14262 = VERTEX_POINT('',#14263);
#14263 = CARTESIAN_POINT('',(13.835,1.555,2.));
#14264 = SURFACE_CURVE('',#14265,(#14269,#14276),.PCURVE_S1.);
#14265 = LINE('',#14266,#14267);
#14266 = CARTESIAN_POINT('',(13.835,1.555,2.));
#14267 = VECTOR('',#14268,1.);
#14268 = DIRECTION('',(1.,0.,0.));
#14269 = PCURVE('',#10104,#14270);
#14270 = DEFINITIONAL_REPRESENTATION('',(#14271),#14275);
#14271 = LINE('',#14272,#14273);
#14272 = CARTESIAN_POINT('',(0.,0.));
#14273 = VECTOR('',#14274,1.);
#14274 = DIRECTION('',(0.,1.));
#14275 = ( GEOMETRIC_REPRESENTATION_CONTEXT(2) 
PARAMETRIC_REPRESENTATION_CONTEXT() REPRESENTATION_CONTEXT('2D SPACE',''
  ) );
#14276 = PCURVE('',#14277,#14282);
#14277 = PLANE('',#14278);
#14278 = AXIS2_PLACEMENT_3D('',#14279,#14280,#14281);
#14279 = CARTESIAN_POINT('',(13.835,1.555,2.));
#14280 = DIRECTION('',(0.,0.,1.));
#14281 = DIRECTION('',(1.,0.,0.));
#14282 = DEFINITIONAL_REPRESENTATION('',(#14283),#14287);
#14283 = LINE('',#14284,#14285);
#14284 = CARTESIAN_POINT('',(0.,0.));
#14285 = VECTOR('',#14286,1.);
#14286 = DIRECTION('',(1.,0.));
#14287 = ( GEOMETRIC_REPRESENTATION_CONTEXT(2) 
PARAMETRIC_REPRESENTATION_CONTEXT() REPRESENTATION_CONTEXT('2D SPACE',''
  ) );
#14288 = ORIENTED_EDGE('',*,*,#14289,.T.);
#14289 = EDGE_CURVE('',#14262,#10090,#14290,.T.);
#14290 = SURFACE_CURVE('',#14291,(#14295,#14302),.PCURVE_S1.);
#14291 = LINE('',#14292,#14293);
#14292 = CARTESIAN_POINT('',(13.835,1.555,2.));
#14293 = VECTOR('',#14294,1.);
#14294 = DIRECTION('',(0.,0.,1.));
#14295 = PCURVE('',#10104,#14296);
#14296 = DEFINITIONAL_REPRESENTATION('',(#14297),#14301);
#14297 = LINE('',#14298,#14299);
#14298 = CARTESIAN_POINT('',(0.,0.));
#14299 = VECTOR('',#14300,1.);
#14300 = DIRECTION('',(1.,0.));
#14301 = ( GEOMETRIC_REPRESENTATION_CONTEXT(2) 
PARAMETRIC_REPRESENTATION_CONTEXT() REPRESENTATION_CONTEXT('2D SPACE',''
  ) );
#14302 = PCURVE('',#10130,#14303);
#14303 = DEFINITIONAL_REPRESENTATION('',(#14304),#14308);
#14304 = LINE('',#14305,#14306);
#14305 = CARTESIAN_POINT('',(0.,0.));
#14306 = VECTOR('',#14307,1.);
#14307 = DIRECTION('',(1.,0.));
#14308 = ( GEOMETRIC_REPRESENTATION_CONTEXT(2) 
PARAMETRIC_REPRESENTATION_CONTEXT() REPRESENTATION_CONTEXT('2D SPACE',''
  ) );
#14309 = ORIENTED_EDGE('',*,*,#10087,.F.);
#14310 = ADVANCED_FACE('',(#14311),#10180,.F.);
#14311 = FACE_BOUND('',#14312,.F.);
#14312 = EDGE_LOOP('',(#14313,#14314,#14337,#14358));
#14313 = ORIENTED_EDGE('',*,*,#14238,.F.);
#14314 = ORIENTED_EDGE('',*,*,#14315,.T.);
#14315 = EDGE_CURVE('',#14239,#14316,#14318,.T.);
#14316 = VERTEX_POINT('',#14317);
#14317 = CARTESIAN_POINT('',(14.435,2.155,2.));
#14318 = SURFACE_CURVE('',#14319,(#14323,#14330),.PCURVE_S1.);
#14319 = LINE('',#14320,#14321);
#14320 = CARTESIAN_POINT('',(14.435,1.555,2.));
#14321 = VECTOR('',#14322,1.);
#14322 = DIRECTION('',(0.,1.,0.));
#14323 = PCURVE('',#10180,#14324);
#14324 = DEFINITIONAL_REPRESENTATION('',(#14325),#14329);
#14325 = LINE('',#14326,#14327);
#14326 = CARTESIAN_POINT('',(0.,0.));
#14327 = VECTOR('',#14328,1.);
#14328 = DIRECTION('',(0.,-1.));
#14329 = ( GEOMETRIC_REPRESENTATION_CONTEXT(2) 
PARAMETRIC_REPRESENTATION_CONTEXT() REPRESENTATION_CONTEXT('2D SPACE',''
  ) );
#14330 = PCURVE('',#14277,#14331);
#14331 = DEFINITIONAL_REPRESENTATION('',(#14332),#14336);
#14332 = LINE('',#14333,#14334);
#14333 = CARTESIAN_POINT('',(0.6,0.));
#14334 = VECTOR('',#14335,1.);
#14335 = DIRECTION('',(0.,1.));
#14336 = ( GEOMETRIC_REPRESENTATION_CONTEXT(2) 
PARAMETRIC_REPRESENTATION_CONTEXT() REPRESENTATION_CONTEXT('2D SPACE',''
  ) );
#14337 = ORIENTED_EDGE('',*,*,#14338,.T.);
#14338 = EDGE_CURVE('',#14316,#10142,#14339,.T.);
#14339 = SURFACE_CURVE('',#14340,(#14344,#14351),.PCURVE_S1.);
#14340 = LINE('',#14341,#14342);
#14341 = CARTESIAN_POINT('',(14.435,2.155,2.));
#14342 = VECTOR('',#14343,1.);
#14343 = DIRECTION('',(0.,0.,1.));
#14344 = PCURVE('',#10180,#14345);
#14345 = DEFINITIONAL_REPRESENTATION('',(#14346),#14350);
#14346 = LINE('',#14347,#14348);
#14347 = CARTESIAN_POINT('',(0.,-0.6));
#14348 = VECTOR('',#14349,1.);
#14349 = DIRECTION('',(1.,0.));
#14350 = ( GEOMETRIC_REPRESENTATION_CONTEXT(2) 
PARAMETRIC_REPRESENTATION_CONTEXT() REPRESENTATION_CONTEXT('2D SPACE',''
  ) );
#14351 = PCURVE('',#10156,#14352);
#14352 = DEFINITIONAL_REPRESENTATION('',(#14353),#14357);
#14353 = LINE('',#14354,#14355);
#14354 = CARTESIAN_POINT('',(0.,0.6));
#14355 = VECTOR('',#14356,1.);
#14356 = DIRECTION('',(1.,0.));
#14357 = ( GEOMETRIC_REPRESENTATION_CONTEXT(2) 
PARAMETRIC_REPRESENTATION_CONTEXT() REPRESENTATION_CONTEXT('2D SPACE',''
  ) );
#14358 = ORIENTED_EDGE('',*,*,#10167,.F.);
#14359 = ADVANCED_FACE('',(#14360),#10130,.T.);
#14360 = FACE_BOUND('',#14361,.T.);
#14361 = EDGE_LOOP('',(#14362,#14363,#14386,#14407));
#14362 = ORIENTED_EDGE('',*,*,#14289,.F.);
#14363 = ORIENTED_EDGE('',*,*,#14364,.T.);
#14364 = EDGE_CURVE('',#14262,#14365,#14367,.T.);
#14365 = VERTEX_POINT('',#14366);
#14366 = CARTESIAN_POINT('',(13.835,2.155,2.));
#14367 = SURFACE_CURVE('',#14368,(#14372,#14379),.PCURVE_S1.);
#14368 = LINE('',#14369,#14370);
#14369 = CARTESIAN_POINT('',(13.835,1.555,2.));
#14370 = VECTOR('',#14371,1.);
#14371 = DIRECTION('',(0.,1.,0.));
#14372 = PCURVE('',#10130,#14373);
#14373 = DEFINITIONAL_REPRESENTATION('',(#14374),#14378);
#14374 = LINE('',#14375,#14376);
#14375 = CARTESIAN_POINT('',(0.,0.));
#14376 = VECTOR('',#14377,1.);
#14377 = DIRECTION('',(0.,-1.));
#14378 = ( GEOMETRIC_REPRESENTATION_CONTEXT(2) 
PARAMETRIC_REPRESENTATION_CONTEXT() REPRESENTATION_CONTEXT('2D SPACE',''
  ) );
#14379 = PCURVE('',#14277,#14380);
#14380 = DEFINITIONAL_REPRESENTATION('',(#14381),#14385);
#14381 = LINE('',#14382,#14383);
#14382 = CARTESIAN_POINT('',(0.,0.));
#14383 = VECTOR('',#14384,1.);
#14384 = DIRECTION('',(0.,1.));
#14385 = ( GEOMETRIC_REPRESENTATION_CONTEXT(2) 
PARAMETRIC_REPRESENTATION_CONTEXT() REPRESENTATION_CONTEXT('2D SPACE',''
  ) );
#14386 = ORIENTED_EDGE('',*,*,#14387,.T.);
#14387 = EDGE_CURVE('',#14365,#10116,#14388,.T.);
#14388 = SURFACE_CURVE('',#14389,(#14393,#14400),.PCURVE_S1.);
#14389 = LINE('',#14390,#14391);
#14390 = CARTESIAN_POINT('',(13.835,2.155,2.));
#14391 = VECTOR('',#14392,1.);
#14392 = DIRECTION('',(0.,0.,1.));
#14393 = PCURVE('',#10130,#14394);
#14394 = DEFINITIONAL_REPRESENTATION('',(#14395),#14399);
#14395 = LINE('',#14396,#14397);
#14396 = CARTESIAN_POINT('',(0.,-0.6));
#14397 = VECTOR('',#14398,1.);
#14398 = DIRECTION('',(1.,0.));
#14399 = ( GEOMETRIC_REPRESENTATION_CONTEXT(2) 
PARAMETRIC_REPRESENTATION_CONTEXT() REPRESENTATION_CONTEXT('2D SPACE',''
  ) );
#14400 = PCURVE('',#10156,#14401);
#14401 = DEFINITIONAL_REPRESENTATION('',(#14402),#14406);
#14402 = LINE('',#14403,#14404);
#14403 = CARTESIAN_POINT('',(0.,0.));
#14404 = VECTOR('',#14405,1.);
#14405 = DIRECTION('',(1.,0.));
#14406 = ( GEOMETRIC_REPRESENTATION_CONTEXT(2) 
PARAMETRIC_REPRESENTATION_CONTEXT() REPRESENTATION_CONTEXT('2D SPACE',''
  ) );
#14407 = ORIENTED_EDGE('',*,*,#10115,.F.);
#14408 = ADVANCED_FACE('',(#14409),#10156,.F.);
#14409 = FACE_BOUND('',#14410,.F.);
#14410 = EDGE_LOOP('',(#14411,#14412,#14433,#14434));
#14411 = ORIENTED_EDGE('',*,*,#14338,.F.);
#14412 = ORIENTED_EDGE('',*,*,#14413,.F.);
#14413 = EDGE_CURVE('',#14365,#14316,#14414,.T.);
#14414 = SURFACE_CURVE('',#14415,(#14419,#14426),.PCURVE_S1.);
#14415 = LINE('',#14416,#14417);
#14416 = CARTESIAN_POINT('',(13.835,2.155,2.));
#14417 = VECTOR('',#14418,1.);
#14418 = DIRECTION('',(1.,0.,0.));
#14419 = PCURVE('',#10156,#14420);
#14420 = DEFINITIONAL_REPRESENTATION('',(#14421),#14425);
#14421 = LINE('',#14422,#14423);
#14422 = CARTESIAN_POINT('',(0.,0.));
#14423 = VECTOR('',#14424,1.);
#14424 = DIRECTION('',(0.,1.));
#14425 = ( GEOMETRIC_REPRESENTATION_CONTEXT(2) 
PARAMETRIC_REPRESENTATION_CONTEXT() REPRESENTATION_CONTEXT('2D SPACE',''
  ) );
#14426 = PCURVE('',#14277,#14427);
#14427 = DEFINITIONAL_REPRESENTATION('',(#14428),#14432);
#14428 = LINE('',#14429,#14430);
#14429 = CARTESIAN_POINT('',(0.,0.6));
#14430 = VECTOR('',#14431,1.);
#14431 = DIRECTION('',(1.,0.));
#14432 = ( GEOMETRIC_REPRESENTATION_CONTEXT(2) 
PARAMETRIC_REPRESENTATION_CONTEXT() REPRESENTATION_CONTEXT('2D SPACE',''
  ) );
#14433 = ORIENTED_EDGE('',*,*,#14387,.T.);
#14434 = ORIENTED_EDGE('',*,*,#10141,.F.);
#14435 = ADVANCED_FACE('',(#14436),#10210,.T.);
#14436 = FACE_BOUND('',#14437,.T.);
#14437 = EDGE_LOOP('',(#14438,#14461,#14489,#14510));
#14438 = ORIENTED_EDGE('',*,*,#14439,.F.);
#14439 = EDGE_CURVE('',#14440,#10194,#14442,.T.);
#14440 = VERTEX_POINT('',#14441);
#14441 = CARTESIAN_POINT('',(14.435,2.825,2.));
#14442 = SURFACE_CURVE('',#14443,(#14447,#14454),.PCURVE_S1.);
#14443 = LINE('',#14444,#14445);
#14444 = CARTESIAN_POINT('',(14.435,2.825,2.));
#14445 = VECTOR('',#14446,1.);
#14446 = DIRECTION('',(0.,0.,1.));
#14447 = PCURVE('',#10210,#14448);
#14448 = DEFINITIONAL_REPRESENTATION('',(#14449),#14453);
#14449 = LINE('',#14450,#14451);
#14450 = CARTESIAN_POINT('',(0.,0.6));
#14451 = VECTOR('',#14452,1.);
#14452 = DIRECTION('',(1.,0.));
#14453 = ( GEOMETRIC_REPRESENTATION_CONTEXT(2) 
PARAMETRIC_REPRESENTATION_CONTEXT() REPRESENTATION_CONTEXT('2D SPACE',''
  ) );
#14454 = PCURVE('',#10286,#14455);
#14455 = DEFINITIONAL_REPRESENTATION('',(#14456),#14460);
#14456 = LINE('',#14457,#14458);
#14457 = CARTESIAN_POINT('',(0.,0.));
#14458 = VECTOR('',#14459,1.);
#14459 = DIRECTION('',(1.,0.));
#14460 = ( GEOMETRIC_REPRESENTATION_CONTEXT(2) 
PARAMETRIC_REPRESENTATION_CONTEXT() REPRESENTATION_CONTEXT('2D SPACE',''
  ) );
#14461 = ORIENTED_EDGE('',*,*,#14462,.F.);
#14462 = EDGE_CURVE('',#14463,#14440,#14465,.T.);
#14463 = VERTEX_POINT('',#14464);
#14464 = CARTESIAN_POINT('',(13.835,2.825,2.));
#14465 = SURFACE_CURVE('',#14466,(#14470,#14477),.PCURVE_S1.);
#14466 = LINE('',#14467,#14468);
#14467 = CARTESIAN_POINT('',(13.835,2.825,2.));
#14468 = VECTOR('',#14469,1.);
#14469 = DIRECTION('',(1.,0.,0.));
#14470 = PCURVE('',#10210,#14471);
#14471 = DEFINITIONAL_REPRESENTATION('',(#14472),#14476);
#14472 = LINE('',#14473,#14474);
#14473 = CARTESIAN_POINT('',(0.,0.));
#14474 = VECTOR('',#14475,1.);
#14475 = DIRECTION('',(0.,1.));
#14476 = ( GEOMETRIC_REPRESENTATION_CONTEXT(2) 
PARAMETRIC_REPRESENTATION_CONTEXT() REPRESENTATION_CONTEXT('2D SPACE',''
  ) );
#14477 = PCURVE('',#14478,#14483);
#14478 = PLANE('',#14479);
#14479 = AXIS2_PLACEMENT_3D('',#14480,#14481,#14482);
#14480 = CARTESIAN_POINT('',(13.835,2.825,2.));
#14481 = DIRECTION('',(0.,0.,1.));
#14482 = DIRECTION('',(1.,0.,0.));
#14483 = DEFINITIONAL_REPRESENTATION('',(#14484),#14488);
#14484 = LINE('',#14485,#14486);
#14485 = CARTESIAN_POINT('',(0.,0.));
#14486 = VECTOR('',#14487,1.);
#14487 = DIRECTION('',(1.,0.));
#14488 = ( GEOMETRIC_REPRESENTATION_CONTEXT(2) 
PARAMETRIC_REPRESENTATION_CONTEXT() REPRESENTATION_CONTEXT('2D SPACE',''
  ) );
#14489 = ORIENTED_EDGE('',*,*,#14490,.T.);
#14490 = EDGE_CURVE('',#14463,#10196,#14491,.T.);
#14491 = SURFACE_CURVE('',#14492,(#14496,#14503),.PCURVE_S1.);
#14492 = LINE('',#14493,#14494);
#14493 = CARTESIAN_POINT('',(13.835,2.825,2.));
#14494 = VECTOR('',#14495,1.);
#14495 = DIRECTION('',(0.,0.,1.));
#14496 = PCURVE('',#10210,#14497);
#14497 = DEFINITIONAL_REPRESENTATION('',(#14498),#14502);
#14498 = LINE('',#14499,#14500);
#14499 = CARTESIAN_POINT('',(0.,0.));
#14500 = VECTOR('',#14501,1.);
#14501 = DIRECTION('',(1.,0.));
#14502 = ( GEOMETRIC_REPRESENTATION_CONTEXT(2) 
PARAMETRIC_REPRESENTATION_CONTEXT() REPRESENTATION_CONTEXT('2D SPACE',''
  ) );
#14503 = PCURVE('',#10236,#14504);
#14504 = DEFINITIONAL_REPRESENTATION('',(#14505),#14509);
#14505 = LINE('',#14506,#14507);
#14506 = CARTESIAN_POINT('',(0.,0.));
#14507 = VECTOR('',#14508,1.);
#14508 = DIRECTION('',(1.,0.));
#14509 = ( GEOMETRIC_REPRESENTATION_CONTEXT(2) 
PARAMETRIC_REPRESENTATION_CONTEXT() REPRESENTATION_CONTEXT('2D SPACE',''
  ) );
#14510 = ORIENTED_EDGE('',*,*,#10193,.F.);
#14511 = ADVANCED_FACE('',(#14512),#10286,.F.);
#14512 = FACE_BOUND('',#14513,.F.);
#14513 = EDGE_LOOP('',(#14514,#14515,#14538,#14559));
#14514 = ORIENTED_EDGE('',*,*,#14439,.F.);
#14515 = ORIENTED_EDGE('',*,*,#14516,.T.);
#14516 = EDGE_CURVE('',#14440,#14517,#14519,.T.);
#14517 = VERTEX_POINT('',#14518);
#14518 = CARTESIAN_POINT('',(14.435,3.425,2.));
#14519 = SURFACE_CURVE('',#14520,(#14524,#14531),.PCURVE_S1.);
#14520 = LINE('',#14521,#14522);
#14521 = CARTESIAN_POINT('',(14.435,2.825,2.));
#14522 = VECTOR('',#14523,1.);
#14523 = DIRECTION('',(0.,1.,0.));
#14524 = PCURVE('',#10286,#14525);
#14525 = DEFINITIONAL_REPRESENTATION('',(#14526),#14530);
#14526 = LINE('',#14527,#14528);
#14527 = CARTESIAN_POINT('',(0.,0.));
#14528 = VECTOR('',#14529,1.);
#14529 = DIRECTION('',(0.,-1.));
#14530 = ( GEOMETRIC_REPRESENTATION_CONTEXT(2) 
PARAMETRIC_REPRESENTATION_CONTEXT() REPRESENTATION_CONTEXT('2D SPACE',''
  ) );
#14531 = PCURVE('',#14478,#14532);
#14532 = DEFINITIONAL_REPRESENTATION('',(#14533),#14537);
#14533 = LINE('',#14534,#14535);
#14534 = CARTESIAN_POINT('',(0.6,0.));
#14535 = VECTOR('',#14536,1.);
#14536 = DIRECTION('',(0.,1.));
#14537 = ( GEOMETRIC_REPRESENTATION_CONTEXT(2) 
PARAMETRIC_REPRESENTATION_CONTEXT() REPRESENTATION_CONTEXT('2D SPACE',''
  ) );
#14538 = ORIENTED_EDGE('',*,*,#14539,.T.);
#14539 = EDGE_CURVE('',#14517,#10248,#14540,.T.);
#14540 = SURFACE_CURVE('',#14541,(#14545,#14552),.PCURVE_S1.);
#14541 = LINE('',#14542,#14543);
#14542 = CARTESIAN_POINT('',(14.435,3.425,2.));
#14543 = VECTOR('',#14544,1.);
#14544 = DIRECTION('',(0.,0.,1.));
#14545 = PCURVE('',#10286,#14546);
#14546 = DEFINITIONAL_REPRESENTATION('',(#14547),#14551);
#14547 = LINE('',#14548,#14549);
#14548 = CARTESIAN_POINT('',(0.,-0.6));
#14549 = VECTOR('',#14550,1.);
#14550 = DIRECTION('',(1.,0.));
#14551 = ( GEOMETRIC_REPRESENTATION_CONTEXT(2) 
PARAMETRIC_REPRESENTATION_CONTEXT() REPRESENTATION_CONTEXT('2D SPACE',''
  ) );
#14552 = PCURVE('',#10262,#14553);
#14553 = DEFINITIONAL_REPRESENTATION('',(#14554),#14558);
#14554 = LINE('',#14555,#14556);
#14555 = CARTESIAN_POINT('',(0.,0.6));
#14556 = VECTOR('',#14557,1.);
#14557 = DIRECTION('',(1.,0.));
#14558 = ( GEOMETRIC_REPRESENTATION_CONTEXT(2) 
PARAMETRIC_REPRESENTATION_CONTEXT() REPRESENTATION_CONTEXT('2D SPACE',''
  ) );
#14559 = ORIENTED_EDGE('',*,*,#10273,.F.);
#14560 = ADVANCED_FACE('',(#14561),#10236,.T.);
#14561 = FACE_BOUND('',#14562,.T.);
#14562 = EDGE_LOOP('',(#14563,#14564,#14587,#14608));
#14563 = ORIENTED_EDGE('',*,*,#14490,.F.);
#14564 = ORIENTED_EDGE('',*,*,#14565,.T.);
#14565 = EDGE_CURVE('',#14463,#14566,#14568,.T.);
#14566 = VERTEX_POINT('',#14567);
#14567 = CARTESIAN_POINT('',(13.835,3.425,2.));
#14568 = SURFACE_CURVE('',#14569,(#14573,#14580),.PCURVE_S1.);
#14569 = LINE('',#14570,#14571);
#14570 = CARTESIAN_POINT('',(13.835,2.825,2.));
#14571 = VECTOR('',#14572,1.);
#14572 = DIRECTION('',(0.,1.,0.));
#14573 = PCURVE('',#10236,#14574);
#14574 = DEFINITIONAL_REPRESENTATION('',(#14575),#14579);
#14575 = LINE('',#14576,#14577);
#14576 = CARTESIAN_POINT('',(0.,0.));
#14577 = VECTOR('',#14578,1.);
#14578 = DIRECTION('',(0.,-1.));
#14579 = ( GEOMETRIC_REPRESENTATION_CONTEXT(2) 
PARAMETRIC_REPRESENTATION_CONTEXT() REPRESENTATION_CONTEXT('2D SPACE',''
  ) );
#14580 = PCURVE('',#14478,#14581);
#14581 = DEFINITIONAL_REPRESENTATION('',(#14582),#14586);
#14582 = LINE('',#14583,#14584);
#14583 = CARTESIAN_POINT('',(0.,0.));
#14584 = VECTOR('',#14585,1.);
#14585 = DIRECTION('',(0.,1.));
#14586 = ( GEOMETRIC_REPRESENTATION_CONTEXT(2) 
PARAMETRIC_REPRESENTATION_CONTEXT() REPRESENTATION_CONTEXT('2D SPACE',''
  ) );
#14587 = ORIENTED_EDGE('',*,*,#14588,.T.);
#14588 = EDGE_CURVE('',#14566,#10222,#14589,.T.);
#14589 = SURFACE_CURVE('',#14590,(#14594,#14601),.PCURVE_S1.);
#14590 = LINE('',#14591,#14592);
#14591 = CARTESIAN_POINT('',(13.835,3.425,2.));
#14592 = VECTOR('',#14593,1.);
#14593 = DIRECTION('',(0.,0.,1.));
#14594 = PCURVE('',#10236,#14595);
#14595 = DEFINITIONAL_REPRESENTATION('',(#14596),#14600);
#14596 = LINE('',#14597,#14598);
#14597 = CARTESIAN_POINT('',(0.,-0.6));
#14598 = VECTOR('',#14599,1.);
#14599 = DIRECTION('',(1.,0.));
#14600 = ( GEOMETRIC_REPRESENTATION_CONTEXT(2) 
PARAMETRIC_REPRESENTATION_CONTEXT() REPRESENTATION_CONTEXT('2D SPACE',''
  ) );
#14601 = PCURVE('',#10262,#14602);
#14602 = DEFINITIONAL_REPRESENTATION('',(#14603),#14607);
#14603 = LINE('',#14604,#14605);
#14604 = CARTESIAN_POINT('',(0.,0.));
#14605 = VECTOR('',#14606,1.);
#14606 = DIRECTION('',(1.,0.));
#14607 = ( GEOMETRIC_REPRESENTATION_CONTEXT(2) 
PARAMETRIC_REPRESENTATION_CONTEXT() REPRESENTATION_CONTEXT('2D SPACE',''
  ) );
#14608 = ORIENTED_EDGE('',*,*,#10221,.F.);
#14609 = ADVANCED_FACE('',(#14610),#10262,.F.);
#14610 = FACE_BOUND('',#14611,.F.);
#14611 = EDGE_LOOP('',(#14612,#14613,#14634,#14635));
#14612 = ORIENTED_EDGE('',*,*,#14539,.F.);
#14613 = ORIENTED_EDGE('',*,*,#14614,.F.);
#14614 = EDGE_CURVE('',#14566,#14517,#14615,.T.);
#14615 = SURFACE_CURVE('',#14616,(#14620,#14627),.PCURVE_S1.);
#14616 = LINE('',#14617,#14618);
#14617 = CARTESIAN_POINT('',(13.835,3.425,2.));
#14618 = VECTOR('',#14619,1.);
#14619 = DIRECTION('',(1.,0.,0.));
#14620 = PCURVE('',#10262,#14621);
#14621 = DEFINITIONAL_REPRESENTATION('',(#14622),#14626);
#14622 = LINE('',#14623,#14624);
#14623 = CARTESIAN_POINT('',(0.,0.));
#14624 = VECTOR('',#14625,1.);
#14625 = DIRECTION('',(0.,1.));
#14626 = ( GEOMETRIC_REPRESENTATION_CONTEXT(2) 
PARAMETRIC_REPRESENTATION_CONTEXT() REPRESENTATION_CONTEXT('2D SPACE',''
  ) );
#14627 = PCURVE('',#14478,#14628);
#14628 = DEFINITIONAL_REPRESENTATION('',(#14629),#14633);
#14629 = LINE('',#14630,#14631);
#14630 = CARTESIAN_POINT('',(0.,0.6));
#14631 = VECTOR('',#14632,1.);
#14632 = DIRECTION('',(1.,0.));
#14633 = ( GEOMETRIC_REPRESENTATION_CONTEXT(2) 
PARAMETRIC_REPRESENTATION_CONTEXT() REPRESENTATION_CONTEXT('2D SPACE',''
  ) );
#14634 = ORIENTED_EDGE('',*,*,#14588,.T.);
#14635 = ORIENTED_EDGE('',*,*,#10247,.F.);
#14636 = ADVANCED_FACE('',(#14637),#10316,.T.);
#14637 = FACE_BOUND('',#14638,.T.);
#14638 = EDGE_LOOP('',(#14639,#14662,#14690,#14711));
#14639 = ORIENTED_EDGE('',*,*,#14640,.F.);
#14640 = EDGE_CURVE('',#14641,#10300,#14643,.T.);
#14641 = VERTEX_POINT('',#14642);
#14642 = CARTESIAN_POINT('',(14.435,4.095,2.));
#14643 = SURFACE_CURVE('',#14644,(#14648,#14655),.PCURVE_S1.);
#14644 = LINE('',#14645,#14646);
#14645 = CARTESIAN_POINT('',(14.435,4.095,2.));
#14646 = VECTOR('',#14647,1.);
#14647 = DIRECTION('',(0.,0.,1.));
#14648 = PCURVE('',#10316,#14649);
#14649 = DEFINITIONAL_REPRESENTATION('',(#14650),#14654);
#14650 = LINE('',#14651,#14652);
#14651 = CARTESIAN_POINT('',(0.,0.6));
#14652 = VECTOR('',#14653,1.);
#14653 = DIRECTION('',(1.,0.));
#14654 = ( GEOMETRIC_REPRESENTATION_CONTEXT(2) 
PARAMETRIC_REPRESENTATION_CONTEXT() REPRESENTATION_CONTEXT('2D SPACE',''
  ) );
#14655 = PCURVE('',#10392,#14656);
#14656 = DEFINITIONAL_REPRESENTATION('',(#14657),#14661);
#14657 = LINE('',#14658,#14659);
#14658 = CARTESIAN_POINT('',(0.,0.));
#14659 = VECTOR('',#14660,1.);
#14660 = DIRECTION('',(1.,0.));
#14661 = ( GEOMETRIC_REPRESENTATION_CONTEXT(2) 
PARAMETRIC_REPRESENTATION_CONTEXT() REPRESENTATION_CONTEXT('2D SPACE',''
  ) );
#14662 = ORIENTED_EDGE('',*,*,#14663,.F.);
#14663 = EDGE_CURVE('',#14664,#14641,#14666,.T.);
#14664 = VERTEX_POINT('',#14665);
#14665 = CARTESIAN_POINT('',(13.835,4.095,2.));
#14666 = SURFACE_CURVE('',#14667,(#14671,#14678),.PCURVE_S1.);
#14667 = LINE('',#14668,#14669);
#14668 = CARTESIAN_POINT('',(13.835,4.095,2.));
#14669 = VECTOR('',#14670,1.);
#14670 = DIRECTION('',(1.,0.,0.));
#14671 = PCURVE('',#10316,#14672);
#14672 = DEFINITIONAL_REPRESENTATION('',(#14673),#14677);
#14673 = LINE('',#14674,#14675);
#14674 = CARTESIAN_POINT('',(0.,0.));
#14675 = VECTOR('',#14676,1.);
#14676 = DIRECTION('',(0.,1.));
#14677 = ( GEOMETRIC_REPRESENTATION_CONTEXT(2) 
PARAMETRIC_REPRESENTATION_CONTEXT() REPRESENTATION_CONTEXT('2D SPACE',''
  ) );
#14678 = PCURVE('',#14679,#14684);
#14679 = PLANE('',#14680);
#14680 = AXIS2_PLACEMENT_3D('',#14681,#14682,#14683);
#14681 = CARTESIAN_POINT('',(13.835,4.095,2.));
#14682 = DIRECTION('',(0.,0.,1.));
#14683 = DIRECTION('',(1.,0.,0.));
#14684 = DEFINITIONAL_REPRESENTATION('',(#14685),#14689);
#14685 = LINE('',#14686,#14687);
#14686 = CARTESIAN_POINT('',(0.,0.));
#14687 = VECTOR('',#14688,1.);
#14688 = DIRECTION('',(1.,0.));
#14689 = ( GEOMETRIC_REPRESENTATION_CONTEXT(2) 
PARAMETRIC_REPRESENTATION_CONTEXT() REPRESENTATION_CONTEXT('2D SPACE',''
  ) );
#14690 = ORIENTED_EDGE('',*,*,#14691,.T.);
#14691 = EDGE_CURVE('',#14664,#10302,#14692,.T.);
#14692 = SURFACE_CURVE('',#14693,(#14697,#14704),.PCURVE_S1.);
#14693 = LINE('',#14694,#14695);
#14694 = CARTESIAN_POINT('',(13.835,4.095,2.));
#14695 = VECTOR('',#14696,1.);
#14696 = DIRECTION('',(0.,0.,1.));
#14697 = PCURVE('',#10316,#14698);
#14698 = DEFINITIONAL_REPRESENTATION('',(#14699),#14703);
#14699 = LINE('',#14700,#14701);
#14700 = CARTESIAN_POINT('',(0.,0.));
#14701 = VECTOR('',#14702,1.);
#14702 = DIRECTION('',(1.,0.));
#14703 = ( GEOMETRIC_REPRESENTATION_CONTEXT(2) 
PARAMETRIC_REPRESENTATION_CONTEXT() REPRESENTATION_CONTEXT('2D SPACE',''
  ) );
#14704 = PCURVE('',#10342,#14705);
#14705 = DEFINITIONAL_REPRESENTATION('',(#14706),#14710);
#14706 = LINE('',#14707,#14708);
#14707 = CARTESIAN_POINT('',(0.,0.));
#14708 = VECTOR('',#14709,1.);
#14709 = DIRECTION('',(1.,0.));
#14710 = ( GEOMETRIC_REPRESENTATION_CONTEXT(2) 
PARAMETRIC_REPRESENTATION_CONTEXT() REPRESENTATION_CONTEXT('2D SPACE',''
  ) );
#14711 = ORIENTED_EDGE('',*,*,#10299,.F.);
#14712 = ADVANCED_FACE('',(#14713),#10392,.F.);
#14713 = FACE_BOUND('',#14714,.F.);
#14714 = EDGE_LOOP('',(#14715,#14716,#14739,#14760));
#14715 = ORIENTED_EDGE('',*,*,#14640,.F.);
#14716 = ORIENTED_EDGE('',*,*,#14717,.T.);
#14717 = EDGE_CURVE('',#14641,#14718,#14720,.T.);
#14718 = VERTEX_POINT('',#14719);
#14719 = CARTESIAN_POINT('',(14.435,4.695,2.));
#14720 = SURFACE_CURVE('',#14721,(#14725,#14732),.PCURVE_S1.);
#14721 = LINE('',#14722,#14723);
#14722 = CARTESIAN_POINT('',(14.435,4.095,2.));
#14723 = VECTOR('',#14724,1.);
#14724 = DIRECTION('',(0.,1.,0.));
#14725 = PCURVE('',#10392,#14726);
#14726 = DEFINITIONAL_REPRESENTATION('',(#14727),#14731);
#14727 = LINE('',#14728,#14729);
#14728 = CARTESIAN_POINT('',(0.,0.));
#14729 = VECTOR('',#14730,1.);
#14730 = DIRECTION('',(0.,-1.));
#14731 = ( GEOMETRIC_REPRESENTATION_CONTEXT(2) 
PARAMETRIC_REPRESENTATION_CONTEXT() REPRESENTATION_CONTEXT('2D SPACE',''
  ) );
#14732 = PCURVE('',#14679,#14733);
#14733 = DEFINITIONAL_REPRESENTATION('',(#14734),#14738);
#14734 = LINE('',#14735,#14736);
#14735 = CARTESIAN_POINT('',(0.6,0.));
#14736 = VECTOR('',#14737,1.);
#14737 = DIRECTION('',(0.,1.));
#14738 = ( GEOMETRIC_REPRESENTATION_CONTEXT(2) 
PARAMETRIC_REPRESENTATION_CONTEXT() REPRESENTATION_CONTEXT('2D SPACE',''
  ) );
#14739 = ORIENTED_EDGE('',*,*,#14740,.T.);
#14740 = EDGE_CURVE('',#14718,#10354,#14741,.T.);
#14741 = SURFACE_CURVE('',#14742,(#14746,#14753),.PCURVE_S1.);
#14742 = LINE('',#14743,#14744);
#14743 = CARTESIAN_POINT('',(14.435,4.695,2.));
#14744 = VECTOR('',#14745,1.);
#14745 = DIRECTION('',(0.,0.,1.));
#14746 = PCURVE('',#10392,#14747);
#14747 = DEFINITIONAL_REPRESENTATION('',(#14748),#14752);
#14748 = LINE('',#14749,#14750);
#14749 = CARTESIAN_POINT('',(0.,-0.6));
#14750 = VECTOR('',#14751,1.);
#14751 = DIRECTION('',(1.,0.));
#14752 = ( GEOMETRIC_REPRESENTATION_CONTEXT(2) 
PARAMETRIC_REPRESENTATION_CONTEXT() REPRESENTATION_CONTEXT('2D SPACE',''
  ) );
#14753 = PCURVE('',#10368,#14754);
#14754 = DEFINITIONAL_REPRESENTATION('',(#14755),#14759);
#14755 = LINE('',#14756,#14757);
#14756 = CARTESIAN_POINT('',(0.,0.6));
#14757 = VECTOR('',#14758,1.);
#14758 = DIRECTION('',(1.,0.));
#14759 = ( GEOMETRIC_REPRESENTATION_CONTEXT(2) 
PARAMETRIC_REPRESENTATION_CONTEXT() REPRESENTATION_CONTEXT('2D SPACE',''
  ) );
#14760 = ORIENTED_EDGE('',*,*,#10379,.F.);
#14761 = ADVANCED_FACE('',(#14762),#10342,.T.);
#14762 = FACE_BOUND('',#14763,.T.);
#14763 = EDGE_LOOP('',(#14764,#14765,#14788,#14809));
#14764 = ORIENTED_EDGE('',*,*,#14691,.F.);
#14765 = ORIENTED_EDGE('',*,*,#14766,.T.);
#14766 = EDGE_CURVE('',#14664,#14767,#14769,.T.);
#14767 = VERTEX_POINT('',#14768);
#14768 = CARTESIAN_POINT('',(13.835,4.695,2.));
#14769 = SURFACE_CURVE('',#14770,(#14774,#14781),.PCURVE_S1.);
#14770 = LINE('',#14771,#14772);
#14771 = CARTESIAN_POINT('',(13.835,4.095,2.));
#14772 = VECTOR('',#14773,1.);
#14773 = DIRECTION('',(0.,1.,0.));
#14774 = PCURVE('',#10342,#14775);
#14775 = DEFINITIONAL_REPRESENTATION('',(#14776),#14780);
#14776 = LINE('',#14777,#14778);
#14777 = CARTESIAN_POINT('',(0.,0.));
#14778 = VECTOR('',#14779,1.);
#14779 = DIRECTION('',(0.,-1.));
#14780 = ( GEOMETRIC_REPRESENTATION_CONTEXT(2) 
PARAMETRIC_REPRESENTATION_CONTEXT() REPRESENTATION_CONTEXT('2D SPACE',''
  ) );
#14781 = PCURVE('',#14679,#14782);
#14782 = DEFINITIONAL_REPRESENTATION('',(#14783),#14787);
#14783 = LINE('',#14784,#14785);
#14784 = CARTESIAN_POINT('',(0.,0.));
#14785 = VECTOR('',#14786,1.);
#14786 = DIRECTION('',(0.,1.));
#14787 = ( GEOMETRIC_REPRESENTATION_CONTEXT(2) 
PARAMETRIC_REPRESENTATION_CONTEXT() REPRESENTATION_CONTEXT('2D SPACE',''
  ) );
#14788 = ORIENTED_EDGE('',*,*,#14789,.T.);
#14789 = EDGE_CURVE('',#14767,#10328,#14790,.T.);
#14790 = SURFACE_CURVE('',#14791,(#14795,#14802),.PCURVE_S1.);
#14791 = LINE('',#14792,#14793);
#14792 = CARTESIAN_POINT('',(13.835,4.695,2.));
#14793 = VECTOR('',#14794,1.);
#14794 = DIRECTION('',(0.,0.,1.));
#14795 = PCURVE('',#10342,#14796);
#14796 = DEFINITIONAL_REPRESENTATION('',(#14797),#14801);
#14797 = LINE('',#14798,#14799);
#14798 = CARTESIAN_POINT('',(0.,-0.6));
#14799 = VECTOR('',#14800,1.);
#14800 = DIRECTION('',(1.,0.));
#14801 = ( GEOMETRIC_REPRESENTATION_CONTEXT(2) 
PARAMETRIC_REPRESENTATION_CONTEXT() REPRESENTATION_CONTEXT('2D SPACE',''
  ) );
#14802 = PCURVE('',#10368,#14803);
#14803 = DEFINITIONAL_REPRESENTATION('',(#14804),#14808);
#14804 = LINE('',#14805,#14806);
#14805 = CARTESIAN_POINT('',(0.,0.));
#14806 = VECTOR('',#14807,1.);
#14807 = DIRECTION('',(1.,0.));
#14808 = ( GEOMETRIC_REPRESENTATION_CONTEXT(2) 
PARAMETRIC_REPRESENTATION_CONTEXT() REPRESENTATION_CONTEXT('2D SPACE',''
  ) );
#14809 = ORIENTED_EDGE('',*,*,#10327,.F.);
#14810 = ADVANCED_FACE('',(#14811),#10368,.F.);
#14811 = FACE_BOUND('',#14812,.F.);
#14812 = EDGE_LOOP('',(#14813,#14814,#14835,#14836));
#14813 = ORIENTED_EDGE('',*,*,#14740,.F.);
#14814 = ORIENTED_EDGE('',*,*,#14815,.F.);
#14815 = EDGE_CURVE('',#14767,#14718,#14816,.T.);
#14816 = SURFACE_CURVE('',#14817,(#14821,#14828),.PCURVE_S1.);
#14817 = LINE('',#14818,#14819);
#14818 = CARTESIAN_POINT('',(13.835,4.695,2.));
#14819 = VECTOR('',#14820,1.);
#14820 = DIRECTION('',(1.,0.,0.));
#14821 = PCURVE('',#10368,#14822);
#14822 = DEFINITIONAL_REPRESENTATION('',(#14823),#14827);
#14823 = LINE('',#14824,#14825);
#14824 = CARTESIAN_POINT('',(0.,0.));
#14825 = VECTOR('',#14826,1.);
#14826 = DIRECTION('',(0.,1.));
#14827 = ( GEOMETRIC_REPRESENTATION_CONTEXT(2) 
PARAMETRIC_REPRESENTATION_CONTEXT() REPRESENTATION_CONTEXT('2D SPACE',''
  ) );
#14828 = PCURVE('',#14679,#14829);
#14829 = DEFINITIONAL_REPRESENTATION('',(#14830),#14834);
#14830 = LINE('',#14831,#14832);
#14831 = CARTESIAN_POINT('',(0.,0.6));
#14832 = VECTOR('',#14833,1.);
#14833 = DIRECTION('',(1.,0.));
#14834 = ( GEOMETRIC_REPRESENTATION_CONTEXT(2) 
PARAMETRIC_REPRESENTATION_CONTEXT() REPRESENTATION_CONTEXT('2D SPACE',''
  ) );
#14835 = ORIENTED_EDGE('',*,*,#14789,.T.);
#14836 = ORIENTED_EDGE('',*,*,#10353,.F.);
#14837 = ADVANCED_FACE('',(#14838),#10422,.T.);
#14838 = FACE_BOUND('',#14839,.T.);
#14839 = EDGE_LOOP('',(#14840,#14863,#14891,#14912));
#14840 = ORIENTED_EDGE('',*,*,#14841,.F.);
#14841 = EDGE_CURVE('',#14842,#10406,#14844,.T.);
#14842 = VERTEX_POINT('',#14843);
#14843 = CARTESIAN_POINT('',(14.435,5.365,2.));
#14844 = SURFACE_CURVE('',#14845,(#14849,#14856),.PCURVE_S1.);
#14845 = LINE('',#14846,#14847);
#14846 = CARTESIAN_POINT('',(14.435,5.365,2.));
#14847 = VECTOR('',#14848,1.);
#14848 = DIRECTION('',(0.,0.,1.));
#14849 = PCURVE('',#10422,#14850);
#14850 = DEFINITIONAL_REPRESENTATION('',(#14851),#14855);
#14851 = LINE('',#14852,#14853);
#14852 = CARTESIAN_POINT('',(0.,0.6));
#14853 = VECTOR('',#14854,1.);
#14854 = DIRECTION('',(1.,0.));
#14855 = ( GEOMETRIC_REPRESENTATION_CONTEXT(2) 
PARAMETRIC_REPRESENTATION_CONTEXT() REPRESENTATION_CONTEXT('2D SPACE',''
  ) );
#14856 = PCURVE('',#10498,#14857);
#14857 = DEFINITIONAL_REPRESENTATION('',(#14858),#14862);
#14858 = LINE('',#14859,#14860);
#14859 = CARTESIAN_POINT('',(0.,0.));
#14860 = VECTOR('',#14861,1.);
#14861 = DIRECTION('',(1.,0.));
#14862 = ( GEOMETRIC_REPRESENTATION_CONTEXT(2) 
PARAMETRIC_REPRESENTATION_CONTEXT() REPRESENTATION_CONTEXT('2D SPACE',''
  ) );
#14863 = ORIENTED_EDGE('',*,*,#14864,.F.);
#14864 = EDGE_CURVE('',#14865,#14842,#14867,.T.);
#14865 = VERTEX_POINT('',#14866);
#14866 = CARTESIAN_POINT('',(13.835,5.365,2.));
#14867 = SURFACE_CURVE('',#14868,(#14872,#14879),.PCURVE_S1.);
#14868 = LINE('',#14869,#14870);
#14869 = CARTESIAN_POINT('',(13.835,5.365,2.));
#14870 = VECTOR('',#14871,1.);
#14871 = DIRECTION('',(1.,0.,0.));
#14872 = PCURVE('',#10422,#14873);
#14873 = DEFINITIONAL_REPRESENTATION('',(#14874),#14878);
#14874 = LINE('',#14875,#14876);
#14875 = CARTESIAN_POINT('',(0.,0.));
#14876 = VECTOR('',#14877,1.);
#14877 = DIRECTION('',(0.,1.));
#14878 = ( GEOMETRIC_REPRESENTATION_CONTEXT(2) 
PARAMETRIC_REPRESENTATION_CONTEXT() REPRESENTATION_CONTEXT('2D SPACE',''
  ) );
#14879 = PCURVE('',#14880,#14885);
#14880 = PLANE('',#14881);
#14881 = AXIS2_PLACEMENT_3D('',#14882,#14883,#14884);
#14882 = CARTESIAN_POINT('',(13.835,5.365,2.));
#14883 = DIRECTION('',(0.,0.,1.));
#14884 = DIRECTION('',(1.,0.,0.));
#14885 = DEFINITIONAL_REPRESENTATION('',(#14886),#14890);
#14886 = LINE('',#14887,#14888);
#14887 = CARTESIAN_POINT('',(0.,0.));
#14888 = VECTOR('',#14889,1.);
#14889 = DIRECTION('',(1.,0.));
#14890 = ( GEOMETRIC_REPRESENTATION_CONTEXT(2) 
PARAMETRIC_REPRESENTATION_CONTEXT() REPRESENTATION_CONTEXT('2D SPACE',''
  ) );
#14891 = ORIENTED_EDGE('',*,*,#14892,.T.);
#14892 = EDGE_CURVE('',#14865,#10408,#14893,.T.);
#14893 = SURFACE_CURVE('',#14894,(#14898,#14905),.PCURVE_S1.);
#14894 = LINE('',#14895,#14896);
#14895 = CARTESIAN_POINT('',(13.835,5.365,2.));
#14896 = VECTOR('',#14897,1.);
#14897 = DIRECTION('',(0.,0.,1.));
#14898 = PCURVE('',#10422,#14899);
#14899 = DEFINITIONAL_REPRESENTATION('',(#14900),#14904);
#14900 = LINE('',#14901,#14902);
#14901 = CARTESIAN_POINT('',(0.,0.));
#14902 = VECTOR('',#14903,1.);
#14903 = DIRECTION('',(1.,0.));
#14904 = ( GEOMETRIC_REPRESENTATION_CONTEXT(2) 
PARAMETRIC_REPRESENTATION_CONTEXT() REPRESENTATION_CONTEXT('2D SPACE',''
  ) );
#14905 = PCURVE('',#10448,#14906);
#14906 = DEFINITIONAL_REPRESENTATION('',(#14907),#14911);
#14907 = LINE('',#14908,#14909);
#14908 = CARTESIAN_POINT('',(0.,0.));
#14909 = VECTOR('',#14910,1.);
#14910 = DIRECTION('',(1.,0.));
#14911 = ( GEOMETRIC_REPRESENTATION_CONTEXT(2) 
PARAMETRIC_REPRESENTATION_CONTEXT() REPRESENTATION_CONTEXT('2D SPACE',''
  ) );
#14912 = ORIENTED_EDGE('',*,*,#10405,.F.);
#14913 = ADVANCED_FACE('',(#14914),#10498,.F.);
#14914 = FACE_BOUND('',#14915,.F.);
#14915 = EDGE_LOOP('',(#14916,#14917,#14940,#14961));
#14916 = ORIENTED_EDGE('',*,*,#14841,.F.);
#14917 = ORIENTED_EDGE('',*,*,#14918,.T.);
#14918 = EDGE_CURVE('',#14842,#14919,#14921,.T.);
#14919 = VERTEX_POINT('',#14920);
#14920 = CARTESIAN_POINT('',(14.435,5.965,2.));
#14921 = SURFACE_CURVE('',#14922,(#14926,#14933),.PCURVE_S1.);
#14922 = LINE('',#14923,#14924);
#14923 = CARTESIAN_POINT('',(14.435,5.365,2.));
#14924 = VECTOR('',#14925,1.);
#14925 = DIRECTION('',(0.,1.,0.));
#14926 = PCURVE('',#10498,#14927);
#14927 = DEFINITIONAL_REPRESENTATION('',(#14928),#14932);
#14928 = LINE('',#14929,#14930);
#14929 = CARTESIAN_POINT('',(0.,0.));
#14930 = VECTOR('',#14931,1.);
#14931 = DIRECTION('',(0.,-1.));
#14932 = ( GEOMETRIC_REPRESENTATION_CONTEXT(2) 
PARAMETRIC_REPRESENTATION_CONTEXT() REPRESENTATION_CONTEXT('2D SPACE',''
  ) );
#14933 = PCURVE('',#14880,#14934);
#14934 = DEFINITIONAL_REPRESENTATION('',(#14935),#14939);
#14935 = LINE('',#14936,#14937);
#14936 = CARTESIAN_POINT('',(0.6,0.));
#14937 = VECTOR('',#14938,1.);
#14938 = DIRECTION('',(0.,1.));
#14939 = ( GEOMETRIC_REPRESENTATION_CONTEXT(2) 
PARAMETRIC_REPRESENTATION_CONTEXT() REPRESENTATION_CONTEXT('2D SPACE',''
  ) );
#14940 = ORIENTED_EDGE('',*,*,#14941,.T.);
#14941 = EDGE_CURVE('',#14919,#10460,#14942,.T.);
#14942 = SURFACE_CURVE('',#14943,(#14947,#14954),.PCURVE_S1.);
#14943 = LINE('',#14944,#14945);
#14944 = CARTESIAN_POINT('',(14.435,5.965,2.));
#14945 = VECTOR('',#14946,1.);
#14946 = DIRECTION('',(0.,0.,1.));
#14947 = PCURVE('',#10498,#14948);
#14948 = DEFINITIONAL_REPRESENTATION('',(#14949),#14953);
#14949 = LINE('',#14950,#14951);
#14950 = CARTESIAN_POINT('',(0.,-0.6));
#14951 = VECTOR('',#14952,1.);
#14952 = DIRECTION('',(1.,0.));
#14953 = ( GEOMETRIC_REPRESENTATION_CONTEXT(2) 
PARAMETRIC_REPRESENTATION_CONTEXT() REPRESENTATION_CONTEXT('2D SPACE',''
  ) );
#14954 = PCURVE('',#10474,#14955);
#14955 = DEFINITIONAL_REPRESENTATION('',(#14956),#14960);
#14956 = LINE('',#14957,#14958);
#14957 = CARTESIAN_POINT('',(0.,0.6));
#14958 = VECTOR('',#14959,1.);
#14959 = DIRECTION('',(1.,0.));
#14960 = ( GEOMETRIC_REPRESENTATION_CONTEXT(2) 
PARAMETRIC_REPRESENTATION_CONTEXT() REPRESENTATION_CONTEXT('2D SPACE',''
  ) );
#14961 = ORIENTED_EDGE('',*,*,#10485,.F.);
#14962 = ADVANCED_FACE('',(#14963),#10448,.T.);
#14963 = FACE_BOUND('',#14964,.T.);
#14964 = EDGE_LOOP('',(#14965,#14966,#14989,#15010));
#14965 = ORIENTED_EDGE('',*,*,#14892,.F.);
#14966 = ORIENTED_EDGE('',*,*,#14967,.T.);
#14967 = EDGE_CURVE('',#14865,#14968,#14970,.T.);
#14968 = VERTEX_POINT('',#14969);
#14969 = CARTESIAN_POINT('',(13.835,5.965,2.));
#14970 = SURFACE_CURVE('',#14971,(#14975,#14982),.PCURVE_S1.);
#14971 = LINE('',#14972,#14973);
#14972 = CARTESIAN_POINT('',(13.835,5.365,2.));
#14973 = VECTOR('',#14974,1.);
#14974 = DIRECTION('',(0.,1.,0.));
#14975 = PCURVE('',#10448,#14976);
#14976 = DEFINITIONAL_REPRESENTATION('',(#14977),#14981);
#14977 = LINE('',#14978,#14979);
#14978 = CARTESIAN_POINT('',(0.,0.));
#14979 = VECTOR('',#14980,1.);
#14980 = DIRECTION('',(0.,-1.));
#14981 = ( GEOMETRIC_REPRESENTATION_CONTEXT(2) 
PARAMETRIC_REPRESENTATION_CONTEXT() REPRESENTATION_CONTEXT('2D SPACE',''
  ) );
#14982 = PCURVE('',#14880,#14983);
#14983 = DEFINITIONAL_REPRESENTATION('',(#14984),#14988);
#14984 = LINE('',#14985,#14986);
#14985 = CARTESIAN_POINT('',(0.,0.));
#14986 = VECTOR('',#14987,1.);
#14987 = DIRECTION('',(0.,1.));
#14988 = ( GEOMETRIC_REPRESENTATION_CONTEXT(2) 
PARAMETRIC_REPRESENTATION_CONTEXT() REPRESENTATION_CONTEXT('2D SPACE',''
  ) );
#14989 = ORIENTED_EDGE('',*,*,#14990,.T.);
#14990 = EDGE_CURVE('',#14968,#10434,#14991,.T.);
#14991 = SURFACE_CURVE('',#14992,(#14996,#15003),.PCURVE_S1.);
#14992 = LINE('',#14993,#14994);
#14993 = CARTESIAN_POINT('',(13.835,5.965,2.));
#14994 = VECTOR('',#14995,1.);
#14995 = DIRECTION('',(0.,0.,1.));
#14996 = PCURVE('',#10448,#14997);
#14997 = DEFINITIONAL_REPRESENTATION('',(#14998),#15002);
#14998 = LINE('',#14999,#15000);
#14999 = CARTESIAN_POINT('',(0.,-0.6));
#15000 = VECTOR('',#15001,1.);
#15001 = DIRECTION('',(1.,0.));
#15002 = ( GEOMETRIC_REPRESENTATION_CONTEXT(2) 
PARAMETRIC_REPRESENTATION_CONTEXT() REPRESENTATION_CONTEXT('2D SPACE',''
  ) );
#15003 = PCURVE('',#10474,#15004);
#15004 = DEFINITIONAL_REPRESENTATION('',(#15005),#15009);
#15005 = LINE('',#15006,#15007);
#15006 = CARTESIAN_POINT('',(0.,0.));
#15007 = VECTOR('',#15008,1.);
#15008 = DIRECTION('',(1.,0.));
#15009 = ( GEOMETRIC_REPRESENTATION_CONTEXT(2) 
PARAMETRIC_REPRESENTATION_CONTEXT() REPRESENTATION_CONTEXT('2D SPACE',''
  ) );
#15010 = ORIENTED_EDGE('',*,*,#10433,.F.);
#15011 = ADVANCED_FACE('',(#15012),#10474,.F.);
#15012 = FACE_BOUND('',#15013,.F.);
#15013 = EDGE_LOOP('',(#15014,#15015,#15036,#15037));
#15014 = ORIENTED_EDGE('',*,*,#14941,.F.);
#15015 = ORIENTED_EDGE('',*,*,#15016,.F.);
#15016 = EDGE_CURVE('',#14968,#14919,#15017,.T.);
#15017 = SURFACE_CURVE('',#15018,(#15022,#15029),.PCURVE_S1.);
#15018 = LINE('',#15019,#15020);
#15019 = CARTESIAN_POINT('',(13.835,5.965,2.));
#15020 = VECTOR('',#15021,1.);
#15021 = DIRECTION('',(1.,0.,0.));
#15022 = PCURVE('',#10474,#15023);
#15023 = DEFINITIONAL_REPRESENTATION('',(#15024),#15028);
#15024 = LINE('',#15025,#15026);
#15025 = CARTESIAN_POINT('',(0.,0.));
#15026 = VECTOR('',#15027,1.);
#15027 = DIRECTION('',(0.,1.));
#15028 = ( GEOMETRIC_REPRESENTATION_CONTEXT(2) 
PARAMETRIC_REPRESENTATION_CONTEXT() REPRESENTATION_CONTEXT('2D SPACE',''
  ) );
#15029 = PCURVE('',#14880,#15030);
#15030 = DEFINITIONAL_REPRESENTATION('',(#15031),#15035);
#15031 = LINE('',#15032,#15033);
#15032 = CARTESIAN_POINT('',(0.,0.6));
#15033 = VECTOR('',#15034,1.);
#15034 = DIRECTION('',(1.,0.));
#15035 = ( GEOMETRIC_REPRESENTATION_CONTEXT(2) 
PARAMETRIC_REPRESENTATION_CONTEXT() REPRESENTATION_CONTEXT('2D SPACE',''
  ) );
#15036 = ORIENTED_EDGE('',*,*,#14990,.T.);
#15037 = ORIENTED_EDGE('',*,*,#10459,.F.);
#15038 = ADVANCED_FACE('',(#15039),#10754,.F.);
#15039 = FACE_BOUND('',#15040,.F.);
#15040 = EDGE_LOOP('',(#15041,#15042,#15043,#15044));
#15041 = ORIENTED_EDGE('',*,*,#10889,.F.);
#15042 = ORIENTED_EDGE('',*,*,#10738,.T.);
#15043 = ORIENTED_EDGE('',*,*,#10791,.T.);
#15044 = ORIENTED_EDGE('',*,*,#10839,.F.);
#15045 = ADVANCED_FACE('',(#15046),#10680,.T.);
#15046 = FACE_BOUND('',#15047,.T.);
#15047 = EDGE_LOOP('',(#15048,#15049,#15050,#15073));
#15048 = ORIENTED_EDGE('',*,*,#10664,.F.);
#15049 = ORIENTED_EDGE('',*,*,#10996,.T.);
#15050 = ORIENTED_EDGE('',*,*,#15051,.T.);
#15051 = EDGE_CURVE('',#10969,#15052,#15054,.T.);
#15052 = VERTEX_POINT('',#15053);
#15053 = CARTESIAN_POINT('',(16.1,6.3,0.25));
#15054 = SURFACE_CURVE('',#15055,(#15059,#15066),.PCURVE_S1.);
#15055 = LINE('',#15056,#15057);
#15056 = CARTESIAN_POINT('',(15.,6.3,0.25));
#15057 = VECTOR('',#15058,1.);
#15058 = DIRECTION('',(1.,0.,0.));
#15059 = PCURVE('',#10680,#15060);
#15060 = DEFINITIONAL_REPRESENTATION('',(#15061),#15065);
#15061 = LINE('',#15062,#15063);
#15062 = CARTESIAN_POINT('',(0.25,0.));
#15063 = VECTOR('',#15064,1.);
#15064 = DIRECTION('',(0.,1.));
#15065 = ( GEOMETRIC_REPRESENTATION_CONTEXT(2) 
PARAMETRIC_REPRESENTATION_CONTEXT() REPRESENTATION_CONTEXT('2D SPACE',''
  ) );
#15066 = PCURVE('',#10984,#15067);
#15067 = DEFINITIONAL_REPRESENTATION('',(#15068),#15072);
#15068 = LINE('',#15069,#15070);
#15069 = CARTESIAN_POINT('',(0.,12.7));
#15070 = VECTOR('',#15071,1.);
#15071 = DIRECTION('',(1.,0.));
#15072 = ( GEOMETRIC_REPRESENTATION_CONTEXT(2) 
PARAMETRIC_REPRESENTATION_CONTEXT() REPRESENTATION_CONTEXT('2D SPACE',''
  ) );
#15073 = ORIENTED_EDGE('',*,*,#15074,.F.);
#15074 = EDGE_CURVE('',#10637,#15052,#15075,.T.);
#15075 = SURFACE_CURVE('',#15076,(#15080,#15087),.PCURVE_S1.);
#15076 = LINE('',#15077,#15078);
#15077 = CARTESIAN_POINT('',(16.1,6.3,0.));
#15078 = VECTOR('',#15079,1.);
#15079 = DIRECTION('',(0.,0.,1.));
#15080 = PCURVE('',#10680,#15081);
#15081 = DEFINITIONAL_REPRESENTATION('',(#15082),#15086);
#15082 = LINE('',#15083,#15084);
#15083 = CARTESIAN_POINT('',(0.,1.1));
#15084 = VECTOR('',#15085,1.);
#15085 = DIRECTION('',(1.,0.));
#15086 = ( GEOMETRIC_REPRESENTATION_CONTEXT(2) 
PARAMETRIC_REPRESENTATION_CONTEXT() REPRESENTATION_CONTEXT('2D SPACE',''
  ) );
#15087 = PCURVE('',#10652,#15088);
#15088 = DEFINITIONAL_REPRESENTATION('',(#15089),#15093);
#15089 = LINE('',#15090,#15091);
#15090 = CARTESIAN_POINT('',(0.,-12.7));
#15091 = VECTOR('',#15092,1.);
#15092 = DIRECTION('',(1.,0.));
#15093 = ( GEOMETRIC_REPRESENTATION_CONTEXT(2) 
PARAMETRIC_REPRESENTATION_CONTEXT() REPRESENTATION_CONTEXT('2D SPACE',''
  ) );
#15094 = ADVANCED_FACE('',(#15095),#10984,.T.);
#15095 = FACE_BOUND('',#15096,.T.);
#15096 = EDGE_LOOP('',(#15097,#15098,#15121,#15142));
#15097 = ORIENTED_EDGE('',*,*,#10968,.F.);
#15098 = ORIENTED_EDGE('',*,*,#15099,.T.);
#15099 = EDGE_CURVE('',#10946,#15100,#15102,.T.);
#15100 = VERTEX_POINT('',#15101);
#15101 = CARTESIAN_POINT('',(16.1,-6.4,0.25));
#15102 = SURFACE_CURVE('',#15103,(#15107,#15114),.PCURVE_S1.);
#15103 = LINE('',#15104,#15105);
#15104 = CARTESIAN_POINT('',(15.,-6.4,0.25));
#15105 = VECTOR('',#15106,1.);
#15106 = DIRECTION('',(1.,0.,0.));
#15107 = PCURVE('',#10984,#15108);
#15108 = DEFINITIONAL_REPRESENTATION('',(#15109),#15113);
#15109 = LINE('',#15110,#15111);
#15110 = CARTESIAN_POINT('',(0.,0.));
#15111 = VECTOR('',#15112,1.);
#15112 = DIRECTION('',(1.,0.));
#15113 = ( GEOMETRIC_REPRESENTATION_CONTEXT(2) 
PARAMETRIC_REPRESENTATION_CONTEXT() REPRESENTATION_CONTEXT('2D SPACE',''
  ) );
#15114 = PCURVE('',#10624,#15115);
#15115 = DEFINITIONAL_REPRESENTATION('',(#15116),#15120);
#15116 = LINE('',#15117,#15118);
#15117 = CARTESIAN_POINT('',(0.25,0.));
#15118 = VECTOR('',#15119,1.);
#15119 = DIRECTION('',(0.,1.));
#15120 = ( GEOMETRIC_REPRESENTATION_CONTEXT(2) 
PARAMETRIC_REPRESENTATION_CONTEXT() REPRESENTATION_CONTEXT('2D SPACE',''
  ) );
#15121 = ORIENTED_EDGE('',*,*,#15122,.T.);
#15122 = EDGE_CURVE('',#15100,#15052,#15123,.T.);
#15123 = SURFACE_CURVE('',#15124,(#15128,#15135),.PCURVE_S1.);
#15124 = LINE('',#15125,#15126);
#15125 = CARTESIAN_POINT('',(16.1,-6.4,0.25));
#15126 = VECTOR('',#15127,1.);
#15127 = DIRECTION('',(0.,1.,0.));
#15128 = PCURVE('',#10984,#15129);
#15129 = DEFINITIONAL_REPRESENTATION('',(#15130),#15134);
#15130 = LINE('',#15131,#15132);
#15131 = CARTESIAN_POINT('',(1.1,0.));
#15132 = VECTOR('',#15133,1.);
#15133 = DIRECTION('',(0.,1.));
#15134 = ( GEOMETRIC_REPRESENTATION_CONTEXT(2) 
PARAMETRIC_REPRESENTATION_CONTEXT() REPRESENTATION_CONTEXT('2D SPACE',''
  ) );
#15135 = PCURVE('',#10652,#15136);
#15136 = DEFINITIONAL_REPRESENTATION('',(#15137),#15141);
#15137 = LINE('',#15138,#15139);
#15138 = CARTESIAN_POINT('',(0.25,0.));
#15139 = VECTOR('',#15140,1.);
#15140 = DIRECTION('',(0.,-1.));
#15141 = ( GEOMETRIC_REPRESENTATION_CONTEXT(2) 
PARAMETRIC_REPRESENTATION_CONTEXT() REPRESENTATION_CONTEXT('2D SPACE',''
  ) );
#15142 = ORIENTED_EDGE('',*,*,#15051,.F.);
#15143 = ADVANCED_FACE('',(#15144),#10624,.F.);
#15144 = FACE_BOUND('',#15145,.F.);
#15145 = EDGE_LOOP('',(#15146,#15147,#15148,#15149));
#15146 = ORIENTED_EDGE('',*,*,#10608,.F.);
#15147 = ORIENTED_EDGE('',*,*,#10945,.T.);
#15148 = ORIENTED_EDGE('',*,*,#15099,.T.);
#15149 = ORIENTED_EDGE('',*,*,#15150,.F.);
#15150 = EDGE_CURVE('',#10609,#15100,#15151,.T.);
#15151 = SURFACE_CURVE('',#15152,(#15156,#15163),.PCURVE_S1.);
#15152 = LINE('',#15153,#15154);
#15153 = CARTESIAN_POINT('',(16.1,-6.4,0.));
#15154 = VECTOR('',#15155,1.);
#15155 = DIRECTION('',(0.,0.,1.));
#15156 = PCURVE('',#10624,#15157);
#15157 = DEFINITIONAL_REPRESENTATION('',(#15158),#15162);
#15158 = LINE('',#15159,#15160);
#15159 = CARTESIAN_POINT('',(0.,1.1));
#15160 = VECTOR('',#15161,1.);
#15161 = DIRECTION('',(1.,0.));
#15162 = ( GEOMETRIC_REPRESENTATION_CONTEXT(2) 
PARAMETRIC_REPRESENTATION_CONTEXT() REPRESENTATION_CONTEXT('2D SPACE',''
  ) );
#15163 = PCURVE('',#10652,#15164);
#15164 = DEFINITIONAL_REPRESENTATION('',(#15165),#15169);
#15165 = LINE('',#15166,#15167);
#15166 = CARTESIAN_POINT('',(0.,0.));
#15167 = VECTOR('',#15168,1.);
#15168 = DIRECTION('',(1.,0.));
#15169 = ( GEOMETRIC_REPRESENTATION_CONTEXT(2) 
PARAMETRIC_REPRESENTATION_CONTEXT() REPRESENTATION_CONTEXT('2D SPACE',''
  ) );
#15170 = ADVANCED_FACE('',(#15171),#11061,.T.);
#15171 = FACE_BOUND('',#15172,.T.);
#15172 = EDGE_LOOP('',(#15173,#15174,#15175,#15176));
#15173 = ORIENTED_EDGE('',*,*,#11148,.F.);
#15174 = ORIENTED_EDGE('',*,*,#11045,.T.);
#15175 = ORIENTED_EDGE('',*,*,#11099,.T.);
#15176 = ORIENTED_EDGE('',*,*,#11197,.F.);
#15177 = ADVANCED_FACE('',(#15178),#11262,.T.);
#15178 = FACE_BOUND('',#15179,.T.);
#15179 = EDGE_LOOP('',(#15180,#15181,#15182,#15183));
#15180 = ORIENTED_EDGE('',*,*,#11349,.F.);
#15181 = ORIENTED_EDGE('',*,*,#11246,.T.);
#15182 = ORIENTED_EDGE('',*,*,#11300,.T.);
#15183 = ORIENTED_EDGE('',*,*,#11398,.F.);
#15184 = ADVANCED_FACE('',(#15185),#11463,.T.);
#15185 = FACE_BOUND('',#15186,.T.);
#15186 = EDGE_LOOP('',(#15187,#15188,#15189,#15190));
#15187 = ORIENTED_EDGE('',*,*,#11550,.F.);
#15188 = ORIENTED_EDGE('',*,*,#11447,.T.);
#15189 = ORIENTED_EDGE('',*,*,#11501,.T.);
#15190 = ORIENTED_EDGE('',*,*,#11599,.F.);
#15191 = ADVANCED_FACE('',(#15192),#11664,.T.);
#15192 = FACE_BOUND('',#15193,.T.);
#15193 = EDGE_LOOP('',(#15194,#15195,#15196,#15197));
#15194 = ORIENTED_EDGE('',*,*,#11751,.F.);
#15195 = ORIENTED_EDGE('',*,*,#11648,.T.);
#15196 = ORIENTED_EDGE('',*,*,#11702,.T.);
#15197 = ORIENTED_EDGE('',*,*,#11800,.F.);
#15198 = ADVANCED_FACE('',(#15199),#11865,.T.);
#15199 = FACE_BOUND('',#15200,.T.);
#15200 = EDGE_LOOP('',(#15201,#15202,#15203,#15204));
#15201 = ORIENTED_EDGE('',*,*,#11952,.F.);
#15202 = ORIENTED_EDGE('',*,*,#11849,.T.);
#15203 = ORIENTED_EDGE('',*,*,#11903,.T.);
#15204 = ORIENTED_EDGE('',*,*,#12001,.F.);
#15205 = ADVANCED_FACE('',(#15206),#12066,.T.);
#15206 = FACE_BOUND('',#15207,.T.);
#15207 = EDGE_LOOP('',(#15208,#15209,#15210,#15211));
#15208 = ORIENTED_EDGE('',*,*,#12202,.F.);
#15209 = ORIENTED_EDGE('',*,*,#12050,.T.);
#15210 = ORIENTED_EDGE('',*,*,#12104,.T.);
#15211 = ORIENTED_EDGE('',*,*,#12153,.F.);
#15212 = ADVANCED_FACE('',(#15213),#12267,.T.);
#15213 = FACE_BOUND('',#15214,.T.);
#15214 = EDGE_LOOP('',(#15215,#15216,#15217,#15218));
#15215 = ORIENTED_EDGE('',*,*,#12354,.F.);
#15216 = ORIENTED_EDGE('',*,*,#12251,.T.);
#15217 = ORIENTED_EDGE('',*,*,#12305,.T.);
#15218 = ORIENTED_EDGE('',*,*,#12403,.F.);
#15219 = ADVANCED_FACE('',(#15220),#12468,.T.);
#15220 = FACE_BOUND('',#15221,.T.);
#15221 = EDGE_LOOP('',(#15222,#15223,#15224,#15225));
#15222 = ORIENTED_EDGE('',*,*,#12555,.F.);
#15223 = ORIENTED_EDGE('',*,*,#12452,.T.);
#15224 = ORIENTED_EDGE('',*,*,#12506,.T.);
#15225 = ORIENTED_EDGE('',*,*,#12604,.F.);
#15226 = ADVANCED_FACE('',(#15227),#12669,.T.);
#15227 = FACE_BOUND('',#15228,.T.);
#15228 = EDGE_LOOP('',(#15229,#15230,#15231,#15232));
#15229 = ORIENTED_EDGE('',*,*,#12756,.F.);
#15230 = ORIENTED_EDGE('',*,*,#12653,.T.);
#15231 = ORIENTED_EDGE('',*,*,#12707,.T.);
#15232 = ORIENTED_EDGE('',*,*,#12805,.F.);
#15233 = ADVANCED_FACE('',(#15234),#12870,.T.);
#15234 = FACE_BOUND('',#15235,.T.);
#15235 = EDGE_LOOP('',(#15236,#15237,#15238,#15239));
#15236 = ORIENTED_EDGE('',*,*,#12957,.F.);
#15237 = ORIENTED_EDGE('',*,*,#12854,.T.);
#15238 = ORIENTED_EDGE('',*,*,#12908,.T.);
#15239 = ORIENTED_EDGE('',*,*,#13006,.F.);
#15240 = ADVANCED_FACE('',(#15241),#13071,.T.);
#15241 = FACE_BOUND('',#15242,.T.);
#15242 = EDGE_LOOP('',(#15243,#15244,#15245,#15246));
#15243 = ORIENTED_EDGE('',*,*,#13158,.F.);
#15244 = ORIENTED_EDGE('',*,*,#13055,.T.);
#15245 = ORIENTED_EDGE('',*,*,#13109,.T.);
#15246 = ORIENTED_EDGE('',*,*,#13207,.F.);
#15247 = ADVANCED_FACE('',(#15248),#13272,.T.);
#15248 = FACE_BOUND('',#15249,.T.);
#15249 = EDGE_LOOP('',(#15250,#15251,#15252,#15253));
#15250 = ORIENTED_EDGE('',*,*,#13359,.F.);
#15251 = ORIENTED_EDGE('',*,*,#13256,.T.);
#15252 = ORIENTED_EDGE('',*,*,#13310,.T.);
#15253 = ORIENTED_EDGE('',*,*,#13408,.F.);
#15254 = ADVANCED_FACE('',(#15255),#13473,.T.);
#15255 = FACE_BOUND('',#15256,.T.);
#15256 = EDGE_LOOP('',(#15257,#15258,#15259,#15260));
#15257 = ORIENTED_EDGE('',*,*,#13560,.F.);
#15258 = ORIENTED_EDGE('',*,*,#13457,.T.);
#15259 = ORIENTED_EDGE('',*,*,#13511,.T.);
#15260 = ORIENTED_EDGE('',*,*,#13609,.F.);
#15261 = ADVANCED_FACE('',(#15262),#13674,.T.);
#15262 = FACE_BOUND('',#15263,.T.);
#15263 = EDGE_LOOP('',(#15264,#15265,#15266,#15267));
#15264 = ORIENTED_EDGE('',*,*,#13761,.F.);
#15265 = ORIENTED_EDGE('',*,*,#13658,.T.);
#15266 = ORIENTED_EDGE('',*,*,#13712,.T.);
#15267 = ORIENTED_EDGE('',*,*,#13810,.F.);
#15268 = ADVANCED_FACE('',(#15269),#13875,.T.);
#15269 = FACE_BOUND('',#15270,.T.);
#15270 = EDGE_LOOP('',(#15271,#15272,#15273,#15274));
#15271 = ORIENTED_EDGE('',*,*,#13962,.F.);
#15272 = ORIENTED_EDGE('',*,*,#13859,.T.);
#15273 = ORIENTED_EDGE('',*,*,#13913,.T.);
#15274 = ORIENTED_EDGE('',*,*,#14011,.F.);
#15275 = ADVANCED_FACE('',(#15276),#14076,.T.);
#15276 = FACE_BOUND('',#15277,.T.);
#15277 = EDGE_LOOP('',(#15278,#15279,#15280,#15281));
#15278 = ORIENTED_EDGE('',*,*,#14163,.F.);
#15279 = ORIENTED_EDGE('',*,*,#14060,.T.);
#15280 = ORIENTED_EDGE('',*,*,#14114,.T.);
#15281 = ORIENTED_EDGE('',*,*,#14212,.F.);
#15282 = ADVANCED_FACE('',(#15283),#14277,.T.);
#15283 = FACE_BOUND('',#15284,.T.);
#15284 = EDGE_LOOP('',(#15285,#15286,#15287,#15288));
#15285 = ORIENTED_EDGE('',*,*,#14364,.F.);
#15286 = ORIENTED_EDGE('',*,*,#14261,.T.);
#15287 = ORIENTED_EDGE('',*,*,#14315,.T.);
#15288 = ORIENTED_EDGE('',*,*,#14413,.F.);
#15289 = ADVANCED_FACE('',(#15290),#14478,.T.);
#15290 = FACE_BOUND('',#15291,.T.);
#15291 = EDGE_LOOP('',(#15292,#15293,#15294,#15295));
#15292 = ORIENTED_EDGE('',*,*,#14565,.F.);
#15293 = ORIENTED_EDGE('',*,*,#14462,.T.);
#15294 = ORIENTED_EDGE('',*,*,#14516,.T.);
#15295 = ORIENTED_EDGE('',*,*,#14614,.F.);
#15296 = ADVANCED_FACE('',(#15297),#14679,.T.);
#15297 = FACE_BOUND('',#15298,.T.);
#15298 = EDGE_LOOP('',(#15299,#15300,#15301,#15302));
#15299 = ORIENTED_EDGE('',*,*,#14766,.F.);
#15300 = ORIENTED_EDGE('',*,*,#14663,.T.);
#15301 = ORIENTED_EDGE('',*,*,#14717,.T.);
#15302 = ORIENTED_EDGE('',*,*,#14815,.F.);
#15303 = ADVANCED_FACE('',(#15304),#14880,.T.);
#15304 = FACE_BOUND('',#15305,.T.);
#15305 = EDGE_LOOP('',(#15306,#15307,#15308,#15309));
#15306 = ORIENTED_EDGE('',*,*,#14967,.F.);
#15307 = ORIENTED_EDGE('',*,*,#14864,.T.);
#15308 = ORIENTED_EDGE('',*,*,#14918,.T.);
#15309 = ORIENTED_EDGE('',*,*,#15016,.F.);
#15310 = ADVANCED_FACE('',(#15311),#10652,.T.);
#15311 = FACE_BOUND('',#15312,.T.);
#15312 = EDGE_LOOP('',(#15313,#15314,#15315,#15316));
#15313 = ORIENTED_EDGE('',*,*,#15150,.F.);
#15314 = ORIENTED_EDGE('',*,*,#10636,.T.);
#15315 = ORIENTED_EDGE('',*,*,#15074,.T.);
#15316 = ORIENTED_EDGE('',*,*,#15122,.F.);
#15317 = ( GEOMETRIC_REPRESENTATION_CONTEXT(3) 
GLOBAL_UNCERTAINTY_ASSIGNED_CONTEXT((#15321)) 
GLOBAL_UNIT_ASSIGNED_CONTEXT((#15318,#15319,#15320)) 
REPRESENTATION_CONTEXT('Context #1',
  '3D Context with UNIT and UNCERTAINTY') );
#15318 = ( LENGTH_UNIT() NAMED_UNIT(*) SI_UNIT(.MILLI.,.METRE.) );
#15319 = ( NAMED_UNIT(*) PLANE_ANGLE_UNIT() SI_UNIT($,.RADIAN.) );
#15320 = ( NAMED_UNIT(*) SI_UNIT($,.STERADIAN.) SOLID_ANGLE_UNIT() );
#15321 = UNCERTAINTY_MEASURE_WITH_UNIT(LENGTH_MEASURE(1.E-07),#15318,
  'distance_accuracy_value','confusion accuracy');
#15322 = CONTEXT_DEPENDENT_SHAPE_REPRESENTATION(#15323,#15325);
#15323 = ( REPRESENTATION_RELATIONSHIP('','',#8082,#10) 
REPRESENTATION_RELATIONSHIP_WITH_TRANSFORMATION(#15324) 
SHAPE_REPRESENTATION_RELATIONSHIP() );
#15324 = ITEM_DEFINED_TRANSFORMATION('','',#11,#31);
#15325 = PRODUCT_DEFINITION_SHAPE('Placement','Placement of an item',
  #15326);
#15326 = NEXT_ASSEMBLY_USAGE_OCCURRENCE('5','hdr_h2','',#5,#8077,$);
#15327 = PRODUCT_RELATED_PRODUCT_CATEGORY('part',$,(#8079));
#15328 = SHAPE_DEFINITION_REPRESENTATION(#15329,#15335);
#15329 = PRODUCT_DEFINITION_SHAPE('','',#15330);
#15330 = PRODUCT_DEFINITION('design','',#15331,#15334);
#15331 = PRODUCT_DEFINITION_FORMATION('','',#15332);
#15332 = PRODUCT('usbc','usbc','',(#15333));
#15333 = PRODUCT_CONTEXT('',#2,'mechanical');
#15334 = PRODUCT_DEFINITION_CONTEXT('part definition',#2,'design');
#15335 = ADVANCED_BREP_SHAPE_REPRESENTATION('',(#11,#15336),#16308);
#15336 = MANIFOLD_SOLID_BREP('',#15337);
#15337 = CLOSED_SHELL('',(#15338,#15458,#15534,#15583,#15854,#15881,
    #15888,#15965,#16014,#16068,#16117,#16167,#16216,#16270,#16297));
#15338 = ADVANCED_FACE('',(#15339),#15353,.F.);
#15339 = FACE_BOUND('',#15340,.F.);
#15340 = EDGE_LOOP('',(#15341,#15376,#15404,#15432));
#15341 = ORIENTED_EDGE('',*,*,#15342,.F.);
#15342 = EDGE_CURVE('',#15343,#15345,#15347,.T.);
#15343 = VERTEX_POINT('',#15344);
#15344 = CARTESIAN_POINT('',(-4.8,13.36,0.));
#15345 = VERTEX_POINT('',#15346);
#15346 = CARTESIAN_POINT('',(-4.8,13.36,3.25));
#15347 = SURFACE_CURVE('',#15348,(#15352,#15364),.PCURVE_S1.);
#15348 = LINE('',#15349,#15350);
#15349 = CARTESIAN_POINT('',(-4.8,13.36,0.));
#15350 = VECTOR('',#15351,1.);
#15351 = DIRECTION('',(0.,0.,1.));
#15352 = PCURVE('',#15353,#15358);
#15353 = PLANE('',#15354);
#15354 = AXIS2_PLACEMENT_3D('',#15355,#15356,#15357);
#15355 = CARTESIAN_POINT('',(-4.8,13.36,0.));
#15356 = DIRECTION('',(1.,0.,0.));
#15357 = DIRECTION('',(0.,0.,1.));
#15358 = DEFINITIONAL_REPRESENTATION('',(#15359),#15363);
#15359 = LINE('',#15360,#15361);
#15360 = CARTESIAN_POINT('',(0.,0.));
#15361 = VECTOR('',#15362,1.);
#15362 = DIRECTION('',(1.,0.));
#15363 = ( GEOMETRIC_REPRESENTATION_CONTEXT(2) 
PARAMETRIC_REPRESENTATION_CONTEXT() REPRESENTATION_CONTEXT('2D SPACE',''
  ) );
#15364 = PCURVE('',#15365,#15370);
#15365 = PLANE('',#15366);
#15366 = AXIS2_PLACEMENT_3D('',#15367,#15368,#15369);
#15367 = CARTESIAN_POINT('',(-4.8,13.36,0.));
#15368 = DIRECTION('',(0.,1.,0.));
#15369 = DIRECTION('',(0.,0.,1.));
#15370 = DEFINITIONAL_REPRESENTATION('',(#15371),#15375);
#15371 = LINE('',#15372,#15373);
#15372 = CARTESIAN_POINT('',(0.,0.));
#15373 = VECTOR('',#15374,1.);
#15374 = DIRECTION('',(1.,0.));
#15375 = ( GEOMETRIC_REPRESENTATION_CONTEXT(2) 
PARAMETRIC_REPRESENTATION_CONTEXT() REPRESENTATION_CONTEXT('2D SPACE',''
  ) );
#15376 = ORIENTED_EDGE('',*,*,#15377,.T.);
#15377 = EDGE_CURVE('',#15343,#15378,#15380,.T.);
#15378 = VERTEX_POINT('',#15379);
#15379 = CARTESIAN_POINT('',(-4.8,21.07,0.));
#15380 = SURFACE_CURVE('',#15381,(#15385,#15392),.PCURVE_S1.);
#15381 = LINE('',#15382,#15383);
#15382 = CARTESIAN_POINT('',(-4.8,13.36,0.));
#15383 = VECTOR('',#15384,1.);
#15384 = DIRECTION('',(0.,1.,0.));
#15385 = PCURVE('',#15353,#15386);
#15386 = DEFINITIONAL_REPRESENTATION('',(#15387),#15391);
#15387 = LINE('',#15388,#15389);
#15388 = CARTESIAN_POINT('',(0.,0.));
#15389 = VECTOR('',#15390,1.);
#15390 = DIRECTION('',(0.,-1.));
#15391 = ( GEOMETRIC_REPRESENTATION_CONTEXT(2) 
PARAMETRIC_REPRESENTATION_CONTEXT() REPRESENTATION_CONTEXT('2D SPACE',''
  ) );
#15392 = PCURVE('',#15393,#15398);
#15393 = PLANE('',#15394);
#15394 = AXIS2_PLACEMENT_3D('',#15395,#15396,#15397);
#15395 = CARTESIAN_POINT('',(-4.8,13.36,0.));
#15396 = DIRECTION('',(0.,0.,1.));
#15397 = DIRECTION('',(1.,0.,0.));
#15398 = DEFINITIONAL_REPRESENTATION('',(#15399),#15403);
#15399 = LINE('',#15400,#15401);
#15400 = CARTESIAN_POINT('',(0.,0.));
#15401 = VECTOR('',#15402,1.);
#15402 = DIRECTION('',(0.,1.));
#15403 = ( GEOMETRIC_REPRESENTATION_CONTEXT(2) 
PARAMETRIC_REPRESENTATION_CONTEXT() REPRESENTATION_CONTEXT('2D SPACE',''
  ) );
#15404 = ORIENTED_EDGE('',*,*,#15405,.T.);
#15405 = EDGE_CURVE('',#15378,#15406,#15408,.T.);
#15406 = VERTEX_POINT('',#15407);
#15407 = CARTESIAN_POINT('',(-4.8,21.07,3.25));
#15408 = SURFACE_CURVE('',#15409,(#15413,#15420),.PCURVE_S1.);
#15409 = LINE('',#15410,#15411);
#15410 = CARTESIAN_POINT('',(-4.8,21.07,0.));
#15411 = VECTOR('',#15412,1.);
#15412 = DIRECTION('',(0.,0.,1.));
#15413 = PCURVE('',#15353,#15414);
#15414 = DEFINITIONAL_REPRESENTATION('',(#15415),#15419);
#15415 = LINE('',#15416,#15417);
#15416 = CARTESIAN_POINT('',(0.,-7.71));
#15417 = VECTOR('',#15418,1.);
#15418 = DIRECTION('',(1.,0.));
#15419 = ( GEOMETRIC_REPRESENTATION_CONTEXT(2) 
PARAMETRIC_REPRESENTATION_CONTEXT() REPRESENTATION_CONTEXT('2D SPACE',''
  ) );
#15420 = PCURVE('',#15421,#15426);
#15421 = PLANE('',#15422);
#15422 = AXIS2_PLACEMENT_3D('',#15423,#15424,#15425);
#15423 = CARTESIAN_POINT('',(-4.8,21.07,0.));
#15424 = DIRECTION('',(0.,1.,0.));
#15425 = DIRECTION('',(0.,0.,1.));
#15426 = DEFINITIONAL_REPRESENTATION('',(#15427),#15431);
#15427 = LINE('',#15428,#15429);
#15428 = CARTESIAN_POINT('',(0.,0.));
#15429 = VECTOR('',#15430,1.);
#15430 = DIRECTION('',(1.,0.));
#15431 = ( GEOMETRIC_REPRESENTATION_CONTEXT(2) 
PARAMETRIC_REPRESENTATION_CONTEXT() REPRESENTATION_CONTEXT('2D SPACE',''
  ) );
#15432 = ORIENTED_EDGE('',*,*,#15433,.F.);
#15433 = EDGE_CURVE('',#15345,#15406,#15434,.T.);
#15434 = SURFACE_CURVE('',#15435,(#15439,#15446),.PCURVE_S1.);
#15435 = LINE('',#15436,#15437);
#15436 = CARTESIAN_POINT('',(-4.8,13.36,3.25));
#15437 = VECTOR('',#15438,1.);
#15438 = DIRECTION('',(0.,1.,0.));
#15439 = PCURVE('',#15353,#15440);
#15440 = DEFINITIONAL_REPRESENTATION('',(#15441),#15445);
#15441 = LINE('',#15442,#15443);
#15442 = CARTESIAN_POINT('',(3.25,0.));
#15443 = VECTOR('',#15444,1.);
#15444 = DIRECTION('',(0.,-1.));
#15445 = ( GEOMETRIC_REPRESENTATION_CONTEXT(2) 
PARAMETRIC_REPRESENTATION_CONTEXT() REPRESENTATION_CONTEXT('2D SPACE',''
  ) );
#15446 = PCURVE('',#15447,#15452);
#15447 = PLANE('',#15448);
#15448 = AXIS2_PLACEMENT_3D('',#15449,#15450,#15451);
#15449 = CARTESIAN_POINT('',(-4.8,13.36,3.25));
#15450 = DIRECTION('',(0.,0.,1.));
#15451 = DIRECTION('',(1.,0.,0.));
#15452 = DEFINITIONAL_REPRESENTATION('',(#15453),#15457);
#15453 = LINE('',#15454,#15455);
#15454 = CARTESIAN_POINT('',(0.,0.));
#15455 = VECTOR('',#15456,1.);
#15456 = DIRECTION('',(0.,1.));
#15457 = ( GEOMETRIC_REPRESENTATION_CONTEXT(2) 
PARAMETRIC_REPRESENTATION_CONTEXT() REPRESENTATION_CONTEXT('2D SPACE',''
  ) );
#15458 = ADVANCED_FACE('',(#15459),#15365,.F.);
#15459 = FACE_BOUND('',#15460,.F.);
#15460 = EDGE_LOOP('',(#15461,#15484,#15485,#15508));
#15461 = ORIENTED_EDGE('',*,*,#15462,.F.);
#15462 = EDGE_CURVE('',#15343,#15463,#15465,.T.);
#15463 = VERTEX_POINT('',#15464);
#15464 = CARTESIAN_POINT('',(4.78,13.36,0.));
#15465 = SURFACE_CURVE('',#15466,(#15470,#15477),.PCURVE_S1.);
#15466 = LINE('',#15467,#15468);
#15467 = CARTESIAN_POINT('',(-4.8,13.36,0.));
#15468 = VECTOR('',#15469,1.);
#15469 = DIRECTION('',(1.,0.,0.));
#15470 = PCURVE('',#15365,#15471);
#15471 = DEFINITIONAL_REPRESENTATION('',(#15472),#15476);
#15472 = LINE('',#15473,#15474);
#15473 = CARTESIAN_POINT('',(0.,0.));
#15474 = VECTOR('',#15475,1.);
#15475 = DIRECTION('',(0.,1.));
#15476 = ( GEOMETRIC_REPRESENTATION_CONTEXT(2) 
PARAMETRIC_REPRESENTATION_CONTEXT() REPRESENTATION_CONTEXT('2D SPACE',''
  ) );
#15477 = PCURVE('',#15393,#15478);
#15478 = DEFINITIONAL_REPRESENTATION('',(#15479),#15483);
#15479 = LINE('',#15480,#15481);
#15480 = CARTESIAN_POINT('',(0.,0.));
#15481 = VECTOR('',#15482,1.);
#15482 = DIRECTION('',(1.,0.));
#15483 = ( GEOMETRIC_REPRESENTATION_CONTEXT(2) 
PARAMETRIC_REPRESENTATION_CONTEXT() REPRESENTATION_CONTEXT('2D SPACE',''
  ) );
#15484 = ORIENTED_EDGE('',*,*,#15342,.T.);
#15485 = ORIENTED_EDGE('',*,*,#15486,.T.);
#15486 = EDGE_CURVE('',#15345,#15487,#15489,.T.);
#15487 = VERTEX_POINT('',#15488);
#15488 = CARTESIAN_POINT('',(4.78,13.36,3.25));
#15489 = SURFACE_CURVE('',#15490,(#15494,#15501),.PCURVE_S1.);
#15490 = LINE('',#15491,#15492);
#15491 = CARTESIAN_POINT('',(-4.8,13.36,3.25));
#15492 = VECTOR('',#15493,1.);
#15493 = DIRECTION('',(1.,0.,0.));
#15494 = PCURVE('',#15365,#15495);
#15495 = DEFINITIONAL_REPRESENTATION('',(#15496),#15500);
#15496 = LINE('',#15497,#15498);
#15497 = CARTESIAN_POINT('',(3.25,0.));
#15498 = VECTOR('',#15499,1.);
#15499 = DIRECTION('',(0.,1.));
#15500 = ( GEOMETRIC_REPRESENTATION_CONTEXT(2) 
PARAMETRIC_REPRESENTATION_CONTEXT() REPRESENTATION_CONTEXT('2D SPACE',''
  ) );
#15501 = PCURVE('',#15447,#15502);
#15502 = DEFINITIONAL_REPRESENTATION('',(#15503),#15507);
#15503 = LINE('',#15504,#15505);
#15504 = CARTESIAN_POINT('',(0.,0.));
#15505 = VECTOR('',#15506,1.);
#15506 = DIRECTION('',(1.,0.));
#15507 = ( GEOMETRIC_REPRESENTATION_CONTEXT(2) 
PARAMETRIC_REPRESENTATION_CONTEXT() REPRESENTATION_CONTEXT('2D SPACE',''
  ) );
#15508 = ORIENTED_EDGE('',*,*,#15509,.F.);
#15509 = EDGE_CURVE('',#15463,#15487,#15510,.T.);
#15510 = SURFACE_CURVE('',#15511,(#15515,#15522),.PCURVE_S1.);
#15511 = LINE('',#15512,#15513);
#15512 = CARTESIAN_POINT('',(4.78,13.36,0.));
#15513 = VECTOR('',#15514,1.);
#15514 = DIRECTION('',(0.,0.,1.));
#15515 = PCURVE('',#15365,#15516);
#15516 = DEFINITIONAL_REPRESENTATION('',(#15517),#15521);
#15517 = LINE('',#15518,#15519);
#15518 = CARTESIAN_POINT('',(0.,9.58));
#15519 = VECTOR('',#15520,1.);
#15520 = DIRECTION('',(1.,0.));
#15521 = ( GEOMETRIC_REPRESENTATION_CONTEXT(2) 
PARAMETRIC_REPRESENTATION_CONTEXT() REPRESENTATION_CONTEXT('2D SPACE',''
  ) );
#15522 = PCURVE('',#15523,#15528);
#15523 = PLANE('',#15524);
#15524 = AXIS2_PLACEMENT_3D('',#15525,#15526,#15527);
#15525 = CARTESIAN_POINT('',(4.78,13.36,0.));
#15526 = DIRECTION('',(1.,0.,0.));
#15527 = DIRECTION('',(0.,0.,1.));
#15528 = DEFINITIONAL_REPRESENTATION('',(#15529),#15533);
#15529 = LINE('',#15530,#15531);
#15530 = CARTESIAN_POINT('',(0.,0.));
#15531 = VECTOR('',#15532,1.);
#15532 = DIRECTION('',(1.,0.));
#15533 = ( GEOMETRIC_REPRESENTATION_CONTEXT(2) 
PARAMETRIC_REPRESENTATION_CONTEXT() REPRESENTATION_CONTEXT('2D SPACE',''
  ) );
#15534 = ADVANCED_FACE('',(#15535),#15447,.T.);
#15535 = FACE_BOUND('',#15536,.T.);
#15536 = EDGE_LOOP('',(#15537,#15538,#15539,#15562));
#15537 = ORIENTED_EDGE('',*,*,#15433,.F.);
#15538 = ORIENTED_EDGE('',*,*,#15486,.T.);
#15539 = ORIENTED_EDGE('',*,*,#15540,.T.);
#15540 = EDGE_CURVE('',#15487,#15541,#15543,.T.);
#15541 = VERTEX_POINT('',#15542);
#15542 = CARTESIAN_POINT('',(4.78,21.07,3.25));
#15543 = SURFACE_CURVE('',#15544,(#15548,#15555),.PCURVE_S1.);
#15544 = LINE('',#15545,#15546);
#15545 = CARTESIAN_POINT('',(4.78,13.36,3.25));
#15546 = VECTOR('',#15547,1.);
#15547 = DIRECTION('',(0.,1.,0.));
#15548 = PCURVE('',#15447,#15549);
#15549 = DEFINITIONAL_REPRESENTATION('',(#15550),#15554);
#15550 = LINE('',#15551,#15552);
#15551 = CARTESIAN_POINT('',(9.58,0.));
#15552 = VECTOR('',#15553,1.);
#15553 = DIRECTION('',(0.,1.));
#15554 = ( GEOMETRIC_REPRESENTATION_CONTEXT(2) 
PARAMETRIC_REPRESENTATION_CONTEXT() REPRESENTATION_CONTEXT('2D SPACE',''
  ) );
#15555 = PCURVE('',#15523,#15556);
#15556 = DEFINITIONAL_REPRESENTATION('',(#15557),#15561);
#15557 = LINE('',#15558,#15559);
#15558 = CARTESIAN_POINT('',(3.25,0.));
#15559 = VECTOR('',#15560,1.);
#15560 = DIRECTION('',(0.,-1.));
#15561 = ( GEOMETRIC_REPRESENTATION_CONTEXT(2) 
PARAMETRIC_REPRESENTATION_CONTEXT() REPRESENTATION_CONTEXT('2D SPACE',''
  ) );
#15562 = ORIENTED_EDGE('',*,*,#15563,.F.);
#15563 = EDGE_CURVE('',#15406,#15541,#15564,.T.);
#15564 = SURFACE_CURVE('',#15565,(#15569,#15576),.PCURVE_S1.);
#15565 = LINE('',#15566,#15567);
#15566 = CARTESIAN_POINT('',(-4.8,21.07,3.25));
#15567 = VECTOR('',#15568,1.);
#15568 = DIRECTION('',(1.,0.,0.));
#15569 = PCURVE('',#15447,#15570);
#15570 = DEFINITIONAL_REPRESENTATION('',(#15571),#15575);
#15571 = LINE('',#15572,#15573);
#15572 = CARTESIAN_POINT('',(0.,7.71));
#15573 = VECTOR('',#15574,1.);
#15574 = DIRECTION('',(1.,0.));
#15575 = ( GEOMETRIC_REPRESENTATION_CONTEXT(2) 
PARAMETRIC_REPRESENTATION_CONTEXT() REPRESENTATION_CONTEXT('2D SPACE',''
  ) );
#15576 = PCURVE('',#15421,#15577);
#15577 = DEFINITIONAL_REPRESENTATION('',(#15578),#15582);
#15578 = LINE('',#15579,#15580);
#15579 = CARTESIAN_POINT('',(3.25,0.));
#15580 = VECTOR('',#15581,1.);
#15581 = DIRECTION('',(0.,1.));
#15582 = ( GEOMETRIC_REPRESENTATION_CONTEXT(2) 
PARAMETRIC_REPRESENTATION_CONTEXT() REPRESENTATION_CONTEXT('2D SPACE',''
  ) );
#15583 = ADVANCED_FACE('',(#15584,#15632),#15421,.T.);
#15584 = FACE_BOUND('',#15585,.T.);
#15585 = EDGE_LOOP('',(#15586,#15609,#15610,#15611));
#15586 = ORIENTED_EDGE('',*,*,#15587,.F.);
#15587 = EDGE_CURVE('',#15378,#15588,#15590,.T.);
#15588 = VERTEX_POINT('',#15589);
#15589 = CARTESIAN_POINT('',(4.78,21.07,0.));
#15590 = SURFACE_CURVE('',#15591,(#15595,#15602),.PCURVE_S1.);
#15591 = LINE('',#15592,#15593);
#15592 = CARTESIAN_POINT('',(-4.8,21.07,0.));
#15593 = VECTOR('',#15594,1.);
#15594 = DIRECTION('',(1.,0.,0.));
#15595 = PCURVE('',#15421,#15596);
#15596 = DEFINITIONAL_REPRESENTATION('',(#15597),#15601);
#15597 = LINE('',#15598,#15599);
#15598 = CARTESIAN_POINT('',(0.,0.));
#15599 = VECTOR('',#15600,1.);
#15600 = DIRECTION('',(0.,1.));
#15601 = ( GEOMETRIC_REPRESENTATION_CONTEXT(2) 
PARAMETRIC_REPRESENTATION_CONTEXT() REPRESENTATION_CONTEXT('2D SPACE',''
  ) );
#15602 = PCURVE('',#15393,#15603);
#15603 = DEFINITIONAL_REPRESENTATION('',(#15604),#15608);
#15604 = LINE('',#15605,#15606);
#15605 = CARTESIAN_POINT('',(0.,7.71));
#15606 = VECTOR('',#15607,1.);
#15607 = DIRECTION('',(1.,0.));
#15608 = ( GEOMETRIC_REPRESENTATION_CONTEXT(2) 
PARAMETRIC_REPRESENTATION_CONTEXT() REPRESENTATION_CONTEXT('2D SPACE',''
  ) );
#15609 = ORIENTED_EDGE('',*,*,#15405,.T.);
#15610 = ORIENTED_EDGE('',*,*,#15563,.T.);
#15611 = ORIENTED_EDGE('',*,*,#15612,.F.);
#15612 = EDGE_CURVE('',#15588,#15541,#15613,.T.);
#15613 = SURFACE_CURVE('',#15614,(#15618,#15625),.PCURVE_S1.);
#15614 = LINE('',#15615,#15616);
#15615 = CARTESIAN_POINT('',(4.78,21.07,0.));
#15616 = VECTOR('',#15617,1.);
#15617 = DIRECTION('',(0.,0.,1.));
#15618 = PCURVE('',#15421,#15619);
#15619 = DEFINITIONAL_REPRESENTATION('',(#15620),#15624);
#15620 = LINE('',#15621,#15622);
#15621 = CARTESIAN_POINT('',(0.,9.58));
#15622 = VECTOR('',#15623,1.);
#15623 = DIRECTION('',(1.,0.));
#15624 = ( GEOMETRIC_REPRESENTATION_CONTEXT(2) 
PARAMETRIC_REPRESENTATION_CONTEXT() REPRESENTATION_CONTEXT('2D SPACE',''
  ) );
#15625 = PCURVE('',#15523,#15626);
#15626 = DEFINITIONAL_REPRESENTATION('',(#15627),#15631);
#15627 = LINE('',#15628,#15629);
#15628 = CARTESIAN_POINT('',(0.,-7.71));
#15629 = VECTOR('',#15630,1.);
#15630 = DIRECTION('',(1.,0.));
#15631 = ( GEOMETRIC_REPRESENTATION_CONTEXT(2) 
PARAMETRIC_REPRESENTATION_CONTEXT() REPRESENTATION_CONTEXT('2D SPACE',''
  ) );
#15632 = FACE_BOUND('',#15633,.T.);
#15633 = EDGE_LOOP('',(#15634,#15665,#15691,#15720,#15746,#15775,#15801,
    #15830));
#15634 = ORIENTED_EDGE('',*,*,#15635,.F.);
#15635 = EDGE_CURVE('',#15636,#15638,#15640,.T.);
#15636 = VERTEX_POINT('',#15637);
#15637 = CARTESIAN_POINT('',(-4.15,21.07,1.8));
#15638 = VERTEX_POINT('',#15639);
#15639 = CARTESIAN_POINT('',(-3.05,21.07,2.9));
#15640 = SURFACE_CURVE('',#15641,(#15646,#15653),.PCURVE_S1.);
#15641 = CIRCLE('',#15642,1.1);
#15642 = AXIS2_PLACEMENT_3D('',#15643,#15644,#15645);
#15643 = CARTESIAN_POINT('',(-3.05,21.07,1.8));
#15644 = DIRECTION('',(0.,1.,0.));
#15645 = DIRECTION('',(-1.,0.,0.));
#15646 = PCURVE('',#15421,#15647);
#15647 = DEFINITIONAL_REPRESENTATION('',(#15648),#15652);
#15648 = CIRCLE('',#15649,1.1);
#15649 = AXIS2_PLACEMENT_2D('',#15650,#15651);
#15650 = CARTESIAN_POINT('',(1.8,1.75));
#15651 = DIRECTION('',(0.,-1.));
#15652 = ( GEOMETRIC_REPRESENTATION_CONTEXT(2) 
PARAMETRIC_REPRESENTATION_CONTEXT() REPRESENTATION_CONTEXT('2D SPACE',''
  ) );
#15653 = PCURVE('',#15654,#15659);
#15654 = CYLINDRICAL_SURFACE('',#15655,1.1);
#15655 = AXIS2_PLACEMENT_3D('',#15656,#15657,#15658);
#15656 = CARTESIAN_POINT('',(-3.05,18.,1.8));
#15657 = DIRECTION('',(0.,1.,0.));
#15658 = DIRECTION('',(-1.,0.,0.));
#15659 = DEFINITIONAL_REPRESENTATION('',(#15660),#15664);
#15660 = LINE('',#15661,#15662);
#15661 = CARTESIAN_POINT('',(0.,3.07));
#15662 = VECTOR('',#15663,1.);
#15663 = DIRECTION('',(1.,0.));
#15664 = ( GEOMETRIC_REPRESENTATION_CONTEXT(2) 
PARAMETRIC_REPRESENTATION_CONTEXT() REPRESENTATION_CONTEXT('2D SPACE',''
  ) );
#15665 = ORIENTED_EDGE('',*,*,#15666,.T.);
#15666 = EDGE_CURVE('',#15636,#15667,#15669,.T.);
#15667 = VERTEX_POINT('',#15668);
#15668 = CARTESIAN_POINT('',(-4.15,21.07,1.45));
#15669 = SURFACE_CURVE('',#15670,(#15674,#15680),.PCURVE_S1.);
#15670 = LINE('',#15671,#15672);
#15671 = CARTESIAN_POINT('',(-4.15,21.07,0.175));
#15672 = VECTOR('',#15673,1.);
#15673 = DIRECTION('',(0.,0.,-1.));
#15674 = PCURVE('',#15421,#15675);
#15675 = DEFINITIONAL_REPRESENTATION('',(#15676),#15679);
#15676 = B_SPLINE_CURVE_WITH_KNOTS('',1,(#15677,#15678),.UNSPECIFIED.,
  .F.,.F.,(2,2),(-1.625,-1.275),.PIECEWISE_BEZIER_KNOTS.);
#15677 = CARTESIAN_POINT('',(1.8,0.65));
#15678 = CARTESIAN_POINT('',(1.45,0.65));
#15679 = ( GEOMETRIC_REPRESENTATION_CONTEXT(2) 
PARAMETRIC_REPRESENTATION_CONTEXT() REPRESENTATION_CONTEXT('2D SPACE',''
  ) );
#15680 = PCURVE('',#15681,#15686);
#15681 = PLANE('',#15682);
#15682 = AXIS2_PLACEMENT_3D('',#15683,#15684,#15685);
#15683 = CARTESIAN_POINT('',(-4.15,18.,0.35));
#15684 = DIRECTION('',(1.,0.,0.));
#15685 = DIRECTION('',(0.,0.,1.));
#15686 = DEFINITIONAL_REPRESENTATION('',(#15687),#15690);
#15687 = B_SPLINE_CURVE_WITH_KNOTS('',1,(#15688,#15689),.UNSPECIFIED.,
  .F.,.F.,(2,2),(-1.625,-1.275),.PIECEWISE_BEZIER_KNOTS.);
#15688 = CARTESIAN_POINT('',(1.45,-3.07));
#15689 = CARTESIAN_POINT('',(1.1,-3.07));
#15690 = ( GEOMETRIC_REPRESENTATION_CONTEXT(2) 
PARAMETRIC_REPRESENTATION_CONTEXT() REPRESENTATION_CONTEXT('2D SPACE',''
  ) );
#15691 = ORIENTED_EDGE('',*,*,#15692,.F.);
#15692 = EDGE_CURVE('',#15693,#15667,#15695,.T.);
#15693 = VERTEX_POINT('',#15694);
#15694 = CARTESIAN_POINT('',(-3.05,21.07,0.35));
#15695 = SURFACE_CURVE('',#15696,(#15701,#15708),.PCURVE_S1.);
#15696 = CIRCLE('',#15697,1.1);
#15697 = AXIS2_PLACEMENT_3D('',#15698,#15699,#15700);
#15698 = CARTESIAN_POINT('',(-3.05,21.07,1.45));
#15699 = DIRECTION('',(0.,1.,0.));
#15700 = DIRECTION('',(-1.,0.,0.));
#15701 = PCURVE('',#15421,#15702);
#15702 = DEFINITIONAL_REPRESENTATION('',(#15703),#15707);
#15703 = CIRCLE('',#15704,1.1);
#15704 = AXIS2_PLACEMENT_2D('',#15705,#15706);
#15705 = CARTESIAN_POINT('',(1.45,1.75));
#15706 = DIRECTION('',(0.,-1.));
#15707 = ( GEOMETRIC_REPRESENTATION_CONTEXT(2) 
PARAMETRIC_REPRESENTATION_CONTEXT() REPRESENTATION_CONTEXT('2D SPACE',''
  ) );
#15708 = PCURVE('',#15709,#15714);
#15709 = CYLINDRICAL_SURFACE('',#15710,1.1);
#15710 = AXIS2_PLACEMENT_3D('',#15711,#15712,#15713);
#15711 = CARTESIAN_POINT('',(-3.05,18.,1.45));
#15712 = DIRECTION('',(0.,1.,0.));
#15713 = DIRECTION('',(-1.,0.,0.));
#15714 = DEFINITIONAL_REPRESENTATION('',(#15715),#15719);
#15715 = LINE('',#15716,#15717);
#15716 = CARTESIAN_POINT('',(-6.28318530718,3.07));
#15717 = VECTOR('',#15718,1.);
#15718 = DIRECTION('',(1.,-0.));
#15719 = ( GEOMETRIC_REPRESENTATION_CONTEXT(2) 
PARAMETRIC_REPRESENTATION_CONTEXT() REPRESENTATION_CONTEXT('2D SPACE',''
  ) );
#15720 = ORIENTED_EDGE('',*,*,#15721,.T.);
#15721 = EDGE_CURVE('',#15693,#15722,#15724,.T.);
#15722 = VERTEX_POINT('',#15723);
#15723 = CARTESIAN_POINT('',(3.05,21.07,0.35));
#15724 = SURFACE_CURVE('',#15725,(#15729,#15735),.PCURVE_S1.);
#15725 = LINE('',#15726,#15727);
#15726 = CARTESIAN_POINT('',(-4.475,21.07,0.35));
#15727 = VECTOR('',#15728,1.);
#15728 = DIRECTION('',(1.,0.,0.));
#15729 = PCURVE('',#15421,#15730);
#15730 = DEFINITIONAL_REPRESENTATION('',(#15731),#15734);
#15731 = B_SPLINE_CURVE_WITH_KNOTS('',1,(#15732,#15733),.UNSPECIFIED.,
  .F.,.F.,(2,2),(1.425,7.525),.PIECEWISE_BEZIER_KNOTS.);
#15732 = CARTESIAN_POINT('',(0.35,1.75));
#15733 = CARTESIAN_POINT('',(0.35,7.85));
#15734 = ( GEOMETRIC_REPRESENTATION_CONTEXT(2) 
PARAMETRIC_REPRESENTATION_CONTEXT() REPRESENTATION_CONTEXT('2D SPACE',''
  ) );
#15735 = PCURVE('',#15736,#15741);
#15736 = PLANE('',#15737);
#15737 = AXIS2_PLACEMENT_3D('',#15738,#15739,#15740);
#15738 = CARTESIAN_POINT('',(-4.15,18.,0.35));
#15739 = DIRECTION('',(0.,0.,1.));
#15740 = DIRECTION('',(1.,0.,0.));
#15741 = DEFINITIONAL_REPRESENTATION('',(#15742),#15745);
#15742 = B_SPLINE_CURVE_WITH_KNOTS('',1,(#15743,#15744),.UNSPECIFIED.,
  .F.,.F.,(2,2),(1.425,7.525),.PIECEWISE_BEZIER_KNOTS.);
#15743 = CARTESIAN_POINT('',(1.1,3.07));
#15744 = CARTESIAN_POINT('',(7.2,3.07));
#15745 = ( GEOMETRIC_REPRESENTATION_CONTEXT(2) 
PARAMETRIC_REPRESENTATION_CONTEXT() REPRESENTATION_CONTEXT('2D SPACE',''
  ) );
#15746 = ORIENTED_EDGE('',*,*,#15747,.F.);
#15747 = EDGE_CURVE('',#15748,#15722,#15750,.T.);
#15748 = VERTEX_POINT('',#15749);
#15749 = CARTESIAN_POINT('',(4.15,21.07,1.45));
#15750 = SURFACE_CURVE('',#15751,(#15756,#15763),.PCURVE_S1.);
#15751 = CIRCLE('',#15752,1.1);
#15752 = AXIS2_PLACEMENT_3D('',#15753,#15754,#15755);
#15753 = CARTESIAN_POINT('',(3.05,21.07,1.45));
#15754 = DIRECTION('',(0.,1.,0.));
#15755 = DIRECTION('',(1.,0.,-0.));
#15756 = PCURVE('',#15421,#15757);
#15757 = DEFINITIONAL_REPRESENTATION('',(#15758),#15762);
#15758 = CIRCLE('',#15759,1.1);
#15759 = AXIS2_PLACEMENT_2D('',#15760,#15761);
#15760 = CARTESIAN_POINT('',(1.45,7.85));
#15761 = DIRECTION('',(0.,1.));
#15762 = ( GEOMETRIC_REPRESENTATION_CONTEXT(2) 
PARAMETRIC_REPRESENTATION_CONTEXT() REPRESENTATION_CONTEXT('2D SPACE',''
  ) );
#15763 = PCURVE('',#15764,#15769);
#15764 = CYLINDRICAL_SURFACE('',#15765,1.1);
#15765 = AXIS2_PLACEMENT_3D('',#15766,#15767,#15768);
#15766 = CARTESIAN_POINT('',(3.05,18.,1.45));
#15767 = DIRECTION('',(0.,1.,0.));
#15768 = DIRECTION('',(1.,0.,-0.));
#15769 = DEFINITIONAL_REPRESENTATION('',(#15770),#15774);
#15770 = LINE('',#15771,#15772);
#15771 = CARTESIAN_POINT('',(0.,3.07));
#15772 = VECTOR('',#15773,1.);
#15773 = DIRECTION('',(1.,0.));
#15774 = ( GEOMETRIC_REPRESENTATION_CONTEXT(2) 
PARAMETRIC_REPRESENTATION_CONTEXT() REPRESENTATION_CONTEXT('2D SPACE',''
  ) );
#15775 = ORIENTED_EDGE('',*,*,#15776,.F.);
#15776 = EDGE_CURVE('',#15777,#15748,#15779,.T.);
#15777 = VERTEX_POINT('',#15778);
#15778 = CARTESIAN_POINT('',(4.15,21.07,1.8));
#15779 = SURFACE_CURVE('',#15780,(#15784,#15790),.PCURVE_S1.);
#15780 = LINE('',#15781,#15782);
#15781 = CARTESIAN_POINT('',(4.15,21.07,0.175));
#15782 = VECTOR('',#15783,1.);
#15783 = DIRECTION('',(0.,0.,-1.));
#15784 = PCURVE('',#15421,#15785);
#15785 = DEFINITIONAL_REPRESENTATION('',(#15786),#15789);
#15786 = B_SPLINE_CURVE_WITH_KNOTS('',1,(#15787,#15788),.UNSPECIFIED.,
  .F.,.F.,(2,2),(-1.625,-1.275),.PIECEWISE_BEZIER_KNOTS.);
#15787 = CARTESIAN_POINT('',(1.8,8.95));
#15788 = CARTESIAN_POINT('',(1.45,8.95));
#15789 = ( GEOMETRIC_REPRESENTATION_CONTEXT(2) 
PARAMETRIC_REPRESENTATION_CONTEXT() REPRESENTATION_CONTEXT('2D SPACE',''
  ) );
#15790 = PCURVE('',#15791,#15796);
#15791 = PLANE('',#15792);
#15792 = AXIS2_PLACEMENT_3D('',#15793,#15794,#15795);
#15793 = CARTESIAN_POINT('',(4.15,18.,0.35));
#15794 = DIRECTION('',(1.,0.,0.));
#15795 = DIRECTION('',(0.,0.,1.));
#15796 = DEFINITIONAL_REPRESENTATION('',(#15797),#15800);
#15797 = B_SPLINE_CURVE_WITH_KNOTS('',1,(#15798,#15799),.UNSPECIFIED.,
  .F.,.F.,(2,2),(-1.625,-1.275),.PIECEWISE_BEZIER_KNOTS.);
#15798 = CARTESIAN_POINT('',(1.45,-3.07));
#15799 = CARTESIAN_POINT('',(1.1,-3.07));
#15800 = ( GEOMETRIC_REPRESENTATION_CONTEXT(2) 
PARAMETRIC_REPRESENTATION_CONTEXT() REPRESENTATION_CONTEXT('2D SPACE',''
  ) );
#15801 = ORIENTED_EDGE('',*,*,#15802,.F.);
#15802 = EDGE_CURVE('',#15803,#15777,#15805,.T.);
#15803 = VERTEX_POINT('',#15804);
#15804 = CARTESIAN_POINT('',(3.05,21.07,2.9));
#15805 = SURFACE_CURVE('',#15806,(#15811,#15818),.PCURVE_S1.);
#15806 = CIRCLE('',#15807,1.1);
#15807 = AXIS2_PLACEMENT_3D('',#15808,#15809,#15810);
#15808 = CARTESIAN_POINT('',(3.05,21.07,1.8));
#15809 = DIRECTION('',(0.,1.,0.));
#15810 = DIRECTION('',(1.,0.,-0.));
#15811 = PCURVE('',#15421,#15812);
#15812 = DEFINITIONAL_REPRESENTATION('',(#15813),#15817);
#15813 = CIRCLE('',#15814,1.1);
#15814 = AXIS2_PLACEMENT_2D('',#15815,#15816);
#15815 = CARTESIAN_POINT('',(1.8,7.85));
#15816 = DIRECTION('',(0.,1.));
#15817 = ( GEOMETRIC_REPRESENTATION_CONTEXT(2) 
PARAMETRIC_REPRESENTATION_CONTEXT() REPRESENTATION_CONTEXT('2D SPACE',''
  ) );
#15818 = PCURVE('',#15819,#15824);
#15819 = CYLINDRICAL_SURFACE('',#15820,1.1);
#15820 = AXIS2_PLACEMENT_3D('',#15821,#15822,#15823);
#15821 = CARTESIAN_POINT('',(3.05,18.,1.8));
#15822 = DIRECTION('',(0.,1.,0.));
#15823 = DIRECTION('',(1.,0.,-0.));
#15824 = DEFINITIONAL_REPRESENTATION('',(#15825),#15829);
#15825 = LINE('',#15826,#15827);
#15826 = CARTESIAN_POINT('',(-6.28318530718,3.07));
#15827 = VECTOR('',#15828,1.);
#15828 = DIRECTION('',(1.,-0.));
#15829 = ( GEOMETRIC_REPRESENTATION_CONTEXT(2) 
PARAMETRIC_REPRESENTATION_CONTEXT() REPRESENTATION_CONTEXT('2D SPACE',''
  ) );
#15830 = ORIENTED_EDGE('',*,*,#15831,.F.);
#15831 = EDGE_CURVE('',#15638,#15803,#15832,.T.);
#15832 = SURFACE_CURVE('',#15833,(#15837,#15843),.PCURVE_S1.);
#15833 = LINE('',#15834,#15835);
#15834 = CARTESIAN_POINT('',(-4.475,21.07,2.9));
#15835 = VECTOR('',#15836,1.);
#15836 = DIRECTION('',(1.,0.,0.));
#15837 = PCURVE('',#15421,#15838);
#15838 = DEFINITIONAL_REPRESENTATION('',(#15839),#15842);
#15839 = B_SPLINE_CURVE_WITH_KNOTS('',1,(#15840,#15841),.UNSPECIFIED.,
  .F.,.F.,(2,2),(1.425,7.525),.PIECEWISE_BEZIER_KNOTS.);
#15840 = CARTESIAN_POINT('',(2.9,1.75));
#15841 = CARTESIAN_POINT('',(2.9,7.85));
#15842 = ( GEOMETRIC_REPRESENTATION_CONTEXT(2) 
PARAMETRIC_REPRESENTATION_CONTEXT() REPRESENTATION_CONTEXT('2D SPACE',''
  ) );
#15843 = PCURVE('',#15844,#15849);
#15844 = PLANE('',#15845);
#15845 = AXIS2_PLACEMENT_3D('',#15846,#15847,#15848);
#15846 = CARTESIAN_POINT('',(-4.15,18.,2.9));
#15847 = DIRECTION('',(0.,0.,1.));
#15848 = DIRECTION('',(1.,0.,0.));
#15849 = DEFINITIONAL_REPRESENTATION('',(#15850),#15853);
#15850 = B_SPLINE_CURVE_WITH_KNOTS('',1,(#15851,#15852),.UNSPECIFIED.,
  .F.,.F.,(2,2),(1.425,7.525),.PIECEWISE_BEZIER_KNOTS.);
#15851 = CARTESIAN_POINT('',(1.1,3.07));
#15852 = CARTESIAN_POINT('',(7.2,3.07));
#15853 = ( GEOMETRIC_REPRESENTATION_CONTEXT(2) 
PARAMETRIC_REPRESENTATION_CONTEXT() REPRESENTATION_CONTEXT('2D SPACE',''
  ) );
#15854 = ADVANCED_FACE('',(#15855),#15393,.F.);
#15855 = FACE_BOUND('',#15856,.F.);
#15856 = EDGE_LOOP('',(#15857,#15858,#15859,#15880));
#15857 = ORIENTED_EDGE('',*,*,#15377,.F.);
#15858 = ORIENTED_EDGE('',*,*,#15462,.T.);
#15859 = ORIENTED_EDGE('',*,*,#15860,.T.);
#15860 = EDGE_CURVE('',#15463,#15588,#15861,.T.);
#15861 = SURFACE_CURVE('',#15862,(#15866,#15873),.PCURVE_S1.);
#15862 = LINE('',#15863,#15864);
#15863 = CARTESIAN_POINT('',(4.78,13.36,0.));
#15864 = VECTOR('',#15865,1.);
#15865 = DIRECTION('',(0.,1.,0.));
#15866 = PCURVE('',#15393,#15867);
#15867 = DEFINITIONAL_REPRESENTATION('',(#15868),#15872);
#15868 = LINE('',#15869,#15870);
#15869 = CARTESIAN_POINT('',(9.58,0.));
#15870 = VECTOR('',#15871,1.);
#15871 = DIRECTION('',(0.,1.));
#15872 = ( GEOMETRIC_REPRESENTATION_CONTEXT(2) 
PARAMETRIC_REPRESENTATION_CONTEXT() REPRESENTATION_CONTEXT('2D SPACE',''
  ) );
#15873 = PCURVE('',#15523,#15874);
#15874 = DEFINITIONAL_REPRESENTATION('',(#15875),#15879);
#15875 = LINE('',#15876,#15877);
#15876 = CARTESIAN_POINT('',(0.,0.));
#15877 = VECTOR('',#15878,1.);
#15878 = DIRECTION('',(0.,-1.));
#15879 = ( GEOMETRIC_REPRESENTATION_CONTEXT(2) 
PARAMETRIC_REPRESENTATION_CONTEXT() REPRESENTATION_CONTEXT('2D SPACE',''
  ) );
#15880 = ORIENTED_EDGE('',*,*,#15587,.F.);
#15881 = ADVANCED_FACE('',(#15882),#15523,.T.);
#15882 = FACE_BOUND('',#15883,.T.);
#15883 = EDGE_LOOP('',(#15884,#15885,#15886,#15887));
#15884 = ORIENTED_EDGE('',*,*,#15509,.F.);
#15885 = ORIENTED_EDGE('',*,*,#15860,.T.);
#15886 = ORIENTED_EDGE('',*,*,#15612,.T.);
#15887 = ORIENTED_EDGE('',*,*,#15540,.F.);
#15888 = ADVANCED_FACE('',(#15889),#15654,.F.);
#15889 = FACE_BOUND('',#15890,.F.);
#15890 = EDGE_LOOP('',(#15891,#15914,#15943,#15964));
#15891 = ORIENTED_EDGE('',*,*,#15892,.F.);
#15892 = EDGE_CURVE('',#15893,#15636,#15895,.T.);
#15893 = VERTEX_POINT('',#15894);
#15894 = CARTESIAN_POINT('',(-4.15,18.,1.8));
#15895 = SURFACE_CURVE('',#15896,(#15900,#15907),.PCURVE_S1.);
#15896 = LINE('',#15897,#15898);
#15897 = CARTESIAN_POINT('',(-4.15,18.,1.8));
#15898 = VECTOR('',#15899,1.);
#15899 = DIRECTION('',(0.,1.,0.));
#15900 = PCURVE('',#15654,#15901);
#15901 = DEFINITIONAL_REPRESENTATION('',(#15902),#15906);
#15902 = LINE('',#15903,#15904);
#15903 = CARTESIAN_POINT('',(0.,0.));
#15904 = VECTOR('',#15905,1.);
#15905 = DIRECTION('',(0.,1.));
#15906 = ( GEOMETRIC_REPRESENTATION_CONTEXT(2) 
PARAMETRIC_REPRESENTATION_CONTEXT() REPRESENTATION_CONTEXT('2D SPACE',''
  ) );
#15907 = PCURVE('',#15681,#15908);
#15908 = DEFINITIONAL_REPRESENTATION('',(#15909),#15913);
#15909 = LINE('',#15910,#15911);
#15910 = CARTESIAN_POINT('',(1.45,0.));
#15911 = VECTOR('',#15912,1.);
#15912 = DIRECTION('',(0.,-1.));
#15913 = ( GEOMETRIC_REPRESENTATION_CONTEXT(2) 
PARAMETRIC_REPRESENTATION_CONTEXT() REPRESENTATION_CONTEXT('2D SPACE',''
  ) );
#15914 = ORIENTED_EDGE('',*,*,#15915,.T.);
#15915 = EDGE_CURVE('',#15893,#15916,#15918,.T.);
#15916 = VERTEX_POINT('',#15917);
#15917 = CARTESIAN_POINT('',(-3.05,18.,2.9));
#15918 = SURFACE_CURVE('',#15919,(#15924,#15931),.PCURVE_S1.);
#15919 = CIRCLE('',#15920,1.1);
#15920 = AXIS2_PLACEMENT_3D('',#15921,#15922,#15923);
#15921 = CARTESIAN_POINT('',(-3.05,18.,1.8));
#15922 = DIRECTION('',(0.,1.,0.));
#15923 = DIRECTION('',(0.,-0.,1.));
#15924 = PCURVE('',#15654,#15925);
#15925 = DEFINITIONAL_REPRESENTATION('',(#15926),#15930);
#15926 = LINE('',#15927,#15928);
#15927 = CARTESIAN_POINT('',(-4.712388980385,0.));
#15928 = VECTOR('',#15929,1.);
#15929 = DIRECTION('',(1.,0.));
#15930 = ( GEOMETRIC_REPRESENTATION_CONTEXT(2) 
PARAMETRIC_REPRESENTATION_CONTEXT() REPRESENTATION_CONTEXT('2D SPACE',''
  ) );
#15931 = PCURVE('',#15932,#15937);
#15932 = PLANE('',#15933);
#15933 = AXIS2_PLACEMENT_3D('',#15934,#15935,#15936);
#15934 = CARTESIAN_POINT('',(-4.15,18.,0.35));
#15935 = DIRECTION('',(0.,1.,0.));
#15936 = DIRECTION('',(0.,0.,1.));
#15937 = DEFINITIONAL_REPRESENTATION('',(#15938),#15942);
#15938 = CIRCLE('',#15939,1.1);
#15939 = AXIS2_PLACEMENT_2D('',#15940,#15941);
#15940 = CARTESIAN_POINT('',(1.45,1.1));
#15941 = DIRECTION('',(1.,0.));
#15942 = ( GEOMETRIC_REPRESENTATION_CONTEXT(2) 
PARAMETRIC_REPRESENTATION_CONTEXT() REPRESENTATION_CONTEXT('2D SPACE',''
  ) );
#15943 = ORIENTED_EDGE('',*,*,#15944,.T.);
#15944 = EDGE_CURVE('',#15916,#15638,#15945,.T.);
#15945 = SURFACE_CURVE('',#15946,(#15950,#15957),.PCURVE_S1.);
#15946 = LINE('',#15947,#15948);
#15947 = CARTESIAN_POINT('',(-3.05,18.,2.9));
#15948 = VECTOR('',#15949,1.);
#15949 = DIRECTION('',(0.,1.,0.));
#15950 = PCURVE('',#15654,#15951);
#15951 = DEFINITIONAL_REPRESENTATION('',(#15952),#15956);
#15952 = LINE('',#15953,#15954);
#15953 = CARTESIAN_POINT('',(1.570796326795,0.));
#15954 = VECTOR('',#15955,1.);
#15955 = DIRECTION('',(0.,1.));
#15956 = ( GEOMETRIC_REPRESENTATION_CONTEXT(2) 
PARAMETRIC_REPRESENTATION_CONTEXT() REPRESENTATION_CONTEXT('2D SPACE',''
  ) );
#15957 = PCURVE('',#15844,#15958);
#15958 = DEFINITIONAL_REPRESENTATION('',(#15959),#15963);
#15959 = LINE('',#15960,#15961);
#15960 = CARTESIAN_POINT('',(1.1,0.));
#15961 = VECTOR('',#15962,1.);
#15962 = DIRECTION('',(0.,1.));
#15963 = ( GEOMETRIC_REPRESENTATION_CONTEXT(2) 
PARAMETRIC_REPRESENTATION_CONTEXT() REPRESENTATION_CONTEXT('2D SPACE',''
  ) );
#15964 = ORIENTED_EDGE('',*,*,#15635,.F.);
#15965 = ADVANCED_FACE('',(#15966),#15844,.F.);
#15966 = FACE_BOUND('',#15967,.F.);
#15967 = EDGE_LOOP('',(#15968,#15969,#15970,#15993));
#15968 = ORIENTED_EDGE('',*,*,#15831,.F.);
#15969 = ORIENTED_EDGE('',*,*,#15944,.F.);
#15970 = ORIENTED_EDGE('',*,*,#15971,.T.);
#15971 = EDGE_CURVE('',#15916,#15972,#15974,.T.);
#15972 = VERTEX_POINT('',#15973);
#15973 = CARTESIAN_POINT('',(3.05,18.,2.9));
#15974 = SURFACE_CURVE('',#15975,(#15979,#15986),.PCURVE_S1.);
#15975 = LINE('',#15976,#15977);
#15976 = CARTESIAN_POINT('',(-4.15,18.,2.9));
#15977 = VECTOR('',#15978,1.);
#15978 = DIRECTION('',(1.,0.,0.));
#15979 = PCURVE('',#15844,#15980);
#15980 = DEFINITIONAL_REPRESENTATION('',(#15981),#15985);
#15981 = LINE('',#15982,#15983);
#15982 = CARTESIAN_POINT('',(0.,0.));
#15983 = VECTOR('',#15984,1.);
#15984 = DIRECTION('',(1.,0.));
#15985 = ( GEOMETRIC_REPRESENTATION_CONTEXT(2) 
PARAMETRIC_REPRESENTATION_CONTEXT() REPRESENTATION_CONTEXT('2D SPACE',''
  ) );
#15986 = PCURVE('',#15932,#15987);
#15987 = DEFINITIONAL_REPRESENTATION('',(#15988),#15992);
#15988 = LINE('',#15989,#15990);
#15989 = CARTESIAN_POINT('',(2.55,0.));
#15990 = VECTOR('',#15991,1.);
#15991 = DIRECTION('',(0.,1.));
#15992 = ( GEOMETRIC_REPRESENTATION_CONTEXT(2) 
PARAMETRIC_REPRESENTATION_CONTEXT() REPRESENTATION_CONTEXT('2D SPACE',''
  ) );
#15993 = ORIENTED_EDGE('',*,*,#15994,.T.);
#15994 = EDGE_CURVE('',#15972,#15803,#15995,.T.);
#15995 = SURFACE_CURVE('',#15996,(#16000,#16007),.PCURVE_S1.);
#15996 = LINE('',#15997,#15998);
#15997 = CARTESIAN_POINT('',(3.05,18.,2.9));
#15998 = VECTOR('',#15999,1.);
#15999 = DIRECTION('',(0.,1.,0.));
#16000 = PCURVE('',#15844,#16001);
#16001 = DEFINITIONAL_REPRESENTATION('',(#16002),#16006);
#16002 = LINE('',#16003,#16004);
#16003 = CARTESIAN_POINT('',(7.2,0.));
#16004 = VECTOR('',#16005,1.);
#16005 = DIRECTION('',(0.,1.));
#16006 = ( GEOMETRIC_REPRESENTATION_CONTEXT(2) 
PARAMETRIC_REPRESENTATION_CONTEXT() REPRESENTATION_CONTEXT('2D SPACE',''
  ) );
#16007 = PCURVE('',#15819,#16008);
#16008 = DEFINITIONAL_REPRESENTATION('',(#16009),#16013);
#16009 = LINE('',#16010,#16011);
#16010 = CARTESIAN_POINT('',(-1.570796326795,0.));
#16011 = VECTOR('',#16012,1.);
#16012 = DIRECTION('',(-0.,1.));
#16013 = ( GEOMETRIC_REPRESENTATION_CONTEXT(2) 
PARAMETRIC_REPRESENTATION_CONTEXT() REPRESENTATION_CONTEXT('2D SPACE',''
  ) );
#16014 = ADVANCED_FACE('',(#16015),#15819,.F.);
#16015 = FACE_BOUND('',#16016,.T.);
#16016 = EDGE_LOOP('',(#16017,#16040,#16066,#16067));
#16017 = ORIENTED_EDGE('',*,*,#16018,.F.);
#16018 = EDGE_CURVE('',#16019,#15777,#16021,.T.);
#16019 = VERTEX_POINT('',#16020);
#16020 = CARTESIAN_POINT('',(4.15,18.,1.8));
#16021 = SURFACE_CURVE('',#16022,(#16026,#16033),.PCURVE_S1.);
#16022 = LINE('',#16023,#16024);
#16023 = CARTESIAN_POINT('',(4.15,18.,1.8));
#16024 = VECTOR('',#16025,1.);
#16025 = DIRECTION('',(0.,1.,0.));
#16026 = PCURVE('',#15819,#16027);
#16027 = DEFINITIONAL_REPRESENTATION('',(#16028),#16032);
#16028 = LINE('',#16029,#16030);
#16029 = CARTESIAN_POINT('',(-0.,0.));
#16030 = VECTOR('',#16031,1.);
#16031 = DIRECTION('',(-0.,1.));
#16032 = ( GEOMETRIC_REPRESENTATION_CONTEXT(2) 
PARAMETRIC_REPRESENTATION_CONTEXT() REPRESENTATION_CONTEXT('2D SPACE',''
  ) );
#16033 = PCURVE('',#15791,#16034);
#16034 = DEFINITIONAL_REPRESENTATION('',(#16035),#16039);
#16035 = LINE('',#16036,#16037);
#16036 = CARTESIAN_POINT('',(1.45,0.));
#16037 = VECTOR('',#16038,1.);
#16038 = DIRECTION('',(0.,-1.));
#16039 = ( GEOMETRIC_REPRESENTATION_CONTEXT(2) 
PARAMETRIC_REPRESENTATION_CONTEXT() REPRESENTATION_CONTEXT('2D SPACE',''
  ) );
#16040 = ORIENTED_EDGE('',*,*,#16041,.T.);
#16041 = EDGE_CURVE('',#16019,#15972,#16042,.T.);
#16042 = SURFACE_CURVE('',#16043,(#16048,#16055),.PCURVE_S1.);
#16043 = CIRCLE('',#16044,1.1);
#16044 = AXIS2_PLACEMENT_3D('',#16045,#16046,#16047);
#16045 = CARTESIAN_POINT('',(3.05,18.,1.8));
#16046 = DIRECTION('',(-0.,-1.,0.));
#16047 = DIRECTION('',(0.,-0.,1.));
#16048 = PCURVE('',#15819,#16049);
#16049 = DEFINITIONAL_REPRESENTATION('',(#16050),#16054);
#16050 = LINE('',#16051,#16052);
#16051 = CARTESIAN_POINT('',(4.712388980385,-0.));
#16052 = VECTOR('',#16053,1.);
#16053 = DIRECTION('',(-1.,0.));
#16054 = ( GEOMETRIC_REPRESENTATION_CONTEXT(2) 
PARAMETRIC_REPRESENTATION_CONTEXT() REPRESENTATION_CONTEXT('2D SPACE',''
  ) );
#16055 = PCURVE('',#15932,#16056);
#16056 = DEFINITIONAL_REPRESENTATION('',(#16057),#16065);
#16057 = ( BOUNDED_CURVE() B_SPLINE_CURVE(2,(#16058,#16059,#16060,#16061
    ,#16062,#16063,#16064),.UNSPECIFIED.,.T.,.F.) 
B_SPLINE_CURVE_WITH_KNOTS((1,2,2,2,2,1),(-2.094395102393,0.,
    2.094395102393,4.188790204786,6.28318530718,8.377580409573),
.UNSPECIFIED.) CURVE() GEOMETRIC_REPRESENTATION_ITEM() 
RATIONAL_B_SPLINE_CURVE((1.,0.5,1.,0.5,1.,0.5,1.)) REPRESENTATION_ITEM(
  '') );
#16058 = CARTESIAN_POINT('',(2.55,7.2));
#16059 = CARTESIAN_POINT('',(2.55,5.294744111674));
#16060 = CARTESIAN_POINT('',(0.9,6.247372055837));
#16061 = CARTESIAN_POINT('',(-0.75,7.2));
#16062 = CARTESIAN_POINT('',(0.9,8.152627944163));
#16063 = CARTESIAN_POINT('',(2.55,9.105255888326));
#16064 = CARTESIAN_POINT('',(2.55,7.2));
#16065 = ( GEOMETRIC_REPRESENTATION_CONTEXT(2) 
PARAMETRIC_REPRESENTATION_CONTEXT() REPRESENTATION_CONTEXT('2D SPACE',''
  ) );
#16066 = ORIENTED_EDGE('',*,*,#15994,.T.);
#16067 = ORIENTED_EDGE('',*,*,#15802,.T.);
#16068 = ADVANCED_FACE('',(#16069),#15791,.F.);
#16069 = FACE_BOUND('',#16070,.F.);
#16070 = EDGE_LOOP('',(#16071,#16094,#16115,#16116));
#16071 = ORIENTED_EDGE('',*,*,#16072,.F.);
#16072 = EDGE_CURVE('',#16073,#16019,#16075,.T.);
#16073 = VERTEX_POINT('',#16074);
#16074 = CARTESIAN_POINT('',(4.15,18.,1.45));
#16075 = SURFACE_CURVE('',#16076,(#16080,#16087),.PCURVE_S1.);
#16076 = LINE('',#16077,#16078);
#16077 = CARTESIAN_POINT('',(4.15,18.,0.35));
#16078 = VECTOR('',#16079,1.);
#16079 = DIRECTION('',(0.,0.,1.));
#16080 = PCURVE('',#15791,#16081);
#16081 = DEFINITIONAL_REPRESENTATION('',(#16082),#16086);
#16082 = LINE('',#16083,#16084);
#16083 = CARTESIAN_POINT('',(0.,0.));
#16084 = VECTOR('',#16085,1.);
#16085 = DIRECTION('',(1.,0.));
#16086 = ( GEOMETRIC_REPRESENTATION_CONTEXT(2) 
PARAMETRIC_REPRESENTATION_CONTEXT() REPRESENTATION_CONTEXT('2D SPACE',''
  ) );
#16087 = PCURVE('',#15932,#16088);
#16088 = DEFINITIONAL_REPRESENTATION('',(#16089),#16093);
#16089 = LINE('',#16090,#16091);
#16090 = CARTESIAN_POINT('',(0.,8.3));
#16091 = VECTOR('',#16092,1.);
#16092 = DIRECTION('',(1.,0.));
#16093 = ( GEOMETRIC_REPRESENTATION_CONTEXT(2) 
PARAMETRIC_REPRESENTATION_CONTEXT() REPRESENTATION_CONTEXT('2D SPACE',''
  ) );
#16094 = ORIENTED_EDGE('',*,*,#16095,.T.);
#16095 = EDGE_CURVE('',#16073,#15748,#16096,.T.);
#16096 = SURFACE_CURVE('',#16097,(#16101,#16108),.PCURVE_S1.);
#16097 = LINE('',#16098,#16099);
#16098 = CARTESIAN_POINT('',(4.15,18.,1.45));
#16099 = VECTOR('',#16100,1.);
#16100 = DIRECTION('',(0.,1.,0.));
#16101 = PCURVE('',#15791,#16102);
#16102 = DEFINITIONAL_REPRESENTATION('',(#16103),#16107);
#16103 = LINE('',#16104,#16105);
#16104 = CARTESIAN_POINT('',(1.1,0.));
#16105 = VECTOR('',#16106,1.);
#16106 = DIRECTION('',(0.,-1.));
#16107 = ( GEOMETRIC_REPRESENTATION_CONTEXT(2) 
PARAMETRIC_REPRESENTATION_CONTEXT() REPRESENTATION_CONTEXT('2D SPACE',''
  ) );
#16108 = PCURVE('',#15764,#16109);
#16109 = DEFINITIONAL_REPRESENTATION('',(#16110),#16114);
#16110 = LINE('',#16111,#16112);
#16111 = CARTESIAN_POINT('',(0.,0.));
#16112 = VECTOR('',#16113,1.);
#16113 = DIRECTION('',(0.,1.));
#16114 = ( GEOMETRIC_REPRESENTATION_CONTEXT(2) 
PARAMETRIC_REPRESENTATION_CONTEXT() REPRESENTATION_CONTEXT('2D SPACE',''
  ) );
#16115 = ORIENTED_EDGE('',*,*,#15776,.F.);
#16116 = ORIENTED_EDGE('',*,*,#16018,.F.);
#16117 = ADVANCED_FACE('',(#16118),#15764,.F.);
#16118 = FACE_BOUND('',#16119,.F.);
#16119 = EDGE_LOOP('',(#16120,#16121,#16145,#16166));
#16120 = ORIENTED_EDGE('',*,*,#16095,.F.);
#16121 = ORIENTED_EDGE('',*,*,#16122,.T.);
#16122 = EDGE_CURVE('',#16073,#16123,#16125,.T.);
#16123 = VERTEX_POINT('',#16124);
#16124 = CARTESIAN_POINT('',(3.05,18.,0.35));
#16125 = SURFACE_CURVE('',#16126,(#16131,#16138),.PCURVE_S1.);
#16126 = CIRCLE('',#16127,1.1);
#16127 = AXIS2_PLACEMENT_3D('',#16128,#16129,#16130);
#16128 = CARTESIAN_POINT('',(3.05,18.,1.45));
#16129 = DIRECTION('',(0.,1.,0.));
#16130 = DIRECTION('',(0.,-0.,1.));
#16131 = PCURVE('',#15764,#16132);
#16132 = DEFINITIONAL_REPRESENTATION('',(#16133),#16137);
#16133 = LINE('',#16134,#16135);
#16134 = CARTESIAN_POINT('',(-1.570796326795,0.));
#16135 = VECTOR('',#16136,1.);
#16136 = DIRECTION('',(1.,0.));
#16137 = ( GEOMETRIC_REPRESENTATION_CONTEXT(2) 
PARAMETRIC_REPRESENTATION_CONTEXT() REPRESENTATION_CONTEXT('2D SPACE',''
  ) );
#16138 = PCURVE('',#15932,#16139);
#16139 = DEFINITIONAL_REPRESENTATION('',(#16140),#16144);
#16140 = CIRCLE('',#16141,1.1);
#16141 = AXIS2_PLACEMENT_2D('',#16142,#16143);
#16142 = CARTESIAN_POINT('',(1.1,7.2));
#16143 = DIRECTION('',(1.,0.));
#16144 = ( GEOMETRIC_REPRESENTATION_CONTEXT(2) 
PARAMETRIC_REPRESENTATION_CONTEXT() REPRESENTATION_CONTEXT('2D SPACE',''
  ) );
#16145 = ORIENTED_EDGE('',*,*,#16146,.T.);
#16146 = EDGE_CURVE('',#16123,#15722,#16147,.T.);
#16147 = SURFACE_CURVE('',#16148,(#16152,#16159),.PCURVE_S1.);
#16148 = LINE('',#16149,#16150);
#16149 = CARTESIAN_POINT('',(3.05,18.,0.35));
#16150 = VECTOR('',#16151,1.);
#16151 = DIRECTION('',(0.,1.,0.));
#16152 = PCURVE('',#15764,#16153);
#16153 = DEFINITIONAL_REPRESENTATION('',(#16154),#16158);
#16154 = LINE('',#16155,#16156);
#16155 = CARTESIAN_POINT('',(1.570796326795,0.));
#16156 = VECTOR('',#16157,1.);
#16157 = DIRECTION('',(0.,1.));
#16158 = ( GEOMETRIC_REPRESENTATION_CONTEXT(2) 
PARAMETRIC_REPRESENTATION_CONTEXT() REPRESENTATION_CONTEXT('2D SPACE',''
  ) );
#16159 = PCURVE('',#15736,#16160);
#16160 = DEFINITIONAL_REPRESENTATION('',(#16161),#16165);
#16161 = LINE('',#16162,#16163);
#16162 = CARTESIAN_POINT('',(7.2,0.));
#16163 = VECTOR('',#16164,1.);
#16164 = DIRECTION('',(0.,1.));
#16165 = ( GEOMETRIC_REPRESENTATION_CONTEXT(2) 
PARAMETRIC_REPRESENTATION_CONTEXT() REPRESENTATION_CONTEXT('2D SPACE',''
  ) );
#16166 = ORIENTED_EDGE('',*,*,#15747,.F.);
#16167 = ADVANCED_FACE('',(#16168),#15736,.T.);
#16168 = FACE_BOUND('',#16169,.T.);
#16169 = EDGE_LOOP('',(#16170,#16171,#16194,#16215));
#16170 = ORIENTED_EDGE('',*,*,#15721,.F.);
#16171 = ORIENTED_EDGE('',*,*,#16172,.F.);
#16172 = EDGE_CURVE('',#16173,#15693,#16175,.T.);
#16173 = VERTEX_POINT('',#16174);
#16174 = CARTESIAN_POINT('',(-3.05,18.,0.35));
#16175 = SURFACE_CURVE('',#16176,(#16180,#16187),.PCURVE_S1.);
#16176 = LINE('',#16177,#16178);
#16177 = CARTESIAN_POINT('',(-3.05,18.,0.35));
#16178 = VECTOR('',#16179,1.);
#16179 = DIRECTION('',(0.,1.,0.));
#16180 = PCURVE('',#15736,#16181);
#16181 = DEFINITIONAL_REPRESENTATION('',(#16182),#16186);
#16182 = LINE('',#16183,#16184);
#16183 = CARTESIAN_POINT('',(1.1,0.));
#16184 = VECTOR('',#16185,1.);
#16185 = DIRECTION('',(0.,1.));
#16186 = ( GEOMETRIC_REPRESENTATION_CONTEXT(2) 
PARAMETRIC_REPRESENTATION_CONTEXT() REPRESENTATION_CONTEXT('2D SPACE',''
  ) );
#16187 = PCURVE('',#15709,#16188);
#16188 = DEFINITIONAL_REPRESENTATION('',(#16189),#16193);
#16189 = LINE('',#16190,#16191);
#16190 = CARTESIAN_POINT('',(-1.570796326795,0.));
#16191 = VECTOR('',#16192,1.);
#16192 = DIRECTION('',(-0.,1.));
#16193 = ( GEOMETRIC_REPRESENTATION_CONTEXT(2) 
PARAMETRIC_REPRESENTATION_CONTEXT() REPRESENTATION_CONTEXT('2D SPACE',''
  ) );
#16194 = ORIENTED_EDGE('',*,*,#16195,.T.);
#16195 = EDGE_CURVE('',#16173,#16123,#16196,.T.);
#16196 = SURFACE_CURVE('',#16197,(#16201,#16208),.PCURVE_S1.);
#16197 = LINE('',#16198,#16199);
#16198 = CARTESIAN_POINT('',(-4.15,18.,0.35));
#16199 = VECTOR('',#16200,1.);
#16200 = DIRECTION('',(1.,0.,0.));
#16201 = PCURVE('',#15736,#16202);
#16202 = DEFINITIONAL_REPRESENTATION('',(#16203),#16207);
#16203 = LINE('',#16204,#16205);
#16204 = CARTESIAN_POINT('',(0.,0.));
#16205 = VECTOR('',#16206,1.);
#16206 = DIRECTION('',(1.,0.));
#16207 = ( GEOMETRIC_REPRESENTATION_CONTEXT(2) 
PARAMETRIC_REPRESENTATION_CONTEXT() REPRESENTATION_CONTEXT('2D SPACE',''
  ) );
#16208 = PCURVE('',#15932,#16209);
#16209 = DEFINITIONAL_REPRESENTATION('',(#16210),#16214);
#16210 = LINE('',#16211,#16212);
#16211 = CARTESIAN_POINT('',(0.,0.));
#16212 = VECTOR('',#16213,1.);
#16213 = DIRECTION('',(0.,1.));
#16214 = ( GEOMETRIC_REPRESENTATION_CONTEXT(2) 
PARAMETRIC_REPRESENTATION_CONTEXT() REPRESENTATION_CONTEXT('2D SPACE',''
  ) );
#16215 = ORIENTED_EDGE('',*,*,#16146,.T.);
#16216 = ADVANCED_FACE('',(#16217),#15709,.F.);
#16217 = FACE_BOUND('',#16218,.T.);
#16218 = EDGE_LOOP('',(#16219,#16242,#16268,#16269));
#16219 = ORIENTED_EDGE('',*,*,#16220,.F.);
#16220 = EDGE_CURVE('',#16221,#15667,#16223,.T.);
#16221 = VERTEX_POINT('',#16222);
#16222 = CARTESIAN_POINT('',(-4.15,18.,1.45));
#16223 = SURFACE_CURVE('',#16224,(#16228,#16235),.PCURVE_S1.);
#16224 = LINE('',#16225,#16226);
#16225 = CARTESIAN_POINT('',(-4.15,18.,1.45));
#16226 = VECTOR('',#16227,1.);
#16227 = DIRECTION('',(0.,1.,0.));
#16228 = PCURVE('',#15709,#16229);
#16229 = DEFINITIONAL_REPRESENTATION('',(#16230),#16234);
#16230 = LINE('',#16231,#16232);
#16231 = CARTESIAN_POINT('',(-0.,0.));
#16232 = VECTOR('',#16233,1.);
#16233 = DIRECTION('',(-0.,1.));
#16234 = ( GEOMETRIC_REPRESENTATION_CONTEXT(2) 
PARAMETRIC_REPRESENTATION_CONTEXT() REPRESENTATION_CONTEXT('2D SPACE',''
  ) );
#16235 = PCURVE('',#15681,#16236);
#16236 = DEFINITIONAL_REPRESENTATION('',(#16237),#16241);
#16237 = LINE('',#16238,#16239);
#16238 = CARTESIAN_POINT('',(1.1,0.));
#16239 = VECTOR('',#16240,1.);
#16240 = DIRECTION('',(0.,-1.));
#16241 = ( GEOMETRIC_REPRESENTATION_CONTEXT(2) 
PARAMETRIC_REPRESENTATION_CONTEXT() REPRESENTATION_CONTEXT('2D SPACE',''
  ) );
#16242 = ORIENTED_EDGE('',*,*,#16243,.T.);
#16243 = EDGE_CURVE('',#16221,#16173,#16244,.T.);
#16244 = SURFACE_CURVE('',#16245,(#16250,#16257),.PCURVE_S1.);
#16245 = CIRCLE('',#16246,1.1);
#16246 = AXIS2_PLACEMENT_3D('',#16247,#16248,#16249);
#16247 = CARTESIAN_POINT('',(-3.05,18.,1.45));
#16248 = DIRECTION('',(-0.,-1.,0.));
#16249 = DIRECTION('',(0.,-0.,1.));
#16250 = PCURVE('',#15709,#16251);
#16251 = DEFINITIONAL_REPRESENTATION('',(#16252),#16256);
#16252 = LINE('',#16253,#16254);
#16253 = CARTESIAN_POINT('',(1.570796326795,-0.));
#16254 = VECTOR('',#16255,1.);
#16255 = DIRECTION('',(-1.,0.));
#16256 = ( GEOMETRIC_REPRESENTATION_CONTEXT(2) 
PARAMETRIC_REPRESENTATION_CONTEXT() REPRESENTATION_CONTEXT('2D SPACE',''
  ) );
#16257 = PCURVE('',#15932,#16258);
#16258 = DEFINITIONAL_REPRESENTATION('',(#16259),#16267);
#16259 = ( BOUNDED_CURVE() B_SPLINE_CURVE(2,(#16260,#16261,#16262,#16263
    ,#16264,#16265,#16266),.UNSPECIFIED.,.T.,.F.) 
B_SPLINE_CURVE_WITH_KNOTS((1,2,2,2,2,1),(-2.094395102393,0.,
    2.094395102393,4.188790204786,6.28318530718,8.377580409573),
.UNSPECIFIED.) CURVE() GEOMETRIC_REPRESENTATION_ITEM() 
RATIONAL_B_SPLINE_CURVE((1.,0.5,1.,0.5,1.,0.5,1.)) REPRESENTATION_ITEM(
  '') );
#16260 = CARTESIAN_POINT('',(2.2,1.1));
#16261 = CARTESIAN_POINT('',(2.2,-0.805255888326));
#16262 = CARTESIAN_POINT('',(0.55,0.147372055837));
#16263 = CARTESIAN_POINT('',(-1.1,1.1));
#16264 = CARTESIAN_POINT('',(0.55,2.052627944163));
#16265 = CARTESIAN_POINT('',(2.2,3.005255888326));
#16266 = CARTESIAN_POINT('',(2.2,1.1));
#16267 = ( GEOMETRIC_REPRESENTATION_CONTEXT(2) 
PARAMETRIC_REPRESENTATION_CONTEXT() REPRESENTATION_CONTEXT('2D SPACE',''
  ) );
#16268 = ORIENTED_EDGE('',*,*,#16172,.T.);
#16269 = ORIENTED_EDGE('',*,*,#15692,.T.);
#16270 = ADVANCED_FACE('',(#16271),#15681,.T.);
#16271 = FACE_BOUND('',#16272,.T.);
#16272 = EDGE_LOOP('',(#16273,#16294,#16295,#16296));
#16273 = ORIENTED_EDGE('',*,*,#16274,.F.);
#16274 = EDGE_CURVE('',#16221,#15893,#16275,.T.);
#16275 = SURFACE_CURVE('',#16276,(#16280,#16287),.PCURVE_S1.);
#16276 = LINE('',#16277,#16278);
#16277 = CARTESIAN_POINT('',(-4.15,18.,0.35));
#16278 = VECTOR('',#16279,1.);
#16279 = DIRECTION('',(0.,0.,1.));
#16280 = PCURVE('',#15681,#16281);
#16281 = DEFINITIONAL_REPRESENTATION('',(#16282),#16286);
#16282 = LINE('',#16283,#16284);
#16283 = CARTESIAN_POINT('',(0.,0.));
#16284 = VECTOR('',#16285,1.);
#16285 = DIRECTION('',(1.,0.));
#16286 = ( GEOMETRIC_REPRESENTATION_CONTEXT(2) 
PARAMETRIC_REPRESENTATION_CONTEXT() REPRESENTATION_CONTEXT('2D SPACE',''
  ) );
#16287 = PCURVE('',#15932,#16288);
#16288 = DEFINITIONAL_REPRESENTATION('',(#16289),#16293);
#16289 = LINE('',#16290,#16291);
#16290 = CARTESIAN_POINT('',(0.,0.));
#16291 = VECTOR('',#16292,1.);
#16292 = DIRECTION('',(1.,0.));
#16293 = ( GEOMETRIC_REPRESENTATION_CONTEXT(2) 
PARAMETRIC_REPRESENTATION_CONTEXT() REPRESENTATION_CONTEXT('2D SPACE',''
  ) );
#16294 = ORIENTED_EDGE('',*,*,#16220,.T.);
#16295 = ORIENTED_EDGE('',*,*,#15666,.F.);
#16296 = ORIENTED_EDGE('',*,*,#15892,.F.);
#16297 = ADVANCED_FACE('',(#16298),#15932,.T.);
#16298 = FACE_BOUND('',#16299,.T.);
#16299 = EDGE_LOOP('',(#16300,#16301,#16302,#16303,#16304,#16305,#16306,
    #16307));
#16300 = ORIENTED_EDGE('',*,*,#16195,.F.);
#16301 = ORIENTED_EDGE('',*,*,#16243,.F.);
#16302 = ORIENTED_EDGE('',*,*,#16274,.T.);
#16303 = ORIENTED_EDGE('',*,*,#15915,.T.);
#16304 = ORIENTED_EDGE('',*,*,#15971,.T.);
#16305 = ORIENTED_EDGE('',*,*,#16041,.F.);
#16306 = ORIENTED_EDGE('',*,*,#16072,.F.);
#16307 = ORIENTED_EDGE('',*,*,#16122,.T.);
#16308 = ( GEOMETRIC_REPRESENTATION_CONTEXT(3) 
GLOBAL_UNCERTAINTY_ASSIGNED_CONTEXT((#16312)) 
GLOBAL_UNIT_ASSIGNED_CONTEXT((#16309,#16310,#16311)) 
REPRESENTATION_CONTEXT('Context #1',
  '3D Context with UNIT and UNCERTAINTY') );
#16309 = ( LENGTH_UNIT() NAMED_UNIT(*) SI_UNIT(.MILLI.,.METRE.) );
#16310 = ( NAMED_UNIT(*) PLANE_ANGLE_UNIT() SI_UNIT($,.RADIAN.) );
#16311 = ( NAMED_UNIT(*) SI_UNIT($,.STERADIAN.) SOLID_ANGLE_UNIT() );
#16312 = UNCERTAINTY_MEASURE_WITH_UNIT(LENGTH_MEASURE(1.E-07),#16309,
  'distance_accuracy_value','confusion accuracy');
#16313 = CONTEXT_DEPENDENT_SHAPE_REPRESENTATION(#16314,#16316);
#16314 = ( REPRESENTATION_RELATIONSHIP('','',#15335,#10) 
REPRESENTATION_RELATIONSHIP_WITH_TRANSFORMATION(#16315) 
SHAPE_REPRESENTATION_RELATIONSHIP() );
#16315 = ITEM_DEFINED_TRANSFORMATION('','',#11,#35);
#16316 = PRODUCT_DEFINITION_SHAPE('Placement','Placement of an item',
  #16317);
#16317 = NEXT_ASSEMBLY_USAGE_OCCURRENCE('6','usbc','',#5,#15330,$);
#16318 = PRODUCT_RELATED_PRODUCT_CATEGORY('part',$,(#15332));
#16319 = SHAPE_DEFINITION_REPRESENTATION(#16320,#16326);
#16320 = PRODUCT_DEFINITION_SHAPE('','',#16321);
#16321 = PRODUCT_DEFINITION('design','',#16322,#16325);
#16322 = PRODUCT_DEFINITION_FORMATION('','',#16323);
#16323 = PRODUCT('batt','batt','',(#16324));
#16324 = PRODUCT_CONTEXT('',#2,'mechanical');
#16325 = PRODUCT_DEFINITION_CONTEXT('part definition',#2,'design');
#16326 = ADVANCED_BREP_SHAPE_REPRESENTATION('',(#11,#16327),#16657);
#16327 = MANIFOLD_SOLID_BREP('',#16328);
#16328 = CLOSED_SHELL('',(#16329,#16449,#16549,#16596,#16643,#16650));
#16329 = ADVANCED_FACE('',(#16330),#16344,.F.);
#16330 = FACE_BOUND('',#16331,.F.);
#16331 = EDGE_LOOP('',(#16332,#16367,#16395,#16423));
#16332 = ORIENTED_EDGE('',*,*,#16333,.F.);
#16333 = EDGE_CURVE('',#16334,#16336,#16338,.T.);
#16334 = VERTEX_POINT('',#16335);
#16335 = CARTESIAN_POINT('',(-10.25,6.85,0.));
#16336 = VERTEX_POINT('',#16337);
#16337 = CARTESIAN_POINT('',(-10.25,6.85,3.4));
#16338 = SURFACE_CURVE('',#16339,(#16343,#16355),.PCURVE_S1.);
#16339 = LINE('',#16340,#16341);
#16340 = CARTESIAN_POINT('',(-10.25,6.85,0.));
#16341 = VECTOR('',#16342,1.);
#16342 = DIRECTION('',(0.,0.,1.));
#16343 = PCURVE('',#16344,#16349);
#16344 = PLANE('',#16345);
#16345 = AXIS2_PLACEMENT_3D('',#16346,#16347,#16348);
#16346 = CARTESIAN_POINT('',(-10.25,6.85,0.));
#16347 = DIRECTION('',(1.,0.,0.));
#16348 = DIRECTION('',(0.,0.,1.));
#16349 = DEFINITIONAL_REPRESENTATION('',(#16350),#16354);
#16350 = LINE('',#16351,#16352);
#16351 = CARTESIAN_POINT('',(0.,0.));
#16352 = VECTOR('',#16353,1.);
#16353 = DIRECTION('',(1.,0.));
#16354 = ( GEOMETRIC_REPRESENTATION_CONTEXT(2) 
PARAMETRIC_REPRESENTATION_CONTEXT() REPRESENTATION_CONTEXT('2D SPACE',''
  ) );
#16355 = PCURVE('',#16356,#16361);
#16356 = PLANE('',#16357);
#16357 = AXIS2_PLACEMENT_3D('',#16358,#16359,#16360);
#16358 = CARTESIAN_POINT('',(-10.25,6.85,0.));
#16359 = DIRECTION('',(0.,1.,0.));
#16360 = DIRECTION('',(0.,0.,1.));
#16361 = DEFINITIONAL_REPRESENTATION('',(#16362),#16366);
#16362 = LINE('',#16363,#16364);
#16363 = CARTESIAN_POINT('',(0.,0.));
#16364 = VECTOR('',#16365,1.);
#16365 = DIRECTION('',(1.,0.));
#16366 = ( GEOMETRIC_REPRESENTATION_CONTEXT(2) 
PARAMETRIC_REPRESENTATION_CONTEXT() REPRESENTATION_CONTEXT('2D SPACE',''
  ) );
#16367 = ORIENTED_EDGE('',*,*,#16368,.T.);
#16368 = EDGE_CURVE('',#16334,#16369,#16371,.T.);
#16369 = VERTEX_POINT('',#16370);
#16370 = CARTESIAN_POINT('',(-10.25,11.35,0.));
#16371 = SURFACE_CURVE('',#16372,(#16376,#16383),.PCURVE_S1.);
#16372 = LINE('',#16373,#16374);
#16373 = CARTESIAN_POINT('',(-10.25,6.85,0.));
#16374 = VECTOR('',#16375,1.);
#16375 = DIRECTION('',(0.,1.,0.));
#16376 = PCURVE('',#16344,#16377);
#16377 = DEFINITIONAL_REPRESENTATION('',(#16378),#16382);
#16378 = LINE('',#16379,#16380);
#16379 = CARTESIAN_POINT('',(0.,0.));
#16380 = VECTOR('',#16381,1.);
#16381 = DIRECTION('',(0.,-1.));
#16382 = ( GEOMETRIC_REPRESENTATION_CONTEXT(2) 
PARAMETRIC_REPRESENTATION_CONTEXT() REPRESENTATION_CONTEXT('2D SPACE',''
  ) );
#16383 = PCURVE('',#16384,#16389);
#16384 = PLANE('',#16385);
#16385 = AXIS2_PLACEMENT_3D('',#16386,#16387,#16388);
#16386 = CARTESIAN_POINT('',(-10.25,6.85,0.));
#16387 = DIRECTION('',(0.,0.,1.));
#16388 = DIRECTION('',(1.,0.,0.));
#16389 = DEFINITIONAL_REPRESENTATION('',(#16390),#16394);
#16390 = LINE('',#16391,#16392);
#16391 = CARTESIAN_POINT('',(0.,0.));
#16392 = VECTOR('',#16393,1.);
#16393 = DIRECTION('',(0.,1.));
#16394 = ( GEOMETRIC_REPRESENTATION_CONTEXT(2) 
PARAMETRIC_REPRESENTATION_CONTEXT() REPRESENTATION_CONTEXT('2D SPACE',''
  ) );
#16395 = ORIENTED_EDGE('',*,*,#16396,.T.);
#16396 = EDGE_CURVE('',#16369,#16397,#16399,.T.);
#16397 = VERTEX_POINT('',#16398);
#16398 = CARTESIAN_POINT('',(-10.25,11.35,3.4));
#16399 = SURFACE_CURVE('',#16400,(#16404,#16411),.PCURVE_S1.);
#16400 = LINE('',#16401,#16402);
#16401 = CARTESIAN_POINT('',(-10.25,11.35,0.));
#16402 = VECTOR('',#16403,1.);
#16403 = DIRECTION('',(0.,0.,1.));
#16404 = PCURVE('',#16344,#16405);
#16405 = DEFINITIONAL_REPRESENTATION('',(#16406),#16410);
#16406 = LINE('',#16407,#16408);
#16407 = CARTESIAN_POINT('',(0.,-4.5));
#16408 = VECTOR('',#16409,1.);
#16409 = DIRECTION('',(1.,0.));
#16410 = ( GEOMETRIC_REPRESENTATION_CONTEXT(2) 
PARAMETRIC_REPRESENTATION_CONTEXT() REPRESENTATION_CONTEXT('2D SPACE',''
  ) );
#16411 = PCURVE('',#16412,#16417);
#16412 = PLANE('',#16413);
#16413 = AXIS2_PLACEMENT_3D('',#16414,#16415,#16416);
#16414 = CARTESIAN_POINT('',(-10.25,11.35,0.));
#16415 = DIRECTION('',(0.,1.,0.));
#16416 = DIRECTION('',(0.,0.,1.));
#16417 = DEFINITIONAL_REPRESENTATION('',(#16418),#16422);
#16418 = LINE('',#16419,#16420);
#16419 = CARTESIAN_POINT('',(0.,0.));
#16420 = VECTOR('',#16421,1.);
#16421 = DIRECTION('',(1.,0.));
#16422 = ( GEOMETRIC_REPRESENTATION_CONTEXT(2) 
PARAMETRIC_REPRESENTATION_CONTEXT() REPRESENTATION_CONTEXT('2D SPACE',''
  ) );
#16423 = ORIENTED_EDGE('',*,*,#16424,.F.);
#16424 = EDGE_CURVE('',#16336,#16397,#16425,.T.);
#16425 = SURFACE_CURVE('',#16426,(#16430,#16437),.PCURVE_S1.);
#16426 = LINE('',#16427,#16428);
#16427 = CARTESIAN_POINT('',(-10.25,6.85,3.4));
#16428 = VECTOR('',#16429,1.);
#16429 = DIRECTION('',(0.,1.,0.));
#16430 = PCURVE('',#16344,#16431);
#16431 = DEFINITIONAL_REPRESENTATION('',(#16432),#16436);
#16432 = LINE('',#16433,#16434);
#16433 = CARTESIAN_POINT('',(3.4,0.));
#16434 = VECTOR('',#16435,1.);
#16435 = DIRECTION('',(0.,-1.));
#16436 = ( GEOMETRIC_REPRESENTATION_CONTEXT(2) 
PARAMETRIC_REPRESENTATION_CONTEXT() REPRESENTATION_CONTEXT('2D SPACE',''
  ) );
#16437 = PCURVE('',#16438,#16443);
#16438 = PLANE('',#16439);
#16439 = AXIS2_PLACEMENT_3D('',#16440,#16441,#16442);
#16440 = CARTESIAN_POINT('',(-10.25,6.85,3.4));
#16441 = DIRECTION('',(0.,0.,1.));
#16442 = DIRECTION('',(1.,0.,0.));
#16443 = DEFINITIONAL_REPRESENTATION('',(#16444),#16448);
#16444 = LINE('',#16445,#16446);
#16445 = CARTESIAN_POINT('',(0.,0.));
#16446 = VECTOR('',#16447,1.);
#16447 = DIRECTION('',(0.,1.));
#16448 = ( GEOMETRIC_REPRESENTATION_CONTEXT(2) 
PARAMETRIC_REPRESENTATION_CONTEXT() REPRESENTATION_CONTEXT('2D SPACE',''
  ) );
#16449 = ADVANCED_FACE('',(#16450),#16464,.T.);
#16450 = FACE_BOUND('',#16451,.T.);
#16451 = EDGE_LOOP('',(#16452,#16482,#16505,#16528));
#16452 = ORIENTED_EDGE('',*,*,#16453,.F.);
#16453 = EDGE_CURVE('',#16454,#16456,#16458,.T.);
#16454 = VERTEX_POINT('',#16455);
#16455 = CARTESIAN_POINT('',(-4.65,6.85,0.));
#16456 = VERTEX_POINT('',#16457);
#16457 = CARTESIAN_POINT('',(-4.65,6.85,3.4));
#16458 = SURFACE_CURVE('',#16459,(#16463,#16475),.PCURVE_S1.);
#16459 = LINE('',#16460,#16461);
#16460 = CARTESIAN_POINT('',(-4.65,6.85,0.));
#16461 = VECTOR('',#16462,1.);
#16462 = DIRECTION('',(0.,0.,1.));
#16463 = PCURVE('',#16464,#16469);
#16464 = PLANE('',#16465);
#16465 = AXIS2_PLACEMENT_3D('',#16466,#16467,#16468);
#16466 = CARTESIAN_POINT('',(-4.65,6.85,0.));
#16467 = DIRECTION('',(1.,0.,0.));
#16468 = DIRECTION('',(0.,0.,1.));
#16469 = DEFINITIONAL_REPRESENTATION('',(#16470),#16474);
#16470 = LINE('',#16471,#16472);
#16471 = CARTESIAN_POINT('',(0.,0.));
#16472 = VECTOR('',#16473,1.);
#16473 = DIRECTION('',(1.,0.));
#16474 = ( GEOMETRIC_REPRESENTATION_CONTEXT(2) 
PARAMETRIC_REPRESENTATION_CONTEXT() REPRESENTATION_CONTEXT('2D SPACE',''
  ) );
#16475 = PCURVE('',#16356,#16476);
#16476 = DEFINITIONAL_REPRESENTATION('',(#16477),#16481);
#16477 = LINE('',#16478,#16479);
#16478 = CARTESIAN_POINT('',(0.,5.6));
#16479 = VECTOR('',#16480,1.);
#16480 = DIRECTION('',(1.,0.));
#16481 = ( GEOMETRIC_REPRESENTATION_CONTEXT(2) 
PARAMETRIC_REPRESENTATION_CONTEXT() REPRESENTATION_CONTEXT('2D SPACE',''
  ) );
#16482 = ORIENTED_EDGE('',*,*,#16483,.T.);
#16483 = EDGE_CURVE('',#16454,#16484,#16486,.T.);
#16484 = VERTEX_POINT('',#16485);
#16485 = CARTESIAN_POINT('',(-4.65,11.35,0.));
#16486 = SURFACE_CURVE('',#16487,(#16491,#16498),.PCURVE_S1.);
#16487 = LINE('',#16488,#16489);
#16488 = CARTESIAN_POINT('',(-4.65,6.85,0.));
#16489 = VECTOR('',#16490,1.);
#16490 = DIRECTION('',(0.,1.,0.));
#16491 = PCURVE('',#16464,#16492);
#16492 = DEFINITIONAL_REPRESENTATION('',(#16493),#16497);
#16493 = LINE('',#16494,#16495);
#16494 = CARTESIAN_POINT('',(0.,0.));
#16495 = VECTOR('',#16496,1.);
#16496 = DIRECTION('',(0.,-1.));
#16497 = ( GEOMETRIC_REPRESENTATION_CONTEXT(2) 
PARAMETRIC_REPRESENTATION_CONTEXT() REPRESENTATION_CONTEXT('2D SPACE',''
  ) );
#16498 = PCURVE('',#16384,#16499);
#16499 = DEFINITIONAL_REPRESENTATION('',(#16500),#16504);
#16500 = LINE('',#16501,#16502);
#16501 = CARTESIAN_POINT('',(5.6,0.));
#16502 = VECTOR('',#16503,1.);
#16503 = DIRECTION('',(0.,1.));
#16504 = ( GEOMETRIC_REPRESENTATION_CONTEXT(2) 
PARAMETRIC_REPRESENTATION_CONTEXT() REPRESENTATION_CONTEXT('2D SPACE',''
  ) );
#16505 = ORIENTED_EDGE('',*,*,#16506,.T.);
#16506 = EDGE_CURVE('',#16484,#16507,#16509,.T.);
#16507 = VERTEX_POINT('',#16508);
#16508 = CARTESIAN_POINT('',(-4.65,11.35,3.4));
#16509 = SURFACE_CURVE('',#16510,(#16514,#16521),.PCURVE_S1.);
#16510 = LINE('',#16511,#16512);
#16511 = CARTESIAN_POINT('',(-4.65,11.35,0.));
#16512 = VECTOR('',#16513,1.);
#16513 = DIRECTION('',(0.,0.,1.));
#16514 = PCURVE('',#16464,#16515);
#16515 = DEFINITIONAL_REPRESENTATION('',(#16516),#16520);
#16516 = LINE('',#16517,#16518);
#16517 = CARTESIAN_POINT('',(0.,-4.5));
#16518 = VECTOR('',#16519,1.);
#16519 = DIRECTION('',(1.,0.));
#16520 = ( GEOMETRIC_REPRESENTATION_CONTEXT(2) 
PARAMETRIC_REPRESENTATION_CONTEXT() REPRESENTATION_CONTEXT('2D SPACE',''
  ) );
#16521 = PCURVE('',#16412,#16522);
#16522 = DEFINITIONAL_REPRESENTATION('',(#16523),#16527);
#16523 = LINE('',#16524,#16525);
#16524 = CARTESIAN_POINT('',(0.,5.6));
#16525 = VECTOR('',#16526,1.);
#16526 = DIRECTION('',(1.,0.));
#16527 = ( GEOMETRIC_REPRESENTATION_CONTEXT(2) 
PARAMETRIC_REPRESENTATION_CONTEXT() REPRESENTATION_CONTEXT('2D SPACE',''
  ) );
#16528 = ORIENTED_EDGE('',*,*,#16529,.F.);
#16529 = EDGE_CURVE('',#16456,#16507,#16530,.T.);
#16530 = SURFACE_CURVE('',#16531,(#16535,#16542),.PCURVE_S1.);
#16531 = LINE('',#16532,#16533);
#16532 = CARTESIAN_POINT('',(-4.65,6.85,3.4));
#16533 = VECTOR('',#16534,1.);
#16534 = DIRECTION('',(0.,1.,0.));
#16535 = PCURVE('',#16464,#16536);
#16536 = DEFINITIONAL_REPRESENTATION('',(#16537),#16541);
#16537 = LINE('',#16538,#16539);
#16538 = CARTESIAN_POINT('',(3.4,0.));
#16539 = VECTOR('',#16540,1.);
#16540 = DIRECTION('',(0.,-1.));
#16541 = ( GEOMETRIC_REPRESENTATION_CONTEXT(2) 
PARAMETRIC_REPRESENTATION_CONTEXT() REPRESENTATION_CONTEXT('2D SPACE',''
  ) );
#16542 = PCURVE('',#16438,#16543);
#16543 = DEFINITIONAL_REPRESENTATION('',(#16544),#16548);
#16544 = LINE('',#16545,#16546);
#16545 = CARTESIAN_POINT('',(5.6,0.));
#16546 = VECTOR('',#16547,1.);
#16547 = DIRECTION('',(0.,1.));
#16548 = ( GEOMETRIC_REPRESENTATION_CONTEXT(2) 
PARAMETRIC_REPRESENTATION_CONTEXT() REPRESENTATION_CONTEXT('2D SPACE',''
  ) );
#16549 = ADVANCED_FACE('',(#16550),#16356,.F.);
#16550 = FACE_BOUND('',#16551,.F.);
#16551 = EDGE_LOOP('',(#16552,#16573,#16574,#16595));
#16552 = ORIENTED_EDGE('',*,*,#16553,.F.);
#16553 = EDGE_CURVE('',#16334,#16454,#16554,.T.);
#16554 = SURFACE_CURVE('',#16555,(#16559,#16566),.PCURVE_S1.);
#16555 = LINE('',#16556,#16557);
#16556 = CARTESIAN_POINT('',(-10.25,6.85,0.));
#16557 = VECTOR('',#16558,1.);
#16558 = DIRECTION('',(1.,0.,0.));
#16559 = PCURVE('',#16356,#16560);
#16560 = DEFINITIONAL_REPRESENTATION('',(#16561),#16565);
#16561 = LINE('',#16562,#16563);
#16562 = CARTESIAN_POINT('',(0.,0.));
#16563 = VECTOR('',#16564,1.);
#16564 = DIRECTION('',(0.,1.));
#16565 = ( GEOMETRIC_REPRESENTATION_CONTEXT(2) 
PARAMETRIC_REPRESENTATION_CONTEXT() REPRESENTATION_CONTEXT('2D SPACE',''
  ) );
#16566 = PCURVE('',#16384,#16567);
#16567 = DEFINITIONAL_REPRESENTATION('',(#16568),#16572);
#16568 = LINE('',#16569,#16570);
#16569 = CARTESIAN_POINT('',(0.,0.));
#16570 = VECTOR('',#16571,1.);
#16571 = DIRECTION('',(1.,0.));
#16572 = ( GEOMETRIC_REPRESENTATION_CONTEXT(2) 
PARAMETRIC_REPRESENTATION_CONTEXT() REPRESENTATION_CONTEXT('2D SPACE',''
  ) );
#16573 = ORIENTED_EDGE('',*,*,#16333,.T.);
#16574 = ORIENTED_EDGE('',*,*,#16575,.T.);
#16575 = EDGE_CURVE('',#16336,#16456,#16576,.T.);
#16576 = SURFACE_CURVE('',#16577,(#16581,#16588),.PCURVE_S1.);
#16577 = LINE('',#16578,#16579);
#16578 = CARTESIAN_POINT('',(-10.25,6.85,3.4));
#16579 = VECTOR('',#16580,1.);
#16580 = DIRECTION('',(1.,0.,0.));
#16581 = PCURVE('',#16356,#16582);
#16582 = DEFINITIONAL_REPRESENTATION('',(#16583),#16587);
#16583 = LINE('',#16584,#16585);
#16584 = CARTESIAN_POINT('',(3.4,0.));
#16585 = VECTOR('',#16586,1.);
#16586 = DIRECTION('',(0.,1.));
#16587 = ( GEOMETRIC_REPRESENTATION_CONTEXT(2) 
PARAMETRIC_REPRESENTATION_CONTEXT() REPRESENTATION_CONTEXT('2D SPACE',''
  ) );
#16588 = PCURVE('',#16438,#16589);
#16589 = DEFINITIONAL_REPRESENTATION('',(#16590),#16594);
#16590 = LINE('',#16591,#16592);
#16591 = CARTESIAN_POINT('',(0.,0.));
#16592 = VECTOR('',#16593,1.);
#16593 = DIRECTION('',(1.,0.));
#16594 = ( GEOMETRIC_REPRESENTATION_CONTEXT(2) 
PARAMETRIC_REPRESENTATION_CONTEXT() REPRESENTATION_CONTEXT('2D SPACE',''
  ) );
#16595 = ORIENTED_EDGE('',*,*,#16453,.F.);
#16596 = ADVANCED_FACE('',(#16597),#16412,.T.);
#16597 = FACE_BOUND('',#16598,.T.);
#16598 = EDGE_LOOP('',(#16599,#16620,#16621,#16642));
#16599 = ORIENTED_EDGE('',*,*,#16600,.F.);
#16600 = EDGE_CURVE('',#16369,#16484,#16601,.T.);
#16601 = SURFACE_CURVE('',#16602,(#16606,#16613),.PCURVE_S1.);
#16602 = LINE('',#16603,#16604);
#16603 = CARTESIAN_POINT('',(-10.25,11.35,0.));
#16604 = VECTOR('',#16605,1.);
#16605 = DIRECTION('',(1.,0.,0.));
#16606 = PCURVE('',#16412,#16607);
#16607 = DEFINITIONAL_REPRESENTATION('',(#16608),#16612);
#16608 = LINE('',#16609,#16610);
#16609 = CARTESIAN_POINT('',(0.,0.));
#16610 = VECTOR('',#16611,1.);
#16611 = DIRECTION('',(0.,1.));
#16612 = ( GEOMETRIC_REPRESENTATION_CONTEXT(2) 
PARAMETRIC_REPRESENTATION_CONTEXT() REPRESENTATION_CONTEXT('2D SPACE',''
  ) );
#16613 = PCURVE('',#16384,#16614);
#16614 = DEFINITIONAL_REPRESENTATION('',(#16615),#16619);
#16615 = LINE('',#16616,#16617);
#16616 = CARTESIAN_POINT('',(0.,4.5));
#16617 = VECTOR('',#16618,1.);
#16618 = DIRECTION('',(1.,0.));
#16619 = ( GEOMETRIC_REPRESENTATION_CONTEXT(2) 
PARAMETRIC_REPRESENTATION_CONTEXT() REPRESENTATION_CONTEXT('2D SPACE',''
  ) );
#16620 = ORIENTED_EDGE('',*,*,#16396,.T.);
#16621 = ORIENTED_EDGE('',*,*,#16622,.T.);
#16622 = EDGE_CURVE('',#16397,#16507,#16623,.T.);
#16623 = SURFACE_CURVE('',#16624,(#16628,#16635),.PCURVE_S1.);
#16624 = LINE('',#16625,#16626);
#16625 = CARTESIAN_POINT('',(-10.25,11.35,3.4));
#16626 = VECTOR('',#16627,1.);
#16627 = DIRECTION('',(1.,0.,0.));
#16628 = PCURVE('',#16412,#16629);
#16629 = DEFINITIONAL_REPRESENTATION('',(#16630),#16634);
#16630 = LINE('',#16631,#16632);
#16631 = CARTESIAN_POINT('',(3.4,0.));
#16632 = VECTOR('',#16633,1.);
#16633 = DIRECTION('',(0.,1.));
#16634 = ( GEOMETRIC_REPRESENTATION_CONTEXT(2) 
PARAMETRIC_REPRESENTATION_CONTEXT() REPRESENTATION_CONTEXT('2D SPACE',''
  ) );
#16635 = PCURVE('',#16438,#16636);
#16636 = DEFINITIONAL_REPRESENTATION('',(#16637),#16641);
#16637 = LINE('',#16638,#16639);
#16638 = CARTESIAN_POINT('',(0.,4.5));
#16639 = VECTOR('',#16640,1.);
#16640 = DIRECTION('',(1.,0.));
#16641 = ( GEOMETRIC_REPRESENTATION_CONTEXT(2) 
PARAMETRIC_REPRESENTATION_CONTEXT() REPRESENTATION_CONTEXT('2D SPACE',''
  ) );
#16642 = ORIENTED_EDGE('',*,*,#16506,.F.);
#16643 = ADVANCED_FACE('',(#16644),#16384,.F.);
#16644 = FACE_BOUND('',#16645,.F.);
#16645 = EDGE_LOOP('',(#16646,#16647,#16648,#16649));
#16646 = ORIENTED_EDGE('',*,*,#16368,.F.);
#16647 = ORIENTED_EDGE('',*,*,#16553,.T.);
#16648 = ORIENTED_EDGE('',*,*,#16483,.T.);
#16649 = ORIENTED_EDGE('',*,*,#16600,.F.);
#16650 = ADVANCED_FACE('',(#16651),#16438,.T.);
#16651 = FACE_BOUND('',#16652,.T.);
#16652 = EDGE_LOOP('',(#16653,#16654,#16655,#16656));
#16653 = ORIENTED_EDGE('',*,*,#16424,.F.);
#16654 = ORIENTED_EDGE('',*,*,#16575,.T.);
#16655 = ORIENTED_EDGE('',*,*,#16529,.T.);
#16656 = ORIENTED_EDGE('',*,*,#16622,.F.);
#16657 = ( GEOMETRIC_REPRESENTATION_CONTEXT(3) 
GLOBAL_UNCERTAINTY_ASSIGNED_CONTEXT((#16661)) 
GLOBAL_UNIT_ASSIGNED_CONTEXT((#16658,#16659,#16660)) 
REPRESENTATION_CONTEXT('Context #1',
  '3D Context with UNIT and UNCERTAINTY') );
#16658 = ( LENGTH_UNIT() NAMED_UNIT(*) SI_UNIT(.MILLI.,.METRE.) );
#16659 = ( NAMED_UNIT(*) PLANE_ANGLE_UNIT() SI_UNIT($,.RADIAN.) );
#16660 = ( NAMED_UNIT(*) SI_UNIT($,.STERADIAN.) SOLID_ANGLE_UNIT() );
#16661 = UNCERTAINTY_MEASURE_WITH_UNIT(LENGTH_MEASURE(1.E-07),#16658,
  'distance_accuracy_value','confusion accuracy');
#16662 = CONTEXT_DEPENDENT_SHAPE_REPRESENTATION(#16663,#16665);
#16663 = ( REPRESENTATION_RELATIONSHIP('','',#16326,#10) 
REPRESENTATION_RELATIONSHIP_WITH_TRANSFORMATION(#16664) 
SHAPE_REPRESENTATION_RELATIONSHIP() );
#16664 = ITEM_DEFINED_TRANSFORMATION('','',#11,#39);
#16665 = PRODUCT_DEFINITION_SHAPE('Placement','Placement of an item',
  #16666);
#16666 = NEXT_ASSEMBLY_USAGE_OCCURRENCE('7','batt','',#5,#16321,$);
#16667 = PRODUCT_RELATED_PRODUCT_CATEGORY('part',$,(#16323));
#16668 = SHAPE_DEFINITION_REPRESENTATION(#16669,#16675);
#16669 = PRODUCT_DEFINITION_SHAPE('','',#16670);
#16670 = PRODUCT_DEFINITION('design','',#16671,#16674);
#16671 = PRODUCT_DEFINITION_FORMATION('','',#16672);
#16672 = PRODUCT('d1','d1','',(#16673));
#16673 = PRODUCT_CONTEXT('',#2,'mechanical');
#16674 = PRODUCT_DEFINITION_CONTEXT('part definition',#2,'design');
#16675 = ADVANCED_BREP_SHAPE_REPRESENTATION('',(#11,#16676),#17006);
#16676 = MANIFOLD_SOLID_BREP('',#16677);
#16677 = CLOSED_SHELL('',(#16678,#16798,#16898,#16945,#16992,#16999));
#16678 = ADVANCED_FACE('',(#16679),#16693,.F.);
#16679 = FACE_BOUND('',#16680,.F.);
#16680 = EDGE_LOOP('',(#16681,#16716,#16744,#16772));
#16681 = ORIENTED_EDGE('',*,*,#16682,.F.);
#16682 = EDGE_CURVE('',#16683,#16685,#16687,.T.);
#16683 = VERTEX_POINT('',#16684);
#16684 = CARTESIAN_POINT('',(5.18,13.8,0.2));
#16685 = VERTEX_POINT('',#16686);
#16686 = CARTESIAN_POINT('',(5.18,13.8,2.49));
#16687 = SURFACE_CURVE('',#16688,(#16692,#16704),.PCURVE_S1.);
#16688 = LINE('',#16689,#16690);
#16689 = CARTESIAN_POINT('',(5.18,13.8,0.2));
#16690 = VECTOR('',#16691,1.);
#16691 = DIRECTION('',(0.,0.,1.));
#16692 = PCURVE('',#16693,#16698);
#16693 = PLANE('',#16694);
#16694 = AXIS2_PLACEMENT_3D('',#16695,#16696,#16697);
#16695 = CARTESIAN_POINT('',(5.18,13.8,0.2));
#16696 = DIRECTION('',(1.,0.,0.));
#16697 = DIRECTION('',(0.,0.,1.));
#16698 = DEFINITIONAL_REPRESENTATION('',(#16699),#16703);
#16699 = LINE('',#16700,#16701);
#16700 = CARTESIAN_POINT('',(0.,0.));
#16701 = VECTOR('',#16702,1.);
#16702 = DIRECTION('',(1.,0.));
#16703 = ( GEOMETRIC_REPRESENTATION_CONTEXT(2) 
PARAMETRIC_REPRESENTATION_CONTEXT() REPRESENTATION_CONTEXT('2D SPACE',''
  ) );
#16704 = PCURVE('',#16705,#16710);
#16705 = PLANE('',#16706);
#16706 = AXIS2_PLACEMENT_3D('',#16707,#16708,#16709);
#16707 = CARTESIAN_POINT('',(5.18,13.8,0.2));
#16708 = DIRECTION('',(0.,1.,0.));
#16709 = DIRECTION('',(0.,0.,1.));
#16710 = DEFINITIONAL_REPRESENTATION('',(#16711),#16715);
#16711 = LINE('',#16712,#16713);
#16712 = CARTESIAN_POINT('',(0.,0.));
#16713 = VECTOR('',#16714,1.);
#16714 = DIRECTION('',(1.,0.));
#16715 = ( GEOMETRIC_REPRESENTATION_CONTEXT(2) 
PARAMETRIC_REPRESENTATION_CONTEXT() REPRESENTATION_CONTEXT('2D SPACE',''
  ) );
#16716 = ORIENTED_EDGE('',*,*,#16717,.T.);
#16717 = EDGE_CURVE('',#16683,#16718,#16720,.T.);
#16718 = VERTEX_POINT('',#16719);
#16719 = CARTESIAN_POINT('',(5.18,17.7,0.2));
#16720 = SURFACE_CURVE('',#16721,(#16725,#16732),.PCURVE_S1.);
#16721 = LINE('',#16722,#16723);
#16722 = CARTESIAN_POINT('',(5.18,13.8,0.2));
#16723 = VECTOR('',#16724,1.);
#16724 = DIRECTION('',(0.,1.,0.));
#16725 = PCURVE('',#16693,#16726);
#16726 = DEFINITIONAL_REPRESENTATION('',(#16727),#16731);
#16727 = LINE('',#16728,#16729);
#16728 = CARTESIAN_POINT('',(0.,0.));
#16729 = VECTOR('',#16730,1.);
#16730 = DIRECTION('',(0.,-1.));
#16731 = ( GEOMETRIC_REPRESENTATION_CONTEXT(2) 
PARAMETRIC_REPRESENTATION_CONTEXT() REPRESENTATION_CONTEXT('2D SPACE',''
  ) );
#16732 = PCURVE('',#16733,#16738);
#16733 = PLANE('',#16734);
#16734 = AXIS2_PLACEMENT_3D('',#16735,#16736,#16737);
#16735 = CARTESIAN_POINT('',(5.18,13.8,0.2));
#16736 = DIRECTION('',(0.,0.,1.));
#16737 = DIRECTION('',(1.,0.,0.));
#16738 = DEFINITIONAL_REPRESENTATION('',(#16739),#16743);
#16739 = LINE('',#16740,#16741);
#16740 = CARTESIAN_POINT('',(0.,0.));
#16741 = VECTOR('',#16742,1.);
#16742 = DIRECTION('',(0.,1.));
#16743 = ( GEOMETRIC_REPRESENTATION_CONTEXT(2) 
PARAMETRIC_REPRESENTATION_CONTEXT() REPRESENTATION_CONTEXT('2D SPACE',''
  ) );
#16744 = ORIENTED_EDGE('',*,*,#16745,.T.);
#16745 = EDGE_CURVE('',#16718,#16746,#16748,.T.);
#16746 = VERTEX_POINT('',#16747);
#16747 = CARTESIAN_POINT('',(5.18,17.7,2.49));
#16748 = SURFACE_CURVE('',#16749,(#16753,#16760),.PCURVE_S1.);
#16749 = LINE('',#16750,#16751);
#16750 = CARTESIAN_POINT('',(5.18,17.7,0.2));
#16751 = VECTOR('',#16752,1.);
#16752 = DIRECTION('',(0.,0.,1.));
#16753 = PCURVE('',#16693,#16754);
#16754 = DEFINITIONAL_REPRESENTATION('',(#16755),#16759);
#16755 = LINE('',#16756,#16757);
#16756 = CARTESIAN_POINT('',(0.,-3.9));
#16757 = VECTOR('',#16758,1.);
#16758 = DIRECTION('',(1.,0.));
#16759 = ( GEOMETRIC_REPRESENTATION_CONTEXT(2) 
PARAMETRIC_REPRESENTATION_CONTEXT() REPRESENTATION_CONTEXT('2D SPACE',''
  ) );
#16760 = PCURVE('',#16761,#16766);
#16761 = PLANE('',#16762);
#16762 = AXIS2_PLACEMENT_3D('',#16763,#16764,#16765);
#16763 = CARTESIAN_POINT('',(5.18,17.7,0.2));
#16764 = DIRECTION('',(0.,1.,0.));
#16765 = DIRECTION('',(0.,0.,1.));
#16766 = DEFINITIONAL_REPRESENTATION('',(#16767),#16771);
#16767 = LINE('',#16768,#16769);
#16768 = CARTESIAN_POINT('',(0.,0.));
#16769 = VECTOR('',#16770,1.);
#16770 = DIRECTION('',(1.,0.));
#16771 = ( GEOMETRIC_REPRESENTATION_CONTEXT(2) 
PARAMETRIC_REPRESENTATION_CONTEXT() REPRESENTATION_CONTEXT('2D SPACE',''
  ) );
#16772 = ORIENTED_EDGE('',*,*,#16773,.F.);
#16773 = EDGE_CURVE('',#16685,#16746,#16774,.T.);
#16774 = SURFACE_CURVE('',#16775,(#16779,#16786),.PCURVE_S1.);
#16775 = LINE('',#16776,#16777);
#16776 = CARTESIAN_POINT('',(5.18,13.8,2.49));
#16777 = VECTOR('',#16778,1.);
#16778 = DIRECTION('',(0.,1.,0.));
#16779 = PCURVE('',#16693,#16780);
#16780 = DEFINITIONAL_REPRESENTATION('',(#16781),#16785);
#16781 = LINE('',#16782,#16783);
#16782 = CARTESIAN_POINT('',(2.29,0.));
#16783 = VECTOR('',#16784,1.);
#16784 = DIRECTION('',(0.,-1.));
#16785 = ( GEOMETRIC_REPRESENTATION_CONTEXT(2) 
PARAMETRIC_REPRESENTATION_CONTEXT() REPRESENTATION_CONTEXT('2D SPACE',''
  ) );
#16786 = PCURVE('',#16787,#16792);
#16787 = PLANE('',#16788);
#16788 = AXIS2_PLACEMENT_3D('',#16789,#16790,#16791);
#16789 = CARTESIAN_POINT('',(5.18,13.8,2.49));
#16790 = DIRECTION('',(0.,0.,1.));
#16791 = DIRECTION('',(1.,0.,0.));
#16792 = DEFINITIONAL_REPRESENTATION('',(#16793),#16797);
#16793 = LINE('',#16794,#16795);
#16794 = CARTESIAN_POINT('',(0.,0.));
#16795 = VECTOR('',#16796,1.);
#16796 = DIRECTION('',(0.,1.));
#16797 = ( GEOMETRIC_REPRESENTATION_CONTEXT(2) 
PARAMETRIC_REPRESENTATION_CONTEXT() REPRESENTATION_CONTEXT('2D SPACE',''
  ) );
#16798 = ADVANCED_FACE('',(#16799),#16813,.T.);
#16799 = FACE_BOUND('',#16800,.T.);
#16800 = EDGE_LOOP('',(#16801,#16831,#16854,#16877));
#16801 = ORIENTED_EDGE('',*,*,#16802,.F.);
#16802 = EDGE_CURVE('',#16803,#16805,#16807,.T.);
#16803 = VERTEX_POINT('',#16804);
#16804 = CARTESIAN_POINT('',(7.19,13.8,0.2));
#16805 = VERTEX_POINT('',#16806);
#16806 = CARTESIAN_POINT('',(7.19,13.8,2.49));
#16807 = SURFACE_CURVE('',#16808,(#16812,#16824),.PCURVE_S1.);
#16808 = LINE('',#16809,#16810);
#16809 = CARTESIAN_POINT('',(7.19,13.8,0.2));
#16810 = VECTOR('',#16811,1.);
#16811 = DIRECTION('',(0.,0.,1.));
#16812 = PCURVE('',#16813,#16818);
#16813 = PLANE('',#16814);
#16814 = AXIS2_PLACEMENT_3D('',#16815,#16816,#16817);
#16815 = CARTESIAN_POINT('',(7.19,13.8,0.2));
#16816 = DIRECTION('',(1.,0.,0.));
#16817 = DIRECTION('',(0.,0.,1.));
#16818 = DEFINITIONAL_REPRESENTATION('',(#16819),#16823);
#16819 = LINE('',#16820,#16821);
#16820 = CARTESIAN_POINT('',(0.,0.));
#16821 = VECTOR('',#16822,1.);
#16822 = DIRECTION('',(1.,0.));
#16823 = ( GEOMETRIC_REPRESENTATION_CONTEXT(2) 
PARAMETRIC_REPRESENTATION_CONTEXT() REPRESENTATION_CONTEXT('2D SPACE',''
  ) );
#16824 = PCURVE('',#16705,#16825);
#16825 = DEFINITIONAL_REPRESENTATION('',(#16826),#16830);
#16826 = LINE('',#16827,#16828);
#16827 = CARTESIAN_POINT('',(0.,2.01));
#16828 = VECTOR('',#16829,1.);
#16829 = DIRECTION('',(1.,0.));
#16830 = ( GEOMETRIC_REPRESENTATION_CONTEXT(2) 
PARAMETRIC_REPRESENTATION_CONTEXT() REPRESENTATION_CONTEXT('2D SPACE',''
  ) );
#16831 = ORIENTED_EDGE('',*,*,#16832,.T.);
#16832 = EDGE_CURVE('',#16803,#16833,#16835,.T.);
#16833 = VERTEX_POINT('',#16834);
#16834 = CARTESIAN_POINT('',(7.19,17.7,0.2));
#16835 = SURFACE_CURVE('',#16836,(#16840,#16847),.PCURVE_S1.);
#16836 = LINE('',#16837,#16838);
#16837 = CARTESIAN_POINT('',(7.19,13.8,0.2));
#16838 = VECTOR('',#16839,1.);
#16839 = DIRECTION('',(0.,1.,0.));
#16840 = PCURVE('',#16813,#16841);
#16841 = DEFINITIONAL_REPRESENTATION('',(#16842),#16846);
#16842 = LINE('',#16843,#16844);
#16843 = CARTESIAN_POINT('',(0.,0.));
#16844 = VECTOR('',#16845,1.);
#16845 = DIRECTION('',(0.,-1.));
#16846 = ( GEOMETRIC_REPRESENTATION_CONTEXT(2) 
PARAMETRIC_REPRESENTATION_CONTEXT() REPRESENTATION_CONTEXT('2D SPACE',''
  ) );
#16847 = PCURVE('',#16733,#16848);
#16848 = DEFINITIONAL_REPRESENTATION('',(#16849),#16853);
#16849 = LINE('',#16850,#16851);
#16850 = CARTESIAN_POINT('',(2.01,0.));
#16851 = VECTOR('',#16852,1.);
#16852 = DIRECTION('',(0.,1.));
#16853 = ( GEOMETRIC_REPRESENTATION_CONTEXT(2) 
PARAMETRIC_REPRESENTATION_CONTEXT() REPRESENTATION_CONTEXT('2D SPACE',''
  ) );
#16854 = ORIENTED_EDGE('',*,*,#16855,.T.);
#16855 = EDGE_CURVE('',#16833,#16856,#16858,.T.);
#16856 = VERTEX_POINT('',#16857);
#16857 = CARTESIAN_POINT('',(7.19,17.7,2.49));
#16858 = SURFACE_CURVE('',#16859,(#16863,#16870),.PCURVE_S1.);
#16859 = LINE('',#16860,#16861);
#16860 = CARTESIAN_POINT('',(7.19,17.7,0.2));
#16861 = VECTOR('',#16862,1.);
#16862 = DIRECTION('',(0.,0.,1.));
#16863 = PCURVE('',#16813,#16864);
#16864 = DEFINITIONAL_REPRESENTATION('',(#16865),#16869);
#16865 = LINE('',#16866,#16867);
#16866 = CARTESIAN_POINT('',(0.,-3.9));
#16867 = VECTOR('',#16868,1.);
#16868 = DIRECTION('',(1.,0.));
#16869 = ( GEOMETRIC_REPRESENTATION_CONTEXT(2) 
PARAMETRIC_REPRESENTATION_CONTEXT() REPRESENTATION_CONTEXT('2D SPACE',''
  ) );
#16870 = PCURVE('',#16761,#16871);
#16871 = DEFINITIONAL_REPRESENTATION('',(#16872),#16876);
#16872 = LINE('',#16873,#16874);
#16873 = CARTESIAN_POINT('',(0.,2.01));
#16874 = VECTOR('',#16875,1.);
#16875 = DIRECTION('',(1.,0.));
#16876 = ( GEOMETRIC_REPRESENTATION_CONTEXT(2) 
PARAMETRIC_REPRESENTATION_CONTEXT() REPRESENTATION_CONTEXT('2D SPACE',''
  ) );
#16877 = ORIENTED_EDGE('',*,*,#16878,.F.);
#16878 = EDGE_CURVE('',#16805,#16856,#16879,.T.);
#16879 = SURFACE_CURVE('',#16880,(#16884,#16891),.PCURVE_S1.);
#16880 = LINE('',#16881,#16882);
#16881 = CARTESIAN_POINT('',(7.19,13.8,2.49));
#16882 = VECTOR('',#16883,1.);
#16883 = DIRECTION('',(0.,1.,0.));
#16884 = PCURVE('',#16813,#16885);
#16885 = DEFINITIONAL_REPRESENTATION('',(#16886),#16890);
#16886 = LINE('',#16887,#16888);
#16887 = CARTESIAN_POINT('',(2.29,0.));
#16888 = VECTOR('',#16889,1.);
#16889 = DIRECTION('',(0.,-1.));
#16890 = ( GEOMETRIC_REPRESENTATION_CONTEXT(2) 
PARAMETRIC_REPRESENTATION_CONTEXT() REPRESENTATION_CONTEXT('2D SPACE',''
  ) );
#16891 = PCURVE('',#16787,#16892);
#16892 = DEFINITIONAL_REPRESENTATION('',(#16893),#16897);
#16893 = LINE('',#16894,#16895);
#16894 = CARTESIAN_POINT('',(2.01,0.));
#16895 = VECTOR('',#16896,1.);
#16896 = DIRECTION('',(0.,1.));
#16897 = ( GEOMETRIC_REPRESENTATION_CONTEXT(2) 
PARAMETRIC_REPRESENTATION_CONTEXT() REPRESENTATION_CONTEXT('2D SPACE',''
  ) );
#16898 = ADVANCED_FACE('',(#16899),#16705,.F.);
#16899 = FACE_BOUND('',#16900,.F.);
#16900 = EDGE_LOOP('',(#16901,#16922,#16923,#16944));
#16901 = ORIENTED_EDGE('',*,*,#16902,.F.);
#16902 = EDGE_CURVE('',#16683,#16803,#16903,.T.);
#16903 = SURFACE_CURVE('',#16904,(#16908,#16915),.PCURVE_S1.);
#16904 = LINE('',#16905,#16906);
#16905 = CARTESIAN_POINT('',(5.18,13.8,0.2));
#16906 = VECTOR('',#16907,1.);
#16907 = DIRECTION('',(1.,0.,0.));
#16908 = PCURVE('',#16705,#16909);
#16909 = DEFINITIONAL_REPRESENTATION('',(#16910),#16914);
#16910 = LINE('',#16911,#16912);
#16911 = CARTESIAN_POINT('',(0.,0.));
#16912 = VECTOR('',#16913,1.);
#16913 = DIRECTION('',(0.,1.));
#16914 = ( GEOMETRIC_REPRESENTATION_CONTEXT(2) 
PARAMETRIC_REPRESENTATION_CONTEXT() REPRESENTATION_CONTEXT('2D SPACE',''
  ) );
#16915 = PCURVE('',#16733,#16916);
#16916 = DEFINITIONAL_REPRESENTATION('',(#16917),#16921);
#16917 = LINE('',#16918,#16919);
#16918 = CARTESIAN_POINT('',(0.,0.));
#16919 = VECTOR('',#16920,1.);
#16920 = DIRECTION('',(1.,0.));
#16921 = ( GEOMETRIC_REPRESENTATION_CONTEXT(2) 
PARAMETRIC_REPRESENTATION_CONTEXT() REPRESENTATION_CONTEXT('2D SPACE',''
  ) );
#16922 = ORIENTED_EDGE('',*,*,#16682,.T.);
#16923 = ORIENTED_EDGE('',*,*,#16924,.T.);
#16924 = EDGE_CURVE('',#16685,#16805,#16925,.T.);
#16925 = SURFACE_CURVE('',#16926,(#16930,#16937),.PCURVE_S1.);
#16926 = LINE('',#16927,#16928);
#16927 = CARTESIAN_POINT('',(5.18,13.8,2.49));
#16928 = VECTOR('',#16929,1.);
#16929 = DIRECTION('',(1.,0.,0.));
#16930 = PCURVE('',#16705,#16931);
#16931 = DEFINITIONAL_REPRESENTATION('',(#16932),#16936);
#16932 = LINE('',#16933,#16934);
#16933 = CARTESIAN_POINT('',(2.29,0.));
#16934 = VECTOR('',#16935,1.);
#16935 = DIRECTION('',(0.,1.));
#16936 = ( GEOMETRIC_REPRESENTATION_CONTEXT(2) 
PARAMETRIC_REPRESENTATION_CONTEXT() REPRESENTATION_CONTEXT('2D SPACE',''
  ) );
#16937 = PCURVE('',#16787,#16938);
#16938 = DEFINITIONAL_REPRESENTATION('',(#16939),#16943);
#16939 = LINE('',#16940,#16941);
#16940 = CARTESIAN_POINT('',(0.,0.));
#16941 = VECTOR('',#16942,1.);
#16942 = DIRECTION('',(1.,0.));
#16943 = ( GEOMETRIC_REPRESENTATION_CONTEXT(2) 
PARAMETRIC_REPRESENTATION_CONTEXT() REPRESENTATION_CONTEXT('2D SPACE',''
  ) );
#16944 = ORIENTED_EDGE('',*,*,#16802,.F.);
#16945 = ADVANCED_FACE('',(#16946),#16761,.T.);
#16946 = FACE_BOUND('',#16947,.T.);
#16947 = EDGE_LOOP('',(#16948,#16969,#16970,#16991));
#16948 = ORIENTED_EDGE('',*,*,#16949,.F.);
#16949 = EDGE_CURVE('',#16718,#16833,#16950,.T.);
#16950 = SURFACE_CURVE('',#16951,(#16955,#16962),.PCURVE_S1.);
#16951 = LINE('',#16952,#16953);
#16952 = CARTESIAN_POINT('',(5.18,17.7,0.2));
#16953 = VECTOR('',#16954,1.);
#16954 = DIRECTION('',(1.,0.,0.));
#16955 = PCURVE('',#16761,#16956);
#16956 = DEFINITIONAL_REPRESENTATION('',(#16957),#16961);
#16957 = LINE('',#16958,#16959);
#16958 = CARTESIAN_POINT('',(0.,0.));
#16959 = VECTOR('',#16960,1.);
#16960 = DIRECTION('',(0.,1.));
#16961 = ( GEOMETRIC_REPRESENTATION_CONTEXT(2) 
PARAMETRIC_REPRESENTATION_CONTEXT() REPRESENTATION_CONTEXT('2D SPACE',''
  ) );
#16962 = PCURVE('',#16733,#16963);
#16963 = DEFINITIONAL_REPRESENTATION('',(#16964),#16968);
#16964 = LINE('',#16965,#16966);
#16965 = CARTESIAN_POINT('',(0.,3.9));
#16966 = VECTOR('',#16967,1.);
#16967 = DIRECTION('',(1.,0.));
#16968 = ( GEOMETRIC_REPRESENTATION_CONTEXT(2) 
PARAMETRIC_REPRESENTATION_CONTEXT() REPRESENTATION_CONTEXT('2D SPACE',''
  ) );
#16969 = ORIENTED_EDGE('',*,*,#16745,.T.);
#16970 = ORIENTED_EDGE('',*,*,#16971,.T.);
#16971 = EDGE_CURVE('',#16746,#16856,#16972,.T.);
#16972 = SURFACE_CURVE('',#16973,(#16977,#16984),.PCURVE_S1.);
#16973 = LINE('',#16974,#16975);
#16974 = CARTESIAN_POINT('',(5.18,17.7,2.49));
#16975 = VECTOR('',#16976,1.);
#16976 = DIRECTION('',(1.,0.,0.));
#16977 = PCURVE('',#16761,#16978);
#16978 = DEFINITIONAL_REPRESENTATION('',(#16979),#16983);
#16979 = LINE('',#16980,#16981);
#16980 = CARTESIAN_POINT('',(2.29,0.));
#16981 = VECTOR('',#16982,1.);
#16982 = DIRECTION('',(0.,1.));
#16983 = ( GEOMETRIC_REPRESENTATION_CONTEXT(2) 
PARAMETRIC_REPRESENTATION_CONTEXT() REPRESENTATION_CONTEXT('2D SPACE',''
  ) );
#16984 = PCURVE('',#16787,#16985);
#16985 = DEFINITIONAL_REPRESENTATION('',(#16986),#16990);
#16986 = LINE('',#16987,#16988);
#16987 = CARTESIAN_POINT('',(0.,3.9));
#16988 = VECTOR('',#16989,1.);
#16989 = DIRECTION('',(1.,0.));
#16990 = ( GEOMETRIC_REPRESENTATION_CONTEXT(2) 
PARAMETRIC_REPRESENTATION_CONTEXT() REPRESENTATION_CONTEXT('2D SPACE',''
  ) );
#16991 = ORIENTED_EDGE('',*,*,#16855,.F.);
#16992 = ADVANCED_FACE('',(#16993),#16733,.F.);
#16993 = FACE_BOUND('',#16994,.F.);
#16994 = EDGE_LOOP('',(#16995,#16996,#16997,#16998));
#16995 = ORIENTED_EDGE('',*,*,#16717,.F.);
#16996 = ORIENTED_EDGE('',*,*,#16902,.T.);
#16997 = ORIENTED_EDGE('',*,*,#16832,.T.);
#16998 = ORIENTED_EDGE('',*,*,#16949,.F.);
#16999 = ADVANCED_FACE('',(#17000),#16787,.T.);
#17000 = FACE_BOUND('',#17001,.T.);
#17001 = EDGE_LOOP('',(#17002,#17003,#17004,#17005));
#17002 = ORIENTED_EDGE('',*,*,#16773,.F.);
#17003 = ORIENTED_EDGE('',*,*,#16924,.T.);
#17004 = ORIENTED_EDGE('',*,*,#16878,.T.);
#17005 = ORIENTED_EDGE('',*,*,#16971,.F.);
#17006 = ( GEOMETRIC_REPRESENTATION_CONTEXT(3) 
GLOBAL_UNCERTAINTY_ASSIGNED_CONTEXT((#17010)) 
GLOBAL_UNIT_ASSIGNED_CONTEXT((#17007,#17008,#17009)) 
REPRESENTATION_CONTEXT('Context #1',
  '3D Context with UNIT and UNCERTAINTY') );
#17007 = ( LENGTH_UNIT() NAMED_UNIT(*) SI_UNIT(.MILLI.,.METRE.) );
#17008 = ( NAMED_UNIT(*) PLANE_ANGLE_UNIT() SI_UNIT($,.RADIAN.) );
#17009 = ( NAMED_UNIT(*) SI_UNIT($,.STERADIAN.) SOLID_ANGLE_UNIT() );
#17010 = UNCERTAINTY_MEASURE_WITH_UNIT(LENGTH_MEASURE(1.E-07),#17007,
  'distance_accuracy_value','confusion accuracy');
#17011 = CONTEXT_DEPENDENT_SHAPE_REPRESENTATION(#17012,#17014);
#17012 = ( REPRESENTATION_RELATIONSHIP('','',#16675,#10) 
REPRESENTATION_RELATIONSHIP_WITH_TRANSFORMATION(#17013) 
SHAPE_REPRESENTATION_RELATIONSHIP() );
#17013 = ITEM_DEFINED_TRANSFORMATION('','',#11,#43);
#17014 = PRODUCT_DEFINITION_SHAPE('Placement','Placement of an item',
  #17015);
#17015 = NEXT_ASSEMBLY_USAGE_OCCURRENCE('8','d1','',#5,#16670,$);
#17016 = PRODUCT_RELATED_PRODUCT_CATEGORY('part',$,(#16672));
#17017 = SHAPE_DEFINITION_REPRESENTATION(#17018,#17024);
#17018 = PRODUCT_DEFINITION_SHAPE('','',#17019);
#17019 = PRODUCT_DEFINITION('design','',#17020,#17023);
#17020 = PRODUCT_DEFINITION_FORMATION('','',#17021);
#17021 = PRODUCT('l1','l1','',(#17022));
#17022 = PRODUCT_CONTEXT('',#2,'mechanical');
#17023 = PRODUCT_DEFINITION_CONTEXT('part definition',#2,'design');
#17024 = ADVANCED_BREP_SHAPE_REPRESENTATION('',(#11,#17025),#17355);
#17025 = MANIFOLD_SOLID_BREP('',#17026);
#17026 = CLOSED_SHELL('',(#17027,#17147,#17247,#17294,#17341,#17348));
#17027 = ADVANCED_FACE('',(#17028),#17042,.F.);
#17028 = FACE_BOUND('',#17029,.F.);
#17029 = EDGE_LOOP('',(#17030,#17065,#17093,#17121));
#17030 = ORIENTED_EDGE('',*,*,#17031,.F.);
#17031 = EDGE_CURVE('',#17032,#17034,#17036,.T.);
#17032 = VERTEX_POINT('',#17033);
#17033 = CARTESIAN_POINT('',(7.07,5.89,0.));
#17034 = VERTEX_POINT('',#17035);
#17035 = CARTESIAN_POINT('',(7.07,5.89,1.6));
#17036 = SURFACE_CURVE('',#17037,(#17041,#17053),.PCURVE_S1.);
#17037 = LINE('',#17038,#17039);
#17038 = CARTESIAN_POINT('',(7.07,5.89,0.));
#17039 = VECTOR('',#17040,1.);
#17040 = DIRECTION('',(0.,0.,1.));
#17041 = PCURVE('',#17042,#17047);
#17042 = PLANE('',#17043);
#17043 = AXIS2_PLACEMENT_3D('',#17044,#17045,#17046);
#17044 = CARTESIAN_POINT('',(7.07,5.89,0.));
#17045 = DIRECTION('',(1.,0.,0.));
#17046 = DIRECTION('',(0.,0.,1.));
#17047 = DEFINITIONAL_REPRESENTATION('',(#17048),#17052);
#17048 = LINE('',#17049,#17050);
#17049 = CARTESIAN_POINT('',(0.,0.));
#17050 = VECTOR('',#17051,1.);
#17051 = DIRECTION('',(1.,0.));
#17052 = ( GEOMETRIC_REPRESENTATION_CONTEXT(2) 
PARAMETRIC_REPRESENTATION_CONTEXT() REPRESENTATION_CONTEXT('2D SPACE',''
  ) );
#17053 = PCURVE('',#17054,#17059);
#17054 = PLANE('',#17055);
#17055 = AXIS2_PLACEMENT_3D('',#17056,#17057,#17058);
#17056 = CARTESIAN_POINT('',(7.07,5.89,0.));
#17057 = DIRECTION('',(0.,1.,0.));
#17058 = DIRECTION('',(0.,0.,1.));
#17059 = DEFINITIONAL_REPRESENTATION('',(#17060),#17064);
#17060 = LINE('',#17061,#17062);
#17061 = CARTESIAN_POINT('',(0.,0.));
#17062 = VECTOR('',#17063,1.);
#17063 = DIRECTION('',(1.,0.));
#17064 = ( GEOMETRIC_REPRESENTATION_CONTEXT(2) 
PARAMETRIC_REPRESENTATION_CONTEXT() REPRESENTATION_CONTEXT('2D SPACE',''
  ) );
#17065 = ORIENTED_EDGE('',*,*,#17066,.T.);
#17066 = EDGE_CURVE('',#17032,#17067,#17069,.T.);
#17067 = VERTEX_POINT('',#17068);
#17068 = CARTESIAN_POINT('',(7.07,8.17,0.));
#17069 = SURFACE_CURVE('',#17070,(#17074,#17081),.PCURVE_S1.);
#17070 = LINE('',#17071,#17072);
#17071 = CARTESIAN_POINT('',(7.07,5.89,0.));
#17072 = VECTOR('',#17073,1.);
#17073 = DIRECTION('',(0.,1.,0.));
#17074 = PCURVE('',#17042,#17075);
#17075 = DEFINITIONAL_REPRESENTATION('',(#17076),#17080);
#17076 = LINE('',#17077,#17078);
#17077 = CARTESIAN_POINT('',(0.,0.));
#17078 = VECTOR('',#17079,1.);
#17079 = DIRECTION('',(0.,-1.));
#17080 = ( GEOMETRIC_REPRESENTATION_CONTEXT(2) 
PARAMETRIC_REPRESENTATION_CONTEXT() REPRESENTATION_CONTEXT('2D SPACE',''
  ) );
#17081 = PCURVE('',#17082,#17087);
#17082 = PLANE('',#17083);
#17083 = AXIS2_PLACEMENT_3D('',#17084,#17085,#17086);
#17084 = CARTESIAN_POINT('',(7.07,5.89,0.));
#17085 = DIRECTION('',(0.,0.,1.));
#17086 = DIRECTION('',(1.,0.,0.));
#17087 = DEFINITIONAL_REPRESENTATION('',(#17088),#17092);
#17088 = LINE('',#17089,#17090);
#17089 = CARTESIAN_POINT('',(0.,0.));
#17090 = VECTOR('',#17091,1.);
#17091 = DIRECTION('',(0.,1.));
#17092 = ( GEOMETRIC_REPRESENTATION_CONTEXT(2) 
PARAMETRIC_REPRESENTATION_CONTEXT() REPRESENTATION_CONTEXT('2D SPACE',''
  ) );
#17093 = ORIENTED_EDGE('',*,*,#17094,.T.);
#17094 = EDGE_CURVE('',#17067,#17095,#17097,.T.);
#17095 = VERTEX_POINT('',#17096);
#17096 = CARTESIAN_POINT('',(7.07,8.17,1.6));
#17097 = SURFACE_CURVE('',#17098,(#17102,#17109),.PCURVE_S1.);
#17098 = LINE('',#17099,#17100);
#17099 = CARTESIAN_POINT('',(7.07,8.17,0.));
#17100 = VECTOR('',#17101,1.);
#17101 = DIRECTION('',(0.,0.,1.));
#17102 = PCURVE('',#17042,#17103);
#17103 = DEFINITIONAL_REPRESENTATION('',(#17104),#17108);
#17104 = LINE('',#17105,#17106);
#17105 = CARTESIAN_POINT('',(0.,-2.28));
#17106 = VECTOR('',#17107,1.);
#17107 = DIRECTION('',(1.,0.));
#17108 = ( GEOMETRIC_REPRESENTATION_CONTEXT(2) 
PARAMETRIC_REPRESENTATION_CONTEXT() REPRESENTATION_CONTEXT('2D SPACE',''
  ) );
#17109 = PCURVE('',#17110,#17115);
#17110 = PLANE('',#17111);
#17111 = AXIS2_PLACEMENT_3D('',#17112,#17113,#17114);
#17112 = CARTESIAN_POINT('',(7.07,8.17,0.));
#17113 = DIRECTION('',(0.,1.,0.));
#17114 = DIRECTION('',(0.,0.,1.));
#17115 = DEFINITIONAL_REPRESENTATION('',(#17116),#17120);
#17116 = LINE('',#17117,#17118);
#17117 = CARTESIAN_POINT('',(0.,0.));
#17118 = VECTOR('',#17119,1.);
#17119 = DIRECTION('',(1.,0.));
#17120 = ( GEOMETRIC_REPRESENTATION_CONTEXT(2) 
PARAMETRIC_REPRESENTATION_CONTEXT() REPRESENTATION_CONTEXT('2D SPACE',''
  ) );
#17121 = ORIENTED_EDGE('',*,*,#17122,.F.);
#17122 = EDGE_CURVE('',#17034,#17095,#17123,.T.);
#17123 = SURFACE_CURVE('',#17124,(#17128,#17135),.PCURVE_S1.);
#17124 = LINE('',#17125,#17126);
#17125 = CARTESIAN_POINT('',(7.07,5.89,1.6));
#17126 = VECTOR('',#17127,1.);
#17127 = DIRECTION('',(0.,1.,0.));
#17128 = PCURVE('',#17042,#17129);
#17129 = DEFINITIONAL_REPRESENTATION('',(#17130),#17134);
#17130 = LINE('',#17131,#17132);
#17131 = CARTESIAN_POINT('',(1.6,0.));
#17132 = VECTOR('',#17133,1.);
#17133 = DIRECTION('',(0.,-1.));
#17134 = ( GEOMETRIC_REPRESENTATION_CONTEXT(2) 
PARAMETRIC_REPRESENTATION_CONTEXT() REPRESENTATION_CONTEXT('2D SPACE',''
  ) );
#17135 = PCURVE('',#17136,#17141);
#17136 = PLANE('',#17137);
#17137 = AXIS2_PLACEMENT_3D('',#17138,#17139,#17140);
#17138 = CARTESIAN_POINT('',(7.07,5.89,1.6));
#17139 = DIRECTION('',(0.,0.,1.));
#17140 = DIRECTION('',(1.,0.,0.));
#17141 = DEFINITIONAL_REPRESENTATION('',(#17142),#17146);
#17142 = LINE('',#17143,#17144);
#17143 = CARTESIAN_POINT('',(0.,0.));
#17144 = VECTOR('',#17145,1.);
#17145 = DIRECTION('',(0.,1.));
#17146 = ( GEOMETRIC_REPRESENTATION_CONTEXT(2) 
PARAMETRIC_REPRESENTATION_CONTEXT() REPRESENTATION_CONTEXT('2D SPACE',''
  ) );
#17147 = ADVANCED_FACE('',(#17148),#17162,.T.);
#17148 = FACE_BOUND('',#17149,.T.);
#17149 = EDGE_LOOP('',(#17150,#17180,#17203,#17226));
#17150 = ORIENTED_EDGE('',*,*,#17151,.F.);
#17151 = EDGE_CURVE('',#17152,#17154,#17156,.T.);
#17152 = VERTEX_POINT('',#17153);
#17153 = CARTESIAN_POINT('',(9.94,5.89,0.));
#17154 = VERTEX_POINT('',#17155);
#17155 = CARTESIAN_POINT('',(9.94,5.89,1.6));
#17156 = SURFACE_CURVE('',#17157,(#17161,#17173),.PCURVE_S1.);
#17157 = LINE('',#17158,#17159);
#17158 = CARTESIAN_POINT('',(9.94,5.89,0.));
#17159 = VECTOR('',#17160,1.);
#17160 = DIRECTION('',(0.,0.,1.));
#17161 = PCURVE('',#17162,#17167);
#17162 = PLANE('',#17163);
#17163 = AXIS2_PLACEMENT_3D('',#17164,#17165,#17166);
#17164 = CARTESIAN_POINT('',(9.94,5.89,0.));
#17165 = DIRECTION('',(1.,0.,0.));
#17166 = DIRECTION('',(0.,0.,1.));
#17167 = DEFINITIONAL_REPRESENTATION('',(#17168),#17172);
#17168 = LINE('',#17169,#17170);
#17169 = CARTESIAN_POINT('',(0.,0.));
#17170 = VECTOR('',#17171,1.);
#17171 = DIRECTION('',(1.,0.));
#17172 = ( GEOMETRIC_REPRESENTATION_CONTEXT(2) 
PARAMETRIC_REPRESENTATION_CONTEXT() REPRESENTATION_CONTEXT('2D SPACE',''
  ) );
#17173 = PCURVE('',#17054,#17174);
#17174 = DEFINITIONAL_REPRESENTATION('',(#17175),#17179);
#17175 = LINE('',#17176,#17177);
#17176 = CARTESIAN_POINT('',(0.,2.87));
#17177 = VECTOR('',#17178,1.);
#17178 = DIRECTION('',(1.,0.));
#17179 = ( GEOMETRIC_REPRESENTATION_CONTEXT(2) 
PARAMETRIC_REPRESENTATION_CONTEXT() REPRESENTATION_CONTEXT('2D SPACE',''
  ) );
#17180 = ORIENTED_EDGE('',*,*,#17181,.T.);
#17181 = EDGE_CURVE('',#17152,#17182,#17184,.T.);
#17182 = VERTEX_POINT('',#17183);
#17183 = CARTESIAN_POINT('',(9.94,8.17,0.));
#17184 = SURFACE_CURVE('',#17185,(#17189,#17196),.PCURVE_S1.);
#17185 = LINE('',#17186,#17187);
#17186 = CARTESIAN_POINT('',(9.94,5.89,0.));
#17187 = VECTOR('',#17188,1.);
#17188 = DIRECTION('',(0.,1.,0.));
#17189 = PCURVE('',#17162,#17190);
#17190 = DEFINITIONAL_REPRESENTATION('',(#17191),#17195);
#17191 = LINE('',#17192,#17193);
#17192 = CARTESIAN_POINT('',(0.,0.));
#17193 = VECTOR('',#17194,1.);
#17194 = DIRECTION('',(0.,-1.));
#17195 = ( GEOMETRIC_REPRESENTATION_CONTEXT(2) 
PARAMETRIC_REPRESENTATION_CONTEXT() REPRESENTATION_CONTEXT('2D SPACE',''
  ) );
#17196 = PCURVE('',#17082,#17197);
#17197 = DEFINITIONAL_REPRESENTATION('',(#17198),#17202);
#17198 = LINE('',#17199,#17200);
#17199 = CARTESIAN_POINT('',(2.87,0.));
#17200 = VECTOR('',#17201,1.);
#17201 = DIRECTION('',(0.,1.));
#17202 = ( GEOMETRIC_REPRESENTATION_CONTEXT(2) 
PARAMETRIC_REPRESENTATION_CONTEXT() REPRESENTATION_CONTEXT('2D SPACE',''
  ) );
#17203 = ORIENTED_EDGE('',*,*,#17204,.T.);
#17204 = EDGE_CURVE('',#17182,#17205,#17207,.T.);
#17205 = VERTEX_POINT('',#17206);
#17206 = CARTESIAN_POINT('',(9.94,8.17,1.6));
#17207 = SURFACE_CURVE('',#17208,(#17212,#17219),.PCURVE_S1.);
#17208 = LINE('',#17209,#17210);
#17209 = CARTESIAN_POINT('',(9.94,8.17,0.));
#17210 = VECTOR('',#17211,1.);
#17211 = DIRECTION('',(0.,0.,1.));
#17212 = PCURVE('',#17162,#17213);
#17213 = DEFINITIONAL_REPRESENTATION('',(#17214),#17218);
#17214 = LINE('',#17215,#17216);
#17215 = CARTESIAN_POINT('',(0.,-2.28));
#17216 = VECTOR('',#17217,1.);
#17217 = DIRECTION('',(1.,0.));
#17218 = ( GEOMETRIC_REPRESENTATION_CONTEXT(2) 
PARAMETRIC_REPRESENTATION_CONTEXT() REPRESENTATION_CONTEXT('2D SPACE',''
  ) );
#17219 = PCURVE('',#17110,#17220);
#17220 = DEFINITIONAL_REPRESENTATION('',(#17221),#17225);
#17221 = LINE('',#17222,#17223);
#17222 = CARTESIAN_POINT('',(0.,2.87));
#17223 = VECTOR('',#17224,1.);
#17224 = DIRECTION('',(1.,0.));
#17225 = ( GEOMETRIC_REPRESENTATION_CONTEXT(2) 
PARAMETRIC_REPRESENTATION_CONTEXT() REPRESENTATION_CONTEXT('2D SPACE',''
  ) );
#17226 = ORIENTED_EDGE('',*,*,#17227,.F.);
#17227 = EDGE_CURVE('',#17154,#17205,#17228,.T.);
#17228 = SURFACE_CURVE('',#17229,(#17233,#17240),.PCURVE_S1.);
#17229 = LINE('',#17230,#17231);
#17230 = CARTESIAN_POINT('',(9.94,5.89,1.6));
#17231 = VECTOR('',#17232,1.);
#17232 = DIRECTION('',(0.,1.,0.));
#17233 = PCURVE('',#17162,#17234);
#17234 = DEFINITIONAL_REPRESENTATION('',(#17235),#17239);
#17235 = LINE('',#17236,#17237);
#17236 = CARTESIAN_POINT('',(1.6,0.));
#17237 = VECTOR('',#17238,1.);
#17238 = DIRECTION('',(0.,-1.));
#17239 = ( GEOMETRIC_REPRESENTATION_CONTEXT(2) 
PARAMETRIC_REPRESENTATION_CONTEXT() REPRESENTATION_CONTEXT('2D SPACE',''
  ) );
#17240 = PCURVE('',#17136,#17241);
#17241 = DEFINITIONAL_REPRESENTATION('',(#17242),#17246);
#17242 = LINE('',#17243,#17244);
#17243 = CARTESIAN_POINT('',(2.87,0.));
#17244 = VECTOR('',#17245,1.);
#17245 = DIRECTION('',(0.,1.));
#17246 = ( GEOMETRIC_REPRESENTATION_CONTEXT(2) 
PARAMETRIC_REPRESENTATION_CONTEXT() REPRESENTATION_CONTEXT('2D SPACE',''
  ) );
#17247 = ADVANCED_FACE('',(#17248),#17054,.F.);
#17248 = FACE_BOUND('',#17249,.F.);
#17249 = EDGE_LOOP('',(#17250,#17271,#17272,#17293));
#17250 = ORIENTED_EDGE('',*,*,#17251,.F.);
#17251 = EDGE_CURVE('',#17032,#17152,#17252,.T.);
#17252 = SURFACE_CURVE('',#17253,(#17257,#17264),.PCURVE_S1.);
#17253 = LINE('',#17254,#17255);
#17254 = CARTESIAN_POINT('',(7.07,5.89,0.));
#17255 = VECTOR('',#17256,1.);
#17256 = DIRECTION('',(1.,0.,0.));
#17257 = PCURVE('',#17054,#17258);
#17258 = DEFINITIONAL_REPRESENTATION('',(#17259),#17263);
#17259 = LINE('',#17260,#17261);
#17260 = CARTESIAN_POINT('',(0.,0.));
#17261 = VECTOR('',#17262,1.);
#17262 = DIRECTION('',(0.,1.));
#17263 = ( GEOMETRIC_REPRESENTATION_CONTEXT(2) 
PARAMETRIC_REPRESENTATION_CONTEXT() REPRESENTATION_CONTEXT('2D SPACE',''
  ) );
#17264 = PCURVE('',#17082,#17265);
#17265 = DEFINITIONAL_REPRESENTATION('',(#17266),#17270);
#17266 = LINE('',#17267,#17268);
#17267 = CARTESIAN_POINT('',(0.,0.));
#17268 = VECTOR('',#17269,1.);
#17269 = DIRECTION('',(1.,0.));
#17270 = ( GEOMETRIC_REPRESENTATION_CONTEXT(2) 
PARAMETRIC_REPRESENTATION_CONTEXT() REPRESENTATION_CONTEXT('2D SPACE',''
  ) );
#17271 = ORIENTED_EDGE('',*,*,#17031,.T.);
#17272 = ORIENTED_EDGE('',*,*,#17273,.T.);
#17273 = EDGE_CURVE('',#17034,#17154,#17274,.T.);
#17274 = SURFACE_CURVE('',#17275,(#17279,#17286),.PCURVE_S1.);
#17275 = LINE('',#17276,#17277);
#17276 = CARTESIAN_POINT('',(7.07,5.89,1.6));
#17277 = VECTOR('',#17278,1.);
#17278 = DIRECTION('',(1.,0.,0.));
#17279 = PCURVE('',#17054,#17280);
#17280 = DEFINITIONAL_REPRESENTATION('',(#17281),#17285);
#17281 = LINE('',#17282,#17283);
#17282 = CARTESIAN_POINT('',(1.6,0.));
#17283 = VECTOR('',#17284,1.);
#17284 = DIRECTION('',(0.,1.));
#17285 = ( GEOMETRIC_REPRESENTATION_CONTEXT(2) 
PARAMETRIC_REPRESENTATION_CONTEXT() REPRESENTATION_CONTEXT('2D SPACE',''
  ) );
#17286 = PCURVE('',#17136,#17287);
#17287 = DEFINITIONAL_REPRESENTATION('',(#17288),#17292);
#17288 = LINE('',#17289,#17290);
#17289 = CARTESIAN_POINT('',(0.,0.));
#17290 = VECTOR('',#17291,1.);
#17291 = DIRECTION('',(1.,0.));
#17292 = ( GEOMETRIC_REPRESENTATION_CONTEXT(2) 
PARAMETRIC_REPRESENTATION_CONTEXT() REPRESENTATION_CONTEXT('2D SPACE',''
  ) );
#17293 = ORIENTED_EDGE('',*,*,#17151,.F.);
#17294 = ADVANCED_FACE('',(#17295),#17110,.T.);
#17295 = FACE_BOUND('',#17296,.T.);
#17296 = EDGE_LOOP('',(#17297,#17318,#17319,#17340));
#17297 = ORIENTED_EDGE('',*,*,#17298,.F.);
#17298 = EDGE_CURVE('',#17067,#17182,#17299,.T.);
#17299 = SURFACE_CURVE('',#17300,(#17304,#17311),.PCURVE_S1.);
#17300 = LINE('',#17301,#17302);
#17301 = CARTESIAN_POINT('',(7.07,8.17,0.));
#17302 = VECTOR('',#17303,1.);
#17303 = DIRECTION('',(1.,0.,0.));
#17304 = PCURVE('',#17110,#17305);
#17305 = DEFINITIONAL_REPRESENTATION('',(#17306),#17310);
#17306 = LINE('',#17307,#17308);
#17307 = CARTESIAN_POINT('',(0.,0.));
#17308 = VECTOR('',#17309,1.);
#17309 = DIRECTION('',(0.,1.));
#17310 = ( GEOMETRIC_REPRESENTATION_CONTEXT(2) 
PARAMETRIC_REPRESENTATION_CONTEXT() REPRESENTATION_CONTEXT('2D SPACE',''
  ) );
#17311 = PCURVE('',#17082,#17312);
#17312 = DEFINITIONAL_REPRESENTATION('',(#17313),#17317);
#17313 = LINE('',#17314,#17315);
#17314 = CARTESIAN_POINT('',(0.,2.28));
#17315 = VECTOR('',#17316,1.);
#17316 = DIRECTION('',(1.,0.));
#17317 = ( GEOMETRIC_REPRESENTATION_CONTEXT(2) 
PARAMETRIC_REPRESENTATION_CONTEXT() REPRESENTATION_CONTEXT('2D SPACE',''
  ) );
#17318 = ORIENTED_EDGE('',*,*,#17094,.T.);
#17319 = ORIENTED_EDGE('',*,*,#17320,.T.);
#17320 = EDGE_CURVE('',#17095,#17205,#17321,.T.);
#17321 = SURFACE_CURVE('',#17322,(#17326,#17333),.PCURVE_S1.);
#17322 = LINE('',#17323,#17324);
#17323 = CARTESIAN_POINT('',(7.07,8.17,1.6));
#17324 = VECTOR('',#17325,1.);
#17325 = DIRECTION('',(1.,0.,0.));
#17326 = PCURVE('',#17110,#17327);
#17327 = DEFINITIONAL_REPRESENTATION('',(#17328),#17332);
#17328 = LINE('',#17329,#17330);
#17329 = CARTESIAN_POINT('',(1.6,0.));
#17330 = VECTOR('',#17331,1.);
#17331 = DIRECTION('',(0.,1.));
#17332 = ( GEOMETRIC_REPRESENTATION_CONTEXT(2) 
PARAMETRIC_REPRESENTATION_CONTEXT() REPRESENTATION_CONTEXT('2D SPACE',''
  ) );
#17333 = PCURVE('',#17136,#17334);
#17334 = DEFINITIONAL_REPRESENTATION('',(#17335),#17339);
#17335 = LINE('',#17336,#17337);
#17336 = CARTESIAN_POINT('',(0.,2.28));
#17337 = VECTOR('',#17338,1.);
#17338 = DIRECTION('',(1.,0.));
#17339 = ( GEOMETRIC_REPRESENTATION_CONTEXT(2) 
PARAMETRIC_REPRESENTATION_CONTEXT() REPRESENTATION_CONTEXT('2D SPACE',''
  ) );
#17340 = ORIENTED_EDGE('',*,*,#17204,.F.);
#17341 = ADVANCED_FACE('',(#17342),#17082,.F.);
#17342 = FACE_BOUND('',#17343,.F.);
#17343 = EDGE_LOOP('',(#17344,#17345,#17346,#17347));
#17344 = ORIENTED_EDGE('',*,*,#17066,.F.);
#17345 = ORIENTED_EDGE('',*,*,#17251,.T.);
#17346 = ORIENTED_EDGE('',*,*,#17181,.T.);
#17347 = ORIENTED_EDGE('',*,*,#17298,.F.);
#17348 = ADVANCED_FACE('',(#17349),#17136,.T.);
#17349 = FACE_BOUND('',#17350,.T.);
#17350 = EDGE_LOOP('',(#17351,#17352,#17353,#17354));
#17351 = ORIENTED_EDGE('',*,*,#17122,.F.);
#17352 = ORIENTED_EDGE('',*,*,#17273,.T.);
#17353 = ORIENTED_EDGE('',*,*,#17227,.T.);
#17354 = ORIENTED_EDGE('',*,*,#17320,.F.);
#17355 = ( GEOMETRIC_REPRESENTATION_CONTEXT(3) 
GLOBAL_UNCERTAINTY_ASSIGNED_CONTEXT((#17359)) 
GLOBAL_UNIT_ASSIGNED_CONTEXT((#17356,#17357,#17358)) 
REPRESENTATION_CONTEXT('Context #1',
  '3D Context with UNIT and UNCERTAINTY') );
#17356 = ( LENGTH_UNIT() NAMED_UNIT(*) SI_UNIT(.MILLI.,.METRE.) );
#17357 = ( NAMED_UNIT(*) PLANE_ANGLE_UNIT() SI_UNIT($,.RADIAN.) );
#17358 = ( NAMED_UNIT(*) SI_UNIT($,.STERADIAN.) SOLID_ANGLE_UNIT() );
#17359 = UNCERTAINTY_MEASURE_WITH_UNIT(LENGTH_MEASURE(1.E-07),#17356,
  'distance_accuracy_value','confusion accuracy');
#17360 = CONTEXT_DEPENDENT_SHAPE_REPRESENTATION(#17361,#17363);
#17361 = ( REPRESENTATION_RELATIONSHIP('','',#17024,#10) 
REPRESENTATION_RELATIONSHIP_WITH_TRANSFORMATION(#17362) 
SHAPE_REPRESENTATION_RELATIONSHIP() );
#17362 = ITEM_DEFINED_TRANSFORMATION('','',#11,#47);
#17363 = PRODUCT_DEFINITION_SHAPE('Placement','Placement of an item',
  #17364);
#17364 = NEXT_ASSEMBLY_USAGE_OCCURRENCE('9','l1','',#5,#17019,$);
#17365 = PRODUCT_RELATED_PRODUCT_CATEGORY('part',$,(#17021));
#17366 = SHAPE_DEFINITION_REPRESENTATION(#17367,#17373);
#17367 = PRODUCT_DEFINITION_SHAPE('','',#17368);
#17368 = PRODUCT_DEFINITION('design','',#17369,#17372);
#17369 = PRODUCT_DEFINITION_FORMATION('','',#17370);
#17370 = PRODUCT('rp2040','rp2040','',(#17371));
#17371 = PRODUCT_CONTEXT('',#2,'mechanical');
#17372 = PRODUCT_DEFINITION_CONTEXT('part definition',#2,'design');
#17373 = ADVANCED_BREP_SHAPE_REPRESENTATION('',(#11,#17374),#17704);
#17374 = MANIFOLD_SOLID_BREP('',#17375);
#17375 = CLOSED_SHELL('',(#17376,#17496,#17596,#17643,#17690,#17697));
#17376 = ADVANCED_FACE('',(#17377),#17391,.F.);
#17377 = FACE_BOUND('',#17378,.F.);
#17378 = EDGE_LOOP('',(#17379,#17414,#17442,#17470));
#17379 = ORIENTED_EDGE('',*,*,#17380,.F.);
#17380 = EDGE_CURVE('',#17381,#17383,#17385,.T.);
#17381 = VERTEX_POINT('',#17382);
#17382 = CARTESIAN_POINT('',(-6.52,-11.82,0.));
#17383 = VERTEX_POINT('',#17384);
#17384 = CARTESIAN_POINT('',(-6.52,-11.82,0.85));
#17385 = SURFACE_CURVE('',#17386,(#17390,#17402),.PCURVE_S1.);
#17386 = LINE('',#17387,#17388);
#17387 = CARTESIAN_POINT('',(-6.52,-11.82,0.));
#17388 = VECTOR('',#17389,1.);
#17389 = DIRECTION('',(0.,0.,1.));
#17390 = PCURVE('',#17391,#17396);
#17391 = PLANE('',#17392);
#17392 = AXIS2_PLACEMENT_3D('',#17393,#17394,#17395);
#17393 = CARTESIAN_POINT('',(-6.52,-11.82,0.));
#17394 = DIRECTION('',(1.,0.,0.));
#17395 = DIRECTION('',(0.,0.,1.));
#17396 = DEFINITIONAL_REPRESENTATION('',(#17397),#17401);
#17397 = LINE('',#17398,#17399);
#17398 = CARTESIAN_POINT('',(0.,0.));
#17399 = VECTOR('',#17400,1.);
#17400 = DIRECTION('',(1.,0.));
#17401 = ( GEOMETRIC_REPRESENTATION_CONTEXT(2) 
PARAMETRIC_REPRESENTATION_CONTEXT() REPRESENTATION_CONTEXT('2D SPACE',''
  ) );
#17402 = PCURVE('',#17403,#17408);
#17403 = PLANE('',#17404);
#17404 = AXIS2_PLACEMENT_3D('',#17405,#17406,#17407);
#17405 = CARTESIAN_POINT('',(-6.52,-11.82,0.));
#17406 = DIRECTION('',(0.,1.,0.));
#17407 = DIRECTION('',(0.,0.,1.));
#17408 = DEFINITIONAL_REPRESENTATION('',(#17409),#17413);
#17409 = LINE('',#17410,#17411);
#17410 = CARTESIAN_POINT('',(0.,0.));
#17411 = VECTOR('',#17412,1.);
#17412 = DIRECTION('',(1.,0.));
#17413 = ( GEOMETRIC_REPRESENTATION_CONTEXT(2) 
PARAMETRIC_REPRESENTATION_CONTEXT() REPRESENTATION_CONTEXT('2D SPACE',''
  ) );
#17414 = ORIENTED_EDGE('',*,*,#17415,.T.);
#17415 = EDGE_CURVE('',#17381,#17416,#17418,.T.);
#17416 = VERTEX_POINT('',#17417);
#17417 = CARTESIAN_POINT('',(-6.52,-4.78,0.));
#17418 = SURFACE_CURVE('',#17419,(#17423,#17430),.PCURVE_S1.);
#17419 = LINE('',#17420,#17421);
#17420 = CARTESIAN_POINT('',(-6.52,-11.82,0.));
#17421 = VECTOR('',#17422,1.);
#17422 = DIRECTION('',(0.,1.,0.));
#17423 = PCURVE('',#17391,#17424);
#17424 = DEFINITIONAL_REPRESENTATION('',(#17425),#17429);
#17425 = LINE('',#17426,#17427);
#17426 = CARTESIAN_POINT('',(0.,0.));
#17427 = VECTOR('',#17428,1.);
#17428 = DIRECTION('',(0.,-1.));
#17429 = ( GEOMETRIC_REPRESENTATION_CONTEXT(2) 
PARAMETRIC_REPRESENTATION_CONTEXT() REPRESENTATION_CONTEXT('2D SPACE',''
  ) );
#17430 = PCURVE('',#17431,#17436);
#17431 = PLANE('',#17432);
#17432 = AXIS2_PLACEMENT_3D('',#17433,#17434,#17435);
#17433 = CARTESIAN_POINT('',(-6.52,-11.82,0.));
#17434 = DIRECTION('',(0.,0.,1.));
#17435 = DIRECTION('',(1.,0.,0.));
#17436 = DEFINITIONAL_REPRESENTATION('',(#17437),#17441);
#17437 = LINE('',#17438,#17439);
#17438 = CARTESIAN_POINT('',(0.,0.));
#17439 = VECTOR('',#17440,1.);
#17440 = DIRECTION('',(0.,1.));
#17441 = ( GEOMETRIC_REPRESENTATION_CONTEXT(2) 
PARAMETRIC_REPRESENTATION_CONTEXT() REPRESENTATION_CONTEXT('2D SPACE',''
  ) );
#17442 = ORIENTED_EDGE('',*,*,#17443,.T.);
#17443 = EDGE_CURVE('',#17416,#17444,#17446,.T.);
#17444 = VERTEX_POINT('',#17445);
#17445 = CARTESIAN_POINT('',(-6.52,-4.78,0.85));
#17446 = SURFACE_CURVE('',#17447,(#17451,#17458),.PCURVE_S1.);
#17447 = LINE('',#17448,#17449);
#17448 = CARTESIAN_POINT('',(-6.52,-4.78,0.));
#17449 = VECTOR('',#17450,1.);
#17450 = DIRECTION('',(0.,0.,1.));
#17451 = PCURVE('',#17391,#17452);
#17452 = DEFINITIONAL_REPRESENTATION('',(#17453),#17457);
#17453 = LINE('',#17454,#17455);
#17454 = CARTESIAN_POINT('',(0.,-7.04));
#17455 = VECTOR('',#17456,1.);
#17456 = DIRECTION('',(1.,0.));
#17457 = ( GEOMETRIC_REPRESENTATION_CONTEXT(2) 
PARAMETRIC_REPRESENTATION_CONTEXT() REPRESENTATION_CONTEXT('2D SPACE',''
  ) );
#17458 = PCURVE('',#17459,#17464);
#17459 = PLANE('',#17460);
#17460 = AXIS2_PLACEMENT_3D('',#17461,#17462,#17463);
#17461 = CARTESIAN_POINT('',(-6.52,-4.78,0.));
#17462 = DIRECTION('',(0.,1.,0.));
#17463 = DIRECTION('',(0.,0.,1.));
#17464 = DEFINITIONAL_REPRESENTATION('',(#17465),#17469);
#17465 = LINE('',#17466,#17467);
#17466 = CARTESIAN_POINT('',(0.,0.));
#17467 = VECTOR('',#17468,1.);
#17468 = DIRECTION('',(1.,0.));
#17469 = ( GEOMETRIC_REPRESENTATION_CONTEXT(2) 
PARAMETRIC_REPRESENTATION_CONTEXT() REPRESENTATION_CONTEXT('2D SPACE',''
  ) );
#17470 = ORIENTED_EDGE('',*,*,#17471,.F.);
#17471 = EDGE_CURVE('',#17383,#17444,#17472,.T.);
#17472 = SURFACE_CURVE('',#17473,(#17477,#17484),.PCURVE_S1.);
#17473 = LINE('',#17474,#17475);
#17474 = CARTESIAN_POINT('',(-6.52,-11.82,0.85));
#17475 = VECTOR('',#17476,1.);
#17476 = DIRECTION('',(0.,1.,0.));
#17477 = PCURVE('',#17391,#17478);
#17478 = DEFINITIONAL_REPRESENTATION('',(#17479),#17483);
#17479 = LINE('',#17480,#17481);
#17480 = CARTESIAN_POINT('',(0.85,0.));
#17481 = VECTOR('',#17482,1.);
#17482 = DIRECTION('',(0.,-1.));
#17483 = ( GEOMETRIC_REPRESENTATION_CONTEXT(2) 
PARAMETRIC_REPRESENTATION_CONTEXT() REPRESENTATION_CONTEXT('2D SPACE',''
  ) );
#17484 = PCURVE('',#17485,#17490);
#17485 = PLANE('',#17486);
#17486 = AXIS2_PLACEMENT_3D('',#17487,#17488,#17489);
#17487 = CARTESIAN_POINT('',(-6.52,-11.82,0.85));
#17488 = DIRECTION('',(0.,0.,1.));
#17489 = DIRECTION('',(1.,0.,0.));
#17490 = DEFINITIONAL_REPRESENTATION('',(#17491),#17495);
#17491 = LINE('',#17492,#17493);
#17492 = CARTESIAN_POINT('',(0.,0.));
#17493 = VECTOR('',#17494,1.);
#17494 = DIRECTION('',(0.,1.));
#17495 = ( GEOMETRIC_REPRESENTATION_CONTEXT(2) 
PARAMETRIC_REPRESENTATION_CONTEXT() REPRESENTATION_CONTEXT('2D SPACE',''
  ) );
#17496 = ADVANCED_FACE('',(#17497),#17511,.T.);
#17497 = FACE_BOUND('',#17498,.T.);
#17498 = EDGE_LOOP('',(#17499,#17529,#17552,#17575));
#17499 = ORIENTED_EDGE('',*,*,#17500,.F.);
#17500 = EDGE_CURVE('',#17501,#17503,#17505,.T.);
#17501 = VERTEX_POINT('',#17502);
#17502 = CARTESIAN_POINT('',(0.52,-11.82,0.));
#17503 = VERTEX_POINT('',#17504);
#17504 = CARTESIAN_POINT('',(0.52,-11.82,0.85));
#17505 = SURFACE_CURVE('',#17506,(#17510,#17522),.PCURVE_S1.);
#17506 = LINE('',#17507,#17508);
#17507 = CARTESIAN_POINT('',(0.52,-11.82,0.));
#17508 = VECTOR('',#17509,1.);
#17509 = DIRECTION('',(0.,0.,1.));
#17510 = PCURVE('',#17511,#17516);
#17511 = PLANE('',#17512);
#17512 = AXIS2_PLACEMENT_3D('',#17513,#17514,#17515);
#17513 = CARTESIAN_POINT('',(0.52,-11.82,0.));
#17514 = DIRECTION('',(1.,0.,0.));
#17515 = DIRECTION('',(0.,0.,1.));
#17516 = DEFINITIONAL_REPRESENTATION('',(#17517),#17521);
#17517 = LINE('',#17518,#17519);
#17518 = CARTESIAN_POINT('',(0.,0.));
#17519 = VECTOR('',#17520,1.);
#17520 = DIRECTION('',(1.,0.));
#17521 = ( GEOMETRIC_REPRESENTATION_CONTEXT(2) 
PARAMETRIC_REPRESENTATION_CONTEXT() REPRESENTATION_CONTEXT('2D SPACE',''
  ) );
#17522 = PCURVE('',#17403,#17523);
#17523 = DEFINITIONAL_REPRESENTATION('',(#17524),#17528);
#17524 = LINE('',#17525,#17526);
#17525 = CARTESIAN_POINT('',(0.,7.04));
#17526 = VECTOR('',#17527,1.);
#17527 = DIRECTION('',(1.,0.));
#17528 = ( GEOMETRIC_REPRESENTATION_CONTEXT(2) 
PARAMETRIC_REPRESENTATION_CONTEXT() REPRESENTATION_CONTEXT('2D SPACE',''
  ) );
#17529 = ORIENTED_EDGE('',*,*,#17530,.T.);
#17530 = EDGE_CURVE('',#17501,#17531,#17533,.T.);
#17531 = VERTEX_POINT('',#17532);
#17532 = CARTESIAN_POINT('',(0.52,-4.78,0.));
#17533 = SURFACE_CURVE('',#17534,(#17538,#17545),.PCURVE_S1.);
#17534 = LINE('',#17535,#17536);
#17535 = CARTESIAN_POINT('',(0.52,-11.82,0.));
#17536 = VECTOR('',#17537,1.);
#17537 = DIRECTION('',(0.,1.,0.));
#17538 = PCURVE('',#17511,#17539);
#17539 = DEFINITIONAL_REPRESENTATION('',(#17540),#17544);
#17540 = LINE('',#17541,#17542);
#17541 = CARTESIAN_POINT('',(0.,0.));
#17542 = VECTOR('',#17543,1.);
#17543 = DIRECTION('',(0.,-1.));
#17544 = ( GEOMETRIC_REPRESENTATION_CONTEXT(2) 
PARAMETRIC_REPRESENTATION_CONTEXT() REPRESENTATION_CONTEXT('2D SPACE',''
  ) );
#17545 = PCURVE('',#17431,#17546);
#17546 = DEFINITIONAL_REPRESENTATION('',(#17547),#17551);
#17547 = LINE('',#17548,#17549);
#17548 = CARTESIAN_POINT('',(7.04,0.));
#17549 = VECTOR('',#17550,1.);
#17550 = DIRECTION('',(0.,1.));
#17551 = ( GEOMETRIC_REPRESENTATION_CONTEXT(2) 
PARAMETRIC_REPRESENTATION_CONTEXT() REPRESENTATION_CONTEXT('2D SPACE',''
  ) );
#17552 = ORIENTED_EDGE('',*,*,#17553,.T.);
#17553 = EDGE_CURVE('',#17531,#17554,#17556,.T.);
#17554 = VERTEX_POINT('',#17555);
#17555 = CARTESIAN_POINT('',(0.52,-4.78,0.85));
#17556 = SURFACE_CURVE('',#17557,(#17561,#17568),.PCURVE_S1.);
#17557 = LINE('',#17558,#17559);
#17558 = CARTESIAN_POINT('',(0.52,-4.78,0.));
#17559 = VECTOR('',#17560,1.);
#17560 = DIRECTION('',(0.,0.,1.));
#17561 = PCURVE('',#17511,#17562);
#17562 = DEFINITIONAL_REPRESENTATION('',(#17563),#17567);
#17563 = LINE('',#17564,#17565);
#17564 = CARTESIAN_POINT('',(0.,-7.04));
#17565 = VECTOR('',#17566,1.);
#17566 = DIRECTION('',(1.,0.));
#17567 = ( GEOMETRIC_REPRESENTATION_CONTEXT(2) 
PARAMETRIC_REPRESENTATION_CONTEXT() REPRESENTATION_CONTEXT('2D SPACE',''
  ) );
#17568 = PCURVE('',#17459,#17569);
#17569 = DEFINITIONAL_REPRESENTATION('',(#17570),#17574);
#17570 = LINE('',#17571,#17572);
#17571 = CARTESIAN_POINT('',(0.,7.04));
#17572 = VECTOR('',#17573,1.);
#17573 = DIRECTION('',(1.,0.));
#17574 = ( GEOMETRIC_REPRESENTATION_CONTEXT(2) 
PARAMETRIC_REPRESENTATION_CONTEXT() REPRESENTATION_CONTEXT('2D SPACE',''
  ) );
#17575 = ORIENTED_EDGE('',*,*,#17576,.F.);
#17576 = EDGE_CURVE('',#17503,#17554,#17577,.T.);
#17577 = SURFACE_CURVE('',#17578,(#17582,#17589),.PCURVE_S1.);
#17578 = LINE('',#17579,#17580);
#17579 = CARTESIAN_POINT('',(0.52,-11.82,0.85));
#17580 = VECTOR('',#17581,1.);
#17581 = DIRECTION('',(0.,1.,0.));
#17582 = PCURVE('',#17511,#17583);
#17583 = DEFINITIONAL_REPRESENTATION('',(#17584),#17588);
#17584 = LINE('',#17585,#17586);
#17585 = CARTESIAN_POINT('',(0.85,0.));
#17586 = VECTOR('',#17587,1.);
#17587 = DIRECTION('',(0.,-1.));
#17588 = ( GEOMETRIC_REPRESENTATION_CONTEXT(2) 
PARAMETRIC_REPRESENTATION_CONTEXT() REPRESENTATION_CONTEXT('2D SPACE',''
  ) );
#17589 = PCURVE('',#17485,#17590);
#17590 = DEFINITIONAL_REPRESENTATION('',(#17591),#17595);
#17591 = LINE('',#17592,#17593);
#17592 = CARTESIAN_POINT('',(7.04,0.));
#17593 = VECTOR('',#17594,1.);
#17594 = DIRECTION('',(0.,1.));
#17595 = ( GEOMETRIC_REPRESENTATION_CONTEXT(2) 
PARAMETRIC_REPRESENTATION_CONTEXT() REPRESENTATION_CONTEXT('2D SPACE',''
  ) );
#17596 = ADVANCED_FACE('',(#17597),#17403,.F.);
#17597 = FACE_BOUND('',#17598,.F.);
#17598 = EDGE_LOOP('',(#17599,#17620,#17621,#17642));
#17599 = ORIENTED_EDGE('',*,*,#17600,.F.);
#17600 = EDGE_CURVE('',#17381,#17501,#17601,.T.);
#17601 = SURFACE_CURVE('',#17602,(#17606,#17613),.PCURVE_S1.);
#17602 = LINE('',#17603,#17604);
#17603 = CARTESIAN_POINT('',(-6.52,-11.82,0.));
#17604 = VECTOR('',#17605,1.);
#17605 = DIRECTION('',(1.,0.,0.));
#17606 = PCURVE('',#17403,#17607);
#17607 = DEFINITIONAL_REPRESENTATION('',(#17608),#17612);
#17608 = LINE('',#17609,#17610);
#17609 = CARTESIAN_POINT('',(0.,0.));
#17610 = VECTOR('',#17611,1.);
#17611 = DIRECTION('',(0.,1.));
#17612 = ( GEOMETRIC_REPRESENTATION_CONTEXT(2) 
PARAMETRIC_REPRESENTATION_CONTEXT() REPRESENTATION_CONTEXT('2D SPACE',''
  ) );
#17613 = PCURVE('',#17431,#17614);
#17614 = DEFINITIONAL_REPRESENTATION('',(#17615),#17619);
#17615 = LINE('',#17616,#17617);
#17616 = CARTESIAN_POINT('',(0.,0.));
#17617 = VECTOR('',#17618,1.);
#17618 = DIRECTION('',(1.,0.));
#17619 = ( GEOMETRIC_REPRESENTATION_CONTEXT(2) 
PARAMETRIC_REPRESENTATION_CONTEXT() REPRESENTATION_CONTEXT('2D SPACE',''
  ) );
#17620 = ORIENTED_EDGE('',*,*,#17380,.T.);
#17621 = ORIENTED_EDGE('',*,*,#17622,.T.);
#17622 = EDGE_CURVE('',#17383,#17503,#17623,.T.);
#17623 = SURFACE_CURVE('',#17624,(#17628,#17635),.PCURVE_S1.);
#17624 = LINE('',#17625,#17626);
#17625 = CARTESIAN_POINT('',(-6.52,-11.82,0.85));
#17626 = VECTOR('',#17627,1.);
#17627 = DIRECTION('',(1.,0.,0.));
#17628 = PCURVE('',#17403,#17629);
#17629 = DEFINITIONAL_REPRESENTATION('',(#17630),#17634);
#17630 = LINE('',#17631,#17632);
#17631 = CARTESIAN_POINT('',(0.85,0.));
#17632 = VECTOR('',#17633,1.);
#17633 = DIRECTION('',(0.,1.));
#17634 = ( GEOMETRIC_REPRESENTATION_CONTEXT(2) 
PARAMETRIC_REPRESENTATION_CONTEXT() REPRESENTATION_CONTEXT('2D SPACE',''
  ) );
#17635 = PCURVE('',#17485,#17636);
#17636 = DEFINITIONAL_REPRESENTATION('',(#17637),#17641);
#17637 = LINE('',#17638,#17639);
#17638 = CARTESIAN_POINT('',(0.,0.));
#17639 = VECTOR('',#17640,1.);
#17640 = DIRECTION('',(1.,0.));
#17641 = ( GEOMETRIC_REPRESENTATION_CONTEXT(2) 
PARAMETRIC_REPRESENTATION_CONTEXT() REPRESENTATION_CONTEXT('2D SPACE',''
  ) );
#17642 = ORIENTED_EDGE('',*,*,#17500,.F.);
#17643 = ADVANCED_FACE('',(#17644),#17459,.T.);
#17644 = FACE_BOUND('',#17645,.T.);
#17645 = EDGE_LOOP('',(#17646,#17667,#17668,#17689));
#17646 = ORIENTED_EDGE('',*,*,#17647,.F.);
#17647 = EDGE_CURVE('',#17416,#17531,#17648,.T.);
#17648 = SURFACE_CURVE('',#17649,(#17653,#17660),.PCURVE_S1.);
#17649 = LINE('',#17650,#17651);
#17650 = CARTESIAN_POINT('',(-6.52,-4.78,0.));
#17651 = VECTOR('',#17652,1.);
#17652 = DIRECTION('',(1.,0.,0.));
#17653 = PCURVE('',#17459,#17654);
#17654 = DEFINITIONAL_REPRESENTATION('',(#17655),#17659);
#17655 = LINE('',#17656,#17657);
#17656 = CARTESIAN_POINT('',(0.,0.));
#17657 = VECTOR('',#17658,1.);
#17658 = DIRECTION('',(0.,1.));
#17659 = ( GEOMETRIC_REPRESENTATION_CONTEXT(2) 
PARAMETRIC_REPRESENTATION_CONTEXT() REPRESENTATION_CONTEXT('2D SPACE',''
  ) );
#17660 = PCURVE('',#17431,#17661);
#17661 = DEFINITIONAL_REPRESENTATION('',(#17662),#17666);
#17662 = LINE('',#17663,#17664);
#17663 = CARTESIAN_POINT('',(0.,7.04));
#17664 = VECTOR('',#17665,1.);
#17665 = DIRECTION('',(1.,0.));
#17666 = ( GEOMETRIC_REPRESENTATION_CONTEXT(2) 
PARAMETRIC_REPRESENTATION_CONTEXT() REPRESENTATION_CONTEXT('2D SPACE',''
  ) );
#17667 = ORIENTED_EDGE('',*,*,#17443,.T.);
#17668 = ORIENTED_EDGE('',*,*,#17669,.T.);
#17669 = EDGE_CURVE('',#17444,#17554,#17670,.T.);
#17670 = SURFACE_CURVE('',#17671,(#17675,#17682),.PCURVE_S1.);
#17671 = LINE('',#17672,#17673);
#17672 = CARTESIAN_POINT('',(-6.52,-4.78,0.85));
#17673 = VECTOR('',#17674,1.);
#17674 = DIRECTION('',(1.,0.,0.));
#17675 = PCURVE('',#17459,#17676);
#17676 = DEFINITIONAL_REPRESENTATION('',(#17677),#17681);
#17677 = LINE('',#17678,#17679);
#17678 = CARTESIAN_POINT('',(0.85,0.));
#17679 = VECTOR('',#17680,1.);
#17680 = DIRECTION('',(0.,1.));
#17681 = ( GEOMETRIC_REPRESENTATION_CONTEXT(2) 
PARAMETRIC_REPRESENTATION_CONTEXT() REPRESENTATION_CONTEXT('2D SPACE',''
  ) );
#17682 = PCURVE('',#17485,#17683);
#17683 = DEFINITIONAL_REPRESENTATION('',(#17684),#17688);
#17684 = LINE('',#17685,#17686);
#17685 = CARTESIAN_POINT('',(0.,7.04));
#17686 = VECTOR('',#17687,1.);
#17687 = DIRECTION('',(1.,0.));
#17688 = ( GEOMETRIC_REPRESENTATION_CONTEXT(2) 
PARAMETRIC_REPRESENTATION_CONTEXT() REPRESENTATION_CONTEXT('2D SPACE',''
  ) );
#17689 = ORIENTED_EDGE('',*,*,#17553,.F.);
#17690 = ADVANCED_FACE('',(#17691),#17431,.F.);
#17691 = FACE_BOUND('',#17692,.F.);
#17692 = EDGE_LOOP('',(#17693,#17694,#17695,#17696));
#17693 = ORIENTED_EDGE('',*,*,#17415,.F.);
#17694 = ORIENTED_EDGE('',*,*,#17600,.T.);
#17695 = ORIENTED_EDGE('',*,*,#17530,.T.);
#17696 = ORIENTED_EDGE('',*,*,#17647,.F.);
#17697 = ADVANCED_FACE('',(#17698),#17485,.T.);
#17698 = FACE_BOUND('',#17699,.T.);
#17699 = EDGE_LOOP('',(#17700,#17701,#17702,#17703));
#17700 = ORIENTED_EDGE('',*,*,#17471,.F.);
#17701 = ORIENTED_EDGE('',*,*,#17622,.T.);
#17702 = ORIENTED_EDGE('',*,*,#17576,.T.);
#17703 = ORIENTED_EDGE('',*,*,#17669,.F.);
#17704 = ( GEOMETRIC_REPRESENTATION_CONTEXT(3) 
GLOBAL_UNCERTAINTY_ASSIGNED_CONTEXT((#17708)) 
GLOBAL_UNIT_ASSIGNED_CONTEXT((#17705,#17706,#17707)) 
REPRESENTATION_CONTEXT('Context #1',
  '3D Context with UNIT and UNCERTAINTY') );
#17705 = ( LENGTH_UNIT() NAMED_UNIT(*) SI_UNIT(.MILLI.,.METRE.) );
#17706 = ( NAMED_UNIT(*) PLANE_ANGLE_UNIT() SI_UNIT($,.RADIAN.) );
#17707 = ( NAMED_UNIT(*) SI_UNIT($,.STERADIAN.) SOLID_ANGLE_UNIT() );
#17708 = UNCERTAINTY_MEASURE_WITH_UNIT(LENGTH_MEASURE(1.E-07),#17705,
  'distance_accuracy_value','confusion accuracy');
#17709 = CONTEXT_DEPENDENT_SHAPE_REPRESENTATION(#17710,#17712);
#17710 = ( REPRESENTATION_RELATIONSHIP('','',#17373,#10) 
REPRESENTATION_RELATIONSHIP_WITH_TRANSFORMATION(#17711) 
SHAPE_REPRESENTATION_RELATIONSHIP() );
#17711 = ITEM_DEFINED_TRANSFORMATION('','',#11,#51);
#17712 = PRODUCT_DEFINITION_SHAPE('Placement','Placement of an item',
  #17713);
#17713 = NEXT_ASSEMBLY_USAGE_OCCURRENCE('10','rp2040','',#5,#17368,$);
#17714 = PRODUCT_RELATED_PRODUCT_CATEGORY('part',$,(#17370));
#17715 = SHAPE_DEFINITION_REPRESENTATION(#17716,#17722);
#17716 = PRODUCT_DEFINITION_SHAPE('','',#17717);
#17717 = PRODUCT_DEFINITION('design','',#17718,#17721);
#17718 = PRODUCT_DEFINITION_FORMATION('','',#17719);
#17719 = PRODUCT('xtal','xtal','',(#17720));
#17720 = PRODUCT_CONTEXT('',#2,'mechanical');
#17721 = PRODUCT_DEFINITION_CONTEXT('part definition',#2,'design');
#17722 = ADVANCED_BREP_SHAPE_REPRESENTATION('',(#11,#17723),#18053);
#17723 = MANIFOLD_SOLID_BREP('',#17724);
#17724 = CLOSED_SHELL('',(#17725,#17845,#17945,#17992,#18039,#18046));
#17725 = ADVANCED_FACE('',(#17726),#17740,.F.);
#17726 = FACE_BOUND('',#17727,.F.);
#17727 = EDGE_LOOP('',(#17728,#17763,#17791,#17819));
#17728 = ORIENTED_EDGE('',*,*,#17729,.F.);
#17729 = EDGE_CURVE('',#17730,#17732,#17734,.T.);
#17730 = VERTEX_POINT('',#17731);
#17731 = CARTESIAN_POINT('',(-5.24,-16.35,0.));
#17732 = VERTEX_POINT('',#17733);
#17733 = CARTESIAN_POINT('',(-5.24,-16.35,1.));
#17734 = SURFACE_CURVE('',#17735,(#17739,#17751),.PCURVE_S1.);
#17735 = LINE('',#17736,#17737);
#17736 = CARTESIAN_POINT('',(-5.24,-16.35,0.));
#17737 = VECTOR('',#17738,1.);
#17738 = DIRECTION('',(0.,0.,1.));
#17739 = PCURVE('',#17740,#17745);
#17740 = PLANE('',#17741);
#17741 = AXIS2_PLACEMENT_3D('',#17742,#17743,#17744);
#17742 = CARTESIAN_POINT('',(-5.24,-16.35,0.));
#17743 = DIRECTION('',(1.,0.,0.));
#17744 = DIRECTION('',(0.,0.,1.));
#17745 = DEFINITIONAL_REPRESENTATION('',(#17746),#17750);
#17746 = LINE('',#17747,#17748);
#17747 = CARTESIAN_POINT('',(0.,0.));
#17748 = VECTOR('',#17749,1.);
#17749 = DIRECTION('',(1.,0.));
#17750 = ( GEOMETRIC_REPRESENTATION_CONTEXT(2) 
PARAMETRIC_REPRESENTATION_CONTEXT() REPRESENTATION_CONTEXT('2D SPACE',''
  ) );
#17751 = PCURVE('',#17752,#17757);
#17752 = PLANE('',#17753);
#17753 = AXIS2_PLACEMENT_3D('',#17754,#17755,#17756);
#17754 = CARTESIAN_POINT('',(-5.24,-16.35,0.));
#17755 = DIRECTION('',(0.,1.,0.));
#17756 = DIRECTION('',(0.,0.,1.));
#17757 = DEFINITIONAL_REPRESENTATION('',(#17758),#17762);
#17758 = LINE('',#17759,#17760);
#17759 = CARTESIAN_POINT('',(0.,0.));
#17760 = VECTOR('',#17761,1.);
#17761 = DIRECTION('',(1.,0.));
#17762 = ( GEOMETRIC_REPRESENTATION_CONTEXT(2) 
PARAMETRIC_REPRESENTATION_CONTEXT() REPRESENTATION_CONTEXT('2D SPACE',''
  ) );
#17763 = ORIENTED_EDGE('',*,*,#17764,.T.);
#17764 = EDGE_CURVE('',#17730,#17765,#17767,.T.);
#17765 = VERTEX_POINT('',#17766);
#17766 = CARTESIAN_POINT('',(-5.24,-13.25,0.));
#17767 = SURFACE_CURVE('',#17768,(#17772,#17779),.PCURVE_S1.);
#17768 = LINE('',#17769,#17770);
#17769 = CARTESIAN_POINT('',(-5.24,-16.35,0.));
#17770 = VECTOR('',#17771,1.);
#17771 = DIRECTION('',(0.,1.,0.));
#17772 = PCURVE('',#17740,#17773);
#17773 = DEFINITIONAL_REPRESENTATION('',(#17774),#17778);
#17774 = LINE('',#17775,#17776);
#17775 = CARTESIAN_POINT('',(0.,0.));
#17776 = VECTOR('',#17777,1.);
#17777 = DIRECTION('',(0.,-1.));
#17778 = ( GEOMETRIC_REPRESENTATION_CONTEXT(2) 
PARAMETRIC_REPRESENTATION_CONTEXT() REPRESENTATION_CONTEXT('2D SPACE',''
  ) );
#17779 = PCURVE('',#17780,#17785);
#17780 = PLANE('',#17781);
#17781 = AXIS2_PLACEMENT_3D('',#17782,#17783,#17784);
#17782 = CARTESIAN_POINT('',(-5.24,-16.35,0.));
#17783 = DIRECTION('',(0.,0.,1.));
#17784 = DIRECTION('',(1.,0.,0.));
#17785 = DEFINITIONAL_REPRESENTATION('',(#17786),#17790);
#17786 = LINE('',#17787,#17788);
#17787 = CARTESIAN_POINT('',(0.,0.));
#17788 = VECTOR('',#17789,1.);
#17789 = DIRECTION('',(0.,1.));
#17790 = ( GEOMETRIC_REPRESENTATION_CONTEXT(2) 
PARAMETRIC_REPRESENTATION_CONTEXT() REPRESENTATION_CONTEXT('2D SPACE',''
  ) );
#17791 = ORIENTED_EDGE('',*,*,#17792,.T.);
#17792 = EDGE_CURVE('',#17765,#17793,#17795,.T.);
#17793 = VERTEX_POINT('',#17794);
#17794 = CARTESIAN_POINT('',(-5.24,-13.25,1.));
#17795 = SURFACE_CURVE('',#17796,(#17800,#17807),.PCURVE_S1.);
#17796 = LINE('',#17797,#17798);
#17797 = CARTESIAN_POINT('',(-5.24,-13.25,0.));
#17798 = VECTOR('',#17799,1.);
#17799 = DIRECTION('',(0.,0.,1.));
#17800 = PCURVE('',#17740,#17801);
#17801 = DEFINITIONAL_REPRESENTATION('',(#17802),#17806);
#17802 = LINE('',#17803,#17804);
#17803 = CARTESIAN_POINT('',(0.,-3.1));
#17804 = VECTOR('',#17805,1.);
#17805 = DIRECTION('',(1.,0.));
#17806 = ( GEOMETRIC_REPRESENTATION_CONTEXT(2) 
PARAMETRIC_REPRESENTATION_CONTEXT() REPRESENTATION_CONTEXT('2D SPACE',''
  ) );
#17807 = PCURVE('',#17808,#17813);
#17808 = PLANE('',#17809);
#17809 = AXIS2_PLACEMENT_3D('',#17810,#17811,#17812);
#17810 = CARTESIAN_POINT('',(-5.24,-13.25,0.));
#17811 = DIRECTION('',(0.,1.,0.));
#17812 = DIRECTION('',(0.,0.,1.));
#17813 = DEFINITIONAL_REPRESENTATION('',(#17814),#17818);
#17814 = LINE('',#17815,#17816);
#17815 = CARTESIAN_POINT('',(0.,0.));
#17816 = VECTOR('',#17817,1.);
#17817 = DIRECTION('',(1.,0.));
#17818 = ( GEOMETRIC_REPRESENTATION_CONTEXT(2) 
PARAMETRIC_REPRESENTATION_CONTEXT() REPRESENTATION_CONTEXT('2D SPACE',''
  ) );
#17819 = ORIENTED_EDGE('',*,*,#17820,.F.);
#17820 = EDGE_CURVE('',#17732,#17793,#17821,.T.);
#17821 = SURFACE_CURVE('',#17822,(#17826,#17833),.PCURVE_S1.);
#17822 = LINE('',#17823,#17824);
#17823 = CARTESIAN_POINT('',(-5.24,-16.35,1.));
#17824 = VECTOR('',#17825,1.);
#17825 = DIRECTION('',(0.,1.,0.));
#17826 = PCURVE('',#17740,#17827);
#17827 = DEFINITIONAL_REPRESENTATION('',(#17828),#17832);
#17828 = LINE('',#17829,#17830);
#17829 = CARTESIAN_POINT('',(1.,0.));
#17830 = VECTOR('',#17831,1.);
#17831 = DIRECTION('',(0.,-1.));
#17832 = ( GEOMETRIC_REPRESENTATION_CONTEXT(2) 
PARAMETRIC_REPRESENTATION_CONTEXT() REPRESENTATION_CONTEXT('2D SPACE',''
  ) );
#17833 = PCURVE('',#17834,#17839);
#17834 = PLANE('',#17835);
#17835 = AXIS2_PLACEMENT_3D('',#17836,#17837,#17838);
#17836 = CARTESIAN_POINT('',(-5.24,-16.35,1.));
#17837 = DIRECTION('',(0.,0.,1.));
#17838 = DIRECTION('',(1.,0.,0.));
#17839 = DEFINITIONAL_REPRESENTATION('',(#17840),#17844);
#17840 = LINE('',#17841,#17842);
#17841 = CARTESIAN_POINT('',(0.,0.));
#17842 = VECTOR('',#17843,1.);
#17843 = DIRECTION('',(0.,1.));
#17844 = ( GEOMETRIC_REPRESENTATION_CONTEXT(2) 
PARAMETRIC_REPRESENTATION_CONTEXT() REPRESENTATION_CONTEXT('2D SPACE',''
  ) );
#17845 = ADVANCED_FACE('',(#17846),#17860,.T.);
#17846 = FACE_BOUND('',#17847,.T.);
#17847 = EDGE_LOOP('',(#17848,#17878,#17901,#17924));
#17848 = ORIENTED_EDGE('',*,*,#17849,.F.);
#17849 = EDGE_CURVE('',#17850,#17852,#17854,.T.);
#17850 = VERTEX_POINT('',#17851);
#17851 = CARTESIAN_POINT('',(-1.29,-16.35,0.));
#17852 = VERTEX_POINT('',#17853);
#17853 = CARTESIAN_POINT('',(-1.29,-16.35,1.));
#17854 = SURFACE_CURVE('',#17855,(#17859,#17871),.PCURVE_S1.);
#17855 = LINE('',#17856,#17857);
#17856 = CARTESIAN_POINT('',(-1.29,-16.35,0.));
#17857 = VECTOR('',#17858,1.);
#17858 = DIRECTION('',(0.,0.,1.));
#17859 = PCURVE('',#17860,#17865);
#17860 = PLANE('',#17861);
#17861 = AXIS2_PLACEMENT_3D('',#17862,#17863,#17864);
#17862 = CARTESIAN_POINT('',(-1.29,-16.35,0.));
#17863 = DIRECTION('',(1.,0.,0.));
#17864 = DIRECTION('',(0.,0.,1.));
#17865 = DEFINITIONAL_REPRESENTATION('',(#17866),#17870);
#17866 = LINE('',#17867,#17868);
#17867 = CARTESIAN_POINT('',(0.,0.));
#17868 = VECTOR('',#17869,1.);
#17869 = DIRECTION('',(1.,0.));
#17870 = ( GEOMETRIC_REPRESENTATION_CONTEXT(2) 
PARAMETRIC_REPRESENTATION_CONTEXT() REPRESENTATION_CONTEXT('2D SPACE',''
  ) );
#17871 = PCURVE('',#17752,#17872);
#17872 = DEFINITIONAL_REPRESENTATION('',(#17873),#17877);
#17873 = LINE('',#17874,#17875);
#17874 = CARTESIAN_POINT('',(0.,3.95));
#17875 = VECTOR('',#17876,1.);
#17876 = DIRECTION('',(1.,0.));
#17877 = ( GEOMETRIC_REPRESENTATION_CONTEXT(2) 
PARAMETRIC_REPRESENTATION_CONTEXT() REPRESENTATION_CONTEXT('2D SPACE',''
  ) );
#17878 = ORIENTED_EDGE('',*,*,#17879,.T.);
#17879 = EDGE_CURVE('',#17850,#17880,#17882,.T.);
#17880 = VERTEX_POINT('',#17881);
#17881 = CARTESIAN_POINT('',(-1.29,-13.25,0.));
#17882 = SURFACE_CURVE('',#17883,(#17887,#17894),.PCURVE_S1.);
#17883 = LINE('',#17884,#17885);
#17884 = CARTESIAN_POINT('',(-1.29,-16.35,0.));
#17885 = VECTOR('',#17886,1.);
#17886 = DIRECTION('',(0.,1.,0.));
#17887 = PCURVE('',#17860,#17888);
#17888 = DEFINITIONAL_REPRESENTATION('',(#17889),#17893);
#17889 = LINE('',#17890,#17891);
#17890 = CARTESIAN_POINT('',(0.,0.));
#17891 = VECTOR('',#17892,1.);
#17892 = DIRECTION('',(0.,-1.));
#17893 = ( GEOMETRIC_REPRESENTATION_CONTEXT(2) 
PARAMETRIC_REPRESENTATION_CONTEXT() REPRESENTATION_CONTEXT('2D SPACE',''
  ) );
#17894 = PCURVE('',#17780,#17895);
#17895 = DEFINITIONAL_REPRESENTATION('',(#17896),#17900);
#17896 = LINE('',#17897,#17898);
#17897 = CARTESIAN_POINT('',(3.95,0.));
#17898 = VECTOR('',#17899,1.);
#17899 = DIRECTION('',(0.,1.));
#17900 = ( GEOMETRIC_REPRESENTATION_CONTEXT(2) 
PARAMETRIC_REPRESENTATION_CONTEXT() REPRESENTATION_CONTEXT('2D SPACE',''
  ) );
#17901 = ORIENTED_EDGE('',*,*,#17902,.T.);
#17902 = EDGE_CURVE('',#17880,#17903,#17905,.T.);
#17903 = VERTEX_POINT('',#17904);
#17904 = CARTESIAN_POINT('',(-1.29,-13.25,1.));
#17905 = SURFACE_CURVE('',#17906,(#17910,#17917),.PCURVE_S1.);
#17906 = LINE('',#17907,#17908);
#17907 = CARTESIAN_POINT('',(-1.29,-13.25,0.));
#17908 = VECTOR('',#17909,1.);
#17909 = DIRECTION('',(0.,0.,1.));
#17910 = PCURVE('',#17860,#17911);
#17911 = DEFINITIONAL_REPRESENTATION('',(#17912),#17916);
#17912 = LINE('',#17913,#17914);
#17913 = CARTESIAN_POINT('',(0.,-3.1));
#17914 = VECTOR('',#17915,1.);
#17915 = DIRECTION('',(1.,0.));
#17916 = ( GEOMETRIC_REPRESENTATION_CONTEXT(2) 
PARAMETRIC_REPRESENTATION_CONTEXT() REPRESENTATION_CONTEXT('2D SPACE',''
  ) );
#17917 = PCURVE('',#17808,#17918);
#17918 = DEFINITIONAL_REPRESENTATION('',(#17919),#17923);
#17919 = LINE('',#17920,#17921);
#17920 = CARTESIAN_POINT('',(0.,3.95));
#17921 = VECTOR('',#17922,1.);
#17922 = DIRECTION('',(1.,0.));
#17923 = ( GEOMETRIC_REPRESENTATION_CONTEXT(2) 
PARAMETRIC_REPRESENTATION_CONTEXT() REPRESENTATION_CONTEXT('2D SPACE',''
  ) );
#17924 = ORIENTED_EDGE('',*,*,#17925,.F.);
#17925 = EDGE_CURVE('',#17852,#17903,#17926,.T.);
#17926 = SURFACE_CURVE('',#17927,(#17931,#17938),.PCURVE_S1.);
#17927 = LINE('',#17928,#17929);
#17928 = CARTESIAN_POINT('',(-1.29,-16.35,1.));
#17929 = VECTOR('',#17930,1.);
#17930 = DIRECTION('',(0.,1.,0.));
#17931 = PCURVE('',#17860,#17932);
#17932 = DEFINITIONAL_REPRESENTATION('',(#17933),#17937);
#17933 = LINE('',#17934,#17935);
#17934 = CARTESIAN_POINT('',(1.,0.));
#17935 = VECTOR('',#17936,1.);
#17936 = DIRECTION('',(0.,-1.));
#17937 = ( GEOMETRIC_REPRESENTATION_CONTEXT(2) 
PARAMETRIC_REPRESENTATION_CONTEXT() REPRESENTATION_CONTEXT('2D SPACE',''
  ) );
#17938 = PCURVE('',#17834,#17939);
#17939 = DEFINITIONAL_REPRESENTATION('',(#17940),#17944);
#17940 = LINE('',#17941,#17942);
#17941 = CARTESIAN_POINT('',(3.95,0.));
#17942 = VECTOR('',#17943,1.);
#17943 = DIRECTION('',(0.,1.));
#17944 = ( GEOMETRIC_REPRESENTATION_CONTEXT(2) 
PARAMETRIC_REPRESENTATION_CONTEXT() REPRESENTATION_CONTEXT('2D SPACE',''
  ) );
#17945 = ADVANCED_FACE('',(#17946),#17752,.F.);
#17946 = FACE_BOUND('',#17947,.F.);
#17947 = EDGE_LOOP('',(#17948,#17969,#17970,#17991));
#17948 = ORIENTED_EDGE('',*,*,#17949,.F.);
#17949 = EDGE_CURVE('',#17730,#17850,#17950,.T.);
#17950 = SURFACE_CURVE('',#17951,(#17955,#17962),.PCURVE_S1.);
#17951 = LINE('',#17952,#17953);
#17952 = CARTESIAN_POINT('',(-5.24,-16.35,0.));
#17953 = VECTOR('',#17954,1.);
#17954 = DIRECTION('',(1.,0.,0.));
#17955 = PCURVE('',#17752,#17956);
#17956 = DEFINITIONAL_REPRESENTATION('',(#17957),#17961);
#17957 = LINE('',#17958,#17959);
#17958 = CARTESIAN_POINT('',(0.,0.));
#17959 = VECTOR('',#17960,1.);
#17960 = DIRECTION('',(0.,1.));
#17961 = ( GEOMETRIC_REPRESENTATION_CONTEXT(2) 
PARAMETRIC_REPRESENTATION_CONTEXT() REPRESENTATION_CONTEXT('2D SPACE',''
  ) );
#17962 = PCURVE('',#17780,#17963);
#17963 = DEFINITIONAL_REPRESENTATION('',(#17964),#17968);
#17964 = LINE('',#17965,#17966);
#17965 = CARTESIAN_POINT('',(0.,0.));
#17966 = VECTOR('',#17967,1.);
#17967 = DIRECTION('',(1.,0.));
#17968 = ( GEOMETRIC_REPRESENTATION_CONTEXT(2) 
PARAMETRIC_REPRESENTATION_CONTEXT() REPRESENTATION_CONTEXT('2D SPACE',''
  ) );
#17969 = ORIENTED_EDGE('',*,*,#17729,.T.);
#17970 = ORIENTED_EDGE('',*,*,#17971,.T.);
#17971 = EDGE_CURVE('',#17732,#17852,#17972,.T.);
#17972 = SURFACE_CURVE('',#17973,(#17977,#17984),.PCURVE_S1.);
#17973 = LINE('',#17974,#17975);
#17974 = CARTESIAN_POINT('',(-5.24,-16.35,1.));
#17975 = VECTOR('',#17976,1.);
#17976 = DIRECTION('',(1.,0.,0.));
#17977 = PCURVE('',#17752,#17978);
#17978 = DEFINITIONAL_REPRESENTATION('',(#17979),#17983);
#17979 = LINE('',#17980,#17981);
#17980 = CARTESIAN_POINT('',(1.,0.));
#17981 = VECTOR('',#17982,1.);
#17982 = DIRECTION('',(0.,1.));
#17983 = ( GEOMETRIC_REPRESENTATION_CONTEXT(2) 
PARAMETRIC_REPRESENTATION_CONTEXT() REPRESENTATION_CONTEXT('2D SPACE',''
  ) );
#17984 = PCURVE('',#17834,#17985);
#17985 = DEFINITIONAL_REPRESENTATION('',(#17986),#17990);
#17986 = LINE('',#17987,#17988);
#17987 = CARTESIAN_POINT('',(0.,0.));
#17988 = VECTOR('',#17989,1.);
#17989 = DIRECTION('',(1.,0.));
#17990 = ( GEOMETRIC_REPRESENTATION_CONTEXT(2) 
PARAMETRIC_REPRESENTATION_CONTEXT() REPRESENTATION_CONTEXT('2D SPACE',''
  ) );
#17991 = ORIENTED_EDGE('',*,*,#17849,.F.);
#17992 = ADVANCED_FACE('',(#17993),#17808,.T.);
#17993 = FACE_BOUND('',#17994,.T.);
#17994 = EDGE_LOOP('',(#17995,#18016,#18017,#18038));
#17995 = ORIENTED_EDGE('',*,*,#17996,.F.);
#17996 = EDGE_CURVE('',#17765,#17880,#17997,.T.);
#17997 = SURFACE_CURVE('',#17998,(#18002,#18009),.PCURVE_S1.);
#17998 = LINE('',#17999,#18000);
#17999 = CARTESIAN_POINT('',(-5.24,-13.25,0.));
#18000 = VECTOR('',#18001,1.);
#18001 = DIRECTION('',(1.,0.,0.));
#18002 = PCURVE('',#17808,#18003);
#18003 = DEFINITIONAL_REPRESENTATION('',(#18004),#18008);
#18004 = LINE('',#18005,#18006);
#18005 = CARTESIAN_POINT('',(0.,0.));
#18006 = VECTOR('',#18007,1.);
#18007 = DIRECTION('',(0.,1.));
#18008 = ( GEOMETRIC_REPRESENTATION_CONTEXT(2) 
PARAMETRIC_REPRESENTATION_CONTEXT() REPRESENTATION_CONTEXT('2D SPACE',''
  ) );
#18009 = PCURVE('',#17780,#18010);
#18010 = DEFINITIONAL_REPRESENTATION('',(#18011),#18015);
#18011 = LINE('',#18012,#18013);
#18012 = CARTESIAN_POINT('',(0.,3.1));
#18013 = VECTOR('',#18014,1.);
#18014 = DIRECTION('',(1.,0.));
#18015 = ( GEOMETRIC_REPRESENTATION_CONTEXT(2) 
PARAMETRIC_REPRESENTATION_CONTEXT() REPRESENTATION_CONTEXT('2D SPACE',''
  ) );
#18016 = ORIENTED_EDGE('',*,*,#17792,.T.);
#18017 = ORIENTED_EDGE('',*,*,#18018,.T.);
#18018 = EDGE_CURVE('',#17793,#17903,#18019,.T.);
#18019 = SURFACE_CURVE('',#18020,(#18024,#18031),.PCURVE_S1.);
#18020 = LINE('',#18021,#18022);
#18021 = CARTESIAN_POINT('',(-5.24,-13.25,1.));
#18022 = VECTOR('',#18023,1.);
#18023 = DIRECTION('',(1.,0.,0.));
#18024 = PCURVE('',#17808,#18025);
#18025 = DEFINITIONAL_REPRESENTATION('',(#18026),#18030);
#18026 = LINE('',#18027,#18028);
#18027 = CARTESIAN_POINT('',(1.,0.));
#18028 = VECTOR('',#18029,1.);
#18029 = DIRECTION('',(0.,1.));
#18030 = ( GEOMETRIC_REPRESENTATION_CONTEXT(2) 
PARAMETRIC_REPRESENTATION_CONTEXT() REPRESENTATION_CONTEXT('2D SPACE',''
  ) );
#18031 = PCURVE('',#17834,#18032);
#18032 = DEFINITIONAL_REPRESENTATION('',(#18033),#18037);
#18033 = LINE('',#18034,#18035);
#18034 = CARTESIAN_POINT('',(0.,3.1));
#18035 = VECTOR('',#18036,1.);
#18036 = DIRECTION('',(1.,0.));
#18037 = ( GEOMETRIC_REPRESENTATION_CONTEXT(2) 
PARAMETRIC_REPRESENTATION_CONTEXT() REPRESENTATION_CONTEXT('2D SPACE',''
  ) );
#18038 = ORIENTED_EDGE('',*,*,#17902,.F.);
#18039 = ADVANCED_FACE('',(#18040),#17780,.F.);
#18040 = FACE_BOUND('',#18041,.F.);
#18041 = EDGE_LOOP('',(#18042,#18043,#18044,#18045));
#18042 = ORIENTED_EDGE('',*,*,#17764,.F.);
#18043 = ORIENTED_EDGE('',*,*,#17949,.T.);
#18044 = ORIENTED_EDGE('',*,*,#17879,.T.);
#18045 = ORIENTED_EDGE('',*,*,#17996,.F.);
#18046 = ADVANCED_FACE('',(#18047),#17834,.T.);
#18047 = FACE_BOUND('',#18048,.T.);
#18048 = EDGE_LOOP('',(#18049,#18050,#18051,#18052));
#18049 = ORIENTED_EDGE('',*,*,#17820,.F.);
#18050 = ORIENTED_EDGE('',*,*,#17971,.T.);
#18051 = ORIENTED_EDGE('',*,*,#17925,.T.);
#18052 = ORIENTED_EDGE('',*,*,#18018,.F.);
#18053 = ( GEOMETRIC_REPRESENTATION_CONTEXT(3) 
GLOBAL_UNCERTAINTY_ASSIGNED_CONTEXT((#18057)) 
GLOBAL_UNIT_ASSIGNED_CONTEXT((#18054,#18055,#18056)) 
REPRESENTATION_CONTEXT('Context #1',
  '3D Context with UNIT and UNCERTAINTY') );
#18054 = ( LENGTH_UNIT() NAMED_UNIT(*) SI_UNIT(.MILLI.,.METRE.) );
#18055 = ( NAMED_UNIT(*) PLANE_ANGLE_UNIT() SI_UNIT($,.RADIAN.) );
#18056 = ( NAMED_UNIT(*) SI_UNIT($,.STERADIAN.) SOLID_ANGLE_UNIT() );
#18057 = UNCERTAINTY_MEASURE_WITH_UNIT(LENGTH_MEASURE(1.E-07),#18054,
  'distance_accuracy_value','confusion accuracy');
#18058 = CONTEXT_DEPENDENT_SHAPE_REPRESENTATION(#18059,#18061);
#18059 = ( REPRESENTATION_RELATIONSHIP('','',#17722,#10) 
REPRESENTATION_RELATIONSHIP_WITH_TRANSFORMATION(#18060) 
SHAPE_REPRESENTATION_RELATIONSHIP() );
#18060 = ITEM_DEFINED_TRANSFORMATION('','',#11,#55);
#18061 = PRODUCT_DEFINITION_SHAPE('Placement','Placement of an item',
  #18062);
#18062 = NEXT_ASSEMBLY_USAGE_OCCURRENCE('11','xtal','',#5,#17717,$);
#18063 = PRODUCT_RELATED_PRODUCT_CATEGORY('part',$,(#17719));
#18064 = SHAPE_DEFINITION_REPRESENTATION(#18065,#18071);
#18065 = PRODUCT_DEFINITION_SHAPE('','',#18066);
#18066 = PRODUCT_DEFINITION('design','',#18067,#18070);
#18067 = PRODUCT_DEFINITION_FORMATION('','',#18068);
#18068 = PRODUCT('qmi8658','qmi8658','',(#18069));
#18069 = PRODUCT_CONTEXT('',#2,'mechanical');
#18070 = PRODUCT_DEFINITION_CONTEXT('part definition',#2,'design');
#18071 = ADVANCED_BREP_SHAPE_REPRESENTATION('',(#11,#18072),#18402);
#18072 = MANIFOLD_SOLID_BREP('',#18073);
#18073 = CLOSED_SHELL('',(#18074,#18194,#18294,#18341,#18388,#18395));
#18074 = ADVANCED_FACE('',(#18075),#18089,.F.);
#18075 = FACE_BOUND('',#18076,.F.);
#18076 = EDGE_LOOP('',(#18077,#18112,#18140,#18168));
#18077 = ORIENTED_EDGE('',*,*,#18078,.F.);
#18078 = EDGE_CURVE('',#18079,#18081,#18083,.T.);
#18079 = VERTEX_POINT('',#18080);
#18080 = CARTESIAN_POINT('',(-1.6,-1.4,0.1));
#18081 = VERTEX_POINT('',#18082);
#18082 = CARTESIAN_POINT('',(-1.6,-1.4,0.88));
#18083 = SURFACE_CURVE('',#18084,(#18088,#18100),.PCURVE_S1.);
#18084 = LINE('',#18085,#18086);
#18085 = CARTESIAN_POINT('',(-1.6,-1.4,0.1));
#18086 = VECTOR('',#18087,1.);
#18087 = DIRECTION('',(0.,0.,1.));
#18088 = PCURVE('',#18089,#18094);
#18089 = PLANE('',#18090);
#18090 = AXIS2_PLACEMENT_3D('',#18091,#18092,#18093);
#18091 = CARTESIAN_POINT('',(-1.6,-1.4,0.1));
#18092 = DIRECTION('',(1.,0.,0.));
#18093 = DIRECTION('',(0.,0.,1.));
#18094 = DEFINITIONAL_REPRESENTATION('',(#18095),#18099);
#18095 = LINE('',#18096,#18097);
#18096 = CARTESIAN_POINT('',(0.,0.));
#18097 = VECTOR('',#18098,1.);
#18098 = DIRECTION('',(1.,0.));
#18099 = ( GEOMETRIC_REPRESENTATION_CONTEXT(2) 
PARAMETRIC_REPRESENTATION_CONTEXT() REPRESENTATION_CONTEXT('2D SPACE',''
  ) );
#18100 = PCURVE('',#18101,#18106);
#18101 = PLANE('',#18102);
#18102 = AXIS2_PLACEMENT_3D('',#18103,#18104,#18105);
#18103 = CARTESIAN_POINT('',(-1.6,-1.4,0.1));
#18104 = DIRECTION('',(0.,1.,0.));
#18105 = DIRECTION('',(0.,0.,1.));
#18106 = DEFINITIONAL_REPRESENTATION('',(#18107),#18111);
#18107 = LINE('',#18108,#18109);
#18108 = CARTESIAN_POINT('',(0.,0.));
#18109 = VECTOR('',#18110,1.);
#18110 = DIRECTION('',(1.,0.));
#18111 = ( GEOMETRIC_REPRESENTATION_CONTEXT(2) 
PARAMETRIC_REPRESENTATION_CONTEXT() REPRESENTATION_CONTEXT('2D SPACE',''
  ) );
#18112 = ORIENTED_EDGE('',*,*,#18113,.T.);
#18113 = EDGE_CURVE('',#18079,#18114,#18116,.T.);
#18114 = VERTEX_POINT('',#18115);
#18115 = CARTESIAN_POINT('',(-1.6,1.8,0.1));
#18116 = SURFACE_CURVE('',#18117,(#18121,#18128),.PCURVE_S1.);
#18117 = LINE('',#18118,#18119);
#18118 = CARTESIAN_POINT('',(-1.6,-1.4,0.1));
#18119 = VECTOR('',#18120,1.);
#18120 = DIRECTION('',(0.,1.,0.));
#18121 = PCURVE('',#18089,#18122);
#18122 = DEFINITIONAL_REPRESENTATION('',(#18123),#18127);
#18123 = LINE('',#18124,#18125);
#18124 = CARTESIAN_POINT('',(0.,0.));
#18125 = VECTOR('',#18126,1.);
#18126 = DIRECTION('',(0.,-1.));
#18127 = ( GEOMETRIC_REPRESENTATION_CONTEXT(2) 
PARAMETRIC_REPRESENTATION_CONTEXT() REPRESENTATION_CONTEXT('2D SPACE',''
  ) );
#18128 = PCURVE('',#18129,#18134);
#18129 = PLANE('',#18130);
#18130 = AXIS2_PLACEMENT_3D('',#18131,#18132,#18133);
#18131 = CARTESIAN_POINT('',(-1.6,-1.4,0.1));
#18132 = DIRECTION('',(0.,0.,1.));
#18133 = DIRECTION('',(1.,0.,0.));
#18134 = DEFINITIONAL_REPRESENTATION('',(#18135),#18139);
#18135 = LINE('',#18136,#18137);
#18136 = CARTESIAN_POINT('',(0.,0.));
#18137 = VECTOR('',#18138,1.);
#18138 = DIRECTION('',(0.,1.));
#18139 = ( GEOMETRIC_REPRESENTATION_CONTEXT(2) 
PARAMETRIC_REPRESENTATION_CONTEXT() REPRESENTATION_CONTEXT('2D SPACE',''
  ) );
#18140 = ORIENTED_EDGE('',*,*,#18141,.T.);
#18141 = EDGE_CURVE('',#18114,#18142,#18144,.T.);
#18142 = VERTEX_POINT('',#18143);
#18143 = CARTESIAN_POINT('',(-1.6,1.8,0.88));
#18144 = SURFACE_CURVE('',#18145,(#18149,#18156),.PCURVE_S1.);
#18145 = LINE('',#18146,#18147);
#18146 = CARTESIAN_POINT('',(-1.6,1.8,0.1));
#18147 = VECTOR('',#18148,1.);
#18148 = DIRECTION('',(0.,0.,1.));
#18149 = PCURVE('',#18089,#18150);
#18150 = DEFINITIONAL_REPRESENTATION('',(#18151),#18155);
#18151 = LINE('',#18152,#18153);
#18152 = CARTESIAN_POINT('',(0.,-3.2));
#18153 = VECTOR('',#18154,1.);
#18154 = DIRECTION('',(1.,0.));
#18155 = ( GEOMETRIC_REPRESENTATION_CONTEXT(2) 
PARAMETRIC_REPRESENTATION_CONTEXT() REPRESENTATION_CONTEXT('2D SPACE',''
  ) );
#18156 = PCURVE('',#18157,#18162);
#18157 = PLANE('',#18158);
#18158 = AXIS2_PLACEMENT_3D('',#18159,#18160,#18161);
#18159 = CARTESIAN_POINT('',(-1.6,1.8,0.1));
#18160 = DIRECTION('',(0.,1.,0.));
#18161 = DIRECTION('',(0.,0.,1.));
#18162 = DEFINITIONAL_REPRESENTATION('',(#18163),#18167);
#18163 = LINE('',#18164,#18165);
#18164 = CARTESIAN_POINT('',(0.,0.));
#18165 = VECTOR('',#18166,1.);
#18166 = DIRECTION('',(1.,0.));
#18167 = ( GEOMETRIC_REPRESENTATION_CONTEXT(2) 
PARAMETRIC_REPRESENTATION_CONTEXT() REPRESENTATION_CONTEXT('2D SPACE',''
  ) );
#18168 = ORIENTED_EDGE('',*,*,#18169,.F.);
#18169 = EDGE_CURVE('',#18081,#18142,#18170,.T.);
#18170 = SURFACE_CURVE('',#18171,(#18175,#18182),.PCURVE_S1.);
#18171 = LINE('',#18172,#18173);
#18172 = CARTESIAN_POINT('',(-1.6,-1.4,0.88));
#18173 = VECTOR('',#18174,1.);
#18174 = DIRECTION('',(0.,1.,0.));
#18175 = PCURVE('',#18089,#18176);
#18176 = DEFINITIONAL_REPRESENTATION('',(#18177),#18181);
#18177 = LINE('',#18178,#18179);
#18178 = CARTESIAN_POINT('',(0.78,0.));
#18179 = VECTOR('',#18180,1.);
#18180 = DIRECTION('',(0.,-1.));
#18181 = ( GEOMETRIC_REPRESENTATION_CONTEXT(2) 
PARAMETRIC_REPRESENTATION_CONTEXT() REPRESENTATION_CONTEXT('2D SPACE',''
  ) );
#18182 = PCURVE('',#18183,#18188);
#18183 = PLANE('',#18184);
#18184 = AXIS2_PLACEMENT_3D('',#18185,#18186,#18187);
#18185 = CARTESIAN_POINT('',(-1.6,-1.4,0.88));
#18186 = DIRECTION('',(0.,0.,1.));
#18187 = DIRECTION('',(1.,0.,0.));
#18188 = DEFINITIONAL_REPRESENTATION('',(#18189),#18193);
#18189 = LINE('',#18190,#18191);
#18190 = CARTESIAN_POINT('',(0.,0.));
#18191 = VECTOR('',#18192,1.);
#18192 = DIRECTION('',(0.,1.));
#18193 = ( GEOMETRIC_REPRESENTATION_CONTEXT(2) 
PARAMETRIC_REPRESENTATION_CONTEXT() REPRESENTATION_CONTEXT('2D SPACE',''
  ) );
#18194 = ADVANCED_FACE('',(#18195),#18209,.T.);
#18195 = FACE_BOUND('',#18196,.T.);
#18196 = EDGE_LOOP('',(#18197,#18227,#18250,#18273));
#18197 = ORIENTED_EDGE('',*,*,#18198,.F.);
#18198 = EDGE_CURVE('',#18199,#18201,#18203,.T.);
#18199 = VERTEX_POINT('',#18200);
#18200 = CARTESIAN_POINT('',(1.05,-1.4,0.1));
#18201 = VERTEX_POINT('',#18202);
#18202 = CARTESIAN_POINT('',(1.05,-1.4,0.88));
#18203 = SURFACE_CURVE('',#18204,(#18208,#18220),.PCURVE_S1.);
#18204 = LINE('',#18205,#18206);
#18205 = CARTESIAN_POINT('',(1.05,-1.4,0.1));
#18206 = VECTOR('',#18207,1.);
#18207 = DIRECTION('',(0.,0.,1.));
#18208 = PCURVE('',#18209,#18214);
#18209 = PLANE('',#18210);
#18210 = AXIS2_PLACEMENT_3D('',#18211,#18212,#18213);
#18211 = CARTESIAN_POINT('',(1.05,-1.4,0.1));
#18212 = DIRECTION('',(1.,0.,0.));
#18213 = DIRECTION('',(0.,0.,1.));
#18214 = DEFINITIONAL_REPRESENTATION('',(#18215),#18219);
#18215 = LINE('',#18216,#18217);
#18216 = CARTESIAN_POINT('',(0.,0.));
#18217 = VECTOR('',#18218,1.);
#18218 = DIRECTION('',(1.,0.));
#18219 = ( GEOMETRIC_REPRESENTATION_CONTEXT(2) 
PARAMETRIC_REPRESENTATION_CONTEXT() REPRESENTATION_CONTEXT('2D SPACE',''
  ) );
#18220 = PCURVE('',#18101,#18221);
#18221 = DEFINITIONAL_REPRESENTATION('',(#18222),#18226);
#18222 = LINE('',#18223,#18224);
#18223 = CARTESIAN_POINT('',(0.,2.65));
#18224 = VECTOR('',#18225,1.);
#18225 = DIRECTION('',(1.,0.));
#18226 = ( GEOMETRIC_REPRESENTATION_CONTEXT(2) 
PARAMETRIC_REPRESENTATION_CONTEXT() REPRESENTATION_CONTEXT('2D SPACE',''
  ) );
#18227 = ORIENTED_EDGE('',*,*,#18228,.T.);
#18228 = EDGE_CURVE('',#18199,#18229,#18231,.T.);
#18229 = VERTEX_POINT('',#18230);
#18230 = CARTESIAN_POINT('',(1.05,1.8,0.1));
#18231 = SURFACE_CURVE('',#18232,(#18236,#18243),.PCURVE_S1.);
#18232 = LINE('',#18233,#18234);
#18233 = CARTESIAN_POINT('',(1.05,-1.4,0.1));
#18234 = VECTOR('',#18235,1.);
#18235 = DIRECTION('',(0.,1.,0.));
#18236 = PCURVE('',#18209,#18237);
#18237 = DEFINITIONAL_REPRESENTATION('',(#18238),#18242);
#18238 = LINE('',#18239,#18240);
#18239 = CARTESIAN_POINT('',(0.,0.));
#18240 = VECTOR('',#18241,1.);
#18241 = DIRECTION('',(0.,-1.));
#18242 = ( GEOMETRIC_REPRESENTATION_CONTEXT(2) 
PARAMETRIC_REPRESENTATION_CONTEXT() REPRESENTATION_CONTEXT('2D SPACE',''
  ) );
#18243 = PCURVE('',#18129,#18244);
#18244 = DEFINITIONAL_REPRESENTATION('',(#18245),#18249);
#18245 = LINE('',#18246,#18247);
#18246 = CARTESIAN_POINT('',(2.65,0.));
#18247 = VECTOR('',#18248,1.);
#18248 = DIRECTION('',(0.,1.));
#18249 = ( GEOMETRIC_REPRESENTATION_CONTEXT(2) 
PARAMETRIC_REPRESENTATION_CONTEXT() REPRESENTATION_CONTEXT('2D SPACE',''
  ) );
#18250 = ORIENTED_EDGE('',*,*,#18251,.T.);
#18251 = EDGE_CURVE('',#18229,#18252,#18254,.T.);
#18252 = VERTEX_POINT('',#18253);
#18253 = CARTESIAN_POINT('',(1.05,1.8,0.88));
#18254 = SURFACE_CURVE('',#18255,(#18259,#18266),.PCURVE_S1.);
#18255 = LINE('',#18256,#18257);
#18256 = CARTESIAN_POINT('',(1.05,1.8,0.1));
#18257 = VECTOR('',#18258,1.);
#18258 = DIRECTION('',(0.,0.,1.));
#18259 = PCURVE('',#18209,#18260);
#18260 = DEFINITIONAL_REPRESENTATION('',(#18261),#18265);
#18261 = LINE('',#18262,#18263);
#18262 = CARTESIAN_POINT('',(0.,-3.2));
#18263 = VECTOR('',#18264,1.);
#18264 = DIRECTION('',(1.,0.));
#18265 = ( GEOMETRIC_REPRESENTATION_CONTEXT(2) 
PARAMETRIC_REPRESENTATION_CONTEXT() REPRESENTATION_CONTEXT('2D SPACE',''
  ) );
#18266 = PCURVE('',#18157,#18267);
#18267 = DEFINITIONAL_REPRESENTATION('',(#18268),#18272);
#18268 = LINE('',#18269,#18270);
#18269 = CARTESIAN_POINT('',(0.,2.65));
#18270 = VECTOR('',#18271,1.);
#18271 = DIRECTION('',(1.,0.));
#18272 = ( GEOMETRIC_REPRESENTATION_CONTEXT(2) 
PARAMETRIC_REPRESENTATION_CONTEXT() REPRESENTATION_CONTEXT('2D SPACE',''
  ) );
#18273 = ORIENTED_EDGE('',*,*,#18274,.F.);
#18274 = EDGE_CURVE('',#18201,#18252,#18275,.T.);
#18275 = SURFACE_CURVE('',#18276,(#18280,#18287),.PCURVE_S1.);
#18276 = LINE('',#18277,#18278);
#18277 = CARTESIAN_POINT('',(1.05,-1.4,0.88));
#18278 = VECTOR('',#18279,1.);
#18279 = DIRECTION('',(0.,1.,0.));
#18280 = PCURVE('',#18209,#18281);
#18281 = DEFINITIONAL_REPRESENTATION('',(#18282),#18286);
#18282 = LINE('',#18283,#18284);
#18283 = CARTESIAN_POINT('',(0.78,0.));
#18284 = VECTOR('',#18285,1.);
#18285 = DIRECTION('',(0.,-1.));
#18286 = ( GEOMETRIC_REPRESENTATION_CONTEXT(2) 
PARAMETRIC_REPRESENTATION_CONTEXT() REPRESENTATION_CONTEXT('2D SPACE',''
  ) );
#18287 = PCURVE('',#18183,#18288);
#18288 = DEFINITIONAL_REPRESENTATION('',(#18289),#18293);
#18289 = LINE('',#18290,#18291);
#18290 = CARTESIAN_POINT('',(2.65,0.));
#18291 = VECTOR('',#18292,1.);
#18292 = DIRECTION('',(0.,1.));
#18293 = ( GEOMETRIC_REPRESENTATION_CONTEXT(2) 
PARAMETRIC_REPRESENTATION_CONTEXT() REPRESENTATION_CONTEXT('2D SPACE',''
  ) );
#18294 = ADVANCED_FACE('',(#18295),#18101,.F.);
#18295 = FACE_BOUND('',#18296,.F.);
#18296 = EDGE_LOOP('',(#18297,#18318,#18319,#18340));
#18297 = ORIENTED_EDGE('',*,*,#18298,.F.);
#18298 = EDGE_CURVE('',#18079,#18199,#18299,.T.);
#18299 = SURFACE_CURVE('',#18300,(#18304,#18311),.PCURVE_S1.);
#18300 = LINE('',#18301,#18302);
#18301 = CARTESIAN_POINT('',(-1.6,-1.4,0.1));
#18302 = VECTOR('',#18303,1.);
#18303 = DIRECTION('',(1.,0.,0.));
#18304 = PCURVE('',#18101,#18305);
#18305 = DEFINITIONAL_REPRESENTATION('',(#18306),#18310);
#18306 = LINE('',#18307,#18308);
#18307 = CARTESIAN_POINT('',(0.,0.));
#18308 = VECTOR('',#18309,1.);
#18309 = DIRECTION('',(0.,1.));
#18310 = ( GEOMETRIC_REPRESENTATION_CONTEXT(2) 
PARAMETRIC_REPRESENTATION_CONTEXT() REPRESENTATION_CONTEXT('2D SPACE',''
  ) );
#18311 = PCURVE('',#18129,#18312);
#18312 = DEFINITIONAL_REPRESENTATION('',(#18313),#18317);
#18313 = LINE('',#18314,#18315);
#18314 = CARTESIAN_POINT('',(0.,0.));
#18315 = VECTOR('',#18316,1.);
#18316 = DIRECTION('',(1.,0.));
#18317 = ( GEOMETRIC_REPRESENTATION_CONTEXT(2) 
PARAMETRIC_REPRESENTATION_CONTEXT() REPRESENTATION_CONTEXT('2D SPACE',''
  ) );
#18318 = ORIENTED_EDGE('',*,*,#18078,.T.);
#18319 = ORIENTED_EDGE('',*,*,#18320,.T.);
#18320 = EDGE_CURVE('',#18081,#18201,#18321,.T.);
#18321 = SURFACE_CURVE('',#18322,(#18326,#18333),.PCURVE_S1.);
#18322 = LINE('',#18323,#18324);
#18323 = CARTESIAN_POINT('',(-1.6,-1.4,0.88));
#18324 = VECTOR('',#18325,1.);
#18325 = DIRECTION('',(1.,0.,0.));
#18326 = PCURVE('',#18101,#18327);
#18327 = DEFINITIONAL_REPRESENTATION('',(#18328),#18332);
#18328 = LINE('',#18329,#18330);
#18329 = CARTESIAN_POINT('',(0.78,0.));
#18330 = VECTOR('',#18331,1.);
#18331 = DIRECTION('',(0.,1.));
#18332 = ( GEOMETRIC_REPRESENTATION_CONTEXT(2) 
PARAMETRIC_REPRESENTATION_CONTEXT() REPRESENTATION_CONTEXT('2D SPACE',''
  ) );
#18333 = PCURVE('',#18183,#18334);
#18334 = DEFINITIONAL_REPRESENTATION('',(#18335),#18339);
#18335 = LINE('',#18336,#18337);
#18336 = CARTESIAN_POINT('',(0.,0.));
#18337 = VECTOR('',#18338,1.);
#18338 = DIRECTION('',(1.,0.));
#18339 = ( GEOMETRIC_REPRESENTATION_CONTEXT(2) 
PARAMETRIC_REPRESENTATION_CONTEXT() REPRESENTATION_CONTEXT('2D SPACE',''
  ) );
#18340 = ORIENTED_EDGE('',*,*,#18198,.F.);
#18341 = ADVANCED_FACE('',(#18342),#18157,.T.);
#18342 = FACE_BOUND('',#18343,.T.);
#18343 = EDGE_LOOP('',(#18344,#18365,#18366,#18387));
#18344 = ORIENTED_EDGE('',*,*,#18345,.F.);
#18345 = EDGE_CURVE('',#18114,#18229,#18346,.T.);
#18346 = SURFACE_CURVE('',#18347,(#18351,#18358),.PCURVE_S1.);
#18347 = LINE('',#18348,#18349);
#18348 = CARTESIAN_POINT('',(-1.6,1.8,0.1));
#18349 = VECTOR('',#18350,1.);
#18350 = DIRECTION('',(1.,0.,0.));
#18351 = PCURVE('',#18157,#18352);
#18352 = DEFINITIONAL_REPRESENTATION('',(#18353),#18357);
#18353 = LINE('',#18354,#18355);
#18354 = CARTESIAN_POINT('',(0.,0.));
#18355 = VECTOR('',#18356,1.);
#18356 = DIRECTION('',(0.,1.));
#18357 = ( GEOMETRIC_REPRESENTATION_CONTEXT(2) 
PARAMETRIC_REPRESENTATION_CONTEXT() REPRESENTATION_CONTEXT('2D SPACE',''
  ) );
#18358 = PCURVE('',#18129,#18359);
#18359 = DEFINITIONAL_REPRESENTATION('',(#18360),#18364);
#18360 = LINE('',#18361,#18362);
#18361 = CARTESIAN_POINT('',(0.,3.2));
#18362 = VECTOR('',#18363,1.);
#18363 = DIRECTION('',(1.,0.));
#18364 = ( GEOMETRIC_REPRESENTATION_CONTEXT(2) 
PARAMETRIC_REPRESENTATION_CONTEXT() REPRESENTATION_CONTEXT('2D SPACE',''
  ) );
#18365 = ORIENTED_EDGE('',*,*,#18141,.T.);
#18366 = ORIENTED_EDGE('',*,*,#18367,.T.);
#18367 = EDGE_CURVE('',#18142,#18252,#18368,.T.);
#18368 = SURFACE_CURVE('',#18369,(#18373,#18380),.PCURVE_S1.);
#18369 = LINE('',#18370,#18371);
#18370 = CARTESIAN_POINT('',(-1.6,1.8,0.88));
#18371 = VECTOR('',#18372,1.);
#18372 = DIRECTION('',(1.,0.,0.));
#18373 = PCURVE('',#18157,#18374);
#18374 = DEFINITIONAL_REPRESENTATION('',(#18375),#18379);
#18375 = LINE('',#18376,#18377);
#18376 = CARTESIAN_POINT('',(0.78,0.));
#18377 = VECTOR('',#18378,1.);
#18378 = DIRECTION('',(0.,1.));
#18379 = ( GEOMETRIC_REPRESENTATION_CONTEXT(2) 
PARAMETRIC_REPRESENTATION_CONTEXT() REPRESENTATION_CONTEXT('2D SPACE',''
  ) );
#18380 = PCURVE('',#18183,#18381);
#18381 = DEFINITIONAL_REPRESENTATION('',(#18382),#18386);
#18382 = LINE('',#18383,#18384);
#18383 = CARTESIAN_POINT('',(0.,3.2));
#18384 = VECTOR('',#18385,1.);
#18385 = DIRECTION('',(1.,0.));
#18386 = ( GEOMETRIC_REPRESENTATION_CONTEXT(2) 
PARAMETRIC_REPRESENTATION_CONTEXT() REPRESENTATION_CONTEXT('2D SPACE',''
  ) );
#18387 = ORIENTED_EDGE('',*,*,#18251,.F.);
#18388 = ADVANCED_FACE('',(#18389),#18129,.F.);
#18389 = FACE_BOUND('',#18390,.F.);
#18390 = EDGE_LOOP('',(#18391,#18392,#18393,#18394));
#18391 = ORIENTED_EDGE('',*,*,#18113,.F.);
#18392 = ORIENTED_EDGE('',*,*,#18298,.T.);
#18393 = ORIENTED_EDGE('',*,*,#18228,.T.);
#18394 = ORIENTED_EDGE('',*,*,#18345,.F.);
#18395 = ADVANCED_FACE('',(#18396),#18183,.T.);
#18396 = FACE_BOUND('',#18397,.T.);
#18397 = EDGE_LOOP('',(#18398,#18399,#18400,#18401));
#18398 = ORIENTED_EDGE('',*,*,#18169,.F.);
#18399 = ORIENTED_EDGE('',*,*,#18320,.T.);
#18400 = ORIENTED_EDGE('',*,*,#18274,.T.);
#18401 = ORIENTED_EDGE('',*,*,#18367,.F.);
#18402 = ( GEOMETRIC_REPRESENTATION_CONTEXT(3) 
GLOBAL_UNCERTAINTY_ASSIGNED_CONTEXT((#18406)) 
GLOBAL_UNIT_ASSIGNED_CONTEXT((#18403,#18404,#18405)) 
REPRESENTATION_CONTEXT('Context #1',
  '3D Context with UNIT and UNCERTAINTY') );
#18403 = ( LENGTH_UNIT() NAMED_UNIT(*) SI_UNIT(.MILLI.,.METRE.) );
#18404 = ( NAMED_UNIT(*) PLANE_ANGLE_UNIT() SI_UNIT($,.RADIAN.) );
#18405 = ( NAMED_UNIT(*) SI_UNIT($,.STERADIAN.) SOLID_ANGLE_UNIT() );
#18406 = UNCERTAINTY_MEASURE_WITH_UNIT(LENGTH_MEASURE(1.E-07),#18403,
  'distance_accuracy_value','confusion accuracy');
#18407 = CONTEXT_DEPENDENT_SHAPE_REPRESENTATION(#18408,#18410);
#18408 = ( REPRESENTATION_RELATIONSHIP('','',#18071,#10) 
REPRESENTATION_RELATIONSHIP_WITH_TRANSFORMATION(#18409) 
SHAPE_REPRESENTATION_RELATIONSHIP() );
#18409 = ITEM_DEFINED_TRANSFORMATION('','',#11,#59);
#18410 = PRODUCT_DEFINITION_SHAPE('Placement','Placement of an item',
  #18411);
#18411 = NEXT_ASSEMBLY_USAGE_OCCURRENCE('12','qmi8658','',#5,#18066,$);
#18412 = PRODUCT_RELATED_PRODUCT_CATEGORY('part',$,(#18068));
#18413 = SHAPE_DEFINITION_REPRESENTATION(#18414,#18420);
#18414 = PRODUCT_DEFINITION_SHAPE('','',#18415);
#18415 = PRODUCT_DEFINITION('design','',#18416,#18419);
#18416 = PRODUCT_DEFINITION_FORMATION('','',#18417);
#18417 = PRODUCT('sw_boot','sw_boot','',(#18418));
#18418 = PRODUCT_CONTEXT('',#2,'mechanical');
#18419 = PRODUCT_DEFINITION_CONTEXT('part definition',#2,'design');
#18420 = ADVANCED_BREP_SHAPE_REPRESENTATION('',(#11,#18421),#19381);
#18421 = MANIFOLD_SOLID_BREP('',#18422);
#18422 = CLOSED_SHELL('',(#18423,#18655,#18729,#18778,#18827,#18876,
    #18923,#18972,#19135,#19162,#19173,#19249,#19298,#19347,#19374));
#18423 = ADVANCED_FACE('',(#18424),#18438,.F.);
#18424 = FACE_BOUND('',#18425,.F.);
#18425 = EDGE_LOOP('',(#18426,#18461,#18489,#18517,#18545,#18573,#18601,
    #18629));
#18426 = ORIENTED_EDGE('',*,*,#18427,.F.);
#18427 = EDGE_CURVE('',#18428,#18430,#18432,.T.);
#18428 = VERTEX_POINT('',#18429);
#18429 = CARTESIAN_POINT('',(-12.28,-12.12,0.2));
#18430 = VERTEX_POINT('',#18431);
#18431 = CARTESIAN_POINT('',(-12.28,-11.62,0.2));
#18432 = SURFACE_CURVE('',#18433,(#18437,#18449),.PCURVE_S1.);
#18433 = LINE('',#18434,#18435);
#18434 = CARTESIAN_POINT('',(-12.28,-12.12,0.2));
#18435 = VECTOR('',#18436,1.);
#18436 = DIRECTION('',(0.,1.,0.));
#18437 = PCURVE('',#18438,#18443);
#18438 = PLANE('',#18439);
#18439 = AXIS2_PLACEMENT_3D('',#18440,#18441,#18442);
#18440 = CARTESIAN_POINT('',(-12.28,-12.12,0.));
#18441 = DIRECTION('',(1.,0.,0.));
#18442 = DIRECTION('',(0.,0.,1.));
#18443 = DEFINITIONAL_REPRESENTATION('',(#18444),#18448);
#18444 = LINE('',#18445,#18446);
#18445 = CARTESIAN_POINT('',(0.2,0.));
#18446 = VECTOR('',#18447,1.);
#18447 = DIRECTION('',(0.,-1.));
#18448 = ( GEOMETRIC_REPRESENTATION_CONTEXT(2) 
PARAMETRIC_REPRESENTATION_CONTEXT() REPRESENTATION_CONTEXT('2D SPACE',''
  ) );
#18449 = PCURVE('',#18450,#18455);
#18450 = PLANE('',#18451);
#18451 = AXIS2_PLACEMENT_3D('',#18452,#18453,#18454);
#18452 = CARTESIAN_POINT('',(-12.28,-12.12,0.2));
#18453 = DIRECTION('',(0.,0.,1.));
#18454 = DIRECTION('',(1.,0.,0.));
#18455 = DEFINITIONAL_REPRESENTATION('',(#18456),#18460);
#18456 = LINE('',#18457,#18458);
#18457 = CARTESIAN_POINT('',(0.,0.));
#18458 = VECTOR('',#18459,1.);
#18459 = DIRECTION('',(0.,1.));
#18460 = ( GEOMETRIC_REPRESENTATION_CONTEXT(2) 
PARAMETRIC_REPRESENTATION_CONTEXT() REPRESENTATION_CONTEXT('2D SPACE',''
  ) );
#18461 = ORIENTED_EDGE('',*,*,#18462,.F.);
#18462 = EDGE_CURVE('',#18463,#18428,#18465,.T.);
#18463 = VERTEX_POINT('',#18464);
#18464 = CARTESIAN_POINT('',(-12.28,-12.12,0.));
#18465 = SURFACE_CURVE('',#18466,(#18470,#18477),.PCURVE_S1.);
#18466 = LINE('',#18467,#18468);
#18467 = CARTESIAN_POINT('',(-12.28,-12.12,0.));
#18468 = VECTOR('',#18469,1.);
#18469 = DIRECTION('',(0.,0.,1.));
#18470 = PCURVE('',#18438,#18471);
#18471 = DEFINITIONAL_REPRESENTATION('',(#18472),#18476);
#18472 = LINE('',#18473,#18474);
#18473 = CARTESIAN_POINT('',(0.,0.));
#18474 = VECTOR('',#18475,1.);
#18475 = DIRECTION('',(1.,0.));
#18476 = ( GEOMETRIC_REPRESENTATION_CONTEXT(2) 
PARAMETRIC_REPRESENTATION_CONTEXT() REPRESENTATION_CONTEXT('2D SPACE',''
  ) );
#18477 = PCURVE('',#18478,#18483);
#18478 = PLANE('',#18479);
#18479 = AXIS2_PLACEMENT_3D('',#18480,#18481,#18482);
#18480 = CARTESIAN_POINT('',(-12.28,-12.12,0.));
#18481 = DIRECTION('',(0.,1.,0.));
#18482 = DIRECTION('',(0.,0.,1.));
#18483 = DEFINITIONAL_REPRESENTATION('',(#18484),#18488);
#18484 = LINE('',#18485,#18486);
#18485 = CARTESIAN_POINT('',(0.,0.));
#18486 = VECTOR('',#18487,1.);
#18487 = DIRECTION('',(1.,0.));
#18488 = ( GEOMETRIC_REPRESENTATION_CONTEXT(2) 
PARAMETRIC_REPRESENTATION_CONTEXT() REPRESENTATION_CONTEXT('2D SPACE',''
  ) );
#18489 = ORIENTED_EDGE('',*,*,#18490,.F.);
#18490 = EDGE_CURVE('',#18491,#18463,#18493,.T.);
#18491 = VERTEX_POINT('',#18492);
#18492 = CARTESIAN_POINT('',(-12.28,-7.47,0.));
#18493 = SURFACE_CURVE('',#18494,(#18498,#18505),.PCURVE_S1.);
#18494 = LINE('',#18495,#18496);
#18495 = CARTESIAN_POINT('',(-12.28,-7.47,0.));
#18496 = VECTOR('',#18497,1.);
#18497 = DIRECTION('',(0.,-1.,0.));
#18498 = PCURVE('',#18438,#18499);
#18499 = DEFINITIONAL_REPRESENTATION('',(#18500),#18504);
#18500 = LINE('',#18501,#18502);
#18501 = CARTESIAN_POINT('',(0.,-4.65));
#18502 = VECTOR('',#18503,1.);
#18503 = DIRECTION('',(0.,1.));
#18504 = ( GEOMETRIC_REPRESENTATION_CONTEXT(2) 
PARAMETRIC_REPRESENTATION_CONTEXT() REPRESENTATION_CONTEXT('2D SPACE',''
  ) );
#18505 = PCURVE('',#18506,#18511);
#18506 = PLANE('',#18507);
#18507 = AXIS2_PLACEMENT_3D('',#18508,#18509,#18510);
#18508 = CARTESIAN_POINT('',(-12.28,-12.12,0.));
#18509 = DIRECTION('',(0.,0.,1.));
#18510 = DIRECTION('',(1.,0.,0.));
#18511 = DEFINITIONAL_REPRESENTATION('',(#18512),#18516);
#18512 = LINE('',#18513,#18514);
#18513 = CARTESIAN_POINT('',(0.,4.65));
#18514 = VECTOR('',#18515,1.);
#18515 = DIRECTION('',(0.,-1.));
#18516 = ( GEOMETRIC_REPRESENTATION_CONTEXT(2) 
PARAMETRIC_REPRESENTATION_CONTEXT() REPRESENTATION_CONTEXT('2D SPACE',''
  ) );
#18517 = ORIENTED_EDGE('',*,*,#18518,.T.);
#18518 = EDGE_CURVE('',#18491,#18519,#18521,.T.);
#18519 = VERTEX_POINT('',#18520);
#18520 = CARTESIAN_POINT('',(-12.28,-7.47,0.2));
#18521 = SURFACE_CURVE('',#18522,(#18526,#18533),.PCURVE_S1.);
#18522 = LINE('',#18523,#18524);
#18523 = CARTESIAN_POINT('',(-12.28,-7.47,0.));
#18524 = VECTOR('',#18525,1.);
#18525 = DIRECTION('',(0.,0.,1.));
#18526 = PCURVE('',#18438,#18527);
#18527 = DEFINITIONAL_REPRESENTATION('',(#18528),#18532);
#18528 = LINE('',#18529,#18530);
#18529 = CARTESIAN_POINT('',(0.,-4.65));
#18530 = VECTOR('',#18531,1.);
#18531 = DIRECTION('',(1.,0.));
#18532 = ( GEOMETRIC_REPRESENTATION_CONTEXT(2) 
PARAMETRIC_REPRESENTATION_CONTEXT() REPRESENTATION_CONTEXT('2D SPACE',''
  ) );
#18533 = PCURVE('',#18534,#18539);
#18534 = PLANE('',#18535);
#18535 = AXIS2_PLACEMENT_3D('',#18536,#18537,#18538);
#18536 = CARTESIAN_POINT('',(-12.28,-7.47,0.));
#18537 = DIRECTION('',(0.,1.,0.));
#18538 = DIRECTION('',(0.,0.,1.));
#18539 = DEFINITIONAL_REPRESENTATION('',(#18540),#18544);
#18540 = LINE('',#18541,#18542);
#18541 = CARTESIAN_POINT('',(0.,0.));
#18542 = VECTOR('',#18543,1.);
#18543 = DIRECTION('',(1.,0.));
#18544 = ( GEOMETRIC_REPRESENTATION_CONTEXT(2) 
PARAMETRIC_REPRESENTATION_CONTEXT() REPRESENTATION_CONTEXT('2D SPACE',''
  ) );
#18545 = ORIENTED_EDGE('',*,*,#18546,.F.);
#18546 = EDGE_CURVE('',#18547,#18519,#18549,.T.);
#18547 = VERTEX_POINT('',#18548);
#18548 = CARTESIAN_POINT('',(-12.28,-7.97,0.2));
#18549 = SURFACE_CURVE('',#18550,(#18554,#18561),.PCURVE_S1.);
#18550 = LINE('',#18551,#18552);
#18551 = CARTESIAN_POINT('',(-12.28,-12.12,0.2));
#18552 = VECTOR('',#18553,1.);
#18553 = DIRECTION('',(0.,1.,0.));
#18554 = PCURVE('',#18438,#18555);
#18555 = DEFINITIONAL_REPRESENTATION('',(#18556),#18560);
#18556 = LINE('',#18557,#18558);
#18557 = CARTESIAN_POINT('',(0.2,0.));
#18558 = VECTOR('',#18559,1.);
#18559 = DIRECTION('',(0.,-1.));
#18560 = ( GEOMETRIC_REPRESENTATION_CONTEXT(2) 
PARAMETRIC_REPRESENTATION_CONTEXT() REPRESENTATION_CONTEXT('2D SPACE',''
  ) );
#18561 = PCURVE('',#18562,#18567);
#18562 = PLANE('',#18563);
#18563 = AXIS2_PLACEMENT_3D('',#18564,#18565,#18566);
#18564 = CARTESIAN_POINT('',(-12.28,-12.12,0.2));
#18565 = DIRECTION('',(0.,0.,1.));
#18566 = DIRECTION('',(1.,0.,0.));
#18567 = DEFINITIONAL_REPRESENTATION('',(#18568),#18572);
#18568 = LINE('',#18569,#18570);
#18569 = CARTESIAN_POINT('',(0.,0.));
#18570 = VECTOR('',#18571,1.);
#18571 = DIRECTION('',(0.,1.));
#18572 = ( GEOMETRIC_REPRESENTATION_CONTEXT(2) 
PARAMETRIC_REPRESENTATION_CONTEXT() REPRESENTATION_CONTEXT('2D SPACE',''
  ) );
#18573 = ORIENTED_EDGE('',*,*,#18574,.T.);
#18574 = EDGE_CURVE('',#18547,#18575,#18577,.T.);
#18575 = VERTEX_POINT('',#18576);
#18576 = CARTESIAN_POINT('',(-12.28,-7.97,1.35));
#18577 = SURFACE_CURVE('',#18578,(#18582,#18589),.PCURVE_S1.);
#18578 = LINE('',#18579,#18580);
#18579 = CARTESIAN_POINT('',(-12.28,-7.97,0.));
#18580 = VECTOR('',#18581,1.);
#18581 = DIRECTION('',(0.,0.,1.));
#18582 = PCURVE('',#18438,#18583);
#18583 = DEFINITIONAL_REPRESENTATION('',(#18584),#18588);
#18584 = LINE('',#18585,#18586);
#18585 = CARTESIAN_POINT('',(0.,-4.15));
#18586 = VECTOR('',#18587,1.);
#18587 = DIRECTION('',(1.,0.));
#18588 = ( GEOMETRIC_REPRESENTATION_CONTEXT(2) 
PARAMETRIC_REPRESENTATION_CONTEXT() REPRESENTATION_CONTEXT('2D SPACE',''
  ) );
#18589 = PCURVE('',#18590,#18595);
#18590 = PLANE('',#18591);
#18591 = AXIS2_PLACEMENT_3D('',#18592,#18593,#18594);
#18592 = CARTESIAN_POINT('',(-12.28,-7.97,0.));
#18593 = DIRECTION('',(0.,1.,0.));
#18594 = DIRECTION('',(0.,0.,1.));
#18595 = DEFINITIONAL_REPRESENTATION('',(#18596),#18600);
#18596 = LINE('',#18597,#18598);
#18597 = CARTESIAN_POINT('',(0.,0.));
#18598 = VECTOR('',#18599,1.);
#18599 = DIRECTION('',(1.,0.));
#18600 = ( GEOMETRIC_REPRESENTATION_CONTEXT(2) 
PARAMETRIC_REPRESENTATION_CONTEXT() REPRESENTATION_CONTEXT('2D SPACE',''
  ) );
#18601 = ORIENTED_EDGE('',*,*,#18602,.F.);
#18602 = EDGE_CURVE('',#18603,#18575,#18605,.T.);
#18603 = VERTEX_POINT('',#18604);
#18604 = CARTESIAN_POINT('',(-12.28,-11.62,1.35));
#18605 = SURFACE_CURVE('',#18606,(#18610,#18617),.PCURVE_S1.);
#18606 = LINE('',#18607,#18608);
#18607 = CARTESIAN_POINT('',(-12.28,-11.62,1.35));
#18608 = VECTOR('',#18609,1.);
#18609 = DIRECTION('',(0.,1.,0.));
#18610 = PCURVE('',#18438,#18611);
#18611 = DEFINITIONAL_REPRESENTATION('',(#18612),#18616);
#18612 = LINE('',#18613,#18614);
#18613 = CARTESIAN_POINT('',(1.35,-0.5));
#18614 = VECTOR('',#18615,1.);
#18615 = DIRECTION('',(0.,-1.));
#18616 = ( GEOMETRIC_REPRESENTATION_CONTEXT(2) 
PARAMETRIC_REPRESENTATION_CONTEXT() REPRESENTATION_CONTEXT('2D SPACE',''
  ) );
#18617 = PCURVE('',#18618,#18623);
#18618 = PLANE('',#18619);
#18619 = AXIS2_PLACEMENT_3D('',#18620,#18621,#18622);
#18620 = CARTESIAN_POINT('',(-12.28,-11.62,1.35));
#18621 = DIRECTION('',(0.,0.,1.));
#18622 = DIRECTION('',(1.,0.,0.));
#18623 = DEFINITIONAL_REPRESENTATION('',(#18624),#18628);
#18624 = LINE('',#18625,#18626);
#18625 = CARTESIAN_POINT('',(0.,0.));
#18626 = VECTOR('',#18627,1.);
#18627 = DIRECTION('',(0.,1.));
#18628 = ( GEOMETRIC_REPRESENTATION_CONTEXT(2) 
PARAMETRIC_REPRESENTATION_CONTEXT() REPRESENTATION_CONTEXT('2D SPACE',''
  ) );
#18629 = ORIENTED_EDGE('',*,*,#18630,.F.);
#18630 = EDGE_CURVE('',#18430,#18603,#18631,.T.);
#18631 = SURFACE_CURVE('',#18632,(#18636,#18643),.PCURVE_S1.);
#18632 = LINE('',#18633,#18634);
#18633 = CARTESIAN_POINT('',(-12.28,-11.62,0.));
#18634 = VECTOR('',#18635,1.);
#18635 = DIRECTION('',(0.,0.,1.));
#18636 = PCURVE('',#18438,#18637);
#18637 = DEFINITIONAL_REPRESENTATION('',(#18638),#18642);
#18638 = LINE('',#18639,#18640);
#18639 = CARTESIAN_POINT('',(0.,-0.5));
#18640 = VECTOR('',#18641,1.);
#18641 = DIRECTION('',(1.,0.));
#18642 = ( GEOMETRIC_REPRESENTATION_CONTEXT(2) 
PARAMETRIC_REPRESENTATION_CONTEXT() REPRESENTATION_CONTEXT('2D SPACE',''
  ) );
#18643 = PCURVE('',#18644,#18649);
#18644 = PLANE('',#18645);
#18645 = AXIS2_PLACEMENT_3D('',#18646,#18647,#18648);
#18646 = CARTESIAN_POINT('',(-12.28,-11.62,0.));
#18647 = DIRECTION('',(0.,1.,0.));
#18648 = DIRECTION('',(0.,0.,1.));
#18649 = DEFINITIONAL_REPRESENTATION('',(#18650),#18654);
#18650 = LINE('',#18651,#18652);
#18651 = CARTESIAN_POINT('',(0.,0.));
#18652 = VECTOR('',#18653,1.);
#18653 = DIRECTION('',(1.,0.));
#18654 = ( GEOMETRIC_REPRESENTATION_CONTEXT(2) 
PARAMETRIC_REPRESENTATION_CONTEXT() REPRESENTATION_CONTEXT('2D SPACE',''
  ) );
#18655 = ADVANCED_FACE('',(#18656),#18450,.T.);
#18656 = FACE_BOUND('',#18657,.T.);
#18657 = EDGE_LOOP('',(#18658,#18659,#18682,#18710));
#18658 = ORIENTED_EDGE('',*,*,#18427,.F.);
#18659 = ORIENTED_EDGE('',*,*,#18660,.T.);
#18660 = EDGE_CURVE('',#18428,#18661,#18663,.T.);
#18661 = VERTEX_POINT('',#18662);
#18662 = CARTESIAN_POINT('',(-9.28,-12.12,0.2));
#18663 = SURFACE_CURVE('',#18664,(#18668,#18675),.PCURVE_S1.);
#18664 = LINE('',#18665,#18666);
#18665 = CARTESIAN_POINT('',(-12.28,-12.12,0.2));
#18666 = VECTOR('',#18667,1.);
#18667 = DIRECTION('',(1.,0.,0.));
#18668 = PCURVE('',#18450,#18669);
#18669 = DEFINITIONAL_REPRESENTATION('',(#18670),#18674);
#18670 = LINE('',#18671,#18672);
#18671 = CARTESIAN_POINT('',(0.,0.));
#18672 = VECTOR('',#18673,1.);
#18673 = DIRECTION('',(1.,0.));
#18674 = ( GEOMETRIC_REPRESENTATION_CONTEXT(2) 
PARAMETRIC_REPRESENTATION_CONTEXT() REPRESENTATION_CONTEXT('2D SPACE',''
  ) );
#18675 = PCURVE('',#18478,#18676);
#18676 = DEFINITIONAL_REPRESENTATION('',(#18677),#18681);
#18677 = LINE('',#18678,#18679);
#18678 = CARTESIAN_POINT('',(0.2,0.));
#18679 = VECTOR('',#18680,1.);
#18680 = DIRECTION('',(0.,1.));
#18681 = ( GEOMETRIC_REPRESENTATION_CONTEXT(2) 
PARAMETRIC_REPRESENTATION_CONTEXT() REPRESENTATION_CONTEXT('2D SPACE',''
  ) );
#18682 = ORIENTED_EDGE('',*,*,#18683,.T.);
#18683 = EDGE_CURVE('',#18661,#18684,#18686,.T.);
#18684 = VERTEX_POINT('',#18685);
#18685 = CARTESIAN_POINT('',(-9.28,-11.62,0.2));
#18686 = SURFACE_CURVE('',#18687,(#18691,#18698),.PCURVE_S1.);
#18687 = LINE('',#18688,#18689);
#18688 = CARTESIAN_POINT('',(-9.28,-12.12,0.2));
#18689 = VECTOR('',#18690,1.);
#18690 = DIRECTION('',(0.,1.,0.));
#18691 = PCURVE('',#18450,#18692);
#18692 = DEFINITIONAL_REPRESENTATION('',(#18693),#18697);
#18693 = LINE('',#18694,#18695);
#18694 = CARTESIAN_POINT('',(3.,0.));
#18695 = VECTOR('',#18696,1.);
#18696 = DIRECTION('',(0.,1.));
#18697 = ( GEOMETRIC_REPRESENTATION_CONTEXT(2) 
PARAMETRIC_REPRESENTATION_CONTEXT() REPRESENTATION_CONTEXT('2D SPACE',''
  ) );
#18698 = PCURVE('',#18699,#18704);
#18699 = PLANE('',#18700);
#18700 = AXIS2_PLACEMENT_3D('',#18701,#18702,#18703);
#18701 = CARTESIAN_POINT('',(-9.28,-12.12,0.));
#18702 = DIRECTION('',(1.,0.,0.));
#18703 = DIRECTION('',(0.,0.,1.));
#18704 = DEFINITIONAL_REPRESENTATION('',(#18705),#18709);
#18705 = LINE('',#18706,#18707);
#18706 = CARTESIAN_POINT('',(0.2,0.));
#18707 = VECTOR('',#18708,1.);
#18708 = DIRECTION('',(0.,-1.));
#18709 = ( GEOMETRIC_REPRESENTATION_CONTEXT(2) 
PARAMETRIC_REPRESENTATION_CONTEXT() REPRESENTATION_CONTEXT('2D SPACE',''
  ) );
#18710 = ORIENTED_EDGE('',*,*,#18711,.T.);
#18711 = EDGE_CURVE('',#18684,#18430,#18712,.T.);
#18712 = SURFACE_CURVE('',#18713,(#18717,#18723),.PCURVE_S1.);
#18713 = LINE('',#18714,#18715);
#18714 = CARTESIAN_POINT('',(-12.28,-11.62,0.2));
#18715 = VECTOR('',#18716,1.);
#18716 = DIRECTION('',(-1.,0.,0.));
#18717 = PCURVE('',#18450,#18718);
#18718 = DEFINITIONAL_REPRESENTATION('',(#18719),#18722);
#18719 = B_SPLINE_CURVE_WITH_KNOTS('',1,(#18720,#18721),.UNSPECIFIED.,
  .F.,.F.,(2,2),(-3.,0.),.PIECEWISE_BEZIER_KNOTS.);
#18720 = CARTESIAN_POINT('',(3.,0.5));
#18721 = CARTESIAN_POINT('',(0.,0.5));
#18722 = ( GEOMETRIC_REPRESENTATION_CONTEXT(2) 
PARAMETRIC_REPRESENTATION_CONTEXT() REPRESENTATION_CONTEXT('2D SPACE',''
  ) );
#18723 = PCURVE('',#18644,#18724);
#18724 = DEFINITIONAL_REPRESENTATION('',(#18725),#18728);
#18725 = B_SPLINE_CURVE_WITH_KNOTS('',1,(#18726,#18727),.UNSPECIFIED.,
  .F.,.F.,(2,2),(-3.,0.),.PIECEWISE_BEZIER_KNOTS.);
#18726 = CARTESIAN_POINT('',(0.2,3.));
#18727 = CARTESIAN_POINT('',(0.2,0.));
#18728 = ( GEOMETRIC_REPRESENTATION_CONTEXT(2) 
PARAMETRIC_REPRESENTATION_CONTEXT() REPRESENTATION_CONTEXT('2D SPACE',''
  ) );
#18729 = ADVANCED_FACE('',(#18730),#18478,.F.);
#18730 = FACE_BOUND('',#18731,.F.);
#18731 = EDGE_LOOP('',(#18732,#18755,#18756,#18757));
#18732 = ORIENTED_EDGE('',*,*,#18733,.F.);
#18733 = EDGE_CURVE('',#18463,#18734,#18736,.T.);
#18734 = VERTEX_POINT('',#18735);
#18735 = CARTESIAN_POINT('',(-9.28,-12.12,0.));
#18736 = SURFACE_CURVE('',#18737,(#18741,#18748),.PCURVE_S1.);
#18737 = LINE('',#18738,#18739);
#18738 = CARTESIAN_POINT('',(-12.28,-12.12,0.));
#18739 = VECTOR('',#18740,1.);
#18740 = DIRECTION('',(1.,0.,0.));
#18741 = PCURVE('',#18478,#18742);
#18742 = DEFINITIONAL_REPRESENTATION('',(#18743),#18747);
#18743 = LINE('',#18744,#18745);
#18744 = CARTESIAN_POINT('',(0.,0.));
#18745 = VECTOR('',#18746,1.);
#18746 = DIRECTION('',(0.,1.));
#18747 = ( GEOMETRIC_REPRESENTATION_CONTEXT(2) 
PARAMETRIC_REPRESENTATION_CONTEXT() REPRESENTATION_CONTEXT('2D SPACE',''
  ) );
#18748 = PCURVE('',#18506,#18749);
#18749 = DEFINITIONAL_REPRESENTATION('',(#18750),#18754);
#18750 = LINE('',#18751,#18752);
#18751 = CARTESIAN_POINT('',(0.,0.));
#18752 = VECTOR('',#18753,1.);
#18753 = DIRECTION('',(1.,0.));
#18754 = ( GEOMETRIC_REPRESENTATION_CONTEXT(2) 
PARAMETRIC_REPRESENTATION_CONTEXT() REPRESENTATION_CONTEXT('2D SPACE',''
  ) );
#18755 = ORIENTED_EDGE('',*,*,#18462,.T.);
#18756 = ORIENTED_EDGE('',*,*,#18660,.T.);
#18757 = ORIENTED_EDGE('',*,*,#18758,.F.);
#18758 = EDGE_CURVE('',#18734,#18661,#18759,.T.);
#18759 = SURFACE_CURVE('',#18760,(#18764,#18771),.PCURVE_S1.);
#18760 = LINE('',#18761,#18762);
#18761 = CARTESIAN_POINT('',(-9.28,-12.12,0.));
#18762 = VECTOR('',#18763,1.);
#18763 = DIRECTION('',(0.,0.,1.));
#18764 = PCURVE('',#18478,#18765);
#18765 = DEFINITIONAL_REPRESENTATION('',(#18766),#18770);
#18766 = LINE('',#18767,#18768);
#18767 = CARTESIAN_POINT('',(0.,3.));
#18768 = VECTOR('',#18769,1.);
#18769 = DIRECTION('',(1.,0.));
#18770 = ( GEOMETRIC_REPRESENTATION_CONTEXT(2) 
PARAMETRIC_REPRESENTATION_CONTEXT() REPRESENTATION_CONTEXT('2D SPACE',''
  ) );
#18771 = PCURVE('',#18699,#18772);
#18772 = DEFINITIONAL_REPRESENTATION('',(#18773),#18777);
#18773 = LINE('',#18774,#18775);
#18774 = CARTESIAN_POINT('',(0.,0.));
#18775 = VECTOR('',#18776,1.);
#18776 = DIRECTION('',(1.,0.));
#18777 = ( GEOMETRIC_REPRESENTATION_CONTEXT(2) 
PARAMETRIC_REPRESENTATION_CONTEXT() REPRESENTATION_CONTEXT('2D SPACE',''
  ) );
#18778 = ADVANCED_FACE('',(#18779),#18506,.F.);
#18779 = FACE_BOUND('',#18780,.F.);
#18780 = EDGE_LOOP('',(#18781,#18782,#18805,#18826));
#18781 = ORIENTED_EDGE('',*,*,#18733,.T.);
#18782 = ORIENTED_EDGE('',*,*,#18783,.F.);
#18783 = EDGE_CURVE('',#18784,#18734,#18786,.T.);
#18784 = VERTEX_POINT('',#18785);
#18785 = CARTESIAN_POINT('',(-9.28,-7.47,0.));
#18786 = SURFACE_CURVE('',#18787,(#18791,#18798),.PCURVE_S1.);
#18787 = LINE('',#18788,#18789);
#18788 = CARTESIAN_POINT('',(-9.28,-7.47,0.));
#18789 = VECTOR('',#18790,1.);
#18790 = DIRECTION('',(0.,-1.,0.));
#18791 = PCURVE('',#18506,#18792);
#18792 = DEFINITIONAL_REPRESENTATION('',(#18793),#18797);
#18793 = LINE('',#18794,#18795);
#18794 = CARTESIAN_POINT('',(3.,4.65));
#18795 = VECTOR('',#18796,1.);
#18796 = DIRECTION('',(0.,-1.));
#18797 = ( GEOMETRIC_REPRESENTATION_CONTEXT(2) 
PARAMETRIC_REPRESENTATION_CONTEXT() REPRESENTATION_CONTEXT('2D SPACE',''
  ) );
#18798 = PCURVE('',#18699,#18799);
#18799 = DEFINITIONAL_REPRESENTATION('',(#18800),#18804);
#18800 = LINE('',#18801,#18802);
#18801 = CARTESIAN_POINT('',(0.,-4.65));
#18802 = VECTOR('',#18803,1.);
#18803 = DIRECTION('',(0.,1.));
#18804 = ( GEOMETRIC_REPRESENTATION_CONTEXT(2) 
PARAMETRIC_REPRESENTATION_CONTEXT() REPRESENTATION_CONTEXT('2D SPACE',''
  ) );
#18805 = ORIENTED_EDGE('',*,*,#18806,.F.);
#18806 = EDGE_CURVE('',#18491,#18784,#18807,.T.);
#18807 = SURFACE_CURVE('',#18808,(#18812,#18819),.PCURVE_S1.);
#18808 = LINE('',#18809,#18810);
#18809 = CARTESIAN_POINT('',(-12.28,-7.47,0.));
#18810 = VECTOR('',#18811,1.);
#18811 = DIRECTION('',(1.,0.,0.));
#18812 = PCURVE('',#18506,#18813);
#18813 = DEFINITIONAL_REPRESENTATION('',(#18814),#18818);
#18814 = LINE('',#18815,#18816);
#18815 = CARTESIAN_POINT('',(0.,4.65));
#18816 = VECTOR('',#18817,1.);
#18817 = DIRECTION('',(1.,0.));
#18818 = ( GEOMETRIC_REPRESENTATION_CONTEXT(2) 
PARAMETRIC_REPRESENTATION_CONTEXT() REPRESENTATION_CONTEXT('2D SPACE',''
  ) );
#18819 = PCURVE('',#18534,#18820);
#18820 = DEFINITIONAL_REPRESENTATION('',(#18821),#18825);
#18821 = LINE('',#18822,#18823);
#18822 = CARTESIAN_POINT('',(0.,0.));
#18823 = VECTOR('',#18824,1.);
#18824 = DIRECTION('',(0.,1.));
#18825 = ( GEOMETRIC_REPRESENTATION_CONTEXT(2) 
PARAMETRIC_REPRESENTATION_CONTEXT() REPRESENTATION_CONTEXT('2D SPACE',''
  ) );
#18826 = ORIENTED_EDGE('',*,*,#18490,.T.);
#18827 = ADVANCED_FACE('',(#18828),#18534,.T.);
#18828 = FACE_BOUND('',#18829,.T.);
#18829 = EDGE_LOOP('',(#18830,#18831,#18832,#18855));
#18830 = ORIENTED_EDGE('',*,*,#18806,.F.);
#18831 = ORIENTED_EDGE('',*,*,#18518,.T.);
#18832 = ORIENTED_EDGE('',*,*,#18833,.T.);
#18833 = EDGE_CURVE('',#18519,#18834,#18836,.T.);
#18834 = VERTEX_POINT('',#18835);
#18835 = CARTESIAN_POINT('',(-9.28,-7.47,0.2));
#18836 = SURFACE_CURVE('',#18837,(#18841,#18848),.PCURVE_S1.);
#18837 = LINE('',#18838,#18839);
#18838 = CARTESIAN_POINT('',(-12.28,-7.47,0.2));
#18839 = VECTOR('',#18840,1.);
#18840 = DIRECTION('',(1.,0.,0.));
#18841 = PCURVE('',#18534,#18842);
#18842 = DEFINITIONAL_REPRESENTATION('',(#18843),#18847);
#18843 = LINE('',#18844,#18845);
#18844 = CARTESIAN_POINT('',(0.2,0.));
#18845 = VECTOR('',#18846,1.);
#18846 = DIRECTION('',(0.,1.));
#18847 = ( GEOMETRIC_REPRESENTATION_CONTEXT(2) 
PARAMETRIC_REPRESENTATION_CONTEXT() REPRESENTATION_CONTEXT('2D SPACE',''
  ) );
#18848 = PCURVE('',#18562,#18849);
#18849 = DEFINITIONAL_REPRESENTATION('',(#18850),#18854);
#18850 = LINE('',#18851,#18852);
#18851 = CARTESIAN_POINT('',(0.,4.65));
#18852 = VECTOR('',#18853,1.);
#18853 = DIRECTION('',(1.,0.));
#18854 = ( GEOMETRIC_REPRESENTATION_CONTEXT(2) 
PARAMETRIC_REPRESENTATION_CONTEXT() REPRESENTATION_CONTEXT('2D SPACE',''
  ) );
#18855 = ORIENTED_EDGE('',*,*,#18856,.F.);
#18856 = EDGE_CURVE('',#18784,#18834,#18857,.T.);
#18857 = SURFACE_CURVE('',#18858,(#18862,#18869),.PCURVE_S1.);
#18858 = LINE('',#18859,#18860);
#18859 = CARTESIAN_POINT('',(-9.28,-7.47,0.));
#18860 = VECTOR('',#18861,1.);
#18861 = DIRECTION('',(0.,0.,1.));
#18862 = PCURVE('',#18534,#18863);
#18863 = DEFINITIONAL_REPRESENTATION('',(#18864),#18868);
#18864 = LINE('',#18865,#18866);
#18865 = CARTESIAN_POINT('',(0.,3.));
#18866 = VECTOR('',#18867,1.);
#18867 = DIRECTION('',(1.,0.));
#18868 = ( GEOMETRIC_REPRESENTATION_CONTEXT(2) 
PARAMETRIC_REPRESENTATION_CONTEXT() REPRESENTATION_CONTEXT('2D SPACE',''
  ) );
#18869 = PCURVE('',#18699,#18870);
#18870 = DEFINITIONAL_REPRESENTATION('',(#18871),#18875);
#18871 = LINE('',#18872,#18873);
#18872 = CARTESIAN_POINT('',(0.,-4.65));
#18873 = VECTOR('',#18874,1.);
#18874 = DIRECTION('',(1.,0.));
#18875 = ( GEOMETRIC_REPRESENTATION_CONTEXT(2) 
PARAMETRIC_REPRESENTATION_CONTEXT() REPRESENTATION_CONTEXT('2D SPACE',''
  ) );
#18876 = ADVANCED_FACE('',(#18877),#18562,.T.);
#18877 = FACE_BOUND('',#18878,.T.);
#18878 = EDGE_LOOP('',(#18879,#18880,#18901,#18922));
#18879 = ORIENTED_EDGE('',*,*,#18546,.F.);
#18880 = ORIENTED_EDGE('',*,*,#18881,.F.);
#18881 = EDGE_CURVE('',#18882,#18547,#18884,.T.);
#18882 = VERTEX_POINT('',#18883);
#18883 = CARTESIAN_POINT('',(-9.28,-7.97,0.2));
#18884 = SURFACE_CURVE('',#18885,(#18889,#18895),.PCURVE_S1.);
#18885 = LINE('',#18886,#18887);
#18886 = CARTESIAN_POINT('',(-12.28,-7.97,0.2));
#18887 = VECTOR('',#18888,1.);
#18888 = DIRECTION('',(-1.,0.,0.));
#18889 = PCURVE('',#18562,#18890);
#18890 = DEFINITIONAL_REPRESENTATION('',(#18891),#18894);
#18891 = B_SPLINE_CURVE_WITH_KNOTS('',1,(#18892,#18893),.UNSPECIFIED.,
  .F.,.F.,(2,2),(-3.,0.),.PIECEWISE_BEZIER_KNOTS.);
#18892 = CARTESIAN_POINT('',(3.,4.15));
#18893 = CARTESIAN_POINT('',(0.,4.15));
#18894 = ( GEOMETRIC_REPRESENTATION_CONTEXT(2) 
PARAMETRIC_REPRESENTATION_CONTEXT() REPRESENTATION_CONTEXT('2D SPACE',''
  ) );
#18895 = PCURVE('',#18590,#18896);
#18896 = DEFINITIONAL_REPRESENTATION('',(#18897),#18900);
#18897 = B_SPLINE_CURVE_WITH_KNOTS('',1,(#18898,#18899),.UNSPECIFIED.,
  .F.,.F.,(2,2),(-3.,0.),.PIECEWISE_BEZIER_KNOTS.);
#18898 = CARTESIAN_POINT('',(0.2,3.));
#18899 = CARTESIAN_POINT('',(0.2,0.));
#18900 = ( GEOMETRIC_REPRESENTATION_CONTEXT(2) 
PARAMETRIC_REPRESENTATION_CONTEXT() REPRESENTATION_CONTEXT('2D SPACE',''
  ) );
#18901 = ORIENTED_EDGE('',*,*,#18902,.T.);
#18902 = EDGE_CURVE('',#18882,#18834,#18903,.T.);
#18903 = SURFACE_CURVE('',#18904,(#18908,#18915),.PCURVE_S1.);
#18904 = LINE('',#18905,#18906);
#18905 = CARTESIAN_POINT('',(-9.28,-12.12,0.2));
#18906 = VECTOR('',#18907,1.);
#18907 = DIRECTION('',(0.,1.,0.));
#18908 = PCURVE('',#18562,#18909);
#18909 = DEFINITIONAL_REPRESENTATION('',(#18910),#18914);
#18910 = LINE('',#18911,#18912);
#18911 = CARTESIAN_POINT('',(3.,0.));
#18912 = VECTOR('',#18913,1.);
#18913 = DIRECTION('',(0.,1.));
#18914 = ( GEOMETRIC_REPRESENTATION_CONTEXT(2) 
PARAMETRIC_REPRESENTATION_CONTEXT() REPRESENTATION_CONTEXT('2D SPACE',''
  ) );
#18915 = PCURVE('',#18699,#18916);
#18916 = DEFINITIONAL_REPRESENTATION('',(#18917),#18921);
#18917 = LINE('',#18918,#18919);
#18918 = CARTESIAN_POINT('',(0.2,0.));
#18919 = VECTOR('',#18920,1.);
#18920 = DIRECTION('',(0.,-1.));
#18921 = ( GEOMETRIC_REPRESENTATION_CONTEXT(2) 
PARAMETRIC_REPRESENTATION_CONTEXT() REPRESENTATION_CONTEXT('2D SPACE',''
  ) );
#18922 = ORIENTED_EDGE('',*,*,#18833,.F.);
#18923 = ADVANCED_FACE('',(#18924),#18590,.T.);
#18924 = FACE_BOUND('',#18925,.T.);
#18925 = EDGE_LOOP('',(#18926,#18949,#18950,#18951));
#18926 = ORIENTED_EDGE('',*,*,#18927,.F.);
#18927 = EDGE_CURVE('',#18882,#18928,#18930,.T.);
#18928 = VERTEX_POINT('',#18929);
#18929 = CARTESIAN_POINT('',(-9.28,-7.97,1.35));
#18930 = SURFACE_CURVE('',#18931,(#18935,#18942),.PCURVE_S1.);
#18931 = LINE('',#18932,#18933);
#18932 = CARTESIAN_POINT('',(-9.28,-7.97,0.));
#18933 = VECTOR('',#18934,1.);
#18934 = DIRECTION('',(0.,0.,1.));
#18935 = PCURVE('',#18590,#18936);
#18936 = DEFINITIONAL_REPRESENTATION('',(#18937),#18941);
#18937 = LINE('',#18938,#18939);
#18938 = CARTESIAN_POINT('',(0.,3.));
#18939 = VECTOR('',#18940,1.);
#18940 = DIRECTION('',(1.,0.));
#18941 = ( GEOMETRIC_REPRESENTATION_CONTEXT(2) 
PARAMETRIC_REPRESENTATION_CONTEXT() REPRESENTATION_CONTEXT('2D SPACE',''
  ) );
#18942 = PCURVE('',#18699,#18943);
#18943 = DEFINITIONAL_REPRESENTATION('',(#18944),#18948);
#18944 = LINE('',#18945,#18946);
#18945 = CARTESIAN_POINT('',(0.,-4.15));
#18946 = VECTOR('',#18947,1.);
#18947 = DIRECTION('',(1.,0.));
#18948 = ( GEOMETRIC_REPRESENTATION_CONTEXT(2) 
PARAMETRIC_REPRESENTATION_CONTEXT() REPRESENTATION_CONTEXT('2D SPACE',''
  ) );
#18949 = ORIENTED_EDGE('',*,*,#18881,.T.);
#18950 = ORIENTED_EDGE('',*,*,#18574,.T.);
#18951 = ORIENTED_EDGE('',*,*,#18952,.T.);
#18952 = EDGE_CURVE('',#18575,#18928,#18953,.T.);
#18953 = SURFACE_CURVE('',#18954,(#18958,#18965),.PCURVE_S1.);
#18954 = LINE('',#18955,#18956);
#18955 = CARTESIAN_POINT('',(-12.28,-7.97,1.35));
#18956 = VECTOR('',#18957,1.);
#18957 = DIRECTION('',(1.,0.,0.));
#18958 = PCURVE('',#18590,#18959);
#18959 = DEFINITIONAL_REPRESENTATION('',(#18960),#18964);
#18960 = LINE('',#18961,#18962);
#18961 = CARTESIAN_POINT('',(1.35,0.));
#18962 = VECTOR('',#18963,1.);
#18963 = DIRECTION('',(0.,1.));
#18964 = ( GEOMETRIC_REPRESENTATION_CONTEXT(2) 
PARAMETRIC_REPRESENTATION_CONTEXT() REPRESENTATION_CONTEXT('2D SPACE',''
  ) );
#18965 = PCURVE('',#18618,#18966);
#18966 = DEFINITIONAL_REPRESENTATION('',(#18967),#18971);
#18967 = LINE('',#18968,#18969);
#18968 = CARTESIAN_POINT('',(0.,3.65));
#18969 = VECTOR('',#18970,1.);
#18970 = DIRECTION('',(1.,0.));
#18971 = ( GEOMETRIC_REPRESENTATION_CONTEXT(2) 
PARAMETRIC_REPRESENTATION_CONTEXT() REPRESENTATION_CONTEXT('2D SPACE',''
  ) );
#18972 = ADVANCED_FACE('',(#18973,#19021),#18618,.T.);
#18973 = FACE_BOUND('',#18974,.T.);
#18974 = EDGE_LOOP('',(#18975,#18976,#18999,#19020));
#18975 = ORIENTED_EDGE('',*,*,#18602,.F.);
#18976 = ORIENTED_EDGE('',*,*,#18977,.T.);
#18977 = EDGE_CURVE('',#18603,#18978,#18980,.T.);
#18978 = VERTEX_POINT('',#18979);
#18979 = CARTESIAN_POINT('',(-9.28,-11.62,1.35));
#18980 = SURFACE_CURVE('',#18981,(#18985,#18992),.PCURVE_S1.);
#18981 = LINE('',#18982,#18983);
#18982 = CARTESIAN_POINT('',(-12.28,-11.62,1.35));
#18983 = VECTOR('',#18984,1.);
#18984 = DIRECTION('',(1.,0.,0.));
#18985 = PCURVE('',#18618,#18986);
#18986 = DEFINITIONAL_REPRESENTATION('',(#18987),#18991);
#18987 = LINE('',#18988,#18989);
#18988 = CARTESIAN_POINT('',(0.,0.));
#18989 = VECTOR('',#18990,1.);
#18990 = DIRECTION('',(1.,0.));
#18991 = ( GEOMETRIC_REPRESENTATION_CONTEXT(2) 
PARAMETRIC_REPRESENTATION_CONTEXT() REPRESENTATION_CONTEXT('2D SPACE',''
  ) );
#18992 = PCURVE('',#18644,#18993);
#18993 = DEFINITIONAL_REPRESENTATION('',(#18994),#18998);
#18994 = LINE('',#18995,#18996);
#18995 = CARTESIAN_POINT('',(1.35,0.));
#18996 = VECTOR('',#18997,1.);
#18997 = DIRECTION('',(0.,1.));
#18998 = ( GEOMETRIC_REPRESENTATION_CONTEXT(2) 
PARAMETRIC_REPRESENTATION_CONTEXT() REPRESENTATION_CONTEXT('2D SPACE',''
  ) );
#18999 = ORIENTED_EDGE('',*,*,#19000,.T.);
#19000 = EDGE_CURVE('',#18978,#18928,#19001,.T.);
#19001 = SURFACE_CURVE('',#19002,(#19006,#19013),.PCURVE_S1.);
#19002 = LINE('',#19003,#19004);
#19003 = CARTESIAN_POINT('',(-9.28,-11.62,1.35));
#19004 = VECTOR('',#19005,1.);
#19005 = DIRECTION('',(0.,1.,0.));
#19006 = PCURVE('',#18618,#19007);
#19007 = DEFINITIONAL_REPRESENTATION('',(#19008),#19012);
#19008 = LINE('',#19009,#19010);
#19009 = CARTESIAN_POINT('',(3.,0.));
#19010 = VECTOR('',#19011,1.);
#19011 = DIRECTION('',(0.,1.));
#19012 = ( GEOMETRIC_REPRESENTATION_CONTEXT(2) 
PARAMETRIC_REPRESENTATION_CONTEXT() REPRESENTATION_CONTEXT('2D SPACE',''
  ) );
#19013 = PCURVE('',#18699,#19014);
#19014 = DEFINITIONAL_REPRESENTATION('',(#19015),#19019);
#19015 = LINE('',#19016,#19017);
#19016 = CARTESIAN_POINT('',(1.35,-0.5));
#19017 = VECTOR('',#19018,1.);
#19018 = DIRECTION('',(0.,-1.));
#19019 = ( GEOMETRIC_REPRESENTATION_CONTEXT(2) 
PARAMETRIC_REPRESENTATION_CONTEXT() REPRESENTATION_CONTEXT('2D SPACE',''
  ) );
#19020 = ORIENTED_EDGE('',*,*,#18952,.F.);
#19021 = FACE_BOUND('',#19022,.T.);
#19022 = EDGE_LOOP('',(#19023,#19053,#19081,#19109));
#19023 = ORIENTED_EDGE('',*,*,#19024,.T.);
#19024 = EDGE_CURVE('',#19025,#19027,#19029,.T.);
#19025 = VERTEX_POINT('',#19026);
#19026 = CARTESIAN_POINT('',(-11.61,-10.635,1.35));
#19027 = VERTEX_POINT('',#19028);
#19028 = CARTESIAN_POINT('',(-11.61,-8.955,1.35));
#19029 = SURFACE_CURVE('',#19030,(#19034,#19041),.PCURVE_S1.);
#19030 = LINE('',#19031,#19032);
#19031 = CARTESIAN_POINT('',(-11.61,-10.635,1.35));
#19032 = VECTOR('',#19033,1.);
#19033 = DIRECTION('',(0.,1.,0.));
#19034 = PCURVE('',#18618,#19035);
#19035 = DEFINITIONAL_REPRESENTATION('',(#19036),#19040);
#19036 = LINE('',#19037,#19038);
#19037 = CARTESIAN_POINT('',(0.67,0.985));
#19038 = VECTOR('',#19039,1.);
#19039 = DIRECTION('',(0.,1.));
#19040 = ( GEOMETRIC_REPRESENTATION_CONTEXT(2) 
PARAMETRIC_REPRESENTATION_CONTEXT() REPRESENTATION_CONTEXT('2D SPACE',''
  ) );
#19041 = PCURVE('',#19042,#19047);
#19042 = PLANE('',#19043);
#19043 = AXIS2_PLACEMENT_3D('',#19044,#19045,#19046);
#19044 = CARTESIAN_POINT('',(-11.61,-10.635,1.35));
#19045 = DIRECTION('',(1.,0.,0.));
#19046 = DIRECTION('',(0.,0.,1.));
#19047 = DEFINITIONAL_REPRESENTATION('',(#19048),#19052);
#19048 = LINE('',#19049,#19050);
#19049 = CARTESIAN_POINT('',(0.,0.));
#19050 = VECTOR('',#19051,1.);
#19051 = DIRECTION('',(0.,-1.));
#19052 = ( GEOMETRIC_REPRESENTATION_CONTEXT(2) 
PARAMETRIC_REPRESENTATION_CONTEXT() REPRESENTATION_CONTEXT('2D SPACE',''
  ) );
#19053 = ORIENTED_EDGE('',*,*,#19054,.T.);
#19054 = EDGE_CURVE('',#19027,#19055,#19057,.T.);
#19055 = VERTEX_POINT('',#19056);
#19056 = CARTESIAN_POINT('',(-9.95,-8.955,1.35));
#19057 = SURFACE_CURVE('',#19058,(#19062,#19069),.PCURVE_S1.);
#19058 = LINE('',#19059,#19060);
#19059 = CARTESIAN_POINT('',(-11.61,-8.955,1.35));
#19060 = VECTOR('',#19061,1.);
#19061 = DIRECTION('',(1.,0.,0.));
#19062 = PCURVE('',#18618,#19063);
#19063 = DEFINITIONAL_REPRESENTATION('',(#19064),#19068);
#19064 = LINE('',#19065,#19066);
#19065 = CARTESIAN_POINT('',(0.67,2.665));
#19066 = VECTOR('',#19067,1.);
#19067 = DIRECTION('',(1.,0.));
#19068 = ( GEOMETRIC_REPRESENTATION_CONTEXT(2) 
PARAMETRIC_REPRESENTATION_CONTEXT() REPRESENTATION_CONTEXT('2D SPACE',''
  ) );
#19069 = PCURVE('',#19070,#19075);
#19070 = PLANE('',#19071);
#19071 = AXIS2_PLACEMENT_3D('',#19072,#19073,#19074);
#19072 = CARTESIAN_POINT('',(-11.61,-8.955,1.35));
#19073 = DIRECTION('',(0.,1.,0.));
#19074 = DIRECTION('',(0.,0.,1.));
#19075 = DEFINITIONAL_REPRESENTATION('',(#19076),#19080);
#19076 = LINE('',#19077,#19078);
#19077 = CARTESIAN_POINT('',(0.,0.));
#19078 = VECTOR('',#19079,1.);
#19079 = DIRECTION('',(0.,1.));
#19080 = ( GEOMETRIC_REPRESENTATION_CONTEXT(2) 
PARAMETRIC_REPRESENTATION_CONTEXT() REPRESENTATION_CONTEXT('2D SPACE',''
  ) );
#19081 = ORIENTED_EDGE('',*,*,#19082,.F.);
#19082 = EDGE_CURVE('',#19083,#19055,#19085,.T.);
#19083 = VERTEX_POINT('',#19084);
#19084 = CARTESIAN_POINT('',(-9.95,-10.635,1.35));
#19085 = SURFACE_CURVE('',#19086,(#19090,#19097),.PCURVE_S1.);
#19086 = LINE('',#19087,#19088);
#19087 = CARTESIAN_POINT('',(-9.95,-10.635,1.35));
#19088 = VECTOR('',#19089,1.);
#19089 = DIRECTION('',(0.,1.,0.));
#19090 = PCURVE('',#18618,#19091);
#19091 = DEFINITIONAL_REPRESENTATION('',(#19092),#19096);
#19092 = LINE('',#19093,#19094);
#19093 = CARTESIAN_POINT('',(2.33,0.985));
#19094 = VECTOR('',#19095,1.);
#19095 = DIRECTION('',(0.,1.));
#19096 = ( GEOMETRIC_REPRESENTATION_CONTEXT(2) 
PARAMETRIC_REPRESENTATION_CONTEXT() REPRESENTATION_CONTEXT('2D SPACE',''
  ) );
#19097 = PCURVE('',#19098,#19103);
#19098 = PLANE('',#19099);
#19099 = AXIS2_PLACEMENT_3D('',#19100,#19101,#19102);
#19100 = CARTESIAN_POINT('',(-9.95,-10.635,1.35));
#19101 = DIRECTION('',(1.,0.,0.));
#19102 = DIRECTION('',(0.,0.,1.));
#19103 = DEFINITIONAL_REPRESENTATION('',(#19104),#19108);
#19104 = LINE('',#19105,#19106);
#19105 = CARTESIAN_POINT('',(0.,0.));
#19106 = VECTOR('',#19107,1.);
#19107 = DIRECTION('',(0.,-1.));
#19108 = ( GEOMETRIC_REPRESENTATION_CONTEXT(2) 
PARAMETRIC_REPRESENTATION_CONTEXT() REPRESENTATION_CONTEXT('2D SPACE',''
  ) );
#19109 = ORIENTED_EDGE('',*,*,#19110,.F.);
#19110 = EDGE_CURVE('',#19025,#19083,#19111,.T.);
#19111 = SURFACE_CURVE('',#19112,(#19116,#19123),.PCURVE_S1.);
#19112 = LINE('',#19113,#19114);
#19113 = CARTESIAN_POINT('',(-11.61,-10.635,1.35));
#19114 = VECTOR('',#19115,1.);
#19115 = DIRECTION('',(1.,0.,0.));
#19116 = PCURVE('',#18618,#19117);
#19117 = DEFINITIONAL_REPRESENTATION('',(#19118),#19122);
#19118 = LINE('',#19119,#19120);
#19119 = CARTESIAN_POINT('',(0.67,0.985));
#19120 = VECTOR('',#19121,1.);
#19121 = DIRECTION('',(1.,0.));
#19122 = ( GEOMETRIC_REPRESENTATION_CONTEXT(2) 
PARAMETRIC_REPRESENTATION_CONTEXT() REPRESENTATION_CONTEXT('2D SPACE',''
  ) );
#19123 = PCURVE('',#19124,#19129);
#19124 = PLANE('',#19125);
#19125 = AXIS2_PLACEMENT_3D('',#19126,#19127,#19128);
#19126 = CARTESIAN_POINT('',(-11.61,-10.635,1.35));
#19127 = DIRECTION('',(0.,1.,0.));
#19128 = DIRECTION('',(0.,0.,1.));
#19129 = DEFINITIONAL_REPRESENTATION('',(#19130),#19134);
#19130 = LINE('',#19131,#19132);
#19131 = CARTESIAN_POINT('',(0.,0.));
#19132 = VECTOR('',#19133,1.);
#19133 = DIRECTION('',(0.,1.));
#19134 = ( GEOMETRIC_REPRESENTATION_CONTEXT(2) 
PARAMETRIC_REPRESENTATION_CONTEXT() REPRESENTATION_CONTEXT('2D SPACE',''
  ) );
#19135 = ADVANCED_FACE('',(#19136),#18644,.F.);
#19136 = FACE_BOUND('',#19137,.F.);
#19137 = EDGE_LOOP('',(#19138,#19159,#19160,#19161));
#19138 = ORIENTED_EDGE('',*,*,#19139,.F.);
#19139 = EDGE_CURVE('',#18684,#18978,#19140,.T.);
#19140 = SURFACE_CURVE('',#19141,(#19145,#19152),.PCURVE_S1.);
#19141 = LINE('',#19142,#19143);
#19142 = CARTESIAN_POINT('',(-9.28,-11.62,0.));
#19143 = VECTOR('',#19144,1.);
#19144 = DIRECTION('',(0.,0.,1.));
#19145 = PCURVE('',#18644,#19146);
#19146 = DEFINITIONAL_REPRESENTATION('',(#19147),#19151);
#19147 = LINE('',#19148,#19149);
#19148 = CARTESIAN_POINT('',(0.,3.));
#19149 = VECTOR('',#19150,1.);
#19150 = DIRECTION('',(1.,0.));
#19151 = ( GEOMETRIC_REPRESENTATION_CONTEXT(2) 
PARAMETRIC_REPRESENTATION_CONTEXT() REPRESENTATION_CONTEXT('2D SPACE',''
  ) );
#19152 = PCURVE('',#18699,#19153);
#19153 = DEFINITIONAL_REPRESENTATION('',(#19154),#19158);
#19154 = LINE('',#19155,#19156);
#19155 = CARTESIAN_POINT('',(0.,-0.5));
#19156 = VECTOR('',#19157,1.);
#19157 = DIRECTION('',(1.,0.));
#19158 = ( GEOMETRIC_REPRESENTATION_CONTEXT(2) 
PARAMETRIC_REPRESENTATION_CONTEXT() REPRESENTATION_CONTEXT('2D SPACE',''
  ) );
#19159 = ORIENTED_EDGE('',*,*,#18711,.T.);
#19160 = ORIENTED_EDGE('',*,*,#18630,.T.);
#19161 = ORIENTED_EDGE('',*,*,#18977,.T.);
#19162 = ADVANCED_FACE('',(#19163),#18699,.T.);
#19163 = FACE_BOUND('',#19164,.T.);
#19164 = EDGE_LOOP('',(#19165,#19166,#19167,#19168,#19169,#19170,#19171,
    #19172));
#19165 = ORIENTED_EDGE('',*,*,#18683,.F.);
#19166 = ORIENTED_EDGE('',*,*,#18758,.F.);
#19167 = ORIENTED_EDGE('',*,*,#18783,.F.);
#19168 = ORIENTED_EDGE('',*,*,#18856,.T.);
#19169 = ORIENTED_EDGE('',*,*,#18902,.F.);
#19170 = ORIENTED_EDGE('',*,*,#18927,.T.);
#19171 = ORIENTED_EDGE('',*,*,#19000,.F.);
#19172 = ORIENTED_EDGE('',*,*,#19139,.F.);
#19173 = ADVANCED_FACE('',(#19174),#19042,.F.);
#19174 = FACE_BOUND('',#19175,.F.);
#19175 = EDGE_LOOP('',(#19176,#19199,#19200,#19223));
#19176 = ORIENTED_EDGE('',*,*,#19177,.F.);
#19177 = EDGE_CURVE('',#19025,#19178,#19180,.T.);
#19178 = VERTEX_POINT('',#19179);
#19179 = CARTESIAN_POINT('',(-11.61,-10.635,2.5));
#19180 = SURFACE_CURVE('',#19181,(#19185,#19192),.PCURVE_S1.);
#19181 = LINE('',#19182,#19183);
#19182 = CARTESIAN_POINT('',(-11.61,-10.635,1.35));
#19183 = VECTOR('',#19184,1.);
#19184 = DIRECTION('',(0.,0.,1.));
#19185 = PCURVE('',#19042,#19186);
#19186 = DEFINITIONAL_REPRESENTATION('',(#19187),#19191);
#19187 = LINE('',#19188,#19189);
#19188 = CARTESIAN_POINT('',(0.,0.));
#19189 = VECTOR('',#19190,1.);
#19190 = DIRECTION('',(1.,0.));
#19191 = ( GEOMETRIC_REPRESENTATION_CONTEXT(2) 
PARAMETRIC_REPRESENTATION_CONTEXT() REPRESENTATION_CONTEXT('2D SPACE',''
  ) );
#19192 = PCURVE('',#19124,#19193);
#19193 = DEFINITIONAL_REPRESENTATION('',(#19194),#19198);
#19194 = LINE('',#19195,#19196);
#19195 = CARTESIAN_POINT('',(0.,0.));
#19196 = VECTOR('',#19197,1.);
#19197 = DIRECTION('',(1.,0.));
#19198 = ( GEOMETRIC_REPRESENTATION_CONTEXT(2) 
PARAMETRIC_REPRESENTATION_CONTEXT() REPRESENTATION_CONTEXT('2D SPACE',''
  ) );
#19199 = ORIENTED_EDGE('',*,*,#19024,.T.);
#19200 = ORIENTED_EDGE('',*,*,#19201,.T.);
#19201 = EDGE_CURVE('',#19027,#19202,#19204,.T.);
#19202 = VERTEX_POINT('',#19203);
#19203 = CARTESIAN_POINT('',(-11.61,-8.955,2.5));
#19204 = SURFACE_CURVE('',#19205,(#19209,#19216),.PCURVE_S1.);
#19205 = LINE('',#19206,#19207);
#19206 = CARTESIAN_POINT('',(-11.61,-8.955,1.35));
#19207 = VECTOR('',#19208,1.);
#19208 = DIRECTION('',(0.,0.,1.));
#19209 = PCURVE('',#19042,#19210);
#19210 = DEFINITIONAL_REPRESENTATION('',(#19211),#19215);
#19211 = LINE('',#19212,#19213);
#19212 = CARTESIAN_POINT('',(0.,-1.68));
#19213 = VECTOR('',#19214,1.);
#19214 = DIRECTION('',(1.,0.));
#19215 = ( GEOMETRIC_REPRESENTATION_CONTEXT(2) 
PARAMETRIC_REPRESENTATION_CONTEXT() REPRESENTATION_CONTEXT('2D SPACE',''
  ) );
#19216 = PCURVE('',#19070,#19217);
#19217 = DEFINITIONAL_REPRESENTATION('',(#19218),#19222);
#19218 = LINE('',#19219,#19220);
#19219 = CARTESIAN_POINT('',(0.,0.));
#19220 = VECTOR('',#19221,1.);
#19221 = DIRECTION('',(1.,0.));
#19222 = ( GEOMETRIC_REPRESENTATION_CONTEXT(2) 
PARAMETRIC_REPRESENTATION_CONTEXT() REPRESENTATION_CONTEXT('2D SPACE',''
  ) );
#19223 = ORIENTED_EDGE('',*,*,#19224,.F.);
#19224 = EDGE_CURVE('',#19178,#19202,#19225,.T.);
#19225 = SURFACE_CURVE('',#19226,(#19230,#19237),.PCURVE_S1.);
#19226 = LINE('',#19227,#19228);
#19227 = CARTESIAN_POINT('',(-11.61,-10.635,2.5));
#19228 = VECTOR('',#19229,1.);
#19229 = DIRECTION('',(0.,1.,0.));
#19230 = PCURVE('',#19042,#19231);
#19231 = DEFINITIONAL_REPRESENTATION('',(#19232),#19236);
#19232 = LINE('',#19233,#19234);
#19233 = CARTESIAN_POINT('',(1.15,0.));
#19234 = VECTOR('',#19235,1.);
#19235 = DIRECTION('',(0.,-1.));
#19236 = ( GEOMETRIC_REPRESENTATION_CONTEXT(2) 
PARAMETRIC_REPRESENTATION_CONTEXT() REPRESENTATION_CONTEXT('2D SPACE',''
  ) );
#19237 = PCURVE('',#19238,#19243);
#19238 = PLANE('',#19239);
#19239 = AXIS2_PLACEMENT_3D('',#19240,#19241,#19242);
#19240 = CARTESIAN_POINT('',(-11.61,-10.635,2.5));
#19241 = DIRECTION('',(0.,0.,1.));
#19242 = DIRECTION('',(1.,0.,0.));
#19243 = DEFINITIONAL_REPRESENTATION('',(#19244),#19248);
#19244 = LINE('',#19245,#19246);
#19245 = CARTESIAN_POINT('',(0.,0.));
#19246 = VECTOR('',#19247,1.);
#19247 = DIRECTION('',(0.,1.));
#19248 = ( GEOMETRIC_REPRESENTATION_CONTEXT(2) 
PARAMETRIC_REPRESENTATION_CONTEXT() REPRESENTATION_CONTEXT('2D SPACE',''
  ) );
#19249 = ADVANCED_FACE('',(#19250),#19124,.F.);
#19250 = FACE_BOUND('',#19251,.F.);
#19251 = EDGE_LOOP('',(#19252,#19253,#19254,#19277));
#19252 = ORIENTED_EDGE('',*,*,#19110,.F.);
#19253 = ORIENTED_EDGE('',*,*,#19177,.T.);
#19254 = ORIENTED_EDGE('',*,*,#19255,.T.);
#19255 = EDGE_CURVE('',#19178,#19256,#19258,.T.);
#19256 = VERTEX_POINT('',#19257);
#19257 = CARTESIAN_POINT('',(-9.95,-10.635,2.5));
#19258 = SURFACE_CURVE('',#19259,(#19263,#19270),.PCURVE_S1.);
#19259 = LINE('',#19260,#19261);
#19260 = CARTESIAN_POINT('',(-11.61,-10.635,2.5));
#19261 = VECTOR('',#19262,1.);
#19262 = DIRECTION('',(1.,0.,0.));
#19263 = PCURVE('',#19124,#19264);
#19264 = DEFINITIONAL_REPRESENTATION('',(#19265),#19269);
#19265 = LINE('',#19266,#19267);
#19266 = CARTESIAN_POINT('',(1.15,0.));
#19267 = VECTOR('',#19268,1.);
#19268 = DIRECTION('',(0.,1.));
#19269 = ( GEOMETRIC_REPRESENTATION_CONTEXT(2) 
PARAMETRIC_REPRESENTATION_CONTEXT() REPRESENTATION_CONTEXT('2D SPACE',''
  ) );
#19270 = PCURVE('',#19238,#19271);
#19271 = DEFINITIONAL_REPRESENTATION('',(#19272),#19276);
#19272 = LINE('',#19273,#19274);
#19273 = CARTESIAN_POINT('',(0.,0.));
#19274 = VECTOR('',#19275,1.);
#19275 = DIRECTION('',(1.,0.));
#19276 = ( GEOMETRIC_REPRESENTATION_CONTEXT(2) 
PARAMETRIC_REPRESENTATION_CONTEXT() REPRESENTATION_CONTEXT('2D SPACE',''
  ) );
#19277 = ORIENTED_EDGE('',*,*,#19278,.F.);
#19278 = EDGE_CURVE('',#19083,#19256,#19279,.T.);
#19279 = SURFACE_CURVE('',#19280,(#19284,#19291),.PCURVE_S1.);
#19280 = LINE('',#19281,#19282);
#19281 = CARTESIAN_POINT('',(-9.95,-10.635,1.35));
#19282 = VECTOR('',#19283,1.);
#19283 = DIRECTION('',(0.,0.,1.));
#19284 = PCURVE('',#19124,#19285);
#19285 = DEFINITIONAL_REPRESENTATION('',(#19286),#19290);
#19286 = LINE('',#19287,#19288);
#19287 = CARTESIAN_POINT('',(0.,1.66));
#19288 = VECTOR('',#19289,1.);
#19289 = DIRECTION('',(1.,0.));
#19290 = ( GEOMETRIC_REPRESENTATION_CONTEXT(2) 
PARAMETRIC_REPRESENTATION_CONTEXT() REPRESENTATION_CONTEXT('2D SPACE',''
  ) );
#19291 = PCURVE('',#19098,#19292);
#19292 = DEFINITIONAL_REPRESENTATION('',(#19293),#19297);
#19293 = LINE('',#19294,#19295);
#19294 = CARTESIAN_POINT('',(0.,0.));
#19295 = VECTOR('',#19296,1.);
#19296 = DIRECTION('',(1.,0.));
#19297 = ( GEOMETRIC_REPRESENTATION_CONTEXT(2) 
PARAMETRIC_REPRESENTATION_CONTEXT() REPRESENTATION_CONTEXT('2D SPACE',''
  ) );
#19298 = ADVANCED_FACE('',(#19299),#19098,.T.);
#19299 = FACE_BOUND('',#19300,.T.);
#19300 = EDGE_LOOP('',(#19301,#19302,#19303,#19326));
#19301 = ORIENTED_EDGE('',*,*,#19278,.F.);
#19302 = ORIENTED_EDGE('',*,*,#19082,.T.);
#19303 = ORIENTED_EDGE('',*,*,#19304,.T.);
#19304 = EDGE_CURVE('',#19055,#19305,#19307,.T.);
#19305 = VERTEX_POINT('',#19306);
#19306 = CARTESIAN_POINT('',(-9.95,-8.955,2.5));
#19307 = SURFACE_CURVE('',#19308,(#19312,#19319),.PCURVE_S1.);
#19308 = LINE('',#19309,#19310);
#19309 = CARTESIAN_POINT('',(-9.95,-8.955,1.35));
#19310 = VECTOR('',#19311,1.);
#19311 = DIRECTION('',(0.,0.,1.));
#19312 = PCURVE('',#19098,#19313);
#19313 = DEFINITIONAL_REPRESENTATION('',(#19314),#19318);
#19314 = LINE('',#19315,#19316);
#19315 = CARTESIAN_POINT('',(0.,-1.68));
#19316 = VECTOR('',#19317,1.);
#19317 = DIRECTION('',(1.,0.));
#19318 = ( GEOMETRIC_REPRESENTATION_CONTEXT(2) 
PARAMETRIC_REPRESENTATION_CONTEXT() REPRESENTATION_CONTEXT('2D SPACE',''
  ) );
#19319 = PCURVE('',#19070,#19320);
#19320 = DEFINITIONAL_REPRESENTATION('',(#19321),#19325);
#19321 = LINE('',#19322,#19323);
#19322 = CARTESIAN_POINT('',(0.,1.66));
#19323 = VECTOR('',#19324,1.);
#19324 = DIRECTION('',(1.,0.));
#19325 = ( GEOMETRIC_REPRESENTATION_CONTEXT(2) 
PARAMETRIC_REPRESENTATION_CONTEXT() REPRESENTATION_CONTEXT('2D SPACE',''
  ) );
#19326 = ORIENTED_EDGE('',*,*,#19327,.F.);
#19327 = EDGE_CURVE('',#19256,#19305,#19328,.T.);
#19328 = SURFACE_CURVE('',#19329,(#19333,#19340),.PCURVE_S1.);
#19329 = LINE('',#19330,#19331);
#19330 = CARTESIAN_POINT('',(-9.95,-10.635,2.5));
#19331 = VECTOR('',#19332,1.);
#19332 = DIRECTION('',(0.,1.,0.));
#19333 = PCURVE('',#19098,#19334);
#19334 = DEFINITIONAL_REPRESENTATION('',(#19335),#19339);
#19335 = LINE('',#19336,#19337);
#19336 = CARTESIAN_POINT('',(1.15,0.));
#19337 = VECTOR('',#19338,1.);
#19338 = DIRECTION('',(0.,-1.));
#19339 = ( GEOMETRIC_REPRESENTATION_CONTEXT(2) 
PARAMETRIC_REPRESENTATION_CONTEXT() REPRESENTATION_CONTEXT('2D SPACE',''
  ) );
#19340 = PCURVE('',#19238,#19341);
#19341 = DEFINITIONAL_REPRESENTATION('',(#19342),#19346);
#19342 = LINE('',#19343,#19344);
#19343 = CARTESIAN_POINT('',(1.66,0.));
#19344 = VECTOR('',#19345,1.);
#19345 = DIRECTION('',(0.,1.));
#19346 = ( GEOMETRIC_REPRESENTATION_CONTEXT(2) 
PARAMETRIC_REPRESENTATION_CONTEXT() REPRESENTATION_CONTEXT('2D SPACE',''
  ) );
#19347 = ADVANCED_FACE('',(#19348),#19070,.T.);
#19348 = FACE_BOUND('',#19349,.T.);
#19349 = EDGE_LOOP('',(#19350,#19351,#19352,#19373));
#19350 = ORIENTED_EDGE('',*,*,#19054,.F.);
#19351 = ORIENTED_EDGE('',*,*,#19201,.T.);
#19352 = ORIENTED_EDGE('',*,*,#19353,.T.);
#19353 = EDGE_CURVE('',#19202,#19305,#19354,.T.);
#19354 = SURFACE_CURVE('',#19355,(#19359,#19366),.PCURVE_S1.);
#19355 = LINE('',#19356,#19357);
#19356 = CARTESIAN_POINT('',(-11.61,-8.955,2.5));
#19357 = VECTOR('',#19358,1.);
#19358 = DIRECTION('',(1.,0.,0.));
#19359 = PCURVE('',#19070,#19360);
#19360 = DEFINITIONAL_REPRESENTATION('',(#19361),#19365);
#19361 = LINE('',#19362,#19363);
#19362 = CARTESIAN_POINT('',(1.15,0.));
#19363 = VECTOR('',#19364,1.);
#19364 = DIRECTION('',(0.,1.));
#19365 = ( GEOMETRIC_REPRESENTATION_CONTEXT(2) 
PARAMETRIC_REPRESENTATION_CONTEXT() REPRESENTATION_CONTEXT('2D SPACE',''
  ) );
#19366 = PCURVE('',#19238,#19367);
#19367 = DEFINITIONAL_REPRESENTATION('',(#19368),#19372);
#19368 = LINE('',#19369,#19370);
#19369 = CARTESIAN_POINT('',(0.,1.68));
#19370 = VECTOR('',#19371,1.);
#19371 = DIRECTION('',(1.,0.));
#19372 = ( GEOMETRIC_REPRESENTATION_CONTEXT(2) 
PARAMETRIC_REPRESENTATION_CONTEXT() REPRESENTATION_CONTEXT('2D SPACE',''
  ) );
#19373 = ORIENTED_EDGE('',*,*,#19304,.F.);
#19374 = ADVANCED_FACE('',(#19375),#19238,.T.);
#19375 = FACE_BOUND('',#19376,.T.);
#19376 = EDGE_LOOP('',(#19377,#19378,#19379,#19380));
#19377 = ORIENTED_EDGE('',*,*,#19224,.F.);
#19378 = ORIENTED_EDGE('',*,*,#19255,.T.);
#19379 = ORIENTED_EDGE('',*,*,#19327,.T.);
#19380 = ORIENTED_EDGE('',*,*,#19353,.F.);
#19381 = ( GEOMETRIC_REPRESENTATION_CONTEXT(3) 
GLOBAL_UNCERTAINTY_ASSIGNED_CONTEXT((#19385)) 
GLOBAL_UNIT_ASSIGNED_CONTEXT((#19382,#19383,#19384)) 
REPRESENTATION_CONTEXT('Context #1',
  '3D Context with UNIT and UNCERTAINTY') );
#19382 = ( LENGTH_UNIT() NAMED_UNIT(*) SI_UNIT(.MILLI.,.METRE.) );
#19383 = ( NAMED_UNIT(*) PLANE_ANGLE_UNIT() SI_UNIT($,.RADIAN.) );
#19384 = ( NAMED_UNIT(*) SI_UNIT($,.STERADIAN.) SOLID_ANGLE_UNIT() );
#19385 = UNCERTAINTY_MEASURE_WITH_UNIT(LENGTH_MEASURE(1.E-07),#19382,
  'distance_accuracy_value','confusion accuracy');
#19386 = CONTEXT_DEPENDENT_SHAPE_REPRESENTATION(#19387,#19389);
#19387 = ( REPRESENTATION_RELATIONSHIP('','',#18420,#10) 
REPRESENTATION_RELATIONSHIP_WITH_TRANSFORMATION(#19388) 
SHAPE_REPRESENTATION_RELATIONSHIP() );
#19388 = ITEM_DEFINED_TRANSFORMATION('','',#11,#63);
#19389 = PRODUCT_DEFINITION_SHAPE('Placement','Placement of an item',
  #19390);
#19390 = NEXT_ASSEMBLY_USAGE_OCCURRENCE('13','sw_boot','',#5,#18415,$);
#19391 = PRODUCT_RELATED_PRODUCT_CATEGORY('part',$,(#18417));
#19392 = SHAPE_DEFINITION_REPRESENTATION(#19393,#19399);
#19393 = PRODUCT_DEFINITION_SHAPE('','',#19394);
#19394 = PRODUCT_DEFINITION('design','',#19395,#19398);
#19395 = PRODUCT_DEFINITION_FORMATION('','',#19396);
#19396 = PRODUCT('sw_reset','sw_reset','',(#19397));
#19397 = PRODUCT_CONTEXT('',#2,'mechanical');
#19398 = PRODUCT_DEFINITION_CONTEXT('part definition',#2,'design');
#19399 = ADVANCED_BREP_SHAPE_REPRESENTATION('',(#11,#19400),#20360);
#19400 = MANIFOLD_SOLID_BREP('',#19401);
#19401 = CLOSED_SHELL('',(#19402,#19634,#19708,#19757,#19806,#19855,
    #19902,#19951,#20114,#20141,#20152,#20228,#20277,#20326,#20353));
#19402 = ADVANCED_FACE('',(#19403),#19417,.F.);
#19403 = FACE_BOUND('',#19404,.F.);
#19404 = EDGE_LOOP('',(#19405,#19440,#19468,#19496,#19524,#19552,#19580,
    #19608));
#19405 = ORIENTED_EDGE('',*,*,#19406,.F.);
#19406 = EDGE_CURVE('',#19407,#19409,#19411,.T.);
#19407 = VERTEX_POINT('',#19408);
#19408 = CARTESIAN_POINT('',(9.28,-12.12,0.2));
#19409 = VERTEX_POINT('',#19410);
#19410 = CARTESIAN_POINT('',(9.28,-11.62,0.2));
#19411 = SURFACE_CURVE('',#19412,(#19416,#19428),.PCURVE_S1.);
#19412 = LINE('',#19413,#19414);
#19413 = CARTESIAN_POINT('',(9.28,-12.12,0.2));
#19414 = VECTOR('',#19415,1.);
#19415 = DIRECTION('',(0.,1.,0.));
#19416 = PCURVE('',#19417,#19422);
#19417 = PLANE('',#19418);
#19418 = AXIS2_PLACEMENT_3D('',#19419,#19420,#19421);
#19419 = CARTESIAN_POINT('',(9.28,-12.12,0.));
#19420 = DIRECTION('',(1.,0.,0.));
#19421 = DIRECTION('',(0.,0.,1.));
#19422 = DEFINITIONAL_REPRESENTATION('',(#19423),#19427);
#19423 = LINE('',#19424,#19425);
#19424 = CARTESIAN_POINT('',(0.2,0.));
#19425 = VECTOR('',#19426,1.);
#19426 = DIRECTION('',(0.,-1.));
#19427 = ( GEOMETRIC_REPRESENTATION_CONTEXT(2) 
PARAMETRIC_REPRESENTATION_CONTEXT() REPRESENTATION_CONTEXT('2D SPACE',''
  ) );
#19428 = PCURVE('',#19429,#19434);
#19429 = PLANE('',#19430);
#19430 = AXIS2_PLACEMENT_3D('',#19431,#19432,#19433);
#19431 = CARTESIAN_POINT('',(9.28,-12.12,0.2));
#19432 = DIRECTION('',(0.,0.,1.));
#19433 = DIRECTION('',(1.,0.,0.));
#19434 = DEFINITIONAL_REPRESENTATION('',(#19435),#19439);
#19435 = LINE('',#19436,#19437);
#19436 = CARTESIAN_POINT('',(0.,0.));
#19437 = VECTOR('',#19438,1.);
#19438 = DIRECTION('',(0.,1.));
#19439 = ( GEOMETRIC_REPRESENTATION_CONTEXT(2) 
PARAMETRIC_REPRESENTATION_CONTEXT() REPRESENTATION_CONTEXT('2D SPACE',''
  ) );
#19440 = ORIENTED_EDGE('',*,*,#19441,.F.);
#19441 = EDGE_CURVE('',#19442,#19407,#19444,.T.);
#19442 = VERTEX_POINT('',#19443);
#19443 = CARTESIAN_POINT('',(9.28,-12.12,0.));
#19444 = SURFACE_CURVE('',#19445,(#19449,#19456),.PCURVE_S1.);
#19445 = LINE('',#19446,#19447);
#19446 = CARTESIAN_POINT('',(9.28,-12.12,0.));
#19447 = VECTOR('',#19448,1.);
#19448 = DIRECTION('',(0.,0.,1.));
#19449 = PCURVE('',#19417,#19450);
#19450 = DEFINITIONAL_REPRESENTATION('',(#19451),#19455);
#19451 = LINE('',#19452,#19453);
#19452 = CARTESIAN_POINT('',(0.,0.));
#19453 = VECTOR('',#19454,1.);
#19454 = DIRECTION('',(1.,0.));
#19455 = ( GEOMETRIC_REPRESENTATION_CONTEXT(2) 
PARAMETRIC_REPRESENTATION_CONTEXT() REPRESENTATION_CONTEXT('2D SPACE',''
  ) );
#19456 = PCURVE('',#19457,#19462);
#19457 = PLANE('',#19458);
#19458 = AXIS2_PLACEMENT_3D('',#19459,#19460,#19461);
#19459 = CARTESIAN_POINT('',(9.28,-12.12,0.));
#19460 = DIRECTION('',(0.,1.,0.));
#19461 = DIRECTION('',(0.,0.,1.));
#19462 = DEFINITIONAL_REPRESENTATION('',(#19463),#19467);
#19463 = LINE('',#19464,#19465);
#19464 = CARTESIAN_POINT('',(0.,0.));
#19465 = VECTOR('',#19466,1.);
#19466 = DIRECTION('',(1.,0.));
#19467 = ( GEOMETRIC_REPRESENTATION_CONTEXT(2) 
PARAMETRIC_REPRESENTATION_CONTEXT() REPRESENTATION_CONTEXT('2D SPACE',''
  ) );
#19468 = ORIENTED_EDGE('',*,*,#19469,.F.);
#19469 = EDGE_CURVE('',#19470,#19442,#19472,.T.);
#19470 = VERTEX_POINT('',#19471);
#19471 = CARTESIAN_POINT('',(9.28,-7.47,0.));
#19472 = SURFACE_CURVE('',#19473,(#19477,#19484),.PCURVE_S1.);
#19473 = LINE('',#19474,#19475);
#19474 = CARTESIAN_POINT('',(9.28,-7.47,0.));
#19475 = VECTOR('',#19476,1.);
#19476 = DIRECTION('',(0.,-1.,0.));
#19477 = PCURVE('',#19417,#19478);
#19478 = DEFINITIONAL_REPRESENTATION('',(#19479),#19483);
#19479 = LINE('',#19480,#19481);
#19480 = CARTESIAN_POINT('',(0.,-4.65));
#19481 = VECTOR('',#19482,1.);
#19482 = DIRECTION('',(0.,1.));
#19483 = ( GEOMETRIC_REPRESENTATION_CONTEXT(2) 
PARAMETRIC_REPRESENTATION_CONTEXT() REPRESENTATION_CONTEXT('2D SPACE',''
  ) );
#19484 = PCURVE('',#19485,#19490);
#19485 = PLANE('',#19486);
#19486 = AXIS2_PLACEMENT_3D('',#19487,#19488,#19489);
#19487 = CARTESIAN_POINT('',(9.28,-12.12,0.));
#19488 = DIRECTION('',(0.,0.,1.));
#19489 = DIRECTION('',(1.,0.,0.));
#19490 = DEFINITIONAL_REPRESENTATION('',(#19491),#19495);
#19491 = LINE('',#19492,#19493);
#19492 = CARTESIAN_POINT('',(0.,4.65));
#19493 = VECTOR('',#19494,1.);
#19494 = DIRECTION('',(0.,-1.));
#19495 = ( GEOMETRIC_REPRESENTATION_CONTEXT(2) 
PARAMETRIC_REPRESENTATION_CONTEXT() REPRESENTATION_CONTEXT('2D SPACE',''
  ) );
#19496 = ORIENTED_EDGE('',*,*,#19497,.T.);
#19497 = EDGE_CURVE('',#19470,#19498,#19500,.T.);
#19498 = VERTEX_POINT('',#19499);
#19499 = CARTESIAN_POINT('',(9.28,-7.47,0.2));
#19500 = SURFACE_CURVE('',#19501,(#19505,#19512),.PCURVE_S1.);
#19501 = LINE('',#19502,#19503);
#19502 = CARTESIAN_POINT('',(9.28,-7.47,0.));
#19503 = VECTOR('',#19504,1.);
#19504 = DIRECTION('',(0.,0.,1.));
#19505 = PCURVE('',#19417,#19506);
#19506 = DEFINITIONAL_REPRESENTATION('',(#19507),#19511);
#19507 = LINE('',#19508,#19509);
#19508 = CARTESIAN_POINT('',(0.,-4.65));
#19509 = VECTOR('',#19510,1.);
#19510 = DIRECTION('',(1.,0.));
#19511 = ( GEOMETRIC_REPRESENTATION_CONTEXT(2) 
PARAMETRIC_REPRESENTATION_CONTEXT() REPRESENTATION_CONTEXT('2D SPACE',''
  ) );
#19512 = PCURVE('',#19513,#19518);
#19513 = PLANE('',#19514);
#19514 = AXIS2_PLACEMENT_3D('',#19515,#19516,#19517);
#19515 = CARTESIAN_POINT('',(9.28,-7.47,0.));
#19516 = DIRECTION('',(0.,1.,0.));
#19517 = DIRECTION('',(0.,0.,1.));
#19518 = DEFINITIONAL_REPRESENTATION('',(#19519),#19523);
#19519 = LINE('',#19520,#19521);
#19520 = CARTESIAN_POINT('',(0.,0.));
#19521 = VECTOR('',#19522,1.);
#19522 = DIRECTION('',(1.,0.));
#19523 = ( GEOMETRIC_REPRESENTATION_CONTEXT(2) 
PARAMETRIC_REPRESENTATION_CONTEXT() REPRESENTATION_CONTEXT('2D SPACE',''
  ) );
#19524 = ORIENTED_EDGE('',*,*,#19525,.F.);
#19525 = EDGE_CURVE('',#19526,#19498,#19528,.T.);
#19526 = VERTEX_POINT('',#19527);
#19527 = CARTESIAN_POINT('',(9.28,-7.97,0.2));
#19528 = SURFACE_CURVE('',#19529,(#19533,#19540),.PCURVE_S1.);
#19529 = LINE('',#19530,#19531);
#19530 = CARTESIAN_POINT('',(9.28,-12.12,0.2));
#19531 = VECTOR('',#19532,1.);
#19532 = DIRECTION('',(0.,1.,0.));
#19533 = PCURVE('',#19417,#19534);
#19534 = DEFINITIONAL_REPRESENTATION('',(#19535),#19539);
#19535 = LINE('',#19536,#19537);
#19536 = CARTESIAN_POINT('',(0.2,0.));
#19537 = VECTOR('',#19538,1.);
#19538 = DIRECTION('',(0.,-1.));
#19539 = ( GEOMETRIC_REPRESENTATION_CONTEXT(2) 
PARAMETRIC_REPRESENTATION_CONTEXT() REPRESENTATION_CONTEXT('2D SPACE',''
  ) );
#19540 = PCURVE('',#19541,#19546);
#19541 = PLANE('',#19542);
#19542 = AXIS2_PLACEMENT_3D('',#19543,#19544,#19545);
#19543 = CARTESIAN_POINT('',(9.28,-12.12,0.2));
#19544 = DIRECTION('',(0.,0.,1.));
#19545 = DIRECTION('',(1.,0.,0.));
#19546 = DEFINITIONAL_REPRESENTATION('',(#19547),#19551);
#19547 = LINE('',#19548,#19549);
#19548 = CARTESIAN_POINT('',(0.,0.));
#19549 = VECTOR('',#19550,1.);
#19550 = DIRECTION('',(0.,1.));
#19551 = ( GEOMETRIC_REPRESENTATION_CONTEXT(2) 
PARAMETRIC_REPRESENTATION_CONTEXT() REPRESENTATION_CONTEXT('2D SPACE',''
  ) );
#19552 = ORIENTED_EDGE('',*,*,#19553,.T.);
#19553 = EDGE_CURVE('',#19526,#19554,#19556,.T.);
#19554 = VERTEX_POINT('',#19555);
#19555 = CARTESIAN_POINT('',(9.28,-7.97,1.35));
#19556 = SURFACE_CURVE('',#19557,(#19561,#19568),.PCURVE_S1.);
#19557 = LINE('',#19558,#19559);
#19558 = CARTESIAN_POINT('',(9.28,-7.97,0.));
#19559 = VECTOR('',#19560,1.);
#19560 = DIRECTION('',(0.,0.,1.));
#19561 = PCURVE('',#19417,#19562);
#19562 = DEFINITIONAL_REPRESENTATION('',(#19563),#19567);
#19563 = LINE('',#19564,#19565);
#19564 = CARTESIAN_POINT('',(0.,-4.15));
#19565 = VECTOR('',#19566,1.);
#19566 = DIRECTION('',(1.,0.));
#19567 = ( GEOMETRIC_REPRESENTATION_CONTEXT(2) 
PARAMETRIC_REPRESENTATION_CONTEXT() REPRESENTATION_CONTEXT('2D SPACE',''
  ) );
#19568 = PCURVE('',#19569,#19574);
#19569 = PLANE('',#19570);
#19570 = AXIS2_PLACEMENT_3D('',#19571,#19572,#19573);
#19571 = CARTESIAN_POINT('',(9.28,-7.97,0.));
#19572 = DIRECTION('',(0.,1.,0.));
#19573 = DIRECTION('',(0.,0.,1.));
#19574 = DEFINITIONAL_REPRESENTATION('',(#19575),#19579);
#19575 = LINE('',#19576,#19577);
#19576 = CARTESIAN_POINT('',(0.,0.));
#19577 = VECTOR('',#19578,1.);
#19578 = DIRECTION('',(1.,0.));
#19579 = ( GEOMETRIC_REPRESENTATION_CONTEXT(2) 
PARAMETRIC_REPRESENTATION_CONTEXT() REPRESENTATION_CONTEXT('2D SPACE',''
  ) );
#19580 = ORIENTED_EDGE('',*,*,#19581,.F.);
#19581 = EDGE_CURVE('',#19582,#19554,#19584,.T.);
#19582 = VERTEX_POINT('',#19583);
#19583 = CARTESIAN_POINT('',(9.28,-11.62,1.35));
#19584 = SURFACE_CURVE('',#19585,(#19589,#19596),.PCURVE_S1.);
#19585 = LINE('',#19586,#19587);
#19586 = CARTESIAN_POINT('',(9.28,-11.62,1.35));
#19587 = VECTOR('',#19588,1.);
#19588 = DIRECTION('',(0.,1.,0.));
#19589 = PCURVE('',#19417,#19590);
#19590 = DEFINITIONAL_REPRESENTATION('',(#19591),#19595);
#19591 = LINE('',#19592,#19593);
#19592 = CARTESIAN_POINT('',(1.35,-0.5));
#19593 = VECTOR('',#19594,1.);
#19594 = DIRECTION('',(0.,-1.));
#19595 = ( GEOMETRIC_REPRESENTATION_CONTEXT(2) 
PARAMETRIC_REPRESENTATION_CONTEXT() REPRESENTATION_CONTEXT('2D SPACE',''
  ) );
#19596 = PCURVE('',#19597,#19602);
#19597 = PLANE('',#19598);
#19598 = AXIS2_PLACEMENT_3D('',#19599,#19600,#19601);
#19599 = CARTESIAN_POINT('',(9.28,-11.62,1.35));
#19600 = DIRECTION('',(0.,0.,1.));
#19601 = DIRECTION('',(1.,0.,0.));
#19602 = DEFINITIONAL_REPRESENTATION('',(#19603),#19607);
#19603 = LINE('',#19604,#19605);
#19604 = CARTESIAN_POINT('',(0.,0.));
#19605 = VECTOR('',#19606,1.);
#19606 = DIRECTION('',(0.,1.));
#19607 = ( GEOMETRIC_REPRESENTATION_CONTEXT(2) 
PARAMETRIC_REPRESENTATION_CONTEXT() REPRESENTATION_CONTEXT('2D SPACE',''
  ) );
#19608 = ORIENTED_EDGE('',*,*,#19609,.F.);
#19609 = EDGE_CURVE('',#19409,#19582,#19610,.T.);
#19610 = SURFACE_CURVE('',#19611,(#19615,#19622),.PCURVE_S1.);
#19611 = LINE('',#19612,#19613);
#19612 = CARTESIAN_POINT('',(9.28,-11.62,0.));
#19613 = VECTOR('',#19614,1.);
#19614 = DIRECTION('',(0.,0.,1.));
#19615 = PCURVE('',#19417,#19616);
#19616 = DEFINITIONAL_REPRESENTATION('',(#19617),#19621);
#19617 = LINE('',#19618,#19619);
#19618 = CARTESIAN_POINT('',(0.,-0.5));
#19619 = VECTOR('',#19620,1.);
#19620 = DIRECTION('',(1.,0.));
#19621 = ( GEOMETRIC_REPRESENTATION_CONTEXT(2) 
PARAMETRIC_REPRESENTATION_CONTEXT() REPRESENTATION_CONTEXT('2D SPACE',''
  ) );
#19622 = PCURVE('',#19623,#19628);
#19623 = PLANE('',#19624);
#19624 = AXIS2_PLACEMENT_3D('',#19625,#19626,#19627);
#19625 = CARTESIAN_POINT('',(9.28,-11.62,0.));
#19626 = DIRECTION('',(0.,1.,0.));
#19627 = DIRECTION('',(0.,0.,1.));
#19628 = DEFINITIONAL_REPRESENTATION('',(#19629),#19633);
#19629 = LINE('',#19630,#19631);
#19630 = CARTESIAN_POINT('',(0.,0.));
#19631 = VECTOR('',#19632,1.);
#19632 = DIRECTION('',(1.,0.));
#19633 = ( GEOMETRIC_REPRESENTATION_CONTEXT(2) 
PARAMETRIC_REPRESENTATION_CONTEXT() REPRESENTATION_CONTEXT('2D SPACE',''
  ) );
#19634 = ADVANCED_FACE('',(#19635),#19429,.T.);
#19635 = FACE_BOUND('',#19636,.T.);
#19636 = EDGE_LOOP('',(#19637,#19638,#19661,#19689));
#19637 = ORIENTED_EDGE('',*,*,#19406,.F.);
#19638 = ORIENTED_EDGE('',*,*,#19639,.T.);
#19639 = EDGE_CURVE('',#19407,#19640,#19642,.T.);
#19640 = VERTEX_POINT('',#19641);
#19641 = CARTESIAN_POINT('',(12.28,-12.12,0.2));
#19642 = SURFACE_CURVE('',#19643,(#19647,#19654),.PCURVE_S1.);
#19643 = LINE('',#19644,#19645);
#19644 = CARTESIAN_POINT('',(9.28,-12.12,0.2));
#19645 = VECTOR('',#19646,1.);
#19646 = DIRECTION('',(1.,0.,0.));
#19647 = PCURVE('',#19429,#19648);
#19648 = DEFINITIONAL_REPRESENTATION('',(#19649),#19653);
#19649 = LINE('',#19650,#19651);
#19650 = CARTESIAN_POINT('',(0.,0.));
#19651 = VECTOR('',#19652,1.);
#19652 = DIRECTION('',(1.,0.));
#19653 = ( GEOMETRIC_REPRESENTATION_CONTEXT(2) 
PARAMETRIC_REPRESENTATION_CONTEXT() REPRESENTATION_CONTEXT('2D SPACE',''
  ) );
#19654 = PCURVE('',#19457,#19655);
#19655 = DEFINITIONAL_REPRESENTATION('',(#19656),#19660);
#19656 = LINE('',#19657,#19658);
#19657 = CARTESIAN_POINT('',(0.2,0.));
#19658 = VECTOR('',#19659,1.);
#19659 = DIRECTION('',(0.,1.));
#19660 = ( GEOMETRIC_REPRESENTATION_CONTEXT(2) 
PARAMETRIC_REPRESENTATION_CONTEXT() REPRESENTATION_CONTEXT('2D SPACE',''
  ) );
#19661 = ORIENTED_EDGE('',*,*,#19662,.T.);
#19662 = EDGE_CURVE('',#19640,#19663,#19665,.T.);
#19663 = VERTEX_POINT('',#19664);
#19664 = CARTESIAN_POINT('',(12.28,-11.62,0.2));
#19665 = SURFACE_CURVE('',#19666,(#19670,#19677),.PCURVE_S1.);
#19666 = LINE('',#19667,#19668);
#19667 = CARTESIAN_POINT('',(12.28,-12.12,0.2));
#19668 = VECTOR('',#19669,1.);
#19669 = DIRECTION('',(0.,1.,0.));
#19670 = PCURVE('',#19429,#19671);
#19671 = DEFINITIONAL_REPRESENTATION('',(#19672),#19676);
#19672 = LINE('',#19673,#19674);
#19673 = CARTESIAN_POINT('',(3.,0.));
#19674 = VECTOR('',#19675,1.);
#19675 = DIRECTION('',(0.,1.));
#19676 = ( GEOMETRIC_REPRESENTATION_CONTEXT(2) 
PARAMETRIC_REPRESENTATION_CONTEXT() REPRESENTATION_CONTEXT('2D SPACE',''
  ) );
#19677 = PCURVE('',#19678,#19683);
#19678 = PLANE('',#19679);
#19679 = AXIS2_PLACEMENT_3D('',#19680,#19681,#19682);
#19680 = CARTESIAN_POINT('',(12.28,-12.12,0.));
#19681 = DIRECTION('',(1.,0.,0.));
#19682 = DIRECTION('',(0.,0.,1.));
#19683 = DEFINITIONAL_REPRESENTATION('',(#19684),#19688);
#19684 = LINE('',#19685,#19686);
#19685 = CARTESIAN_POINT('',(0.2,0.));
#19686 = VECTOR('',#19687,1.);
#19687 = DIRECTION('',(0.,-1.));
#19688 = ( GEOMETRIC_REPRESENTATION_CONTEXT(2) 
PARAMETRIC_REPRESENTATION_CONTEXT() REPRESENTATION_CONTEXT('2D SPACE',''
  ) );
#19689 = ORIENTED_EDGE('',*,*,#19690,.T.);
#19690 = EDGE_CURVE('',#19663,#19409,#19691,.T.);
#19691 = SURFACE_CURVE('',#19692,(#19696,#19702),.PCURVE_S1.);
#19692 = LINE('',#19693,#19694);
#19693 = CARTESIAN_POINT('',(9.28,-11.62,0.2));
#19694 = VECTOR('',#19695,1.);
#19695 = DIRECTION('',(-1.,0.,0.));
#19696 = PCURVE('',#19429,#19697);
#19697 = DEFINITIONAL_REPRESENTATION('',(#19698),#19701);
#19698 = B_SPLINE_CURVE_WITH_KNOTS('',1,(#19699,#19700),.UNSPECIFIED.,
  .F.,.F.,(2,2),(-3.,0.),.PIECEWISE_BEZIER_KNOTS.);
#19699 = CARTESIAN_POINT('',(3.,0.5));
#19700 = CARTESIAN_POINT('',(0.,0.5));
#19701 = ( GEOMETRIC_REPRESENTATION_CONTEXT(2) 
PARAMETRIC_REPRESENTATION_CONTEXT() REPRESENTATION_CONTEXT('2D SPACE',''
  ) );
#19702 = PCURVE('',#19623,#19703);
#19703 = DEFINITIONAL_REPRESENTATION('',(#19704),#19707);
#19704 = B_SPLINE_CURVE_WITH_KNOTS('',1,(#19705,#19706),.UNSPECIFIED.,
  .F.,.F.,(2,2),(-3.,0.),.PIECEWISE_BEZIER_KNOTS.);
#19705 = CARTESIAN_POINT('',(0.2,3.));
#19706 = CARTESIAN_POINT('',(0.2,0.));
#19707 = ( GEOMETRIC_REPRESENTATION_CONTEXT(2) 
PARAMETRIC_REPRESENTATION_CONTEXT() REPRESENTATION_CONTEXT('2D SPACE',''
  ) );
#19708 = ADVANCED_FACE('',(#19709),#19457,.F.);
#19709 = FACE_BOUND('',#19710,.F.);
#19710 = EDGE_LOOP('',(#19711,#19734,#19735,#19736));
#19711 = ORIENTED_EDGE('',*,*,#19712,.F.);
#19712 = EDGE_CURVE('',#19442,#19713,#19715,.T.);
#19713 = VERTEX_POINT('',#19714);
#19714 = CARTESIAN_POINT('',(12.28,-12.12,0.));
#19715 = SURFACE_CURVE('',#19716,(#19720,#19727),.PCURVE_S1.);
#19716 = LINE('',#19717,#19718);
#19717 = CARTESIAN_POINT('',(9.28,-12.12,0.));
#19718 = VECTOR('',#19719,1.);
#19719 = DIRECTION('',(1.,0.,0.));
#19720 = PCURVE('',#19457,#19721);
#19721 = DEFINITIONAL_REPRESENTATION('',(#19722),#19726);
#19722 = LINE('',#19723,#19724);
#19723 = CARTESIAN_POINT('',(0.,0.));
#19724 = VECTOR('',#19725,1.);
#19725 = DIRECTION('',(0.,1.));
#19726 = ( GEOMETRIC_REPRESENTATION_CONTEXT(2) 
PARAMETRIC_REPRESENTATION_CONTEXT() REPRESENTATION_CONTEXT('2D SPACE',''
  ) );
#19727 = PCURVE('',#19485,#19728);
#19728 = DEFINITIONAL_REPRESENTATION('',(#19729),#19733);
#19729 = LINE('',#19730,#19731);
#19730 = CARTESIAN_POINT('',(0.,0.));
#19731 = VECTOR('',#19732,1.);
#19732 = DIRECTION('',(1.,0.));
#19733 = ( GEOMETRIC_REPRESENTATION_CONTEXT(2) 
PARAMETRIC_REPRESENTATION_CONTEXT() REPRESENTATION_CONTEXT('2D SPACE',''
  ) );
#19734 = ORIENTED_EDGE('',*,*,#19441,.T.);
#19735 = ORIENTED_EDGE('',*,*,#19639,.T.);
#19736 = ORIENTED_EDGE('',*,*,#19737,.F.);
#19737 = EDGE_CURVE('',#19713,#19640,#19738,.T.);
#19738 = SURFACE_CURVE('',#19739,(#19743,#19750),.PCURVE_S1.);
#19739 = LINE('',#19740,#19741);
#19740 = CARTESIAN_POINT('',(12.28,-12.12,0.));
#19741 = VECTOR('',#19742,1.);
#19742 = DIRECTION('',(0.,0.,1.));
#19743 = PCURVE('',#19457,#19744);
#19744 = DEFINITIONAL_REPRESENTATION('',(#19745),#19749);
#19745 = LINE('',#19746,#19747);
#19746 = CARTESIAN_POINT('',(0.,3.));
#19747 = VECTOR('',#19748,1.);
#19748 = DIRECTION('',(1.,0.));
#19749 = ( GEOMETRIC_REPRESENTATION_CONTEXT(2) 
PARAMETRIC_REPRESENTATION_CONTEXT() REPRESENTATION_CONTEXT('2D SPACE',''
  ) );
#19750 = PCURVE('',#19678,#19751);
#19751 = DEFINITIONAL_REPRESENTATION('',(#19752),#19756);
#19752 = LINE('',#19753,#19754);
#19753 = CARTESIAN_POINT('',(0.,0.));
#19754 = VECTOR('',#19755,1.);
#19755 = DIRECTION('',(1.,0.));
#19756 = ( GEOMETRIC_REPRESENTATION_CONTEXT(2) 
PARAMETRIC_REPRESENTATION_CONTEXT() REPRESENTATION_CONTEXT('2D SPACE',''
  ) );
#19757 = ADVANCED_FACE('',(#19758),#19485,.F.);
#19758 = FACE_BOUND('',#19759,.F.);
#19759 = EDGE_LOOP('',(#19760,#19761,#19784,#19805));
#19760 = ORIENTED_EDGE('',*,*,#19712,.T.);
#19761 = ORIENTED_EDGE('',*,*,#19762,.F.);
#19762 = EDGE_CURVE('',#19763,#19713,#19765,.T.);
#19763 = VERTEX_POINT('',#19764);
#19764 = CARTESIAN_POINT('',(12.28,-7.47,0.));
#19765 = SURFACE_CURVE('',#19766,(#19770,#19777),.PCURVE_S1.);
#19766 = LINE('',#19767,#19768);
#19767 = CARTESIAN_POINT('',(12.28,-7.47,0.));
#19768 = VECTOR('',#19769,1.);
#19769 = DIRECTION('',(0.,-1.,0.));
#19770 = PCURVE('',#19485,#19771);
#19771 = DEFINITIONAL_REPRESENTATION('',(#19772),#19776);
#19772 = LINE('',#19773,#19774);
#19773 = CARTESIAN_POINT('',(3.,4.65));
#19774 = VECTOR('',#19775,1.);
#19775 = DIRECTION('',(0.,-1.));
#19776 = ( GEOMETRIC_REPRESENTATION_CONTEXT(2) 
PARAMETRIC_REPRESENTATION_CONTEXT() REPRESENTATION_CONTEXT('2D SPACE',''
  ) );
#19777 = PCURVE('',#19678,#19778);
#19778 = DEFINITIONAL_REPRESENTATION('',(#19779),#19783);
#19779 = LINE('',#19780,#19781);
#19780 = CARTESIAN_POINT('',(0.,-4.65));
#19781 = VECTOR('',#19782,1.);
#19782 = DIRECTION('',(0.,1.));
#19783 = ( GEOMETRIC_REPRESENTATION_CONTEXT(2) 
PARAMETRIC_REPRESENTATION_CONTEXT() REPRESENTATION_CONTEXT('2D SPACE',''
  ) );
#19784 = ORIENTED_EDGE('',*,*,#19785,.F.);
#19785 = EDGE_CURVE('',#19470,#19763,#19786,.T.);
#19786 = SURFACE_CURVE('',#19787,(#19791,#19798),.PCURVE_S1.);
#19787 = LINE('',#19788,#19789);
#19788 = CARTESIAN_POINT('',(9.28,-7.47,0.));
#19789 = VECTOR('',#19790,1.);
#19790 = DIRECTION('',(1.,0.,0.));
#19791 = PCURVE('',#19485,#19792);
#19792 = DEFINITIONAL_REPRESENTATION('',(#19793),#19797);
#19793 = LINE('',#19794,#19795);
#19794 = CARTESIAN_POINT('',(0.,4.65));
#19795 = VECTOR('',#19796,1.);
#19796 = DIRECTION('',(1.,0.));
#19797 = ( GEOMETRIC_REPRESENTATION_CONTEXT(2) 
PARAMETRIC_REPRESENTATION_CONTEXT() REPRESENTATION_CONTEXT('2D SPACE',''
  ) );
#19798 = PCURVE('',#19513,#19799);
#19799 = DEFINITIONAL_REPRESENTATION('',(#19800),#19804);
#19800 = LINE('',#19801,#19802);
#19801 = CARTESIAN_POINT('',(0.,0.));
#19802 = VECTOR('',#19803,1.);
#19803 = DIRECTION('',(0.,1.));
#19804 = ( GEOMETRIC_REPRESENTATION_CONTEXT(2) 
PARAMETRIC_REPRESENTATION_CONTEXT() REPRESENTATION_CONTEXT('2D SPACE',''
  ) );
#19805 = ORIENTED_EDGE('',*,*,#19469,.T.);
#19806 = ADVANCED_FACE('',(#19807),#19513,.T.);
#19807 = FACE_BOUND('',#19808,.T.);
#19808 = EDGE_LOOP('',(#19809,#19810,#19811,#19834));
#19809 = ORIENTED_EDGE('',*,*,#19785,.F.);
#19810 = ORIENTED_EDGE('',*,*,#19497,.T.);
#19811 = ORIENTED_EDGE('',*,*,#19812,.T.);
#19812 = EDGE_CURVE('',#19498,#19813,#19815,.T.);
#19813 = VERTEX_POINT('',#19814);
#19814 = CARTESIAN_POINT('',(12.28,-7.47,0.2));
#19815 = SURFACE_CURVE('',#19816,(#19820,#19827),.PCURVE_S1.);
#19816 = LINE('',#19817,#19818);
#19817 = CARTESIAN_POINT('',(9.28,-7.47,0.2));
#19818 = VECTOR('',#19819,1.);
#19819 = DIRECTION('',(1.,0.,0.));
#19820 = PCURVE('',#19513,#19821);
#19821 = DEFINITIONAL_REPRESENTATION('',(#19822),#19826);
#19822 = LINE('',#19823,#19824);
#19823 = CARTESIAN_POINT('',(0.2,0.));
#19824 = VECTOR('',#19825,1.);
#19825 = DIRECTION('',(0.,1.));
#19826 = ( GEOMETRIC_REPRESENTATION_CONTEXT(2) 
PARAMETRIC_REPRESENTATION_CONTEXT() REPRESENTATION_CONTEXT('2D SPACE',''
  ) );
#19827 = PCURVE('',#19541,#19828);
#19828 = DEFINITIONAL_REPRESENTATION('',(#19829),#19833);
#19829 = LINE('',#19830,#19831);
#19830 = CARTESIAN_POINT('',(0.,4.65));
#19831 = VECTOR('',#19832,1.);
#19832 = DIRECTION('',(1.,0.));
#19833 = ( GEOMETRIC_REPRESENTATION_CONTEXT(2) 
PARAMETRIC_REPRESENTATION_CONTEXT() REPRESENTATION_CONTEXT('2D SPACE',''
  ) );
#19834 = ORIENTED_EDGE('',*,*,#19835,.F.);
#19835 = EDGE_CURVE('',#19763,#19813,#19836,.T.);
#19836 = SURFACE_CURVE('',#19837,(#19841,#19848),.PCURVE_S1.);
#19837 = LINE('',#19838,#19839);
#19838 = CARTESIAN_POINT('',(12.28,-7.47,0.));
#19839 = VECTOR('',#19840,1.);
#19840 = DIRECTION('',(0.,0.,1.));
#19841 = PCURVE('',#19513,#19842);
#19842 = DEFINITIONAL_REPRESENTATION('',(#19843),#19847);
#19843 = LINE('',#19844,#19845);
#19844 = CARTESIAN_POINT('',(0.,3.));
#19845 = VECTOR('',#19846,1.);
#19846 = DIRECTION('',(1.,0.));
#19847 = ( GEOMETRIC_REPRESENTATION_CONTEXT(2) 
PARAMETRIC_REPRESENTATION_CONTEXT() REPRESENTATION_CONTEXT('2D SPACE',''
  ) );
#19848 = PCURVE('',#19678,#19849);
#19849 = DEFINITIONAL_REPRESENTATION('',(#19850),#19854);
#19850 = LINE('',#19851,#19852);
#19851 = CARTESIAN_POINT('',(0.,-4.65));
#19852 = VECTOR('',#19853,1.);
#19853 = DIRECTION('',(1.,0.));
#19854 = ( GEOMETRIC_REPRESENTATION_CONTEXT(2) 
PARAMETRIC_REPRESENTATION_CONTEXT() REPRESENTATION_CONTEXT('2D SPACE',''
  ) );
#19855 = ADVANCED_FACE('',(#19856),#19541,.T.);
#19856 = FACE_BOUND('',#19857,.T.);
#19857 = EDGE_LOOP('',(#19858,#19859,#19880,#19901));
#19858 = ORIENTED_EDGE('',*,*,#19525,.F.);
#19859 = ORIENTED_EDGE('',*,*,#19860,.F.);
#19860 = EDGE_CURVE('',#19861,#19526,#19863,.T.);
#19861 = VERTEX_POINT('',#19862);
#19862 = CARTESIAN_POINT('',(12.28,-7.97,0.2));
#19863 = SURFACE_CURVE('',#19864,(#19868,#19874),.PCURVE_S1.);
#19864 = LINE('',#19865,#19866);
#19865 = CARTESIAN_POINT('',(9.28,-7.97,0.2));
#19866 = VECTOR('',#19867,1.);
#19867 = DIRECTION('',(-1.,0.,0.));
#19868 = PCURVE('',#19541,#19869);
#19869 = DEFINITIONAL_REPRESENTATION('',(#19870),#19873);
#19870 = B_SPLINE_CURVE_WITH_KNOTS('',1,(#19871,#19872),.UNSPECIFIED.,
  .F.,.F.,(2,2),(-3.,0.),.PIECEWISE_BEZIER_KNOTS.);
#19871 = CARTESIAN_POINT('',(3.,4.15));
#19872 = CARTESIAN_POINT('',(0.,4.15));
#19873 = ( GEOMETRIC_REPRESENTATION_CONTEXT(2) 
PARAMETRIC_REPRESENTATION_CONTEXT() REPRESENTATION_CONTEXT('2D SPACE',''
  ) );
#19874 = PCURVE('',#19569,#19875);
#19875 = DEFINITIONAL_REPRESENTATION('',(#19876),#19879);
#19876 = B_SPLINE_CURVE_WITH_KNOTS('',1,(#19877,#19878),.UNSPECIFIED.,
  .F.,.F.,(2,2),(-3.,0.),.PIECEWISE_BEZIER_KNOTS.);
#19877 = CARTESIAN_POINT('',(0.2,3.));
#19878 = CARTESIAN_POINT('',(0.2,0.));
#19879 = ( GEOMETRIC_REPRESENTATION_CONTEXT(2) 
PARAMETRIC_REPRESENTATION_CONTEXT() REPRESENTATION_CONTEXT('2D SPACE',''
  ) );
#19880 = ORIENTED_EDGE('',*,*,#19881,.T.);
#19881 = EDGE_CURVE('',#19861,#19813,#19882,.T.);
#19882 = SURFACE_CURVE('',#19883,(#19887,#19894),.PCURVE_S1.);
#19883 = LINE('',#19884,#19885);
#19884 = CARTESIAN_POINT('',(12.28,-12.12,0.2));
#19885 = VECTOR('',#19886,1.);
#19886 = DIRECTION('',(0.,1.,0.));
#19887 = PCURVE('',#19541,#19888);
#19888 = DEFINITIONAL_REPRESENTATION('',(#19889),#19893);
#19889 = LINE('',#19890,#19891);
#19890 = CARTESIAN_POINT('',(3.,0.));
#19891 = VECTOR('',#19892,1.);
#19892 = DIRECTION('',(0.,1.));
#19893 = ( GEOMETRIC_REPRESENTATION_CONTEXT(2) 
PARAMETRIC_REPRESENTATION_CONTEXT() REPRESENTATION_CONTEXT('2D SPACE',''
  ) );
#19894 = PCURVE('',#19678,#19895);
#19895 = DEFINITIONAL_REPRESENTATION('',(#19896),#19900);
#19896 = LINE('',#19897,#19898);
#19897 = CARTESIAN_POINT('',(0.2,0.));
#19898 = VECTOR('',#19899,1.);
#19899 = DIRECTION('',(0.,-1.));
#19900 = ( GEOMETRIC_REPRESENTATION_CONTEXT(2) 
PARAMETRIC_REPRESENTATION_CONTEXT() REPRESENTATION_CONTEXT('2D SPACE',''
  ) );
#19901 = ORIENTED_EDGE('',*,*,#19812,.F.);
#19902 = ADVANCED_FACE('',(#19903),#19569,.T.);
#19903 = FACE_BOUND('',#19904,.T.);
#19904 = EDGE_LOOP('',(#19905,#19928,#19929,#19930));
#19905 = ORIENTED_EDGE('',*,*,#19906,.F.);
#19906 = EDGE_CURVE('',#19861,#19907,#19909,.T.);
#19907 = VERTEX_POINT('',#19908);
#19908 = CARTESIAN_POINT('',(12.28,-7.97,1.35));
#19909 = SURFACE_CURVE('',#19910,(#19914,#19921),.PCURVE_S1.);
#19910 = LINE('',#19911,#19912);
#19911 = CARTESIAN_POINT('',(12.28,-7.97,0.));
#19912 = VECTOR('',#19913,1.);
#19913 = DIRECTION('',(0.,0.,1.));
#19914 = PCURVE('',#19569,#19915);
#19915 = DEFINITIONAL_REPRESENTATION('',(#19916),#19920);
#19916 = LINE('',#19917,#19918);
#19917 = CARTESIAN_POINT('',(0.,3.));
#19918 = VECTOR('',#19919,1.);
#19919 = DIRECTION('',(1.,0.));
#19920 = ( GEOMETRIC_REPRESENTATION_CONTEXT(2) 
PARAMETRIC_REPRESENTATION_CONTEXT() REPRESENTATION_CONTEXT('2D SPACE',''
  ) );
#19921 = PCURVE('',#19678,#19922);
#19922 = DEFINITIONAL_REPRESENTATION('',(#19923),#19927);
#19923 = LINE('',#19924,#19925);
#19924 = CARTESIAN_POINT('',(0.,-4.15));
#19925 = VECTOR('',#19926,1.);
#19926 = DIRECTION('',(1.,0.));
#19927 = ( GEOMETRIC_REPRESENTATION_CONTEXT(2) 
PARAMETRIC_REPRESENTATION_CONTEXT() REPRESENTATION_CONTEXT('2D SPACE',''
  ) );
#19928 = ORIENTED_EDGE('',*,*,#19860,.T.);
#19929 = ORIENTED_EDGE('',*,*,#19553,.T.);
#19930 = ORIENTED_EDGE('',*,*,#19931,.T.);
#19931 = EDGE_CURVE('',#19554,#19907,#19932,.T.);
#19932 = SURFACE_CURVE('',#19933,(#19937,#19944),.PCURVE_S1.);
#19933 = LINE('',#19934,#19935);
#19934 = CARTESIAN_POINT('',(9.28,-7.97,1.35));
#19935 = VECTOR('',#19936,1.);
#19936 = DIRECTION('',(1.,0.,0.));
#19937 = PCURVE('',#19569,#19938);
#19938 = DEFINITIONAL_REPRESENTATION('',(#19939),#19943);
#19939 = LINE('',#19940,#19941);
#19940 = CARTESIAN_POINT('',(1.35,0.));
#19941 = VECTOR('',#19942,1.);
#19942 = DIRECTION('',(0.,1.));
#19943 = ( GEOMETRIC_REPRESENTATION_CONTEXT(2) 
PARAMETRIC_REPRESENTATION_CONTEXT() REPRESENTATION_CONTEXT('2D SPACE',''
  ) );
#19944 = PCURVE('',#19597,#19945);
#19945 = DEFINITIONAL_REPRESENTATION('',(#19946),#19950);
#19946 = LINE('',#19947,#19948);
#19947 = CARTESIAN_POINT('',(0.,3.65));
#19948 = VECTOR('',#19949,1.);
#19949 = DIRECTION('',(1.,0.));
#19950 = ( GEOMETRIC_REPRESENTATION_CONTEXT(2) 
PARAMETRIC_REPRESENTATION_CONTEXT() REPRESENTATION_CONTEXT('2D SPACE',''
  ) );
#19951 = ADVANCED_FACE('',(#19952,#20000),#19597,.T.);
#19952 = FACE_BOUND('',#19953,.T.);
#19953 = EDGE_LOOP('',(#19954,#19955,#19978,#19999));
#19954 = ORIENTED_EDGE('',*,*,#19581,.F.);
#19955 = ORIENTED_EDGE('',*,*,#19956,.T.);
#19956 = EDGE_CURVE('',#19582,#19957,#19959,.T.);
#19957 = VERTEX_POINT('',#19958);
#19958 = CARTESIAN_POINT('',(12.28,-11.62,1.35));
#19959 = SURFACE_CURVE('',#19960,(#19964,#19971),.PCURVE_S1.);
#19960 = LINE('',#19961,#19962);
#19961 = CARTESIAN_POINT('',(9.28,-11.62,1.35));
#19962 = VECTOR('',#19963,1.);
#19963 = DIRECTION('',(1.,0.,0.));
#19964 = PCURVE('',#19597,#19965);
#19965 = DEFINITIONAL_REPRESENTATION('',(#19966),#19970);
#19966 = LINE('',#19967,#19968);
#19967 = CARTESIAN_POINT('',(0.,0.));
#19968 = VECTOR('',#19969,1.);
#19969 = DIRECTION('',(1.,0.));
#19970 = ( GEOMETRIC_REPRESENTATION_CONTEXT(2) 
PARAMETRIC_REPRESENTATION_CONTEXT() REPRESENTATION_CONTEXT('2D SPACE',''
  ) );
#19971 = PCURVE('',#19623,#19972);
#19972 = DEFINITIONAL_REPRESENTATION('',(#19973),#19977);
#19973 = LINE('',#19974,#19975);
#19974 = CARTESIAN_POINT('',(1.35,0.));
#19975 = VECTOR('',#19976,1.);
#19976 = DIRECTION('',(0.,1.));
#19977 = ( GEOMETRIC_REPRESENTATION_CONTEXT(2) 
PARAMETRIC_REPRESENTATION_CONTEXT() REPRESENTATION_CONTEXT('2D SPACE',''
  ) );
#19978 = ORIENTED_EDGE('',*,*,#19979,.T.);
#19979 = EDGE_CURVE('',#19957,#19907,#19980,.T.);
#19980 = SURFACE_CURVE('',#19981,(#19985,#19992),.PCURVE_S1.);
#19981 = LINE('',#19982,#19983);
#19982 = CARTESIAN_POINT('',(12.28,-11.62,1.35));
#19983 = VECTOR('',#19984,1.);
#19984 = DIRECTION('',(0.,1.,0.));
#19985 = PCURVE('',#19597,#19986);
#19986 = DEFINITIONAL_REPRESENTATION('',(#19987),#19991);
#19987 = LINE('',#19988,#19989);
#19988 = CARTESIAN_POINT('',(3.,0.));
#19989 = VECTOR('',#19990,1.);
#19990 = DIRECTION('',(0.,1.));
#19991 = ( GEOMETRIC_REPRESENTATION_CONTEXT(2) 
PARAMETRIC_REPRESENTATION_CONTEXT() REPRESENTATION_CONTEXT('2D SPACE',''
  ) );
#19992 = PCURVE('',#19678,#19993);
#19993 = DEFINITIONAL_REPRESENTATION('',(#19994),#19998);
#19994 = LINE('',#19995,#19996);
#19995 = CARTESIAN_POINT('',(1.35,-0.5));
#19996 = VECTOR('',#19997,1.);
#19997 = DIRECTION('',(0.,-1.));
#19998 = ( GEOMETRIC_REPRESENTATION_CONTEXT(2) 
PARAMETRIC_REPRESENTATION_CONTEXT() REPRESENTATION_CONTEXT('2D SPACE',''
  ) );
#19999 = ORIENTED_EDGE('',*,*,#19931,.F.);
#20000 = FACE_BOUND('',#20001,.T.);
#20001 = EDGE_LOOP('',(#20002,#20032,#20060,#20088));
#20002 = ORIENTED_EDGE('',*,*,#20003,.T.);
#20003 = EDGE_CURVE('',#20004,#20006,#20008,.T.);
#20004 = VERTEX_POINT('',#20005);
#20005 = CARTESIAN_POINT('',(9.95,-10.635,1.35));
#20006 = VERTEX_POINT('',#20007);
#20007 = CARTESIAN_POINT('',(9.95,-8.955,1.35));
#20008 = SURFACE_CURVE('',#20009,(#20013,#20020),.PCURVE_S1.);
#20009 = LINE('',#20010,#20011);
#20010 = CARTESIAN_POINT('',(9.95,-10.635,1.35));
#20011 = VECTOR('',#20012,1.);
#20012 = DIRECTION('',(0.,1.,0.));
#20013 = PCURVE('',#19597,#20014);
#20014 = DEFINITIONAL_REPRESENTATION('',(#20015),#20019);
#20015 = LINE('',#20016,#20017);
#20016 = CARTESIAN_POINT('',(0.67,0.985));
#20017 = VECTOR('',#20018,1.);
#20018 = DIRECTION('',(0.,1.));
#20019 = ( GEOMETRIC_REPRESENTATION_CONTEXT(2) 
PARAMETRIC_REPRESENTATION_CONTEXT() REPRESENTATION_CONTEXT('2D SPACE',''
  ) );
#20020 = PCURVE('',#20021,#20026);
#20021 = PLANE('',#20022);
#20022 = AXIS2_PLACEMENT_3D('',#20023,#20024,#20025);
#20023 = CARTESIAN_POINT('',(9.95,-10.635,1.35));
#20024 = DIRECTION('',(1.,0.,0.));
#20025 = DIRECTION('',(0.,0.,1.));
#20026 = DEFINITIONAL_REPRESENTATION('',(#20027),#20031);
#20027 = LINE('',#20028,#20029);
#20028 = CARTESIAN_POINT('',(0.,0.));
#20029 = VECTOR('',#20030,1.);
#20030 = DIRECTION('',(0.,-1.));
#20031 = ( GEOMETRIC_REPRESENTATION_CONTEXT(2) 
PARAMETRIC_REPRESENTATION_CONTEXT() REPRESENTATION_CONTEXT('2D SPACE',''
  ) );
#20032 = ORIENTED_EDGE('',*,*,#20033,.T.);
#20033 = EDGE_CURVE('',#20006,#20034,#20036,.T.);
#20034 = VERTEX_POINT('',#20035);
#20035 = CARTESIAN_POINT('',(11.61,-8.955,1.35));
#20036 = SURFACE_CURVE('',#20037,(#20041,#20048),.PCURVE_S1.);
#20037 = LINE('',#20038,#20039);
#20038 = CARTESIAN_POINT('',(9.95,-8.955,1.35));
#20039 = VECTOR('',#20040,1.);
#20040 = DIRECTION('',(1.,0.,0.));
#20041 = PCURVE('',#19597,#20042);
#20042 = DEFINITIONAL_REPRESENTATION('',(#20043),#20047);
#20043 = LINE('',#20044,#20045);
#20044 = CARTESIAN_POINT('',(0.67,2.665));
#20045 = VECTOR('',#20046,1.);
#20046 = DIRECTION('',(1.,0.));
#20047 = ( GEOMETRIC_REPRESENTATION_CONTEXT(2) 
PARAMETRIC_REPRESENTATION_CONTEXT() REPRESENTATION_CONTEXT('2D SPACE',''
  ) );
#20048 = PCURVE('',#20049,#20054);
#20049 = PLANE('',#20050);
#20050 = AXIS2_PLACEMENT_3D('',#20051,#20052,#20053);
#20051 = CARTESIAN_POINT('',(9.95,-8.955,1.35));
#20052 = DIRECTION('',(0.,1.,0.));
#20053 = DIRECTION('',(0.,0.,1.));
#20054 = DEFINITIONAL_REPRESENTATION('',(#20055),#20059);
#20055 = LINE('',#20056,#20057);
#20056 = CARTESIAN_POINT('',(0.,0.));
#20057 = VECTOR('',#20058,1.);
#20058 = DIRECTION('',(0.,1.));
#20059 = ( GEOMETRIC_REPRESENTATION_CONTEXT(2) 
PARAMETRIC_REPRESENTATION_CONTEXT() REPRESENTATION_CONTEXT('2D SPACE',''
  ) );
#20060 = ORIENTED_EDGE('',*,*,#20061,.F.);
#20061 = EDGE_CURVE('',#20062,#20034,#20064,.T.);
#20062 = VERTEX_POINT('',#20063);
#20063 = CARTESIAN_POINT('',(11.61,-10.635,1.35));
#20064 = SURFACE_CURVE('',#20065,(#20069,#20076),.PCURVE_S1.);
#20065 = LINE('',#20066,#20067);
#20066 = CARTESIAN_POINT('',(11.61,-10.635,1.35));
#20067 = VECTOR('',#20068,1.);
#20068 = DIRECTION('',(0.,1.,0.));
#20069 = PCURVE('',#19597,#20070);
#20070 = DEFINITIONAL_REPRESENTATION('',(#20071),#20075);
#20071 = LINE('',#20072,#20073);
#20072 = CARTESIAN_POINT('',(2.33,0.985));
#20073 = VECTOR('',#20074,1.);
#20074 = DIRECTION('',(0.,1.));
#20075 = ( GEOMETRIC_REPRESENTATION_CONTEXT(2) 
PARAMETRIC_REPRESENTATION_CONTEXT() REPRESENTATION_CONTEXT('2D SPACE',''
  ) );
#20076 = PCURVE('',#20077,#20082);
#20077 = PLANE('',#20078);
#20078 = AXIS2_PLACEMENT_3D('',#20079,#20080,#20081);
#20079 = CARTESIAN_POINT('',(11.61,-10.635,1.35));
#20080 = DIRECTION('',(1.,0.,0.));
#20081 = DIRECTION('',(0.,0.,1.));
#20082 = DEFINITIONAL_REPRESENTATION('',(#20083),#20087);
#20083 = LINE('',#20084,#20085);
#20084 = CARTESIAN_POINT('',(0.,0.));
#20085 = VECTOR('',#20086,1.);
#20086 = DIRECTION('',(0.,-1.));
#20087 = ( GEOMETRIC_REPRESENTATION_CONTEXT(2) 
PARAMETRIC_REPRESENTATION_CONTEXT() REPRESENTATION_CONTEXT('2D SPACE',''
  ) );
#20088 = ORIENTED_EDGE('',*,*,#20089,.F.);
#20089 = EDGE_CURVE('',#20004,#20062,#20090,.T.);
#20090 = SURFACE_CURVE('',#20091,(#20095,#20102),.PCURVE_S1.);
#20091 = LINE('',#20092,#20093);
#20092 = CARTESIAN_POINT('',(9.95,-10.635,1.35));
#20093 = VECTOR('',#20094,1.);
#20094 = DIRECTION('',(1.,0.,0.));
#20095 = PCURVE('',#19597,#20096);
#20096 = DEFINITIONAL_REPRESENTATION('',(#20097),#20101);
#20097 = LINE('',#20098,#20099);
#20098 = CARTESIAN_POINT('',(0.67,0.985));
#20099 = VECTOR('',#20100,1.);
#20100 = DIRECTION('',(1.,0.));
#20101 = ( GEOMETRIC_REPRESENTATION_CONTEXT(2) 
PARAMETRIC_REPRESENTATION_CONTEXT() REPRESENTATION_CONTEXT('2D SPACE',''
  ) );
#20102 = PCURVE('',#20103,#20108);
#20103 = PLANE('',#20104);
#20104 = AXIS2_PLACEMENT_3D('',#20105,#20106,#20107);
#20105 = CARTESIAN_POINT('',(9.95,-10.635,1.35));
#20106 = DIRECTION('',(0.,1.,0.));
#20107 = DIRECTION('',(0.,0.,1.));
#20108 = DEFINITIONAL_REPRESENTATION('',(#20109),#20113);
#20109 = LINE('',#20110,#20111);
#20110 = CARTESIAN_POINT('',(0.,0.));
#20111 = VECTOR('',#20112,1.);
#20112 = DIRECTION('',(0.,1.));
#20113 = ( GEOMETRIC_REPRESENTATION_CONTEXT(2) 
PARAMETRIC_REPRESENTATION_CONTEXT() REPRESENTATION_CONTEXT('2D SPACE',''
  ) );
#20114 = ADVANCED_FACE('',(#20115),#19623,.F.);
#20115 = FACE_BOUND('',#20116,.F.);
#20116 = EDGE_LOOP('',(#20117,#20138,#20139,#20140));
#20117 = ORIENTED_EDGE('',*,*,#20118,.F.);
#20118 = EDGE_CURVE('',#19663,#19957,#20119,.T.);
#20119 = SURFACE_CURVE('',#20120,(#20124,#20131),.PCURVE_S1.);
#20120 = LINE('',#20121,#20122);
#20121 = CARTESIAN_POINT('',(12.28,-11.62,0.));
#20122 = VECTOR('',#20123,1.);
#20123 = DIRECTION('',(0.,0.,1.));
#20124 = PCURVE('',#19623,#20125);
#20125 = DEFINITIONAL_REPRESENTATION('',(#20126),#20130);
#20126 = LINE('',#20127,#20128);
#20127 = CARTESIAN_POINT('',(0.,3.));
#20128 = VECTOR('',#20129,1.);
#20129 = DIRECTION('',(1.,0.));
#20130 = ( GEOMETRIC_REPRESENTATION_CONTEXT(2) 
PARAMETRIC_REPRESENTATION_CONTEXT() REPRESENTATION_CONTEXT('2D SPACE',''
  ) );
#20131 = PCURVE('',#19678,#20132);
#20132 = DEFINITIONAL_REPRESENTATION('',(#20133),#20137);
#20133 = LINE('',#20134,#20135);
#20134 = CARTESIAN_POINT('',(0.,-0.5));
#20135 = VECTOR('',#20136,1.);
#20136 = DIRECTION('',(1.,0.));
#20137 = ( GEOMETRIC_REPRESENTATION_CONTEXT(2) 
PARAMETRIC_REPRESENTATION_CONTEXT() REPRESENTATION_CONTEXT('2D SPACE',''
  ) );
#20138 = ORIENTED_EDGE('',*,*,#19690,.T.);
#20139 = ORIENTED_EDGE('',*,*,#19609,.T.);
#20140 = ORIENTED_EDGE('',*,*,#19956,.T.);
#20141 = ADVANCED_FACE('',(#20142),#19678,.T.);
#20142 = FACE_BOUND('',#20143,.T.);
#20143 = EDGE_LOOP('',(#20144,#20145,#20146,#20147,#20148,#20149,#20150,
    #20151));
#20144 = ORIENTED_EDGE('',*,*,#19662,.F.);
#20145 = ORIENTED_EDGE('',*,*,#19737,.F.);
#20146 = ORIENTED_EDGE('',*,*,#19762,.F.);
#20147 = ORIENTED_EDGE('',*,*,#19835,.T.);
#20148 = ORIENTED_EDGE('',*,*,#19881,.F.);
#20149 = ORIENTED_EDGE('',*,*,#19906,.T.);
#20150 = ORIENTED_EDGE('',*,*,#19979,.F.);
#20151 = ORIENTED_EDGE('',*,*,#20118,.F.);
#20152 = ADVANCED_FACE('',(#20153),#20021,.F.);
#20153 = FACE_BOUND('',#20154,.F.);
#20154 = EDGE_LOOP('',(#20155,#20178,#20179,#20202));
#20155 = ORIENTED_EDGE('',*,*,#20156,.F.);
#20156 = EDGE_CURVE('',#20004,#20157,#20159,.T.);
#20157 = VERTEX_POINT('',#20158);
#20158 = CARTESIAN_POINT('',(9.95,-10.635,2.5));
#20159 = SURFACE_CURVE('',#20160,(#20164,#20171),.PCURVE_S1.);
#20160 = LINE('',#20161,#20162);
#20161 = CARTESIAN_POINT('',(9.95,-10.635,1.35));
#20162 = VECTOR('',#20163,1.);
#20163 = DIRECTION('',(0.,0.,1.));
#20164 = PCURVE('',#20021,#20165);
#20165 = DEFINITIONAL_REPRESENTATION('',(#20166),#20170);
#20166 = LINE('',#20167,#20168);
#20167 = CARTESIAN_POINT('',(0.,0.));
#20168 = VECTOR('',#20169,1.);
#20169 = DIRECTION('',(1.,0.));
#20170 = ( GEOMETRIC_REPRESENTATION_CONTEXT(2) 
PARAMETRIC_REPRESENTATION_CONTEXT() REPRESENTATION_CONTEXT('2D SPACE',''
  ) );
#20171 = PCURVE('',#20103,#20172);
#20172 = DEFINITIONAL_REPRESENTATION('',(#20173),#20177);
#20173 = LINE('',#20174,#20175);
#20174 = CARTESIAN_POINT('',(0.,0.));
#20175 = VECTOR('',#20176,1.);
#20176 = DIRECTION('',(1.,0.));
#20177 = ( GEOMETRIC_REPRESENTATION_CONTEXT(2) 
PARAMETRIC_REPRESENTATION_CONTEXT() REPRESENTATION_CONTEXT('2D SPACE',''
  ) );
#20178 = ORIENTED_EDGE('',*,*,#20003,.T.);
#20179 = ORIENTED_EDGE('',*,*,#20180,.T.);
#20180 = EDGE_CURVE('',#20006,#20181,#20183,.T.);
#20181 = VERTEX_POINT('',#20182);
#20182 = CARTESIAN_POINT('',(9.95,-8.955,2.5));
#20183 = SURFACE_CURVE('',#20184,(#20188,#20195),.PCURVE_S1.);
#20184 = LINE('',#20185,#20186);
#20185 = CARTESIAN_POINT('',(9.95,-8.955,1.35));
#20186 = VECTOR('',#20187,1.);
#20187 = DIRECTION('',(0.,0.,1.));
#20188 = PCURVE('',#20021,#20189);
#20189 = DEFINITIONAL_REPRESENTATION('',(#20190),#20194);
#20190 = LINE('',#20191,#20192);
#20191 = CARTESIAN_POINT('',(0.,-1.68));
#20192 = VECTOR('',#20193,1.);
#20193 = DIRECTION('',(1.,0.));
#20194 = ( GEOMETRIC_REPRESENTATION_CONTEXT(2) 
PARAMETRIC_REPRESENTATION_CONTEXT() REPRESENTATION_CONTEXT('2D SPACE',''
  ) );
#20195 = PCURVE('',#20049,#20196);
#20196 = DEFINITIONAL_REPRESENTATION('',(#20197),#20201);
#20197 = LINE('',#20198,#20199);
#20198 = CARTESIAN_POINT('',(0.,0.));
#20199 = VECTOR('',#20200,1.);
#20200 = DIRECTION('',(1.,0.));
#20201 = ( GEOMETRIC_REPRESENTATION_CONTEXT(2) 
PARAMETRIC_REPRESENTATION_CONTEXT() REPRESENTATION_CONTEXT('2D SPACE',''
  ) );
#20202 = ORIENTED_EDGE('',*,*,#20203,.F.);
#20203 = EDGE_CURVE('',#20157,#20181,#20204,.T.);
#20204 = SURFACE_CURVE('',#20205,(#20209,#20216),.PCURVE_S1.);
#20205 = LINE('',#20206,#20207);
#20206 = CARTESIAN_POINT('',(9.95,-10.635,2.5));
#20207 = VECTOR('',#20208,1.);
#20208 = DIRECTION('',(0.,1.,0.));
#20209 = PCURVE('',#20021,#20210);
#20210 = DEFINITIONAL_REPRESENTATION('',(#20211),#20215);
#20211 = LINE('',#20212,#20213);
#20212 = CARTESIAN_POINT('',(1.15,0.));
#20213 = VECTOR('',#20214,1.);
#20214 = DIRECTION('',(0.,-1.));
#20215 = ( GEOMETRIC_REPRESENTATION_CONTEXT(2) 
PARAMETRIC_REPRESENTATION_CONTEXT() REPRESENTATION_CONTEXT('2D SPACE',''
  ) );
#20216 = PCURVE('',#20217,#20222);
#20217 = PLANE('',#20218);
#20218 = AXIS2_PLACEMENT_3D('',#20219,#20220,#20221);
#20219 = CARTESIAN_POINT('',(9.95,-10.635,2.5));
#20220 = DIRECTION('',(0.,0.,1.));
#20221 = DIRECTION('',(1.,0.,0.));
#20222 = DEFINITIONAL_REPRESENTATION('',(#20223),#20227);
#20223 = LINE('',#20224,#20225);
#20224 = CARTESIAN_POINT('',(0.,0.));
#20225 = VECTOR('',#20226,1.);
#20226 = DIRECTION('',(0.,1.));
#20227 = ( GEOMETRIC_REPRESENTATION_CONTEXT(2) 
PARAMETRIC_REPRESENTATION_CONTEXT() REPRESENTATION_CONTEXT('2D SPACE',''
  ) );
#20228 = ADVANCED_FACE('',(#20229),#20103,.F.);
#20229 = FACE_BOUND('',#20230,.F.);
#20230 = EDGE_LOOP('',(#20231,#20232,#20233,#20256));
#20231 = ORIENTED_EDGE('',*,*,#20089,.F.);
#20232 = ORIENTED_EDGE('',*,*,#20156,.T.);
#20233 = ORIENTED_EDGE('',*,*,#20234,.T.);
#20234 = EDGE_CURVE('',#20157,#20235,#20237,.T.);
#20235 = VERTEX_POINT('',#20236);
#20236 = CARTESIAN_POINT('',(11.61,-10.635,2.5));
#20237 = SURFACE_CURVE('',#20238,(#20242,#20249),.PCURVE_S1.);
#20238 = LINE('',#20239,#20240);
#20239 = CARTESIAN_POINT('',(9.95,-10.635,2.5));
#20240 = VECTOR('',#20241,1.);
#20241 = DIRECTION('',(1.,0.,0.));
#20242 = PCURVE('',#20103,#20243);
#20243 = DEFINITIONAL_REPRESENTATION('',(#20244),#20248);
#20244 = LINE('',#20245,#20246);
#20245 = CARTESIAN_POINT('',(1.15,0.));
#20246 = VECTOR('',#20247,1.);
#20247 = DIRECTION('',(0.,1.));
#20248 = ( GEOMETRIC_REPRESENTATION_CONTEXT(2) 
PARAMETRIC_REPRESENTATION_CONTEXT() REPRESENTATION_CONTEXT('2D SPACE',''
  ) );
#20249 = PCURVE('',#20217,#20250);
#20250 = DEFINITIONAL_REPRESENTATION('',(#20251),#20255);
#20251 = LINE('',#20252,#20253);
#20252 = CARTESIAN_POINT('',(0.,0.));
#20253 = VECTOR('',#20254,1.);
#20254 = DIRECTION('',(1.,0.));
#20255 = ( GEOMETRIC_REPRESENTATION_CONTEXT(2) 
PARAMETRIC_REPRESENTATION_CONTEXT() REPRESENTATION_CONTEXT('2D SPACE',''
  ) );
#20256 = ORIENTED_EDGE('',*,*,#20257,.F.);
#20257 = EDGE_CURVE('',#20062,#20235,#20258,.T.);
#20258 = SURFACE_CURVE('',#20259,(#20263,#20270),.PCURVE_S1.);
#20259 = LINE('',#20260,#20261);
#20260 = CARTESIAN_POINT('',(11.61,-10.635,1.35));
#20261 = VECTOR('',#20262,1.);
#20262 = DIRECTION('',(0.,0.,1.));
#20263 = PCURVE('',#20103,#20264);
#20264 = DEFINITIONAL_REPRESENTATION('',(#20265),#20269);
#20265 = LINE('',#20266,#20267);
#20266 = CARTESIAN_POINT('',(0.,1.66));
#20267 = VECTOR('',#20268,1.);
#20268 = DIRECTION('',(1.,0.));
#20269 = ( GEOMETRIC_REPRESENTATION_CONTEXT(2) 
PARAMETRIC_REPRESENTATION_CONTEXT() REPRESENTATION_CONTEXT('2D SPACE',''
  ) );
#20270 = PCURVE('',#20077,#20271);
#20271 = DEFINITIONAL_REPRESENTATION('',(#20272),#20276);
#20272 = LINE('',#20273,#20274);
#20273 = CARTESIAN_POINT('',(0.,0.));
#20274 = VECTOR('',#20275,1.);
#20275 = DIRECTION('',(1.,0.));
#20276 = ( GEOMETRIC_REPRESENTATION_CONTEXT(2) 
PARAMETRIC_REPRESENTATION_CONTEXT() REPRESENTATION_CONTEXT('2D SPACE',''
  ) );
#20277 = ADVANCED_FACE('',(#20278),#20077,.T.);
#20278 = FACE_BOUND('',#20279,.T.);
#20279 = EDGE_LOOP('',(#20280,#20281,#20282,#20305));
#20280 = ORIENTED_EDGE('',*,*,#20257,.F.);
#20281 = ORIENTED_EDGE('',*,*,#20061,.T.);
#20282 = ORIENTED_EDGE('',*,*,#20283,.T.);
#20283 = EDGE_CURVE('',#20034,#20284,#20286,.T.);
#20284 = VERTEX_POINT('',#20285);
#20285 = CARTESIAN_POINT('',(11.61,-8.955,2.5));
#20286 = SURFACE_CURVE('',#20287,(#20291,#20298),.PCURVE_S1.);
#20287 = LINE('',#20288,#20289);
#20288 = CARTESIAN_POINT('',(11.61,-8.955,1.35));
#20289 = VECTOR('',#20290,1.);
#20290 = DIRECTION('',(0.,0.,1.));
#20291 = PCURVE('',#20077,#20292);
#20292 = DEFINITIONAL_REPRESENTATION('',(#20293),#20297);
#20293 = LINE('',#20294,#20295);
#20294 = CARTESIAN_POINT('',(0.,-1.68));
#20295 = VECTOR('',#20296,1.);
#20296 = DIRECTION('',(1.,0.));
#20297 = ( GEOMETRIC_REPRESENTATION_CONTEXT(2) 
PARAMETRIC_REPRESENTATION_CONTEXT() REPRESENTATION_CONTEXT('2D SPACE',''
  ) );
#20298 = PCURVE('',#20049,#20299);
#20299 = DEFINITIONAL_REPRESENTATION('',(#20300),#20304);
#20300 = LINE('',#20301,#20302);
#20301 = CARTESIAN_POINT('',(0.,1.66));
#20302 = VECTOR('',#20303,1.);
#20303 = DIRECTION('',(1.,0.));
#20304 = ( GEOMETRIC_REPRESENTATION_CONTEXT(2) 
PARAMETRIC_REPRESENTATION_CONTEXT() REPRESENTATION_CONTEXT('2D SPACE',''
  ) );
#20305 = ORIENTED_EDGE('',*,*,#20306,.F.);
#20306 = EDGE_CURVE('',#20235,#20284,#20307,.T.);
#20307 = SURFACE_CURVE('',#20308,(#20312,#20319),.PCURVE_S1.);
#20308 = LINE('',#20309,#20310);
#20309 = CARTESIAN_POINT('',(11.61,-10.635,2.5));
#20310 = VECTOR('',#20311,1.);
#20311 = DIRECTION('',(0.,1.,0.));
#20312 = PCURVE('',#20077,#20313);
#20313 = DEFINITIONAL_REPRESENTATION('',(#20314),#20318);
#20314 = LINE('',#20315,#20316);
#20315 = CARTESIAN_POINT('',(1.15,0.));
#20316 = VECTOR('',#20317,1.);
#20317 = DIRECTION('',(0.,-1.));
#20318 = ( GEOMETRIC_REPRESENTATION_CONTEXT(2) 
PARAMETRIC_REPRESENTATION_CONTEXT() REPRESENTATION_CONTEXT('2D SPACE',''
  ) );
#20319 = PCURVE('',#20217,#20320);
#20320 = DEFINITIONAL_REPRESENTATION('',(#20321),#20325);
#20321 = LINE('',#20322,#20323);
#20322 = CARTESIAN_POINT('',(1.66,0.));
#20323 = VECTOR('',#20324,1.);
#20324 = DIRECTION('',(0.,1.));
#20325 = ( GEOMETRIC_REPRESENTATION_CONTEXT(2) 
PARAMETRIC_REPRESENTATION_CONTEXT() REPRESENTATION_CONTEXT('2D SPACE',''
  ) );
#20326 = ADVANCED_FACE('',(#20327),#20049,.T.);
#20327 = FACE_BOUND('',#20328,.T.);
#20328 = EDGE_LOOP('',(#20329,#20330,#20331,#20352));
#20329 = ORIENTED_EDGE('',*,*,#20033,.F.);
#20330 = ORIENTED_EDGE('',*,*,#20180,.T.);
#20331 = ORIENTED_EDGE('',*,*,#20332,.T.);
#20332 = EDGE_CURVE('',#20181,#20284,#20333,.T.);
#20333 = SURFACE_CURVE('',#20334,(#20338,#20345),.PCURVE_S1.);
#20334 = LINE('',#20335,#20336);
#20335 = CARTESIAN_POINT('',(9.95,-8.955,2.5));
#20336 = VECTOR('',#20337,1.);
#20337 = DIRECTION('',(1.,0.,0.));
#20338 = PCURVE('',#20049,#20339);
#20339 = DEFINITIONAL_REPRESENTATION('',(#20340),#20344);
#20340 = LINE('',#20341,#20342);
#20341 = CARTESIAN_POINT('',(1.15,0.));
#20342 = VECTOR('',#20343,1.);
#20343 = DIRECTION('',(0.,1.));
#20344 = ( GEOMETRIC_REPRESENTATION_CONTEXT(2) 
PARAMETRIC_REPRESENTATION_CONTEXT() REPRESENTATION_CONTEXT('2D SPACE',''
  ) );
#20345 = PCURVE('',#20217,#20346);
#20346 = DEFINITIONAL_REPRESENTATION('',(#20347),#20351);
#20347 = LINE('',#20348,#20349);
#20348 = CARTESIAN_POINT('',(0.,1.68));
#20349 = VECTOR('',#20350,1.);
#20350 = DIRECTION('',(1.,0.));
#20351 = ( GEOMETRIC_REPRESENTATION_CONTEXT(2) 
PARAMETRIC_REPRESENTATION_CONTEXT() REPRESENTATION_CONTEXT('2D SPACE',''
  ) );
#20352 = ORIENTED_EDGE('',*,*,#20283,.F.);
#20353 = ADVANCED_FACE('',(#20354),#20217,.T.);
#20354 = FACE_BOUND('',#20355,.T.);
#20355 = EDGE_LOOP('',(#20356,#20357,#20358,#20359));
#20356 = ORIENTED_EDGE('',*,*,#20203,.F.);
#20357 = ORIENTED_EDGE('',*,*,#20234,.T.);
#20358 = ORIENTED_EDGE('',*,*,#20306,.T.);
#20359 = ORIENTED_EDGE('',*,*,#20332,.F.);
#20360 = ( GEOMETRIC_REPRESENTATION_CONTEXT(3) 
GLOBAL_UNCERTAINTY_ASSIGNED_CONTEXT((#20364)) 
GLOBAL_UNIT_ASSIGNED_CONTEXT((#20361,#20362,#20363)) 
REPRESENTATION_CONTEXT('Context #1',
  '3D Context with UNIT and UNCERTAINTY') );
#20361 = ( LENGTH_UNIT() NAMED_UNIT(*) SI_UNIT(.MILLI.,.METRE.) );
#20362 = ( NAMED_UNIT(*) PLANE_ANGLE_UNIT() SI_UNIT($,.RADIAN.) );
#20363 = ( NAMED_UNIT(*) SI_UNIT($,.STERADIAN.) SOLID_ANGLE_UNIT() );
#20364 = UNCERTAINTY_MEASURE_WITH_UNIT(LENGTH_MEASURE(1.E-07),#20361,
  'distance_accuracy_value','confusion accuracy');
#20365 = CONTEXT_DEPENDENT_SHAPE_REPRESENTATION(#20366,#20368);
#20366 = ( REPRESENTATION_RELATIONSHIP('','',#19399,#10) 
REPRESENTATION_RELATIONSHIP_WITH_TRANSFORMATION(#20367) 
SHAPE_REPRESENTATION_RELATIONSHIP() );
#20367 = ITEM_DEFINED_TRANSFORMATION('','',#11,#67);
#20368 = PRODUCT_DEFINITION_SHAPE('Placement','Placement of an item',
  #20369);
#20369 = NEXT_ASSEMBLY_USAGE_OCCURRENCE('14','sw_reset','',#5,#19394,$);
#20370 = PRODUCT_RELATED_PRODUCT_CATEGORY('part',$,(#19396));
ENDSEC;
END-ISO-10303-21;
